tree
version=v4
num_class=1
num_tree_per_iteration=1
label_index=0
max_feature_idx=56
objective=quantile
feature_names=daylight_length_hr sunrise_day_fraction_utc sunset_day_fraction_utc temp temp_rolling3h temp_min temp_min_rolling3h temp_max temp_max_rolling3h pressure pressure_rolling3h humidity humidity_rolling3h wind_speed wind_speed_rolling3h wind_deg wind_deg_rolling3h rain_1h rain_1h_rolling3h rain_3h rain_3h_rolling3h snow_3h snow_3h_rolling3h clouds_all clouds_all_rolling3h solar_flux_Wm2 solar_flux_Wm2_rolling3h severity month day_of_year date_fraction_of_year day_of_week is_weekend season is_holiday utc_time_day_fraction day_hour_sin day_hour_cos day_of_week_sin day_of_week_cos day_of_year_sin day_of_year_cos month_sin month_cos total_load_actual wx_clear wx_clouds wx_drizzle wx_dust wx_fog wx_haze wx_mist wx_rain wx_smoke wx_snow wx_squall wx_thunderstorm
feature_infos=[9.3596828722609828:14.968733129411385] [0.19410002162982243:0.31163495189900325] [0.69654878201595027:0.81871011031084839] [269.72646691159127:309.90396711280073] [270.65299242019148:309.71861066259777] [268.89369968804601:308.92749021087911] [269.32665650944762:308.62831380393885] [269.72646691159127:313.73456373403258] [270.65299242019148:312.96198277559341] [766.84632627970336:244890.38201182318] [836.29636365775127:243203.46984729479] [19.249089573633061:99.999999999999986] [21.277255594968899:99.313404638227439] [0:19.886087171848004] [0.27367250609567723:11.315541801258044] [0:344.88001392443181] [14.526704245087544:339.7524872426664] [0:4.405107912851479] [0:3.163355462094652] [0:0.12065750398577889] [0:0.04212472235621962] none none [0:96.351263531536162] [0:94.622869702986307] [0:875.66486422107903] [0:872.68927008715661] [0:4.5344590809815166] -1:1:3:5:7:8:4:6:2:9:12:10:11 [1:366] [0.0027378507871321013:1.0020533880903491] -1:0:3:4:5:6:1:2 [0:1] [0:3] none [0:0.95833333333333337] [-1:1] [-1:1] [-0.97492791218182362:0.97492791218182362] [-0.90096886790241903:1] [-0.9999994220246925:0.99998555065071859] [-0.99997919295908233:0.9999907524084426] [-1:1] [-1:1] [18041:41015] [0:1] [0:1] none none [0:0.82968275562592209] none [0:0.84452486614631483] [0:1] none none none none
tree_sizes=1584 1506 1415 1608 1421 1582 1609 1478 1610 1402 1694 1605 1663 1694 1505 1517 1786 1595 1674 1715 1528 1524 1498 1577 1567 1600 1697 1421 1518 1703 1503 1610 1509 1524 1587 1611 1523 1611 1628 1595 1509 1594 1620 1615 1684 1439 1594 1507 1523 1602 1496 1802 1606 1607 1619 1517 1508 1517 1610 1602 1601 1529 1542 1422 1447 1705 1510 1520 1607 1522 1611 1515 1513 1612 1710 1629 1600 1612 1608 1704 1685 1713 1594 1597 1686 1634 1605 1799 1701 1724 1604 1711 1618 1623 1691 1706 1713 1714 1691 1556 1525 1610 1619 1531 1729 1540 1617 1447 1504 1530 1699 1433 1679 1523 1537 1513 1704 1609 1611 1618 1626 1542 1644 1613 1526 1613 1638 1515 1544 1604 1623 1682 1633 1587 1614 1536 1413 1546 1627 1715 1718 1695 1640 1640 1552 1782 1528 1621 1554 1619 1645 1712 1541 1616 1733 1783 1435 1544 1609 1645 1623 1706 1629 1640 1630 1614 1621 1726 1605 1624 1632 1620 1525 1624 1726 1627 1543 1551 1533 1515 1540 1516 1543 1464 1629 1552 1698 1533 1639 1633 1461 1540 1441 1599 1549 1649 1634 1457 1614 1523 1632 1526 1623 1614 1725 1640 1720 1714 1645 1604 1513 1622 1517 1628 1727 1725 1641 1614 1713 1618 1626 1535 1611 1604 1627 1632 1586 1518 1612 1531 1525 1609 1526 1638 1513 1608 1531 1525 1513 1431 1692 1532 1557 1688 1642 1631 1623 1592 1634 1608 1453 1662 1700 1632 1618 1592 1527 1455 1530 1607 1706 1609 1633 1650 1606 1608 1535 1528 1616 1442 1631 1700 1428 1585 1544 1528 1500 1433 1530 1624 1638 1636 1509 1637 1543 1641 1616 1464 1633 1629 1690 1463 1634 1721 1593 1716 1642 1527 1561 1615 1512 1617 1704 1623 1725 1521 1621 1771 1636 1617 1638 1822 1604 1728 1526 1599 1615 1531 1704 1351 1531 1615 1594 1623 1700 1621 1600 1524 1706 1434 1542 1531 1622 1630 1617 1717 1724 1533 1543 1525 1531 1556 1622 1540

Tree=0
num_leaves=17
num_cat=0
split_feature=35 2 32 32 29 46 0 9 29 35 35 29 35 12 26 41
split_gain=422.841 259.317 120.441 55.1287 37.5923 32.2804 28.0402 26.3704 23.3129 19.3653 19.1772 17.9119 15.8811 13.3788 7.5226 5.18404
threshold=0.22916666666666671 0.73603742496976221 1.0000000180025095e-35 1.0000000180025095e-35 144.50000000000003 0.13683625304783867 10.236078030948967 1018.7309667282042 279.50000000000006 0.72916666666666685 0.52083333333333337 156.50000000000003 0.14583333333333334 41.899504440555951 763.6981264005218 -0.35042475891464198
decision_type=2 2 2 2 2 2 2 2 2 2 2 2 2 2 2 2
left_child=6 3 4 8 5 -3 -1 10 -2 11 -6 -4 15 -12 -7 -8
right_child=1 2 9 -5 7 14 12 -9 -10 -11 13 -13 -14 -15 -16 -17
leaf_value=55.05747772452326 55.93233178411883 55.309926815721717 54.682983825494041 55.325689856718192 55.471379408260596 55.127456501123142 54.810760813884372 55.171402216553361 55.830588039115106 55.102856485093369 55.34336362456785 54.996097127654259 54.917520171323481 55.227289701490612 54.907966810382938 54.68967127837174
leaf_weight=928 1196 923 884 1110 991 1150 1259 913 1647 888 941 900 1184 894 876 1098
leaf_count=928 1196 923 884 1110 991 1150 1259 913 1647 888 941 900 1184 894 876 1098
internal_value=55.18 55.1842 55.1799 55.1945 55.1833 55.1793 55.1673 55.1865 55.198 55.1713 55.1888 55.1685 55.1653 55.1859 55.1759 55.163
internal_weight=17782 13313 9360 3953 6688 2949 4469 3739 2843 2672 2826 1784 3541 1835 2026 2357
internal_count=17782 13313 9360 3953 6688 2949 4469 3739 2843 2672 2826 1784 3541 1835 2026 2357
is_linear=0
shrinkage=1


Tree=1
num_leaves=15
num_cat=2
split_feature=44 28 28 38 35 44 13 40 13 35 13 44 13 44
split_gain=447.03 232.591 71.8813 53.9047 49.1822 31.7442 25.5646 28.2855 24.9428 24.2619 11.2277 9.54361 9.38944 6.23852
threshold=26664.500000000004 0 1 -0.60785761079279388 0.18750000000000003 34878.500000000007 2.5893192789082247 0.73283908552571664 2.5503088885187144 0.22916666666666671 2.141556683293643 29679.500000000004 2.4321115162767222 30952.500000000004
decision_type=2 1 1 2 2 2 2 2 2 2 2 2 2 2
left_child=2 8 4 -3 -1 6 11 -8 13 10 -4 -5 -11 -2
right_child=1 3 9 5 -6 -7 7 -9 -10 12 -12 -13 -14 -15
leaf_value=-0.18489499942314136 0.49363997390930037 -0.16031098252135426 -0.33822727616137216 0.025438039575546505 0.10043133829990095 0.32254932321993574 0.082954132715888279 -0.21724305634619601 0.37155812405805083 -0.13723397696782982 -0.64505330345832923 0.1469503026656751 -0.36484416572562894 0.77093260877314262
leaf_weight=1315 961 1707 1528 937 1151 897 1667 1065 874 875 972 1720 898 1281
leaf_count=1315 961 1707 1528 937 1151 897 1667 1065 874 875 972 1720 898 1281
internal_value=0.000133691 0.00602174 -0.00957222 0.00169183 -0.00302795 0.00373833 0.00235293 -0.000890882 0.0170677 -0.0133102 -0.0163737 0.00568914 -0.00906452 0.0197919
internal_weight=17848 11109 6739 7993 2466 6286 5389 2732 3116 4273 2500 2657 1773 2242
internal_count=17848 11109 6739 7993 2466 6286 5389 2732 3116 4273 2500 2657 1773 2242
cat_boundaries=0 1 2
cat_threshold=7170 7234
is_linear=0
shrinkage=0.0477671


Tree=2
num_leaves=14
num_cat=2
split_feature=44 28 35 28 10 30 13 9 40 30 13 6 44
split_gain=420.213 197.893 71.4128 61.2035 46.0969 63.3301 35.673 24.3627 23.03 21.6271 17.7273 14.613 10.3187
threshold=27769.500000000004 0 0.18750000000000003 1 998.42846422827631 0.44490075290896652 3.0618232362760165 1018.2214685969072 0.534952257794027 0.75975359342915827 2.1192022281483474 285.24592402419569 31795.500000000004
decision_type=2 1 2 1 2 2 2 2 2 2 2 2 2
left_child=2 9 8 -4 -3 6 -6 12 11 -2 -5 -1 -7
right_child=1 4 3 10 5 7 -8 -9 -10 -11 -12 -13 -14
leaf_value=-0.111420617304859 0.66241772784776531 0.45681107333468229 0.094421779356483562 -0.08816604059157214 0.01357906384416512 0.10958794323939679 -0.41226438940020776 -0.0070864538253373206 -0.57279621216882204 0.58620361358281869 -0.32718469589010551 -0.2867234295534597 0.20989276468351498
leaf_weight=879 1053 922 1507 1143 1676 1109 1341 1023 1335 1728 1574 1496 1093
leaf_count=879 1053 922 1507 1143 1676 1109 1341 1023 1335 1728 1574 1496 1093
internal_value=0.000185557 0.00672655 -0.00801308 -0.0037652 0.00250989 0.00104039 -0.00393367 0.00569433 -0.0128489 0.0175161 -0.00803043 -0.0100251 0.00852417
internal_weight=17879 9945 7934 4224 7164 6242 3017 3225 3710 2781 2717 2375 2202
internal_count=17879 9945 7934 4224 7164 6242 3017 3225 3710 2781 2717 2375 2202
cat_boundaries=0 1 2
cat_threshold=7170 7234
is_linear=0
shrinkage=0.0477671


Tree=3
num_leaves=16
num_cat=1
split_feature=28 32 7 10 32 10 14 16 6 10 13 11 2 3 16
split_gain=237.673 86.1337 68.1202 71.1591 64.3689 29.8394 27.2654 23.8952 19.8865 18.7431 15.5587 13.6559 9.95357 17.9287 5.42578
threshold=0 1.0000000180025095e-35 298.6214086373646 1000.1713975890835 1.0000000180025095e-35 1018.0270959694213 1.6164733664836095 199.93330405992694 292.71496751928674 1012.7765495042562 2.328834609390678 76.776468756906539 0.78294973441972415 286.1663864236192 175.8493285359439
decision_type=1 2 2 2 2 2 2 2 2 2 2 2 2 2 2
left_child=4 2 3 -2 7 14 -5 11 10 -8 -3 -1 13 -11 -4
right_child=1 8 5 6 -6 -7 9 -9 -10 12 -12 -13 -14 -15 -16
leaf_value=0.60770593060901734 0.26799743081447991 -0.21763886221476905 0.1961271264944581 -0.0023766229115415225 0.013371361425634927 -0.039229400052061415 -0.4851817502849925 0.30286989765179023 -0.1258934509478935 -0.31875143845195214 -0.69549458437888323 0.38473808068233084 -0.33002952882999326 0.0098404980984307302 0.15859012666699449
leaf_weight=954 1095 1091 942 1475 1459 877 926 1348 1484 987 1103 1255 1025 978 950
leaf_count=954 1095 1091 942 1475 1459 877 926 1348 1484 987 1103 1255 1025 978 950
internal_value=0.00015556 -0.00326783 -0.000812651 -0.0034905 0.00897133 0.00545903 -0.00574564 0.0124548 -0.00945411 -0.0078305 -0.0123435 0.0155141 -0.00599011 -0.00399769 0.00883523
internal_weight=17949 12933 9255 6486 5016 2769 5391 3557 3678 3916 2194 2209 2990 1965 1892
internal_count=17949 12933 9255 6486 5016 2769 5391 3557 3678 3916 2194 2209 2990 1965 1892
cat_boundaries=0 1
cat_threshold=7170
is_linear=0
shrinkage=0.0477671


Tree=4
num_leaves=14
num_cat=2
split_feature=44 28 35 13 32 13 15 40 29 40 9 28 44
split_gain=380.219 164.874 69.081 56.6682 39.9326 29.8148 27.2264 25.6344 18.5195 18.4975 16.9147 10.3286 3.0703
threshold=28034.500000000004 0 0.18750000000000003 1.8445640435640926 1.0000000180025095e-35 2.1752124776785924 207.8086417907011 0.61237135649459018 277.50000000000006 0.78325454425165997 1017.7624676150793 1 32049.500000000004
decision_type=2 1 2 2 2 2 2 2 2 2 2 1 2
left_child=2 8 5 -4 6 11 9 -5 -2 10 12 -1 -3
right_child=1 4 3 7 -6 -7 -8 -9 -10 -11 -12 -13 -14
leaf_value=-0.14329718744529393 0.60174763194888636 0.19877441081587297 0.068746527851896375 -0.10512567686044212 -0.13372714853037718 -0.53440523773973558 -0.013844892125260954 -0.44748911655195434 0.5477708098249422 0.035678945128106716 0.087677801719458076 -0.26648578056503608 0.23375951163335987
leaf_weight=1261 1047 939 1727 1657 1345 1247 1732 1063 1667 1186 891 1195 919
leaf_count=1261 1047 939 1727 1657 1345 1247 1732 1063 1667 1186 891 1195 919
internal_value=0.000272433 0.00664964 -0.00733769 -0.00332397 0.00276149 -0.0121572 0.00452176 -0.00762084 0.016623 0.00671839 0.00886972 -0.00910129 0.011465
internal_weight=17876 9726 8150 4447 7012 3703 5667 2720 2714 3935 2749 2456 1858
internal_count=17876 9726 8150 4447 7012 3703 5667 2720 2714 3935 2749 2456 1858
cat_boundaries=0 1 2
cat_threshold=7170 6370
is_linear=0
shrinkage=0.0477671


Tree=5
num_leaves=16
num_cat=3
split_feature=44 28 31 35 10 30 14 14 14 46 10 16 6 28 44
split_gain=346.269 183.054 42.3206 38.7778 37.0356 39.5604 28.0676 27.2471 27.2155 26.7128 20.8466 15.7232 11.2033 9.8407 9.08441
threshold=25979.000000000004 0 1 0.22916666666666671 1000.1713975890835 0.40657084188911713 2.2663754877364219 2.0605494717578177 1.9644996769607579 0.25790389450448498 1018.6809468354467 188.44821328545117 292.71496751928674 2 30463.500000000004
decision_type=2 1 1 2 2 2 2 2 2 2 2 2 2 1 2
left_child=3 6 12 7 -4 9 14 13 -5 -6 11 -7 -3 -1 -2
right_child=1 2 4 8 5 10 -8 -9 -10 -11 -12 -13 -14 -15 -16
leaf_value=-0.14399217310244464 0.39737095439231213 -0.31945022997170769 0.429182451520154 0.04122015762579069 0.064800845148730704 0.15818536991609164 0.30648188855011732 -0.48896517579957466 -0.25662634167040421 -0.31307584058218491 -0.016646227639305854 0.07290767929124875 -0.029890350132276838 -0.2312850289279898 0.65331300716345642
leaf_weight=1152 877 1040 878 877 1067 1424 1097 1572 1354 1424 874 966 901 1118 1267
leaf_count=1152 877 1040 878 877 1067 1424 1097 1572 1354 1424 874 966 901 1118 1267
internal_value=0.000181459 0.00494632 0.00127961 -0.0090882 0.00309521 0.00170528 0.0145969 -0.0119971 -0.00407772 -0.00282754 0.0051653 0.00747391 -0.00490777 -0.00864759 0.0178225
internal_weight=17888 11815 8574 6073 6633 5755 3241 3842 2231 2491 3264 2390 1941 2270 2144
internal_count=17888 11815 8574 6073 6633 5755 3241 3842 2231 2491 3264 2390 1941 2270 2144
cat_boundaries=0 1 2 3
cat_threshold=7170 96 6258
is_linear=0
shrinkage=0.0477671


Tree=6
num_leaves=16
num_cat=1
split_feature=44 28 2 13 9 13 44 35 29 32 13 4 29 14 44
split_gain=340.09 165.013 41.7429 41.681 43.1043 33.1029 27.8635 21.4397 20.0398 18.5894 12.1642 14.0907 10.6749 10.3944 7.07004
threshold=25979.000000000004 0 0.71076988009093367 4.6788396037637847 999.35539712294212 2.5572304317022474 34454.000000000007 0.14583333333333334 236.50000000000003 1.0000000180025095e-35 2.3455297220526696 295.92716113294836 283.50000000000006 1.8524857822359622 29071.500000000004
decision_type=2 1 2 2 2 2 2 2 2 2 2 2 2 2 2
left_child=2 5 -1 4 -3 12 8 13 10 -9 14 -12 -2 -4 -6
right_child=1 3 7 -5 6 -7 -8 9 -10 -11 11 -13 -14 -15 -16
leaf_value=0.0045914029320575506 0.53834217262554962 0.40449858546496953 -0.23893782541843986 -0.23164103401808656 -0.047165019109830592 0.23875496337079696 0.21313939098112755 -0.080842128203362423 0.09423699354372482 -0.28355882065012294 -0.23919741089333979 0.014290821790837224 0.50358185920947729 -0.45710333667291947 0.077159911262141903
leaf_weight=1007 886 990 1091 1062 878 895 898 1297 973 1306 1281 1084 1497 1287 1314
leaf_count=1007 886 990 1091 1062 878 895 898 1297 973 1306 1281 1084 1497 1287 1314
internal_value=0.000419781 0.00513889 -0.00884627 0.00160885 0.00287809 0.0142219 0.00144872 -0.0106395 0.00018099 -0.00764224 -0.0011473 -0.00352352 0.0172076 -0.0139194 0.00141543
internal_weight=17746 11758 5988 8480 7418 3278 6428 4981 5530 2603 4557 2365 2383 2378 2192
internal_count=17746 11758 5988 8480 7418 3278 6428 4981 5530 2603 4557 2365 2383 2378 2192
cat_boundaries=0 1
cat_threshold=7170
is_linear=0
shrinkage=0.0477671


Tree=7
num_leaves=15
num_cat=5
split_feature=44 28 2 32 44 44 28 15 28 28 28 18 2 25
split_gain=321.319 137.508 57.4171 38.4789 35.2629 26.1782 19.9047 18.4929 15.2265 12.4075 10.7766 8.50436 8.04858 4.09267
threshold=27769.500000000004 0 0.71076988009093367 1.0000000180025095e-35 24697.000000000004 34878.500000000007 1 193.32764373551598 2 3 4 0.0052119872132085935 0.77540188959016143 431.08421068955312
decision_type=2 1 2 2 2 2 1 2 1 1 1 2 2 2
left_child=2 8 -1 5 6 7 -4 9 -2 -3 -6 -9 -8 -10
right_child=1 3 4 -5 10 -7 12 11 13 -11 -12 -13 -14 -15
leaf_value=0.052229285106677063 0.58100097449275767 0.16381156970721564 -0.17758491931838657 -0.12808265915200123 -0.062798570183911329 0.2801049293542982 -0.55470863160525741 0.053000776872238226 0.56025723350054402 0.041867223359939539 -0.23738447299861817 -0.10070802405134475 -0.36001769161825936 0.36656786669918889
leaf_weight=1272 985 1403 1732 1468 1740 918 1045 892 876 1596 1125 1009 913 910
leaf_count=1272 985 1403 1732 1468 1740 918 1045 892 876 1596 1125 1009 913 910
internal_value=0.000523379 0.00617193 -0.00673422 0.00271016 -0.00853652 0.00445777 -0.011624 0.00307029 0.0152087 0.0054067 -0.00455918 -0.000614446 -0.0149503 0.0179513
internal_weight=17884 10057 7827 7286 6555 5818 3690 4900 2771 2999 2865 1901 1958 1786
internal_count=17884 10057 7827 7286 6555 5818 3690 4900 2771 2999 2865 1901 1958 1786
cat_boundaries=0 1 2 3 4 5
cat_threshold=7170 1984 2 612 1776
is_linear=0
shrinkage=0.0477671


Tree=8
num_leaves=16
num_cat=2
split_feature=35 28 32 32 10 40 14 46 9 13 35 28 39 40 23
split_gain=268.74 169.98 68.9698 54.7747 42.7328 40.1853 33.4384 27.4176 26.7822 24.1681 21.9262 17.8496 14.2429 13.4073 3.14709
threshold=0.22916666666666671 0 1.0000000180025095e-35 1.0000000180025095e-35 1000.1713975890835 0.61237135649459018 2.1039425740799618 0.37897153596113126 1018.7309667282042 2.2795725953065458 0.72916666666666685 1 1.0000000180025095e-35 0.21862473630160603 17.41407121258295
decision_type=2 1 2 2 2 2 2 2 2 2 2 1 2 2 2
left_child=6 3 4 9 -3 8 13 -7 11 14 12 -6 -4 -1 -2
right_child=1 2 10 -5 5 7 -8 -9 -10 -11 -12 -13 -14 -15 -16
leaf_value=-0.06031613636990929 0.58252790957121459 0.43177495093309781 -0.12819017085114179 0.089573908888976539 0.19177951552235797 0.036634328371527497 -0.44443388698721098 -0.35751811523647647 -0.032191823679641636 0.28941629617750525 0.00092934561923535845 0.082569239180121087 -0.33129226031337355 -0.27002536202788208 0.48513711690976463
leaf_weight=1589 881 943 906 1064 1324 1325 1724 1075 1019 876 918 1188 920 1151 899
leaf_count=1589 881 943 906 1064 1324 1325 1724 1075 1019 876 918 1188 920 1151 899
internal_value=0.000396994 0.00379241 0.000431398 0.012447 0.00298772 0.00148555 -0.00974766 -0.00328306 0.00472738 0.0161493 -0.00597007 0.00737715 -0.00899761 -0.00646692 0.0193471
internal_weight=17802 13338 9618 3720 6874 5931 4464 2400 3531 2656 2744 2512 1826 2740 1780
internal_count=17802 13338 9618 3720 6874 5931 4464 2400 3531 2656 2744 2512 1826 2740 1780
cat_boundaries=0 1 2
cat_threshold=7170 388
is_linear=0
shrinkage=0.0477671


Tree=9
num_leaves=14
num_cat=0
split_feature=44 29 44 13 2 9 44 29 13 40 29 41 9
split_gain=274.153 135.399 61.3488 61.8527 48.2492 33.5127 26.5895 18.7832 15.6836 12.7786 10.4886 6.4114 4.39461
threshold=27769.500000000004 279.50000000000006 35681.000000000007 4.1019865193795146 0.71465046073590355 1003.7892701276975 24538.500000000004 144.50000000000003 1.8445640435640926 0.38243310158943505 100.50000000000001 -0.63257203029273779 1016.9809552142303
decision_type=2 2 2 2 2 2 2 2 2 2 2 2 2
left_child=4 2 3 5 -1 -2 7 -6 -7 12 -8 -12 -10
right_child=1 -3 -4 -5 6 8 10 -9 9 -11 11 -13 -14
leaf_value=0.027657582311496905 0.43878336972353915 0.42022509901707733 0.48050237809415858 -0.2091084596116457 -0.43722064730304189 0.10326568945210234 -0.28198951508551057 -0.16232121028589197 0.10390305935143683 -0.10141510512631291 -0.13362740762906511 0.0030945003182179139 0.013361400947318618
leaf_weight=1468 874 1700 912 1468 1642 1723 889 1729 883 1482 1248 874 887
leaf_count=1468 874 1700 912 1468 1642 1723 889 1729 883 1482 1248 874 887
internal_value=0.00029407 0.00556835 0.0030327 0.00157626 -0.00637677 0.00377672 -0.0081729 -0.0110874 0.00226069 0.000307773 -0.00490923 -0.00308287 0.00304828
internal_weight=17779 9929 8229 7317 7850 5849 6382 3371 4975 3252 3011 2122 1770
internal_count=17779 9929 8229 7317 7850 5849 6382 3371 4975 3252 3011 2122 1770
is_linear=0
shrinkage=0.0477671


Tree=10
num_leaves=17
num_cat=2
split_feature=35 28 32 32 9 40 10 13 13 13 35 16 38 28 10 6
split_gain=225.673 152.175 65.757 55.3027 31.9961 39.1122 30.1326 30.0602 23.6528 20.4804 18.1301 15.4989 15.0246 8.95403 11.3707 0.153379
threshold=0.22916666666666671 0 1.0000000180025095e-35 1.0000000180025095e-35 999.35539712294212 0.54940630780725741 1018.7486245536343 2.572744539610015 2.2119696431834437 2.2440274624726695 0.72916666666666685 187.15060285373099 -0.8783796973249266 1 1017.6027998495508 283.43741918428935
decision_type=2 1 2 2 2 2 2 2 2 2 2 2 2 1 2 2
left_child=7 3 4 9 -3 6 11 13 -7 15 12 -6 -4 -1 -15 -2
right_child=1 2 10 -5 5 8 -8 -9 -10 -11 -12 -13 -14 14 -16 -17
leaf_value=-0.066852752990864878 0.57928415042761883 0.37783508739959237 -0.12604302677133308 0.078147215004824994 0.15371934977921373 0.073791256823143567 -0.037086300931481533 -0.52235864714865032 -0.22581318168796069 0.2882362900412091 -0.012053951872220707 0.085562518558075978 -0.29750617216062597 -0.12601505676079686 -0.26243570629173019 0.42712335594916023
leaf_weight=1104 874 896 905 1095 1427 970 887 1013 1741 896 888 1018 905 1314 1072 876
leaf_count=1104 874 896 905 1095 1427 970 887 1013 1741 896 888 1018 905 1314 1072 876
internal_value=0.000535488 0.00364896 0.000467685 0.0118106 0.00292876 0.00167934 0.0051459 -0.00871384 -0.00258047 0.0155785 -0.0058594 0.00788212 -0.00860212 -0.00661011 -0.00825265 0.0185869
internal_weight=17881 13378 9637 3741 6939 6043 3332 4503 2711 2646 2698 2445 1810 3490 2386 1750
internal_count=17881 13378 9637 3741 6939 6043 3332 4503 2711 2646 2698 2445 1810 3490 2386 1750
cat_boundaries=0 1 2
cat_threshold=7170 6210
is_linear=0
shrinkage=0.0477671


Tree=11
num_leaves=16
num_cat=2
split_feature=44 29 44 40 10 15 23 37 40 28 44 31 18 18 9
split_gain=237.101 144.37 64.9092 39.2852 34.9133 34.5367 25.8819 23.0176 21.3481 15.2157 12.1959 11.3039 10.2283 9.7783 4.22526
threshold=25979.000000000004 277.50000000000006 35681.000000000007 0.61237135649459018 1000.1713975890835 187.91175062347423 28.254212843434185 0.25881904510252057 0.25206111083856975 0 30618.000000000004 1 0.0052119872132085901 0.0052119872132085857 1017.6094176680585
decision_type=2 2 2 2 2 2 2 2 2 1 2 1 2 2 2
left_child=3 2 4 7 -2 9 8 -1 -7 -6 -3 14 -5 -9 -11
right_child=1 10 -4 12 5 6 -8 13 -10 11 -12 -13 -14 -15 -16
leaf_value=0.0517805621043343 0.28947719772672909 0.26107432328335251 0.45700767670710241 -0.19817098637958463 0.14013439378841397 0.060876024496827122 -0.37473674871507423 -0.078178945144692272 -0.24424805634586358 0.097839913321504351 0.46498829848018813 -0.081839740461525798 -0.46582544712310353 -0.22853223967198413 0.013178432121522666
leaf_weight=910 1258 911 925 948 1362 1262 974 1662 1097 895 1119 1045 1124 1388 910
leaf_count=910 1258 911 925 948 1362 1262 974 1662 1097 895 1119 1045 1124 1388 910
internal_value=0.000604011 0.00455389 0.00213574 -0.00709501 0.000870656 -0.000357403 -0.00399067 -0.00430571 -0.00128486 0.00251711 0.0161409 0.000516975 -0.0124248 -0.00629513 0.00280163
internal_weight=17790 11758 9728 6032 8803 7545 3333 3960 2359 4212 2030 2850 2072 3050 1805
internal_count=17790 11758 9728 6032 8803 7545 3333 3960 2359 4212 2030 2850 2072 3050 1805
cat_boundaries=0 1 2
cat_threshold=642 23
is_linear=0
shrinkage=0.0477671


Tree=12
num_leaves=17
num_cat=1
split_feature=44 29 14 44 14 36 9 37 40 28 0 15 14 9 37 9
split_gain=225.28 124.054 62.9067 49.2013 40.7944 32.829 29.7771 28.9478 19.4596 18.5455 13.6215 12.4729 7.29794 6.23631 5.00594 3.76636
threshold=28034.500000000004 279.50000000000006 1.9153558929465595 35681.000000000007 4.6758707679541489 -0.5 1002.4875130205102 0.25881904510252057 0.67167992559793654 0 10.931324521953263 187.91175062347423 2.7835397325308846 1016.8109866040148 -0.5 1017.8166248624678
decision_type=2 2 2 2 2 2 2 2 2 1 2 2 2 2 2 2
left_child=2 3 7 4 6 -4 -2 -1 12 15 -9 14 -7 -12 -11 -8
right_child=1 -3 5 -5 -6 8 9 10 -10 11 13 -13 -14 -15 -16 -17
leaf_value=0.13059297898480576 0.39189065557233577 0.37958922341946028 -0.089274507822541052 0.4317255406739603 -0.25790197085131256 -0.14607097303328606 0.14714772950457697 0.028078940579667776 -0.5131993343974327 -0.0099581308374989096 -0.052981552366251801 -0.13761940645563286 -0.3448179911462585 -0.17309472777159809 0.078773654837689305 0.06581751848721859
leaf_weight=897 882 1631 1217 922 914 1220 1067 880 1097 1037 886 1177 924 965 996 1007
leaf_count=897 882 1631 1217 922 914 1220 1067 880 1097 1037 886 1177 924 965 996 1007
internal_value=0.000497251 0.00543202 -0.00538135 0.00298442 0.0016324 -0.00918218 0.00302866 -0.000710361 -0.0116942 0.00167197 -0.00315625 -0.000607521 -0.0090444 -0.00548259 0.00165536 0.00517904
internal_weight=17719 9633 8086 8002 7080 4458 6166 3628 3241 5284 2731 3210 2144 1851 2033 2074
internal_count=17719 9633 8086 8002 7080 4458 6166 3628 3241 5284 2731 3210 2144 1851 2033 2074
cat_boundaries=0 1
cat_threshold=646
is_linear=0
shrinkage=0.0477671


Tree=13
num_leaves=17
num_cat=1
split_feature=35 29 38 14 14 40 16 31 35 40 1 16 9 9 14 9
split_gain=167.125 130.437 75.8951 40.4806 30.2763 26.7732 25.4495 22.4315 22.1221 19.7221 19.3732 11.157 8.40285 8.0297 7.21709 4.7237
threshold=0.22916666666666671 279.50000000000006 -0.60785761079279388 2.2155313489622324 2.1039425740799618 0.61237135649459018 173.41596304323406 0 0.72916666666666685 0.49065764355977465 0.26631555930897821 209.05274573885771 1016.1256676983388 1018.5669591415422 1.3113285341495 1017.7084374700003
decision_type=2 2 2 2 2 2 2 1 2 2 2 2 2 2 2 2
left_child=4 2 8 10 14 11 -7 -3 9 -2 13 12 -5 -4 -1 -16
right_child=1 7 3 5 -6 6 -8 -9 -10 -11 -12 -13 -14 -15 15 -17
leaf_value=-0.011218768171986035 -0.11816865420296646 0.36443416788879135 0.13976374233515301 0.13841833716699686 -0.33217187413189109 0.050346535718602294 -0.30973159693165442 0.18444739126352375 0.0096662024680677396 -0.38273116624766568 0.50555268738824255 -0.034473459180569696 0.044634621124571318 0.037092975979451312 -0.10529187470094035 -0.19493195177862119
leaf_weight=940 1182 1363 1424 1006 1675 892 1061 969 1071 963 884 877 877 886 950 886
leaf_count=940 1182 1363 1424 1006 1675 892 1061 969 1071 963 884 877 877 886 950 886
internal_value=0.000592095 0.00324643 0.00109273 0.00360928 -0.00743124 0.000795138 -0.00348417 0.013518 -0.00509387 -0.00789333 0.00776108 0.00382402 0.00589677 0.00545813 -0.00436981 -0.00611276
internal_weight=17906 13455 11123 7907 4451 4713 1953 2332 3216 2145 3194 2760 1883 2310 2776 1836
internal_count=17906 13455 11123 7907 4451 4713 1953 2332 3216 2145 3194 2760 1883 2310 2776 1836
cat_boundaries=0 1
cat_threshold=30
is_linear=0
shrinkage=0.0477671


Tree=14
num_leaves=15
num_cat=3
split_feature=44 29 14 13 35 40 2 32 31 13 28 35 29 28
split_gain=198.73 109.85 51.111 46.9068 37.229 31.2901 28.918 20.941 12.0277 8.81893 9.99572 5.97111 5.40932 5.26285
threshold=27769.500000000004 283.50000000000006 1.8327828557227293 4.6788396037637847 0.18750000000000003 0.62587949062545845 0.73972862093047087 1.0000000180025095e-35 0 2.4784908499794995 1 0.35416666666666669 198.50000000000003 2
decision_type=2 2 2 2 2 2 2 2 1 2 1 2 2 1
left_child=2 3 4 6 13 8 -2 9 -4 12 -11 -10 -8 -1
right_child=1 -3 5 -5 -6 -7 7 -9 11 10 -12 -13 -14 -15
leaf_value=-0.057775229283296162 0.499747737266453 0.35022545452564768 -0.055709853609884549 -0.19530625396473947 0.07872097179876579 -0.39582438821027116 0.14350398864085834 -0.060191873709244094 -0.23312332006772582 0.12565154496990016 -0.0098832667083201108 -0.1123667724344152 0.055498258888799043 -0.16491210529250372
leaf_weight=913 1228 1606 1037 1175 1527 1691 1531 1224 971 1024 1341 925 909 888
leaf_count=913 1228 1606 1037 1175 1527 1691 1531 1224 971 1024 1341 925 909 888
internal_value=0.000408777 0.00487737 -0.00523175 0.00269626 -0.000716984 -0.00848065 0.00413003 0.00276868 -0.00549579 0.00418972 0.00210969 -0.00774281 0.00620489 -0.00536957
internal_weight=17990 10038 7952 8432 3328 4624 7257 6029 2933 4805 2365 1896 2440 1801
internal_count=17990 10038 7952 8432 3328 4624 7257 6029 2933 4805 2365 1896 2440 1801
cat_boundaries=0 1 2 3
cat_threshold=14 1728 6738
is_linear=0
shrinkage=0.0477671


Tree=15
num_leaves=15
num_cat=1
split_feature=44 29 14 44 13 2 10 40 10 14 26 35 31 13
split_gain=186.622 107.563 47.8307 44.8075 46.4286 31.3954 23.7746 22.9945 15.8245 15.7357 14.2923 13.4416 6.69266 4.7102
threshold=27769.500000000004 283.50000000000006 1.9153558929465595 35681.000000000007 3.9287025575676275 0.71465046073590355 1002.1694091606772 0.61237135649459018 1019.2438943539561 1.4600960554520961 29.383373167072147 0.72916666666666685 0 2.3455297220526696
decision_type=2 2 2 2 2 2 2 2 2 2 2 2 1 2
left_child=2 3 5 4 6 -1 -2 10 -7 -8 13 12 -11 -4
right_child=1 -3 7 -5 -6 8 9 -9 -10 11 -12 -13 -14 -15
leaf_value=0.12159262598112479 0.34567305478066801 0.34069487695677647 -0.12790414457329258 0.43042162759915664 -0.15245009187469558 -0.0097248657129837372 0.10681542932382472 -0.3721438740448455 -0.16077744187201234 0.017177853856301786 -0.02325425144187885 0.088426285049154063 -0.11151913415004125 -0.28900379347946736
leaf_weight=880 887 1577 903 912 1701 1736 1112 1654 928 1605 906 1290 926 914
leaf_count=880 887 1577 903 912 1701 1736 1112 1654 928 1605 906 1290 926 914
internal_value=0.00058461 0.00491964 -0.00489342 0.00277808 0.00156526 -0.000767633 0.00359446 -0.0082335 -0.00335218 0.0022993 -0.00553371 0.000843247 -0.00117867 -0.00797748
internal_weight=17931 10010 7921 8433 7521 3544 5820 4377 2664 4933 2723 3821 2531 1817
internal_count=17931 10010 7921 8433 7521 3544 5820 4377 2664 4933 2723 3821 2531 1817
cat_boundaries=0 1
cat_threshold=27
is_linear=0
shrinkage=0.0477671


Tree=16
num_leaves=18
num_cat=1
split_feature=44 29 44 13 14 9 40 28 15 35 13 13 6 35 36 16 13
split_gain=174.814 112.706 49.6174 41.4544 35.2976 27.7923 23.5312 16.7684 16.5751 16.5069 15.4533 12.6282 10.2027 10.1172 10.1162 7.02297 5.95811
threshold=25979.000000000004 283.50000000000006 35796.500000000007 4.0345794543453 1.9153558929465595 1003.2167204284515 0.61237135649459018 0 212.61272838415883 0.18750000000000003 1.8092176389295536 1.5670823560162608 289.60745352566363 0.18750000000000003 -0.78656609248549292 176.3840058839896 1.3967651116421831
decision_type=2 2 2 2 2 2 2 1 2 2 2 2 2 2 2 2 2
left_child=4 2 3 5 9 -2 13 12 -5 16 -3 -9 -7 -6 -13 -16 -1
right_child=1 10 -4 8 6 7 -8 11 -10 -11 -12 14 -14 -15 15 -17 -18
leaf_value=-0.035588790827911623 0.30046180468748496 0.38122946930943957 0.4041691658936204 -0.022424410776887505 -0.2223650775380972 0.31998923970535859 -0.3805019498657729 0.066497215467043014 -0.34842951467055894 0.044762140168698207 0.17623992697505719 0.048302018598455156 0.035941168668309424 -0.091768271999697323 -0.033001707630293878 -0.20884663942302215 -0.15562975289795594
leaf_weight=895 1139 1038 898 878 1050 876 1293 953 886 1045 880 892 1324 931 1204 908 877
leaf_count=895 1139 1038 898 878 1050 876 1293 953 886 1045 880 892 1324 931 1204 908 877
internal_value=0.000615342 0.00398979 0.0019473 0.000885501 -0.00596366 0.00247447 -0.0093368 0.00120603 -0.00568529 -0.00204249 0.0145929 -0.000655678 0.00453794 -0.00606319 -0.00217772 -0.00397953 -0.00485093
internal_weight=17967 11876 9958 9060 6091 7296 3274 6157 1764 2817 1918 3957 2200 1981 3004 2112 1772
internal_count=17967 11876 9958 9060 6091 7296 3274 6157 1764 2817 1918 3957 2200 1981 3004 2112 1772
cat_boundaries=0 1
cat_threshold=1666
is_linear=0
shrinkage=0.0477671


Tree=17
num_leaves=16
num_cat=3
split_feature=35 29 32 10 28 9 14 35 31 16 14 14 12 31 14
split_gain=141.218 121.864 68.5571 37.7391 31.4267 30.2601 25.7862 21.095 18.8436 16.0607 13.2825 9.60234 11.6274 6.80484 4.73217
threshold=0.22916666666666671 283.50000000000006 1.0000000180025095e-35 1000.1713975890835 0 1013.1485634597908 2.1039425740799618 0.72916666666666685 1 172.72004176133296 2.1180608494082871 1.9338379643932104 44.533752392140237 2 2.8730268363318023
decision_type=2 2 2 2 1 2 2 2 1 2 2 2 2 1 2
left_child=6 2 3 -2 9 -6 13 10 -3 -5 -4 -7 -13 -1 -8
right_child=1 8 7 4 5 11 14 -9 -10 -11 -12 12 -14 -15 -16
leaf_value=-0.04570673404411784 0.33876950641992409 0.31188435608694448 -0.060210127673876665 0.1806125717892296 -0.31130120574922682 0.080451501374418991 -0.2170444692789549 0.0069890127930613269 0.18502338412685063 0.06417203089911222 -0.28622849472254375 0.065301832464975992 -0.10364393148659115 -0.12845266465638619 -0.39858996654442996
leaf_weight=1613 1165 1303 908 1177 877 1191 881 1078 925 1188 1189 961 1425 1144 879
leaf_count=1613 1165 1303 908 1177 877 1191 881 1078 925 1188 1189 961 1425 1144 879
internal_value=0.000477439 0.00294179 0.000905144 0.00326636 0.00190853 -0.000459622 -0.00682564 -0.00503177 0.0131414 0.00634454 -0.00782344 0.00148834 -0.000259321 -0.0039408 -0.0113434
internal_weight=17904 13387 11159 7984 6819 4454 4517 3175 2228 2365 2097 3577 2386 2757 1760
internal_count=17904 13387 11159 7984 6819 4454 4517 3175 2228 2365 2097 3577 2386 2757 1760
cat_boundaries=0 1 2 3
cat_threshold=1666 29 30
is_linear=0
shrinkage=0.0477671


Tree=18
num_leaves=17
num_cat=0
split_feature=2 26 37 32 14 26 14 26 6 24 10 40 24 18 0 10
split_gain=100.385 78.64 54.6575 49.1422 36.6512 22.0097 21.6522 20.0863 20.3148 18.9723 16.1093 13.0618 10.5817 6.73024 7.024 5.03
threshold=0.72588441871104525 11.27137606927583 0.25881904510252057 1.0000000180025095e-35 1.6861148901203029 795.28233785625525 3.1605767214961111 813.35186166387405 293.68740913206676 19.24472365914291 1018.8588908663684 0.71503381463111937 11.804985406162659 0.0052119872132085953 13.082330612247342 1017.3601693411487
decision_type=2 2 2 2 2 2 2 2 2 2 2 2 2 2 2 2
left_child=2 6 4 7 -1 -5 10 13 -9 -4 11 12 -2 15 -15 -3
right_child=1 3 9 5 -6 -7 -8 8 -10 -11 -12 -13 -14 14 -16 -17
leaf_value=0.43403493132742182 -0.086328588293625483 0.17586126345170816 0.11002465512583515 -0.024570682465867955 0.2142774836946521 -0.21522697778853597 -0.39894653445227996 -0.13598022204721708 0.071316451875751363 -0.08843926195654736 -0.18704971046284943 -0.30823000843467802 0.047648621412325197 0.15015941083533565 0.0062737853143838588 0.079823398047972449
leaf_weight=1022 995 1161 884 1434 1492 1008 977 984 1277 950 1278 895 877 886 889 879
leaf_count=1022 995 1161 884 1434 1492 1008 977 984 1277 950 1278 895 877 886 889 879
internal_value=0.000320316 -0.00170731 0.00663502 0.00108765 0.0112094 -0.00463496 -0.0064484 0.00338798 -0.000178589 0.000363417 -0.00490605 -0.00285624 -0.00058569 0.00550233 0.00334917 0.0073747
internal_weight=17888 13540 4348 8518 2514 2442 5022 6076 2261 1834 4045 2767 1872 3815 1775 2040
internal_count=17888 13540 4348 8518 2514 2442 5022 6076 2261 1834 4045 2767 1872 3815 1775 2040
is_linear=0
shrinkage=0.0477671


Tree=19
num_leaves=17
num_cat=1
split_feature=35 2 32 13 14 14 36 42 35 16 14 39 31 30 23 14
split_gain=118.921 96.9823 54.9492 39.2128 23.3723 21.8175 19.5984 18.3221 17.6099 16.8122 12.0085 10.1668 8.08154 6.73419 5.6475 2.46615
threshold=0.22916666666666671 0.72588441871104525 1.0000000180025095e-35 2.3455297220526696 2.2155313489622324 1.3113285341495 -0.9159756150367534 0.68301270189221941 0.72916666666666685 200.57507806324796 1.5823304462666765 1.0000000180025095e-35 0 0.39561943874058869 16.613896155319626 1.5242742981485231
decision_type=2 2 2 2 2 2 2 2 2 2 2 2 1 2 2 2
left_child=5 3 4 10 14 -1 -6 12 11 13 -2 -4 -7 -8 15 -3
right_child=1 2 8 -5 6 7 9 -9 -10 -11 -12 -13 -14 -15 -16 -17
leaf_value=0.0075770896400841354 0.3860313891711894 0.090444546670750636 -0.078577400325711991 0.083815426537609775 0.12763464190551688 -0.088579611573637099 -0.043583388522628448 -0.42019595369879043 0.0036370246639886683 -0.15748881481418184 0.27113584286290338 -0.24356971177708506 -0.20604583163979043 0.071739303066705576 0.16748997455650491 0.068362419299779847
leaf_weight=925 1153 898 994 1024 1062 1439 962 994 1003 1211 1076 962 1112 1159 948 1020
leaf_count=925 1153 898 994 1024 1062 1439 962 994 1003 1211 1076 962 1112 1159 948 1020
internal_value=0.000553635 0.00279381 0.000506947 0.0099771 0.00274334 -0.00619747 0.000553912 -0.00790216 -0.00497936 -0.00124655 0.0135319 -0.00761815 -0.00575701 0.00131643 0.00609927 0.00460619
internal_weight=17942 13472 10219 3253 7260 4470 4394 3545 2959 3332 2229 1956 2551 2121 2866 1918
internal_count=17942 13472 10219 3253 7260 4470 4394 3545 2959 3332 2229 1956 2551 2121 2866 1918
cat_boundaries=0 1
cat_threshold=30
is_linear=0
shrinkage=0.0477671


Tree=20
num_leaves=15
num_cat=2
split_feature=35 29 32 10 40 46 35 14 14 52 38 28 15 28
split_gain=116.292 96.7857 57.8751 36.4845 31.7692 20.9159 17.5339 19.2538 16.0552 15.2296 15.1088 12.8665 6.71327 5.83492
threshold=0.22916666666666671 285.50000000000006 1.0000000180025095e-35 1000.1713975890835 0.63257020223555627 0.28396383057052793 0.68750000000000011 2.1180608494082871 2.129656766941916 1.0000000180025095e-35 -1.0000000180025095e-35 0 164.02184985897628 1
decision_type=2 2 2 2 2 2 2 2 2 2 2 1 2 1
left_child=8 2 3 -2 9 -6 7 -4 13 11 -3 -5 -13 -1
right_child=1 10 6 4 5 -7 -8 -9 -10 -11 -12 12 -14 -15
leaf_value=-0.17103188972130076 0.31147269103305375 0.16053504710842109 -0.03858954304235989 0.025039765874327498 0.048127867101194349 -0.25952533769664182 -0.0024371536152681902 -0.30161739467015358 -0.26016167776651233 -0.01236181259923263 0.28067542531755513 0.16989787525731143 0.10736568662822804 -0.030199987368048863
leaf_weight=1247 1194 917 900 981 1069 1334 1299 1044 1688 1247 1288 926 1277 1532
leaf_count=1247 1194 917 900 981 1069 1334 1299 1044 1688 1247 1288 926 1277 1532
internal_value=0.0005363 0.00275045 0.000959721 0.0031354 0.00178902 -0.00263292 -0.00442546 -0.0072966 -0.00614282 0.00418761 0.0119028 0.00594018 0.00795298 -0.0039096
internal_weight=17943 13476 11271 8028 6834 2403 3243 1944 4467 4431 2205 3184 2203 2779
internal_count=17943 13476 11271 8028 6834 2403 3243 1944 4467 4431 2205 3184 2203 2779
cat_boundaries=0 1 2
cat_threshold=292 440
is_linear=0
shrinkage=0.0477671


Tree=21
num_leaves=15
num_cat=1
split_feature=44 29 14 2 26 4 44 41 44 46 40 29 31 14
split_gain=139.068 76.6751 44.5132 43.9924 31.7271 27.0294 23.7861 17.8222 14.2589 8.70017 12.9764 8.34087 7.32107 2.98383
threshold=29872.500000000004 285.50000000000006 3.1605767214961111 0.71155276857366001 813.35186166387405 292.72989135828385 24482.500000000004 -0.67168186667784702 35070.500000000007 0.31987284984013525 0.41398981800788198 144.50000000000003 0 1.8524857822359622
decision_type=2 2 2 2 2 2 2 2 2 2 2 2 1 2
left_child=2 4 3 -1 8 -4 11 -6 12 10 -8 -5 13 -2
right_child=1 -3 5 6 7 -7 9 -9 -10 -11 -12 -13 -14 -15
leaf_value=0.12815416413124905 0.1214680119763636 0.31144951804217397 -0.40663397955529101 -0.2387258506907696 0.067543974432193385 -0.038170121024920074 -0.10320753210574378 -0.12118292383734228 0.34355866741946783 0.042386148981143804 0.048580260893022663 -0.081895090506257068 0.032108851588836293 0.10106417696890743
leaf_weight=1432 882 1161 1614 1250 889 901 1239 974 912 1566 886 1527 1277 1408
leaf_count=1432 882 1161 1614 1250 889 901 1239 974 912 1566 886 1527 1277 1408
internal_value=0.000437078 0.00539522 -0.00313457 -0.00137227 0.00332873 -0.00866936 -0.00304972 -0.00190897 0.00550781 -0.000536468 -0.0025278 -0.00638935 0.00414401 0.00575185
internal_weight=17918 7503 10415 7900 6342 2515 6468 1863 4479 3691 2125 2777 3567 2290
internal_count=17918 7503 10415 7900 6342 2515 6468 1863 4479 3691 2125 2777 3567 2290
cat_boundaries=0 1
cat_threshold=23
is_linear=0
shrinkage=0.0477671


Tree=22
num_leaves=15
num_cat=0
split_feature=44 30 14 2 44 6 26 40 10 14 35 35 10 14
split_gain=126.989 77.1662 43.629 31.6238 25.3848 23.736 21.4101 18.5266 13.9933 9.12313 12.0494 9.06206 7.57698 6.8214
threshold=29442.500000000004 0.78165639972621503 1.9153558929465595 0.71006204458744049 35681.000000000007 290.67821825734467 813.35186166387405 0.67802080537253973 1019.9627207430671 1.5422955115738366 0.64583333333333337 0.22916666666666671 1017.0922522768511 2.8357995916576626
decision_type=2 2 2 2 2 2 2 2 2 2 2 2 2 2
left_child=2 4 3 -1 6 7 9 -4 11 -2 -11 -5 -7 -8
right_child=1 -3 5 8 -6 12 13 -9 -10 10 -12 -13 -14 -15
leaf_value=0.17346926899977994 0.10612689648385408 0.2923648224110838 -0.13744911420181399 -0.065492127045422205 0.3055096464851268 -0.00051340517855890994 0.0053106155368400944 -0.39716326448227035 -0.12500435550766265 -0.017991988806931786 0.11136190085033222 0.064386128434455361 -0.12330096536698397 -0.12421378698159691
leaf_weight=924 1000 1302 1726 1420 902 1393 875 1505 880 1511 1656 967 884 931
leaf_count=924 1000 1302 1726 1420 902 1393 875 1505 880 1511 1656 967 884 931
internal_value=0.000542318 0.00492715 -0.0031542 0.000518055 0.00290739 -0.0059488 0.001779 -0.00858142 -0.00168805 0.00366195 0.00240499 0.000209184 -0.00221221 -0.00256433
internal_weight=17876 8177 9699 4191 6875 5508 5973 3231 3267 4167 3167 2387 2277 1806
internal_count=17876 8177 9699 4191 6875 5508 5973 3231 3267 4167 3167 2387 2277 1806
is_linear=0
shrinkage=0.0477671


Tree=23
num_leaves=16
num_cat=4
split_feature=44 29 13 36 7 13 13 35 29 28 28 44 31 31 7
split_gain=116.28 66.8302 37.0104 36.5931 28.682 22.852 18.5647 14.0054 12.4498 12.3534 7.03898 6.71867 5.82231 5.63481 5.18974
threshold=29632.500000000004 279.50000000000006 4.3507496643751375 -0.78656609248549292 284.57767707303123 1.8445640435640926 4.495576091965849 0.18750000000000003 96.500000000000014 0 1 26046.000000000004 2 3 286.4098700467062
decision_type=2 2 2 2 2 2 2 2 2 1 1 2 1 1 2
left_child=2 4 3 -1 -2 7 9 14 -7 -6 -9 13 -11 -10 -5
right_child=1 -3 -4 5 6 8 -8 10 11 12 -12 -13 -14 -15 -16
leaf_value=0.16041701991958557 0.36199878771465843 0.26099268726611718 -0.41527620999001263 -0.015106263262735915 -0.016494760204679326 -0.30562621012857488 -0.1170338552668309 0.11961562802102771 -0.072573291405487211 0.11481439029009656 -0.0036981098833198042 -0.026732361065719634 0.053089972144817373 -0.17431096668750415 -0.10866087630184987
leaf_weight=950 1225 1297 943 885 1587 1043 891 963 888 1469 1037 1108 1466 1018 1108
leaf_count=950 1225 1297 943 885 1587 1043 891 963 888 1469 1037 1108 1466 1018 1108
internal_value=0.000518211 0.0048306 -0.00292307 -0.00197943 0.00289246 -0.00302596 0.00139827 -0.000460005 -0.00555089 0.00264032 0.00236335 -0.00399306 0.00446778 -0.00571283 -0.0032944
internal_weight=17878 7935 9943 9000 6638 8050 5413 3993 4057 4522 2000 3014 2935 1906 1993
internal_count=17878 7935 9943 9000 6638 8050 5413 3993 4057 4522 2000 3014 2935 1906 1993
cat_boundaries=0 1 2 3 4
cat_threshold=1304 6678 7 27
is_linear=0
shrinkage=0.0477671


Tree=24
num_leaves=16
num_cat=5
split_feature=44 29 13 10 0 28 7 44 13 35 28 28 31 28 13
split_gain=110.661 64.5615 39.4832 35.0173 38.5125 31.503 26.6205 20.3772 18.464 12.4965 12.421 9.71094 9.66152 5.39842 3.6671
threshold=29679.500000000004 279.50000000000006 2.9172722468667791 998.42846422827631 9.618917698413437 0 284.24409385073795 24587.500000000004 4.3507496643751375 0.72916666666666685 1 2 3 4 1.6909419118520066
decision_type=2 2 2 2 2 1 2 2 2 2 1 1 1 1 2
left_child=2 6 3 -1 -5 -4 -2 11 9 12 -9 -6 13 -8 -12
right_child=1 -3 5 4 7 -7 8 10 -10 -11 14 -13 -14 -15 -16
leaf_value=0.14985769706011284 0.34349299608313749 0.25067812133687595 -0.019912322230856701 0.1503600056209301 -0.082716172069472696 -0.35694618873892142 0.10487966310300717 0.066312480668197352 -0.11175358031130482 0.12289654731973428 -0.026277845643157424 -0.24020002799823195 -0.048681685870382206 0.023052570003477251 -0.13142085050589752
leaf_weight=1002 1122 1342 911 909 1523 1734 897 1004 959 1005 876 1050 1115 1404 1074
leaf_count=1002 1122 1342 911 909 1523 1734 897 1004 959 1005 876 1050 1115 1404 1074
internal_value=0.000512798 0.0047679 -0.00279721 -0.00101438 -0.00230785 -0.00780984 0.00279868 -0.00380662 0.00140241 0.00270604 -0.00109883 -0.0069145 0.00132776 0.00308912 -0.00331331
internal_weight=17927 7844 10083 7438 6436 2645 6502 5527 5380 4421 2954 2573 3416 2301 1950
internal_count=17927 7844 10083 7438 6436 2645 6502 5527 5380 4421 2954 2573 3416 2301 1950
cat_boundaries=0 1 2 3 4 5
cat_threshold=6080 3600 3860 23 582
is_linear=0
shrinkage=0.0477671


Tree=25
num_leaves=16
num_cat=0
split_feature=44 29 32 44 14 10 35 14 16 29 10 29 32 15 10
split_gain=102.679 60.3823 29.661 29.1291 28.8788 26.1582 20.3123 17.5835 16.336 20.374 22.4782 14.2527 9.52914 9.39368 9.1341
threshold=25780.500000000004 283.50000000000006 1.0000000180025095e-35 35474.500000000007 1.3230280026824073 1000.1713975890835 0.68750000000000011 1.6861148901203029 173.94250761292992 186.50000000000003 1015.9824062490874 144.50000000000003 1.0000000180025095e-35 195.35503114305649 1018.6809468354467
decision_type=2 2 2 2 2 2 2 2 2 2 2 2 2 2 2
left_child=4 2 3 5 -1 -2 -4 -3 14 10 -10 13 -13 -6 -7
right_child=1 7 6 -5 11 8 -8 -9 9 -11 -12 12 -14 -15 -16
leaf_value=0.028471909607071945 0.23398411653560905 0.25434824990359894 -0.1613878093557064 0.37267789376573673 -0.14814700472339146 0.089405180506973783 0.074315808732129521 0.12991268845937298 -0.32103818002447221 0.073618422144447138 0.0014770217341753863 -0.040187714206665358 -0.12306452278199066 -0.38590346858180335 0.00043689909066958792
leaf_weight=1063 983 880 1512 927 1126 1624 932 1064 894 1031 1008 1590 1021 1081 1169
leaf_count=1063 983 880 1512 927 1126 1624 932 1064 894 1031 1008 1590 1021 1081 1169
internal_value=0.000449401 0.0029793 0.0014925 0.00295856 -0.00472272 0.00186151 -0.00308714 0.0106875 0.000625271 -0.001864 -0.00479563 -0.00629511 -0.00390503 -0.0091217 0.00324011
internal_weight=17905 12024 10080 7636 5881 6709 2444 1944 5726 2933 1902 4818 2611 2207 2793
internal_count=17905 12024 10080 7636 5881 6709 2444 1944 5726 2933 1902 4818 2611 2207 2793
is_linear=0
shrinkage=0.0477671


Tree=26
num_leaves=17
num_cat=2
split_feature=44 29 18 13 28 5 38 2 29 44 28 13 26 13 5 26
split_gain=92.1558 59.4703 33.0729 27.5748 22.8797 20.6627 17.7595 16.2132 16.0233 14.1106 12.7961 10.5229 9.97608 6.9353 3.40321 3.00681
threshold=29300.500000000004 311.50000000000006 0.0052119872132085857 4.8984585630022233 0 282.45295541498882 -0.60785761079279388 0.71155276857366001 98.500000000000014 24421.500000000004 1 2.7431401388196477 22.391514406350975 2.6742467991900152 290.35762692511406 741.60271378432424
decision_type=2 2 2 2 1 2 2 2 2 2 1 2 2 2 2 2
left_child=2 3 7 5 -4 -2 -7 -1 -9 -6 13 -11 14 -8 -10 -12
right_child=1 -3 4 -5 9 6 10 8 12 11 15 -13 -14 -15 -16 -17
leaf_value=0.10890948444579865 0.34250045792069223 0.29384415919455309 -0.0095217583812807691 -0.12049234233728881 -0.28709516512106359 -0.061886942286891448 0.15492733757588847 -0.19977582691425816 -0.0017439256296763292 -0.05108083907125921 0.042547270374943491 -0.2695212644608902 0.061278254504582526 0.073998433824993645 -0.084808113023085246 -0.012607941703084383
leaf_weight=917 1084 933 1290 902 1433 900 1350 886 976 875 1050 880 1278 1079 952 1073
leaf_count=917 1084 933 1290 902 1433 900 1350 886 976 875 1050 880 1278 1079 952 1073
internal_value=0.000360977 0.00401409 -0.00286216 0.00258778 -0.00584505 0.00366843 0.0024703 -0.000195048 -0.00148196 -0.00800529 0.00368278 -0.00515648 8.86996e-05 0.00604096 -0.00207998 0.000950712
internal_weight=17858 8371 9487 7438 4478 6536 5452 5009 4092 3188 4552 1755 3206 2429 1928 2123
internal_count=17858 8371 9487 7438 4478 6536 5452 5009 4092 3188 4552 1755 3206 2429 1928 2123
cat_boundaries=0 1 2
cat_threshold=5440 3300
is_linear=0
shrinkage=0.0477671


Tree=27
num_leaves=14
num_cat=0
split_feature=44 29 13 0 13 44 26 38 29 46 26 37 13
split_gain=80.8555 52.2463 30.0993 29.8863 22.0458 16.1808 12.9204 12.246 9.41414 6.36398 5.52513 7.6881 3.529
threshold=25848.500000000004 283.50000000000006 4.6788396037637847 10.770078146985897 1.6549908740541721 31140.500000000004 29.383373167072147 -0.60785761079279388 144.50000000000003 0.25790389450448498 846.65892213738812 0.25881904510252057 2.2795725953065458
decision_type=2 2 2 2 2 2 2 2 2 2 2 2 2
left_child=4 2 3 -2 9 -3 8 -5 -6 -1 11 12 -9
right_child=1 5 -4 7 6 -7 -8 10 -10 -11 -12 -13 -14
leaf_value=0.032103371482467308 0.41562342940667413 0.1081037625596613 -0.14599281353440108 -0.048993792835988703 -0.29222943320331307 0.28086000352055762 -0.033938014391756269 0.094540121200793303 -0.12349488727230692 -0.075224615634915601 -0.019708321405268178 -0.00016462558500186919 0.049876134161333158
leaf_weight=1262 1387 1045 1288 1708 1335 877 884 1630 1447 1004 960 1488 1557
leaf_count=1262 1387 1045 1288 1708 1335 877 884 1630 1447 1004 960 1488 1557
internal_value=0.000411476 0.00267621 0.00129194 0.00229782 -0.00414663 0.00989025 -0.00643609 0.0010828 -0.00803478 -0.000441693 0.00215696 0.00283489 0.0041585
internal_weight=17872 11940 10018 8730 5932 1922 3666 7343 2782 2266 5635 4675 3187
internal_count=17872 11940 10018 8730 5932 1922 3666 7343 2782 2266 5635 4675 3187
is_linear=0
shrinkage=0.0477671


Tree=28
num_leaves=15
num_cat=0
split_feature=44 41 13 36 13 10 18 40 6 35 40 1 17 18
split_gain=81.9141 49.4671 36.5622 33.068 22.2214 20.0697 21.3816 24.1632 19.3659 17.5429 19.8842 11.3732 5.98714 5.7658
threshold=29679.500000000004 0.60383265664488517 4.0345794543453 -0.78656609248549292 2.3455297220526696 998.42846422827631 0.0052119872132085953 0.20180702842483325 286.86110953148699 0.72916666666666685 0.62587949062545845 0.22125901603971335 0.023321270078052781 0.0052119872132086126
decision_type=2 2 2 2 2 2 2 2 2 2 2 2 2 2
left_child=2 9 3 -1 -3 -5 7 8 -7 10 13 -8 -13 -2
right_child=1 4 -4 5 -6 6 11 -9 -10 -11 -12 12 -14 -15
leaf_value=0.18701863426520018 0.071601287452851534 0.34674010067257788 -0.31133991194144611 0.070296083260522127 0.18474824331797252 0.098789692804783905 -0.24146477887299772 -0.14308040206512102 -0.033334564508652721 0.10972727708965453 -0.091972607444918753 -0.16632625199604584 -0.029769377327486555 -0.0011808653663233847
leaf_weight=902 1713 1313 1177 1101 960 1013 877 1546 1442 1346 1449 1048 884 1093
leaf_count=902 1713 1313 1177 1101 960 1013 877 1546 1442 1346 1449 1048 884 1093
internal_value=0.000614879 0.00425835 -0.00225664 -0.00120029 0.0102018 -0.00218851 -0.00315609 -0.000912759 0.00203235 0.00184598 0.000341872 -0.00635058 -0.00430085 0.00268887
internal_weight=17864 7874 9990 8813 2273 7911 6810 4001 2455 5601 4255 2809 1932 2806
internal_count=17864 7874 9990 8813 2273 7911 6810 4001 2455 5601 4255 2809 1932 2806
is_linear=0
shrinkage=0.0477671


Tree=29
num_leaves=17
num_cat=2
split_feature=32 37 2 13 13 18 18 27 28 24 13 1 10 12 13 28
split_gain=53.3273 75.4931 46.0465 21.1331 19.7912 14.6291 13.7872 10.2951 9.68157 9.30095 8.61713 8.17827 7.58965 7.24813 5.89272 4.3747
threshold=1.0000000180025095e-35 0.60355339059327384 0.73784276262377668 1.6082476539156636 3.1063583154667365 0.0052119872132085935 0.0052119872132085857 1.1904576520524932 0 30.705357157988374 1.4124917047051484 0.20434552575322079 1017.3145868641608 69.618990565419878 2.7775237060760589 1
decision_type=2 2 2 2 2 2 2 2 1 2 2 2 2 2 2 1
left_child=1 2 3 -1 10 11 8 14 -3 -5 -2 -4 -13 -12 -7 -8
right_child=4 6 5 9 -6 7 15 -9 -10 -11 13 12 -14 -15 -16 -17
leaf_value=0.31165463038355651 0.030043797298608507 0.046777868147022783 0.12799513330897305 0.24147954480119005 -0.2345400259228653 0.0023732164702870077 -0.086608450332333428 0.093369761308451218 -0.093668725652319401 0.084474020960802781 -0.02400157732031134 0.10163578333778639 0.0010234444888434539 -0.12139423717382254 -0.13098166046244267 -0.25086761207703195
leaf_weight=1004 1001 885 1010 916 1412 974 896 896 951 887 1644 1247 1184 1028 908 963
leaf_count=1004 1001 885 1010 916 1412 974 896 896 951 887 1644 1247 1184 1028 908 963
internal_value=0.000485432 0.00213828 0.0044928 0.00957134 -0.00364902 0.0022002 -0.00361263 -0.000377482 -0.000675225 0.00647633 -0.00180057 0.00428187 0.00277944 -0.00321701 -0.00238463 -0.00651249
internal_weight=17806 12721 9026 2807 5085 6219 3695 2778 1836 1803 3673 3441 2431 2672 1882 1859
internal_count=17806 12721 9026 2807 5085 6219 3695 2778 1836 1803 3673 3441 2431 2672 1882 1859
cat_boundaries=0 1 2
cat_threshold=6298 5474
is_linear=0
shrinkage=0.0477671


Tree=30
num_leaves=15
num_cat=4
split_feature=36 31 26 37 13 40 28 18 41 28 16 13 28 23
split_gain=77.9792 56.0345 48.8525 48.1302 44.0633 23.8468 19.7734 13.6832 13.2589 9.42025 9.19149 7.58256 6.87221 6.31852
threshold=-0.78656609248549292 0 760.72125026481467 0.37940952255126048 2.0866993264773854 0.70290292807158605 1 0.0052119872132085857 0.60383265664488517 2 192.71706066388876 2.0206218263674796 3 12.624601908089781
decision_type=2 1 2 2 2 2 1 2 2 1 2 2 1 2
left_child=2 11 6 4 8 10 -1 12 13 -9 -6 -2 -5 -3
right_child=1 3 -4 7 5 -7 -8 9 -10 -11 -12 -13 -14 -15
leaf_value=0.37335009614868048 -0.099665209729127374 0.04468028049565495 -0.0071208906286586281 0.043564065501571339 0.076457989296433188 -0.17809274066207675 0.17707832952547772 -0.064405191673996401 0.24610975943951979 -0.21559486433369304 -0.041007037346397587 -0.29813095573467063 -0.064229543189838645 0.1187086580124153
leaf_weight=881 925 1263 1441 1041 1618 1249 1476 994 947 1499 943 1095 1531 943
leaf_count=881 925 1263 1441 1041 1618 1249 1476 994 947 1499 943 1095 1531 943
internal_value=0.000441518 -0.00120014 0.00651425 3.94949e-05 0.00261682 -0.000839413 0.0107502 -0.00350311 0.00679394 -0.00602508 0.00179902 -0.0085405 -0.00105773 0.0047627
internal_weight=17846 14048 3798 12028 6963 3810 2357 5065 3153 2493 2561 2020 2572 2206
internal_count=17846 14048 3798 12028 6963 3810 2357 5065 3153 2493 2561 2020 2572 2206
cat_boundaries=0 1 2 3 4
cat_threshold=64 7172 5442 6290
is_linear=0
shrinkage=0.0477671


Tree=31
num_leaves=16
num_cat=0
split_feature=44 13 2 36 10 40 17 10 5 9 2 41 2 17 23
split_gain=65.9788 47.6495 40.3148 38.6017 28.2682 25.7416 33.0378 24.1134 15.6765 15.4311 11.1767 8.4774 6.8225 5.58345 12.8504
threshold=31795.500000000004 4.770099809705413 0.73784276262377668 -0.78656609248549292 998.42846422827631 0.1849296026015865 1.0000000180025095e-35 1014.3908419695614 284.71971845791705 1019.1881624086396 0.80568429565731792 -0.26867065956352881 0.77081296503246011 1.0000000180025095e-35 6.8599233857184263
decision_type=2 2 2 2 2 2 2 2 2 2 2 2 2 2 2
left_child=1 3 -2 11 -5 6 8 -7 -6 -10 12 -1 -4 14 -9
right_child=2 -3 10 4 5 7 -8 13 9 -11 -12 -13 -14 -15 -16
leaf_value=0.075132242079162456 0.30956603548304085 -0.37425931299710102 0.04489432699671745 0.089956392512164307 0.10411923796850492 -0.34008241662033745 -0.12663470436515797 -0.011156869593601446 0.044268620021281499 -0.078450572604457147 0.088224476439128549 0.19030831773833851 -0.074530065994418471 -0.0058881010706902295 -0.2907289723026974
leaf_weight=901 1684 1031 971 1524 1179 991 1342 923 1567 878 1138 903 980 875 1023
leaf_count=901 1684 1031 971 1524 1179 991 1342 923 1567 878 1138 903 980 875 1023
internal_value=0.000418604 -0.00132881 0.00522859 -0.000489087 -0.00161798 -0.00266073 -0.000393922 -0.00561317 0.0019765 -0.000204222 0.00198635 0.00595641 -0.000206965 -0.00336035 -0.00478538
internal_weight=17910 13137 4773 12106 10302 8778 4966 3812 3624 2445 3089 1804 1951 2821 1946
internal_count=17910 13137 4773 12106 10302 8778 4966 3812 3624 2445 3089 1804 1951 2821 1946
is_linear=0
shrinkage=0.0477671


Tree=32
num_leaves=15
num_cat=2
split_feature=36 14 2 9 28 9 4 9 29 40 25 25 37 31
split_gain=58.5743 57.6095 44.425 39.416 37.5292 27.1099 25.49 27.5993 35.8995 13.892 12.1266 11.7351 11.542 9.21398
threshold=-0.78656609248549292 4.189492920600733 0.73972862093047087 999.35539712294212 0 1014.9227887114009 280.26985029042629 1018.8515137735541 247.50000000000003 0.42958674266195179 468.34084335017263 615.1527359533203 0.37940952255126048 1
decision_type=2 2 2 2 1 2 2 2 2 2 2 2 2 1
left_child=2 3 -1 9 6 -6 -5 10 -9 -2 -8 -4 13 -7
right_child=1 -3 11 4 5 12 7 8 -10 -11 -12 -13 -14 -15
leaf_value=0.35267900941249697 0.046984782030839133 -0.33365889119665076 0.094447229287585865 0.1963714766562073 -0.22619686010390874 0.08304184469928029 0.0061928755313200422 -0.18896656829287029 0.026098408369860465 0.19809912475882654 0.101740236114506 -0.032476258721435315 -0.11103127722475166 -0.047901605454164754
leaf_weight=1185 937 1337 1592 901 1463 904 1469 1027 1282 929 1273 912 1475 1144
leaf_count=1185 937 1337 1592 901 1463 904 1469 1027 1282 929 1273 912 1475 1144
internal_value=0.000420482 -0.000977748 0.00578091 7.28699e-06 -0.0010872 -0.00413949 0.00147382 0.000155598 -0.00369172 0.00642406 0.00339619 0.00217381 -0.00187724 0.000442062
internal_weight=17830 14141 3689 12804 10938 4986 5952 5051 2309 1866 2742 2504 3523 2048
internal_count=17830 14141 3689 12804 10938 4986 5952 5051 2309 1866 2742 2504 3523 2048
cat_boundaries=0 1 2
cat_threshold=7042 19
is_linear=0
shrinkage=0.0477671


Tree=33
num_leaves=15
num_cat=1
split_feature=35 14 9 0 40 15 5 52 13 0 1 14 28 26
split_gain=57.2196 50.954 34.677 32.6232 28.9226 20.1064 16.5497 18.4553 13.9546 13.0701 5.05199 4.73597 5.1875 1.15948
threshold=0.22916666666666671 1.7947164865851242 999.35539712294212 11.096690999780789 0.39827038710620805 188.67550944848668 284.57400463938387 1.0000000180025095e-35 2.5893192789082247 14.379574935484365 0.23714169796623349 1.3113285341495 0 159.19511772146078
decision_type=2 2 2 2 2 2 2 2 2 2 2 2 1 2
left_child=8 3 -3 13 6 -6 -4 9 11 -8 -5 -1 -13 -2
right_child=1 2 4 10 5 -7 7 -9 -10 -11 -12 12 -14 -15
leaf_value=0.0013392678475884199 0.23930661621481211 0.14879560374021397 0.21832890361788099 0.069405952358895281 -0.028978831967310069 -0.35384201870381327 -0.012962750908466795 -0.11333047344248565 -0.23950751990345101 0.10960670459563075 -0.0036228313793131035 -0.027007367990964089 -0.13720310731107999 0.23823659592180152
leaf_weight=898 876 1375 984 1532 1683 1592 1653 1052 1010 955 877 1146 1431 874
leaf_count=898 876 1375 984 1532 1683 1592 1653 1052 1010 955 877 1146 1431 874
internal_value=0.000300783 0.00185861 -0.000107691 0.00625317 -0.00132373 -0.00476144 0.0011001 -0.000377873 -0.00437149 0.00177576 0.00264619 -0.00293411 -0.00397509 0.0112172
internal_weight=17938 13453 9294 4159 7919 3275 4644 3660 4485 2608 2409 3475 2577 1750
internal_count=17938 13453 9294 4159 7919 3275 4644 3660 4485 2608 2409 3475 2577 1750
cat_boundaries=0 1
cat_threshold=3654
is_linear=0
shrinkage=0.0477671


Tree=34
num_leaves=16
num_cat=0
split_feature=44 14 7 29 9 40 5 26 46 16 5 29 11 44 29
split_gain=67.4817 32.9394 32.3475 22.8365 20.3229 20.0669 29.4197 16.3203 15.8454 13.6885 11.0958 11.4724 6.37366 3.09408 0.14946
threshold=29679.500000000004 4.361203081677739 286.01691654044367 144.50000000000003 991.78097901974525 0.1849296026015865 285.42653168144699 1.0000000180025095e-35 0.25790389450448498 169.94593865255007 290.04017077171693 219.50000000000003 43.21783391944944 25015.500000000004 106.50000000000001
decision_type=2 2 2 2 2 2 2 2 2 2 2 2 2 2 2
left_child=1 4 9 -4 -1 6 -6 -8 13 -2 -5 12 -12 -7 -10
right_child=2 -3 3 10 5 8 7 -9 14 -11 11 -13 -14 -15 -16
leaf_value=0.10062084869989928 0.34014934649272932 -0.3204339274126683 -0.07205826866505155 0.15850015963231995 0.087776814796339656 -0.085899945104360872 -0.10388298203193001 0.029317803940658617 -0.24716288574378883 0.1562518804669652 0.099636962682691912 -0.014889899713274826 0.042202013350939781 0.0027487443307431642 -0.27433048773916491
leaf_weight=1089 923 964 1711 923 1551 885 1738 1141 874 1205 977 1222 878 920 874
leaf_count=1089 923 964 1711 923 1551 885 1738 1141 874 1205 977 1222 878 920 874
internal_value=0.000337919 -0.00225582 0.00365887 0.00178533 -0.00136347 -0.00219869 -5.34094e-05 -0.00291104 -0.00487288 0.00868592 0.0037611 0.0023822 0.00474975 -0.00173214 -0.00811475
internal_weight=17875 10036 7839 5711 9072 7983 4430 2879 3553 2128 4000 3077 1855 1805 1748
internal_count=17875 10036 7839 5711 9072 7983 4430 2879 3553 2128 4000 3077 1855 1805 1748
is_linear=0
shrinkage=0.0477671


Tree=35
num_leaves=16
num_cat=2
split_feature=44 14 0 36 25 15 14 14 10 28 28 29 32 14 4
split_gain=52.2907 42.9527 37.9777 23.8752 22.3975 20.4958 20.8794 17.5562 14.4901 11.505 9.43731 8.98033 6.60694 4.34074 2.42003
threshold=25076.000000000004 2.0718572159569928 9.6379393104415616 -0.78656609248549292 422.77741490893999 168.43892651781843 3.8434436242441028 1.5639832029562704 1010.3165271182996 0 1 96.500000000000014 1.0000000180025095e-35 1.4600960554520961 289.53043406936541
decision_type=2 2 2 2 2 2 2 2 2 1 1 2 2 2 2
left_child=7 2 -2 4 -3 10 14 -1 -4 -10 -5 -9 -13 -11 -7
right_child=1 3 8 5 -6 6 -8 11 9 13 -12 12 -14 -15 -16
leaf_value=0.0059128170019506912 0.29916826051032486 0.16775200295542286 0.16150905694572404 -0.047921113177497254 -0.029739180720439212 -0.12729561146473084 -0.34953555560458016 -0.26713696246088925 0.10489934252210796 0.034277101157072019 0.098190608342496252 -0.044745489823831933 -0.12459639410834605 -0.01929444903725944 -0.012088721364400361
leaf_weight=1591 903 1541 880 1056 1246 882 904 988 1017 1201 931 1406 1029 1525 896
leaf_count=1591 903 1541 880 1056 1246 882 904 988 1017 1201 931 1406 1029 1525 896
internal_value=0.000342283 0.0019426 0.00513417 -0.000422532 0.00307569 -0.00251116 -0.00523538 -0.00380072 0.00338341 0.00208594 0.00116481 -0.00572777 -0.00416767 0.000453111 -0.00222859
internal_weight=17996 12982 5526 7456 2787 4669 2682 5014 4623 3743 1987 3423 2435 2726 1778
internal_count=17996 12982 5526 7456 2787 4669 2682 5014 4623 3743 1987 3423 2435 2726 1778
cat_boundaries=0 1 2
cat_threshold=2180 2480
is_linear=0
shrinkage=0.0477671


Tree=36
num_leaves=15
num_cat=2
split_feature=36 14 44 1 7 14 10 28 27 10 28 5 16 27
split_gain=56.0471 54.4275 34.75 34.5233 21.459 21.4537 15.4933 23.0969 19.6383 17.4333 11.0943 8.14289 7.60953 7.53147
threshold=-0.9159756150367534 4.7241117268179602 30305.500000000004 0.25166382783035168 285.78156695797571 1.2710956687620107 998.42846422827631 0 0.2504828392442886 1017.3601693411487 1 288.55026630677781 160.70248668939755 1.0566706581776282
decision_type=2 2 2 2 2 2 2 1 2 2 1 2 2 2
left_child=3 2 5 -1 -4 -2 -7 9 -9 -8 -6 -11 -12 -10
right_child=1 -3 4 -5 10 6 7 8 13 11 12 -13 -14 -15
leaf_value=0.03805106473765367 0.056153883994814094 -0.35890525590720695 0.22107058621443476 0.36998685610843279 0.078821088152860166 0.051163184823391966 0.059239402519018505 -0.0050616729321443102 -0.26112245672956858 -0.0074860243670321147 0.024882486361316392 -0.12137289811592802 -0.046586912281755419 -0.1110829994001838
leaf_weight=1242 1478 1152 1310 981 1379 1164 1485 931 1581 964 1165 947 1159 908
leaf_count=1242 1478 1152 1310 981 1379 1164 1485 931 1581 964 1165 947 1159 908
internal_value=0.000347836 -0.000661803 0.000133532 0.00744447 0.00334887 -0.00157045 -0.00254969 -0.00341962 -0.00618261 -0.000616418 0.0014893 -0.00363573 -0.000531154 -0.00841448
internal_weight=17846 15623 14471 2223 5013 9458 7980 6816 3420 3396 3703 1911 2324 2489
internal_count=17846 15623 14471 2223 5013 9458 7980 6816 3420 3396 3703 1911 2324 2489
cat_boundaries=0 1 2
cat_threshold=6018 4292
is_linear=0
shrinkage=0.0477671


Tree=37
num_leaves=16
num_cat=2
split_feature=36 31 0 35 8 16 45 31 0 36 35 45 23 29 35
split_gain=53.2888 46.0005 37.1674 31.5785 31.5053 18.4645 16.9767 8.41404 7.63826 7.34665 7.11354 7.02652 5.75771 5.18749 3.94924
threshold=-0.78656609248549292 0 10.931324521953263 0.18750000000000003 281.55671145014838 175.26992749884886 0.23184395843844199 1 14.61098420252871 0.37940952255126054 0.72916666666666685 0.68012715015986502 5.8465448209098563 144.50000000000003 0.52083333333333337
decision_type=2 1 2 2 2 2 2 1 2 2 2 2 2 2 2
left_child=2 9 -1 12 -5 8 -7 -8 11 -2 -4 14 -3 -14 -6
right_child=1 3 10 4 5 6 7 -9 -10 -11 -12 -13 13 -15 -16
leaf_value=0.33578757191524156 -0.12059674859608446 -0.011558017815075481 -0.0186069659543504 0.21859976178707471 0.09480591298511104 -0.15705728330073782 0.055249500315167274 -0.058795949619849748 0.13084312848388585 -0.21178464173141484 0.080303843283776613 -0.017425772707099288 -0.19825252187361517 -0.065164603412540018 0.024789022593689779
leaf_weight=1135 1095 976 1033 1123 1119 1178 1219 1200 877 973 1538 1197 995 1235 1006
leaf_count=1135 1095 976 1033 1123 1119 1178 1219 1200 877 973 1538 1197 995 1235 1006
internal_value=0.000428202 -0.00090349 0.00552883 0.000222217 0.0016841 0.000606299 -0.00190502 0.000384137 0.00275811 -0.00746972 0.0023494 0.00171043 -0.00384332 -0.00518269 0.0033595
internal_weight=17899 14193 3706 12125 8919 7796 3597 2419 4199 2068 2571 3322 3206 2230 2125
internal_count=17899 14193 3706 12125 8919 7796 3597 2419 4199 2068 2571 3322 3206 2230 2125
cat_boundaries=0 1 2
cat_threshold=64 19
is_linear=0
shrinkage=0.0477671


Tree=38
num_leaves=16
num_cat=1
split_feature=36 14 9 0 14 9 31 37 24 26 29 37 9 10 41
split_gain=50.5952 47.347 36.7165 35.8215 30.8567 18.7752 13.2919 11.7864 11.5136 11.3103 9.54422 9.36104 8.27967 5.64655 4.38233
threshold=-0.78656609248549292 4.4092565770959249 1001.2243582305326 11.263482853748908 1.3113285341495 1012.50694972999 0 0.37940952255126048 20.845388140048609 771.60097225100958 144.50000000000003 1.0000000180025095e-35 1018.5201012302608 1016.3521269549707 -0.21862536810265829
decision_type=2 2 2 2 2 2 1 2 2 2 2 2 2 2 2
left_child=3 2 8 -1 11 -6 -7 10 -2 -5 -8 -4 -12 -9 -15
right_child=1 -3 4 9 5 6 7 13 -10 -11 12 -13 -14 14 -16
leaf_value=0.29818681121750318 0.05015766248787739 -0.34098060590565138 0.082143374405582129 0.085312037986727804 -0.20140812568809693 -0.1372466168956038 -0.066733678635528607 -0.0017649694169532902 0.16485152141118833 -0.026227390931674744 0.091863875937276504 0.016377945544761317 -0.0022556951265233507 -0.14373563198326425 -0.078488945199078702
leaf_weight=1288 1057 1140 962 1265 1120 1136 1392 940 897 1200 1240 1173 1197 875 1085
leaf_count=1288 1057 1140 962 1265 1120 1136 1392 940 897 1200 1240 1173 1197 875 1085
internal_value=0.000290993 -0.00101137 -0.000197123 0.00522413 -0.00125841 -0.00248513 -0.00166078 -0.000846703 0.0058414 0.00184971 0.000891385 0.0039031 0.00269419 -0.00314527 -0.00460497
internal_weight=17967 14214 13074 3753 11120 8985 7865 6729 1954 2465 3829 2135 2437 2900 1960
internal_count=17967 14214 13074 3753 11120 8985 7865 6729 1954 2465 3829 2135 2437 2900 1960
cat_boundaries=0 1
cat_threshold=64
is_linear=0
shrinkage=0.0477671


Tree=39
num_leaves=16
num_cat=0
split_feature=44 0 14 10 0 10 16 9 41 43 5 10 5 52 29
split_gain=43.4845 31.6743 21.8416 21.0955 19.6373 20.348 14.8426 13.3776 7.67558 10.3876 10.3452 7.01162 9.83929 6.62844 7.09006
threshold=29300.500000000004 10.001209827819737 4.0682131179751684 998.42846422827631 9.618917698413437 1000.1713975890835 218.92155484703912 1013.7307947662561 -0.83375966452616657 -0.24999999999999994 286.2895535538853 1020.1961644709869 284.79827774004173 1.0000000180025095e-35 176.50000000000003
decision_type=2 2 2 2 2 2 2 2 2 2 2 2 2 2 2
left_child=2 -2 4 -3 -1 -6 8 -7 -5 -10 -11 13 -13 14 -9
right_child=1 3 -4 6 5 7 -8 11 9 10 -12 12 -14 -15 -16
leaf_value=0.10654516961654029 0.22520684281940362 0.14536356610423345 -0.23208202895046989 0.067469697652038779 0.080832565455639938 -0.15723052720517791 -0.09698672957708819 -0.06219593638025743 -0.06281973802082938 0.14273364537667274 -0.0067726854255437527 -0.0159818882770578 -0.11143409292583809 -0.098401781405659222 0.051468527683557003
leaf_weight=955 1527 1001 1095 1457 1203 1039 1087 956 1409 889 990 905 893 991 1472
leaf_count=955 1527 1001 1095 1457 1203 1039 1087 956 1409 889 990 905 893 991 1472
internal_value=0.000509116 0.00302231 -0.00170017 0.00163199 -0.000874007 -0.00169995 0.000532001 -0.0027942 0.00168572 0.000406097 0.00273163 -0.00180789 -0.00422288 -0.000537233 0.000805691
internal_weight=17869 8360 9509 6833 8414 7459 5832 6256 4745 3288 1879 5217 1798 3419 2428
internal_count=17869 8360 9509 6833 8414 7459 5832 6256 4745 3288 1879 5217 1798 3419 2428
is_linear=0
shrinkage=0.0477671


Tree=40
num_leaves=15
num_cat=0
split_feature=44 18 16 9 9 45 2 2 1 9 41 29 29 2
split_gain=41.723 31.3068 33.5247 29.0695 26.9747 23.3931 19.4529 23.1092 13.9678 12.9579 32.7082 13.6323 7.37626 5.70523
threshold=34688.500000000007 0.0052119872132085857 145.49144020773403 994.51012467091721 1012.6279629417517 0.56192977791787302 0.71155276857366001 0.81537000613156507 0.22504042766213797 1017.7624676150793 -0.43733099657705293 122.50000000000001 98.500000000000014 0.80513963204280137
decision_type=2 2 2 2 2 2 2 2 2 2 2 2 2 2
left_child=1 6 5 -4 -5 -3 -1 9 -6 11 -11 -8 -10 -13
right_child=-2 2 3 4 8 -7 7 -9 12 10 -12 13 -14 -15
leaf_value=0.104471985258989 0.1870897704022168 0.12401547263026906 0.081347305286660926 -0.36078505688701906 -0.18086681257809845 -0.057770375415435095 -0.085000180943568857 0.15499272772830189 -0.17711311061721755 -0.16818917757226631 0.020506836714984693 0.075087331786444236 0.022761357922224723 0.0039721789420651488
leaf_weight=1537 1718 1373 886 1226 1004 990 905 875 1101 1109 1610 1568 1102 902
leaf_count=1537 1718 1373 886 1226 1004 990 905 875 1101 1109 1610 1568 1102 902
internal_value=0.000400024 -0.000351004 -0.00256155 -0.00466493 -0.00624381 0.00217212 0.00164514 0.000572007 -0.00393893 -0.000469937 -0.00292423 0.00150666 -0.0018095 0.00334473
internal_weight=17906 16188 7682 5319 4433 2363 8506 6969 3207 6094 2719 3375 2203 2470
internal_count=17906 16188 7682 5319 4433 2363 8506 6969 3207 6094 2719 3375 2203 2470
is_linear=0
shrinkage=0.0477671


Tree=41
num_leaves=16
num_cat=0
split_feature=36 0 32 37 38 7 18 18 25 1 16 16 16 16 9
split_gain=44.5947 32.0794 31.527 41.9967 16.9543 15.9991 13.1465 12.4572 9.74654 8.59117 7.78432 6.91599 6.43854 5.67384 2.65618
threshold=-0.70710678118654735 11.263482853748908 1.0000000180025095e-35 0.37940952255126048 -0.8783796973249266 286.01691654044367 0.0052119872132086022 0.0052119872132085857 493.01146617144411 0.21085989516152917 183.42810654742377 184.65789802786063 168.81985149166775 166.36950433289283 1017.7084374700003
decision_type=2 2 2 2 2 2 2 2 2 2 2 2 2 2 2
left_child=1 -1 3 5 10 -2 9 14 -3 -7 -4 -9 -6 -8 -5
right_child=2 8 4 7 12 6 13 11 -10 -11 -12 -13 -14 -15 -16
leaf_value=0.23858216598642962 0.17592253391183685 0.06960251144208221 0.020131214049991714 0.016505938828684088 -0.10998449200804575 0.11872674630701871 0.017664235253544224 -0.070309144943890206 -0.032174267864035815 0.02187965603299959 -0.1233354296705518 -0.23240192463332582 -0.25379920956659863 -0.073631719449812394 -0.04988980329504436
leaf_weight=1489 1563 1744 1028 936 943 905 913 910 1171 1596 903 884 996 876 989
leaf_count=1489 1563 1744 1028 936 943 905 913 910 1171 1596 903 884 996 876 989
internal_value=0.000339807 0.00451155 -0.00102682 0.000443903 -0.00466504 0.00296619 0.0014581 -0.0035251 0.00159693 0.0036948 -0.00149543 -0.006389 -0.00782043 -0.00166753 -0.000854926
internal_weight=17846 4404 13442 9572 3870 5853 4290 3719 2915 2501 1931 1794 1939 1789 1925
internal_count=17846 4404 13442 9572 3870 5853 4290 3719 2915 2501 1931 1794 1939 1789 1925
is_linear=0
shrinkage=0.0477671


Tree=42
num_leaves=16
num_cat=1
split_feature=36 14 26 14 10 28 5 52 41 17 0 9 44 8 6
split_gain=42.8766 41.5619 31.1714 22.247 25.4144 21.2632 16.4007 18.6894 16.365 15.256 14.2902 13.8433 13.6032 13.9287 8.11799
threshold=-0.78656609248549292 4.6758707679541489 762.14024197202696 1.4780142910846255 1000.1713975890835 0 283.21020320526605 1.0000000180025095e-35 -0.90892157495189674 0.023321270078052781 10.931324521953263 1017.6094176680585 24303.000000000004 285.76758176538937 284.81377334365465
decision_type=2 2 2 2 2 1 2 2 2 2 2 2 2 2 2
left_child=2 3 10 12 -5 9 -7 8 -8 14 -1 -10 -2 -14 -6
right_child=1 -3 -4 4 5 6 7 -9 11 -11 -12 -13 13 -15 -16
leaf_value=0.31715787877336954 -0.0159097223782107 -0.33837063393960443 -0.014951953083575564 0.093317979282785374 -0.34807327719854436 0.073309826330948819 0.096152382532675246 -0.11291909104759563 0.030264183134641898 -0.025506730587116527 0.08204669073287596 -0.092406953261385941 0.19369145368685309 0.03077152248878785 -0.12105158981956358
leaf_weight=1054 1100 948 1399 1417 969 1333 894 1193 877 931 1310 1040 874 1690 907
leaf_count=1054 1100 948 1399 1417 969 1333 894 1193 877 931 1310 1040 874 1690 907
internal_value=0.00048724 -0.000716029 0.00501984 -2.33085e-05 -0.00123628 -0.00226374 -0.000486455 -0.00201559 0.00010966 -0.00562036 0.00836436 -0.00237847 0.00314128 0.00504783 -0.00812125
internal_weight=17936 14173 3763 13225 9561 8144 5337 4004 2811 2807 2364 1917 3664 2564 1876
internal_count=17936 14173 3763 13225 9561 8144 5337 4004 2811 2807 2364 1917 3664 2564 1876
cat_boundaries=0 1
cat_threshold=60
is_linear=0
shrinkage=0.0477671


Tree=43
num_leaves=16
num_cat=2
split_feature=36 14 2 31 0 10 10 10 28 6 18 0 25 10 36
split_gain=44.1804 36.7423 34.672 29.5948 25.1293 29.7614 15.9098 11.6655 17.8381 19.5972 15.9479 13.3457 9.41781 8.34441 5.88903
threshold=-0.78656609248549292 4.7241117268179602 0.73972862093047087 0 9.6379393104415616 1000.1713975890835 1012.2653455104324 1024.5463047670148 1 284.44275386096945 0.0052119872132086022 14.440166314119752 508.87393425716135 1018.5706129341903 0.37940952255126054
decision_type=2 2 2 1 2 2 2 2 1 2 2 2 2 2 2
left_child=2 3 -1 14 -5 -6 -7 8 13 -10 11 -11 -4 -8 -2
right_child=1 -3 12 4 5 6 7 -9 9 10 -12 -13 -14 -15 -16
leaf_value=0.24792149257231197 -0.065594927669058473 -0.32707812134936748 0.077382108381838621 0.148945794259942 0.11485031616181388 -0.17263631609018013 -0.14248431334949613 -0.10686642033321628 0.17435144205155126 -0.0035732326448224029 -0.062427010141974743 0.11208640116460356 -0.026138482944303858 0.0061632679423346635 -0.16861776941434878
leaf_weight=1215 982 914 1304 1226 1593 917 1324 899 913 1302 1310 896 1187 888 907
leaf_count=1215 982 914 1304 1226 1593 917 1324 899 913 1302 1310 896 1187 888 907
internal_value=0.000398896 -0.000823061 0.00503904 -0.000179542 0.000749472 -3.78316e-05 -0.0011672 -0.000443636 0.000248113 0.00199922 0.000380629 0.00286762 0.00181122 -0.00324509 -0.00569616
internal_weight=17777 14071 3706 13157 11268 10042 8449 7532 6633 4421 3508 2198 2491 2212 1889
internal_count=17777 14071 3706 13157 11268 10042 8449 7532 6633 4421 3508 2198 2491 2212 1889
cat_boundaries=0 1 2
cat_threshold=64 1080
is_linear=0
shrinkage=0.0477671


Tree=44
num_leaves=17
num_cat=0
split_feature=32 35 8 13 10 9 35 29 10 7 0 13 24 14 46 10
split_gain=32.6514 36.8881 23.6763 18.7428 17.1614 26.0749 13.0544 11.8931 9.31691 18.7664 12.8097 7.02331 5.96517 5.61227 8.62527 3.53511
threshold=1.0000000180025095e-35 0.18750000000000003 281.55671145014838 3.864626096406953 1002.1694091606772 1012.1937309851207 0.68750000000000011 307.50000000000006 1017.7109288497221 294.48216425494326 13.371495650259904 2.1752124776785924 12.589937743793447 1.5137357721425435 0.3529115998950883 1017.4147541507377
decision_type=2 2 2 2 2 2 2 2 2 2 2 2 2 2 2 2
left_child=1 11 -3 6 -4 -6 13 8 9 -7 -10 15 -11 -2 -15 -1
right_child=3 2 4 -5 5 7 -8 -9 10 12 -12 -13 -14 14 -16 -17
leaf_value=0.014644539622872016 0.0012112871265835142 0.24492264500942418 0.13665803289021414 -0.30630679088002338 -0.14044757362458629 -0.021123545586001956 0.065973329839053477 0.12448706367467109 0.038060354515053352 0.043508509724347715 -0.097174535880629978 -0.12761023280737596 0.13465448868938049 -0.14689774720929932 -0.029829185948806163 -0.068927355607591903
leaf_weight=879 941 976 1190 876 980 1193 1191 910 1713 1023 1168 901 920 1131 955 881
leaf_count=879 941 976 1190 876 980 1193 1191 910 1713 1023 1168 901 920 1131 955 881
internal_value=0.000541099 0.00183413 0.00315564 -0.0026908 0.00239677 0.00159155 -0.00136975 0.00262352 0.00185331 0.00365493 -0.000106996 -0.00316748 0.00655054 -0.00303698 -0.00441842 -0.00141003
internal_weight=17828 12734 10073 5094 9097 7907 4218 6927 6017 3136 2881 2661 1943 3027 2086 1760
internal_count=17828 12734 10073 5094 9097 7907 4218 6927 6017 3136 2881 2661 1943 3027 2086 1760
is_linear=0
shrinkage=0.0477671


Tree=45
num_leaves=14
num_cat=0
split_feature=44 13 0 10 40 10 18 1 30 17 46 45 9
split_gain=34.8598 37.0965 29.7171 30.2356 20.1453 19.5434 21.8143 20.9443 19.2271 18.6395 18.3813 9.20535 9.34599
threshold=35947.000000000007 4.8314306366808903 9.6379393104415616 1000.1713975890835 0.41398981800788198 1025.7385872344023 0.0052119872132086022 0.21660880464863494 0.45859000684462703 0.023321270078052781 0.19593493916883467 0.80406506083116558 1017.7624676150793
decision_type=2 2 2 2 2 2 2 2 2 2 2 2 2
left_child=1 2 -1 4 -4 6 8 -8 10 -9 -5 12 -10
right_child=-2 -3 3 5 -6 -7 7 9 11 -11 -12 -13 -14
leaf_value=0.14073638632849833 0.32528732690763162 -0.23013431784131144 -0.0011452843213988972 0.035706591582101418 0.18071275039100904 -0.14463531422979967 -0.15106730643248126 -0.091535697838790245 0.1126541551055656 0.054592799632494443 -0.15495608260628768 0.0035638291799159798 0.040783385752108596
leaf_weight=1700 900 1462 971 1111 1241 918 1457 1684 1222 1702 1364 1196 1006
leaf_count=1700 900 1462 971 1111 1241 918 1457 1684 1222 1702 1364 1196 1006
internal_value=0.000442015 -4.19323e-05 0.000640964 -8.9368e-05 0.00503051 -0.00106084 -0.000488936 -0.00286477 0.00146122 -0.000803453 -0.00174573 0.00377998 0.00559469
internal_weight=17934 17034 15572 13872 2212 11660 10742 4843 5899 3386 2475 3424 2228
internal_count=17934 17034 15572 13872 2212 11660 10742 4843 5899 3386 2475 3424 2228
is_linear=0
shrinkage=0.0477671


Tree=46
num_leaves=16
num_cat=4
split_feature=44 14 0 32 35 44 16 28 13 28 28 46 12 25 28
split_gain=31.6952 30.8593 24.9096 18.0388 16.0691 12.3517 11.2048 15.8338 9.95392 8.73853 8.37707 7.63374 4.86094 4.85953 4.53806
threshold=24587.500000000004 1.7844610498212148 11.219102151528086 1.0000000180025095e-35 0.68750000000000011 34529.500000000007 173.94250761292992 0 1.9837891471375215 1 2 0.25790389450448498 61.438882306152287 698.73933853301605 3
decision_type=2 2 2 2 2 2 2 1 2 1 1 2 2 2 1
left_child=8 2 11 5 -5 6 9 -8 14 -3 -10 -2 -9 -4 -1
right_child=1 3 13 4 -6 -7 7 12 10 -11 -12 -13 -14 -15 -16
leaf_value=0.014387289928654394 0.20097384720093064 -0.011531896321914878 -0.005109344531446184 -0.16827184149686555 0.016419173250817199 0.166749486361703 0.035651940775384035 -0.067304962525089398 -0.049940317452647078 0.078209282332821345 -0.20206307486920452 0.11219427858355246 -0.2521218130023784 0.038258135583790515 -0.053544872658157966
leaf_weight=1130 920 1013 1193 1381 1072 1112 1333 911 892 1455 1075 889 893 1409 1277
leaf_count=1130 920 1013 1193 1381 1072 1112 1333 911 892 1455 1075 889 893 1409 1277
internal_value=0.00031513 0.0014542 0.00473722 -0.000124774 -0.00363079 0.00115527 0.000242485 -0.00165142 -0.00322109 0.00265067 -0.00574209 0.00904256 -0.00455428 0.00174314 -0.00116001
internal_weight=17955 13581 4411 9170 2453 6717 5605 3137 4374 2468 1967 1809 1804 2602 2407
internal_count=17955 13581 4411 9170 2453 6717 5605 3137 4374 2468 1967 1809 1804 2602 2407
cat_boundaries=0 1 2 3 4
cat_threshold=8000 2448 5984 2646
is_linear=0
shrinkage=0.0477671


Tree=47
num_leaves=15
num_cat=4
split_feature=36 14 0 28 9 20 14 28 9 28 28 37 26 26
split_gain=34.7088 34.0611 26.686 19.0081 18.3951 18.8306 22.0927 13.492 16.4829 16.9258 11.1088 9.90702 7.67699 1.96277
threshold=-0.70710678118654735 3.1605767214961111 10.931324521953263 0 1006.1323425135096 3.4746581421390738e-05 1.3429593644445894 1 1018.8515137735541 2 3 1.0000000180025095e-35 741.60271378432424 416.83475140351339
decision_type=2 2 2 1 2 2 2 1 2 1 1 2 2 2
left_child=2 4 -1 -3 -2 6 11 -8 9 -9 -10 -6 13 -4
right_child=1 3 12 -5 5 -7 7 8 10 -11 -12 -13 -14 -15
leaf_value=0.20696959399212178 0.095830245635838307 -0.01951531576563088 0.031396846605506165 -0.26387602880067268 0.079512370568026319 -0.14628640614229194 -0.14697197358340389 0.12104617453570417 0.012740115025952297 -0.021476340355783038 -0.12264716357819902 0.014384860182322805 -0.017586310116953566 0.096095871338594652
leaf_weight=1349 1659 1027 877 1630 992 878 1507 1200 1027 1343 1053 1087 1362 874
leaf_count=1349 1659 1027 877 1630 992 878 1507 1200 1027 1343 1053 1087 1362 874
internal_value=0.000386236 -0.000828442 0.0040354 -0.00567116 0.000368736 -0.00047548 0.000235392 -0.00120745 7.68447e-05 0.00265702 -0.00307623 0.00449073 0.00160277 0.00369515
internal_weight=17865 13403 4462 2657 10746 9087 8209 6130 4623 2543 2080 2079 3113 1751
internal_count=17865 13403 4462 2657 10746 9087 8209 6130 4623 2543 2080 2079 3113 1751
cat_boundaries=0 1 2 3 4
cat_threshold=5064 56 4870 3650
is_linear=0
shrinkage=0.0477671


Tree=48
num_leaves=15
num_cat=1
split_feature=31 37 2 44 35 10 29 9 10 9 14 13 36 5
split_gain=40.8228 38.4512 21.4559 15.371 9.42172 9.13344 8.45409 29.933 27.5385 7.66293 7.37386 5.32705 4.63071 3.98372
threshold=0 0.60355339059327384 0.73972862093047087 33100.500000000007 0.60416666666666685 1000.1713975890835 176.50000000000003 1014.9846440223185 1017.2636098411681 1019.5217889994 1.6558855497035327 2.856078391321395 0.37940952255126054 283.4227796972304
decision_type=1 2 2 2 2 2 2 2 2 2 2 2 2 2
left_child=4 2 3 10 -1 -4 7 -7 -8 -9 -2 12 13 -3
right_child=1 11 5 -5 -6 6 8 9 -10 -11 -12 -13 -14 -15
leaf_value=-0.1541516818426916 0.11790957290373409 0.043679388570231646 0.15722561879369923 0.24252542488724904 -0.031568620301001576 -0.21775092652877934 0.096137911812502197 -0.0034520725929049561 -0.039249105003356932 0.076074855585472737 0.028031872377010061 -0.15462782479674594 -0.090595423237642442 -0.034515568002172169
leaf_weight=1633 876 880 879 1137 971 1222 1562 1214 1398 1058 1473 984 1051 1550
leaf_count=1633 876 880 879 1137 971 1222 1562 1214 1398 1058 1473 984 1051 1550
internal_value=0.000309635 0.00125228 0.00279235 0.00587775 -0.00520711 0.00132529 0.000702764 -0.000887988 0.00258125 0.00235373 0.00366953 -0.00247611 -0.001598 -0.000451198
internal_weight=17888 15284 10819 3486 2604 7333 6454 3494 2960 2272 2349 4465 3481 2430
internal_count=17888 15284 10819 3486 2604 7333 6454 3494 2960 2272 2349 4465 3481 2430
cat_boundaries=0 1
cat_threshold=64
is_linear=0
shrinkage=0.0477671


Tree=49
num_leaves=16
num_cat=2
split_feature=13 35 5 16 36 2 27 31 30 5 13 14 6 28 6
split_gain=31.6822 32.4079 33.4904 15.0489 12.1388 11.0754 10.6034 10.478 9.73199 12.2863 8.61414 7.55018 7.31109 6.80905 6.4985
threshold=5.4819643318022253 0.27083333333333343 283.66651629811196 148.03609745467409 -0.9159756150367534 0.77743069061214387 0.96842359939983791 0 0.537987679671458 295.50382800754716 1.3139924988702851 2.2528819077986895 286.28642319945601 1 286.28642319945601
decision_type=2 2 2 2 2 2 2 1 2 2 2 2 2 1 2
left_child=1 10 3 -3 -4 7 8 -6 9 -7 -1 -5 -9 -12 -15
right_child=-2 2 4 11 5 6 -8 12 -10 -11 13 -13 -14 14 -16
leaf_value=0.012909707632848818 -0.26720556711697446 0.26414572917701673 0.078316410310720022 0.14169344582819127 -0.11029320205933116 0.032527161021142649 -0.085580859958984568 0.049756216324901563 -0.0073400223387373488 0.1352492975323695 -0.010283731226084187 0.043305464032689422 -0.033071879530089721 -0.18390100011862134 -0.053938527775194013
leaf_weight=1439 970 876 1697 1085 880 1072 984 932 1276 935 1318 896 1277 1494 916
leaf_count=1439 970 876 1697 1085 880 1072 984 932 1276 935 1318 896 1277 1494 916
internal_value=0.000422043 0.000899156 0.00226985 0.0067789 0.000846613 6.19026e-06 0.0015835 -0.00217191 0.00288746 0.00496124 -0.00225988 0.00447176 -0.000397233 -0.00347174 -0.00497317
internal_weight=18047 17077 11910 2857 9053 7356 4267 3089 3283 2007 5167 1981 2209 3728 2410
internal_count=18047 17077 11910 2857 9053 7356 4267 3089 3283 2007 5167 1981 2209 3728 2410
cat_boundaries=0 1 2
cat_threshold=96 7744
is_linear=0
shrinkage=0.0477671


Tree=50
num_leaves=15
num_cat=4
split_feature=31 26 7 29 13 4 13 46 28 18 28 15 28 15
split_gain=29.9892 27.2423 28.2101 15.6948 16.1956 11.0711 10.45 9.34309 8.391 7.98734 9.39336 5.67987 4.15439 3.72784
threshold=0 22.391514406350975 285.12321680409167 144.50000000000003 2.3613375110616395 279.77388939148301 1.8445640435640926 0.31987284984013525 1 0.0052119872132085857 2 193.32764373551598 3 168.43892651781843
decision_type=1 2 2 2 2 2 2 2 1 2 1 2 1 2
left_child=6 5 -3 4 -4 -2 -1 8 -5 12 -11 -6 -7 -9
right_child=1 2 3 7 11 9 -8 13 -10 10 -12 -13 -14 -15
leaf_value=-0.004753209332582933 0.057072446600065684 0.27991861738668017 0.067520876906662364 -0.039173061037042864 -0.021286734332990439 0.028309897621626872 -0.16469349051528748 0.091763189368448239 0.06071463774262878 -0.14979507418289295 -0.034021347366197927 -0.25690649777738078 -0.03301380905633456 0.055539006910112154
leaf_weight=887 1013 1173 985 1144 882 1240 1664 1271 1232 1055 1554 913 1415 1422
leaf_count=887 1013 1173 985 1144 882 1240 1664 1271 1232 1055 1554 913 1415 1422
internal_value=0.000318322 0.00111844 0.00280055 0.00176763 -0.00111605 -0.00129713 -0.00446622 0.00334957 0.00116509 -0.00217741 -0.00405449 -0.00381746 -0.000332 0.00527608
internal_weight=17850 15299 9022 7849 2780 6277 2551 5069 2376 5264 2609 1795 2655 2693
internal_count=17850 15299 9022 7849 2780 6277 2551 5069 2376 5264 2609 1795 2655 2693
cat_boundaries=0 1 2 3 4
cat_threshold=64 896 2698 2712
is_linear=0
shrinkage=0.0477671


Tree=51
num_leaves=18
num_cat=1
split_feature=14 35 41 27 17 2 10 4 13 4 13 12 18 28 27 38 13
split_gain=27.9893 27.8784 27.5019 14.9101 26.1463 23.6994 14.0748 11.8184 14.5552 13.0998 8.16539 6.90816 6.59208 5.71328 5.03474 4.93752 4.34259
threshold=5.3345440949812142 0.22916666666666671 0.6174544326165855 1.7662877871428091 0.049001529115550356 0.81615289461429152 1027.0343860345367 288.84943317369289 1.9685019542353932 301.55440132369836 1.8445640435640926 44.816702320110615 0.0052119872132085857 0 0.31139250897865672 1.0000000180025095e-35 2.2119696431834437
decision_type=2 2 2 2 2 2 2 2 2 2 2 2 2 1 2 2 2
left_child=1 12 3 4 5 7 10 8 -3 11 -4 -9 15 -14 -13 -1 -16
right_child=-2 2 6 -5 -6 -7 -8 9 -10 -11 -12 14 13 -15 16 -17 -18
leaf_value=-0.044453869412204756 -0.25726597624647374 0.011292073773571616 0.21520284430623068 0.11792057361010717 -0.12590753346520919 0.14817778978300486 0.015124423996359189 0.067432931617675357 -0.19604818965278595 -0.048720032306019727 0.14031400163110841 -0.029982797236490742 -0.03742985026129779 -0.14407909676175243 0.066899869653994401 0.02467415276480682 0.0076717300844048181
leaf_weight=1334 963 882 971 952 1011 878 950 1007 888 1015 1274 1035 925 1115 888 995 884
leaf_count=1334 963 882 971 952 1011 878 950 1007 888 1015 1274 1035 925 1115 888 995 884
internal_value=0.000211235 0.000660023 0.00179747 0.000500711 -0.0001348 0.000839794 0.00562819 -0.000140813 -0.00348007 0.00108268 0.00769068 0.00236648 -0.00262892 -0.00461171 0.00114786 -0.000891214 0.0026944
internal_weight=17967 17004 12635 9440 8488 7477 3195 6599 1770 4829 2245 3814 4369 2040 2807 2329 1772
internal_count=17967 17004 12635 9440 8488 7477 3195 6599 1770 4829 2245 3814 4369 2040 2807 2329 1772
cat_boundaries=0 1
cat_threshold=7490
is_linear=0
shrinkage=0.0477671


Tree=52
num_leaves=16
num_cat=1
split_feature=31 44 18 9 16 30 2 14 9 13 1 2 45 43 30
split_gain=30.7304 21.8753 16.1019 22.9632 24.4073 15.3868 10.8743 10.3788 9.9409 9.34895 5.52302 7.67294 6.69002 9.89247 7.20844
threshold=0 34529.500000000007 0.0052119872132085857 989.75990680260531 145.49144020773403 0.54072553045859018 0.74982691061064044 1.2200833312648058 1014.9846440223185 2.6594830435051775 0.20012574717466522 0.71076988009093367 0.68012715015986502 -0.5 0.58726899383983577
decision_type=1 2 2 2 2 2 2 2 2 2 2 2 2 2 2
left_child=9 2 7 -4 -5 8 -3 -2 -6 -1 -9 -12 14 -14 -13
right_child=1 6 3 4 5 -7 -8 10 -10 -11 11 12 13 -15 -16
leaf_value=-0.045767668771842136 0.079502810571321886 0.25489303841466593 0.096705241740182066 0.040577831453409097 -0.27469060720954802 -0.0065710458192780267 0.03454291188427646 0.089639625206719933 -0.097355133248743175 -0.21539407522632725 0.063834235542080217 -0.020136261364994454 -0.11855081195331323 0.011487253649574033 0.061979652386709744
leaf_weight=1557 1087 877 895 1671 1258 1341 940 875 1265 998 971 1155 974 1148 902
leaf_count=1557 1087 877 895 1671 1258 1341 940 875 1265 998 971 1155 974 1148 902
internal_value=0.00038118 0.00118867 0.000528934 -0.00120312 -0.00235127 -0.00443741 0.00611096 0.0020952 -0.00663501 -0.00445925 0.00131967 0.000723029 -0.000165205 -0.0020474 0.00177538
internal_weight=17914 15359 13542 6430 5535 3864 1817 7112 2523 2555 6025 5150 4179 2122 2057
internal_count=17914 15359 13542 6430 5535 3864 1817 7112 2523 2555 6025 5150 4179 2122 2057
cat_boundaries=0 1
cat_threshold=64
is_linear=0
shrinkage=0.0477671


Tree=53
num_leaves=16
num_cat=3
split_feature=35 7 16 29 7 17 1 9 0 37 29 31 31 28 15
split_gain=24.9144 26.1733 19.1607 16.8007 15.4945 13.5521 14.1876 12.8638 8.59494 11.1672 7.64406 5.88921 5.44907 3.96268 2.42164
threshold=0.22916666666666671 281.69304607847511 175.26992749884886 106.50000000000001 286.24821236866973 0.046775212537491444 0.20210839139790512 1016.5684663506355 13.706232629226415 -0.70710678118654757 98.500000000000014 0 1 2 171.79891337992558
decision_type=2 2 2 2 2 2 2 2 2 2 2 1 1 1 2
left_child=10 -2 4 7 -3 6 -6 -4 9 -8 -1 -5 -12 -13 -14
right_child=1 2 3 11 5 -7 8 -9 -10 -11 12 13 14 -15 -16
leaf_value=-0.15546591645162186 0.19126262244809045 0.17362703636634003 -0.30201419232845494 0.066673970722955875 0.11538183625161258 -0.062076620216088264 -0.011480595976813422 -0.016729229043646914 -0.033290102467425559 0.064755668575420852 0.0092596109731205006 0.021234267091730444 -0.071757796911863292 -0.045589897134347523 -0.029404121531790426
leaf_weight=1287 1122 1174 1082 1065 917 1045 1026 885 1121 1143 1326 1461 885 1395 926
leaf_count=1287 1122 1174 1082 1065 917 1045 1026 885 1121 1143 1326 1461 885 1395 926
internal_value=0.000291399 0.00131524 0.000678659 -0.00128953 0.00248241 0.00137292 0.00258255 -0.00489214 0.00111727 0.00287292 -0.00281758 0.000517182 -0.00154483 -0.000615893 -0.00323833
internal_weight=17860 13436 12314 5888 6426 5252 4207 1967 3290 2169 4424 3921 3137 2856 1811
internal_count=17860 13436 12314 5888 6426 5252 4207 1967 3290 2169 4424 3921 3137 2856 1811
cat_boundaries=0 1 2 3
cat_threshold=3 26 5456
is_linear=0
shrinkage=0.0477671


Tree=54
num_leaves=16
num_cat=1
split_feature=31 37 13 7 10 29 15 10 13 12 46 13 10 45 24
split_gain=28.4649 28.2894 20.5384 17.4399 14.4158 20.918 20.9063 13.57 12.0867 8.34124 8.06183 4.32302 3.98558 2.85844 1.40299
threshold=0 0.60355339059327384 2.0717788611214378 291.20345304878072 1002.1694091606772 166.50000000000003 153.88038386691881 1014.8905086624462 2.7775237060760589 75.0841478597616 0.31987284984013525 1.5876650049659622 1017.5410082143981 0.37897153596113126 8.7522860222649381
decision_type=1 2 2 2 2 2 2 2 2 2 2 2 2 2 2
left_child=8 2 3 9 -4 6 -6 -8 -1 -2 -7 -3 -5 -13 -15
right_child=1 11 4 12 5 10 7 -9 -10 -11 -12 13 -14 14 -16
leaf_value=-0.04982219352029147 0.19809573986642709 -0.0037423036757523276 0.13551673166816713 0.04591024604188574 0.060919364434327258 -0.011149199784910184 -0.33727104936170355 -0.057271670565067004 -0.22912533198099821 0.08800137037803428 0.076617028449583402 -0.037678712405991993 -0.012037900984345989 -0.058104775264953314 -0.11183171272619544
leaf_weight=1669 1028 1670 972 1046 882 1061 875 1018 896 1519 1548 1014 882 887 882
leaf_count=1669 1028 1670 972 1046 882 1061 875 1018 896 1519 1548 1014 882 887 882
internal_value=0.000185869 0.000968063 0.00228649 0.00476553 0.000540749 -0.000425444 -0.00331277 -0.00614319 -0.00446049 0.00736017 0.00264473 -0.00223607 0.00133672 -0.00338906 -0.00454863
internal_weight=17849 15284 10831 4475 6356 5384 2775 1893 2565 2547 2609 4453 1928 2783 1769
internal_count=17849 15284 10831 4475 6356 5384 2775 1893 2565 2547 2609 4453 1928 2783 1769
cat_boundaries=0 1
cat_threshold=64
is_linear=0
shrinkage=0.0477671


Tree=55
num_leaves=15
num_cat=0
split_feature=14 0 10 1 26 13 10 15 40 18 27 27 41 12
split_gain=23.9022 24.476 30.7638 25.2264 19.1163 14.3074 11.6984 12.5574 11.8983 8.30468 6.32584 4.23901 7.32373 3.02578
threshold=5.3345440949812142 9.6379393104415616 1025.7385872344023 0.29639471485793106 27.255006509519966 1.6024287606508001 998.42846422827631 187.91175062347423 0.21862473630160603 0.0052119872132085953 1.148054078593489 0.89142763706638306 -0.77243990499604276 64.147942826689572
decision_type=2 2 2 2 2 2 2 2 2 2 2 2 2 2
left_child=1 5 3 4 9 -1 -6 11 -9 13 -11 12 -8 -3
right_child=-2 2 -4 -5 6 -7 7 8 -10 10 -12 -13 -14 -15
leaf_value=0.17327343013288413 -0.22382368132664471 0.021937594812988473 -0.15072732810574288 0.32840431325244074 0.10998072777171226 0.053523972371630008 0.086377387073273665 0.015800419870500123 -0.15331013337227353 -0.10825933866620671 -0.018358937238955823 0.004530792100313534 0.021585384179518885 -0.026216334598212571
leaf_weight=887 975 1353 928 970 1169 898 1089 1366 1271 1645 901 1363 1601 1371
leaf_count=887 975 1353 928 970 1169 898 1089 1366 1271 1645 901 1363 1601 1371
internal_value=0.000242913 0.00066472 3.64071e-05 0.000591044 4.16703e-05 0.00595291 0.00153441 0.000763654 -0.00180151 -0.00218399 -0.00414544 0.00243318 0.00353287 -0.000349894
internal_weight=17787 16812 15027 14099 13129 1785 7859 6690 2637 5270 2546 4053 2690 2724
internal_count=17787 16812 15027 14099 13129 1785 7859 6690 2637 5270 2546 4053 2690 2724
is_linear=0
shrinkage=0.0477671


Tree=56
num_leaves=15
num_cat=4
split_feature=36 31 1 37 7 16 29 37 10 28 5 18 28 28
split_gain=32.7898 26.3374 24.8129 16.8403 13.8229 18.3462 13.673 12.9744 6.71811 8.55695 11.1144 5.09777 7.1447 4.21877
threshold=-0.9159756150367534 0 0.25166382783035168 0.60355339059327384 286.09264592264066 159.43217907987699 98.500000000000014 0.37940952255126048 1019.2438943539561 1 290.93681391104127 0.0052119872132085857 2 3
decision_type=2 1 2 2 2 2 2 2 2 1 2 2 1 1
left_child=2 7 -1 4 5 -3 -6 -2 9 -8 -11 13 -13 -5
right_child=1 3 -4 11 6 -7 8 -9 -10 10 -12 12 -14 -15
leaf_value=0.019771858512542217 -0.16591232146201665 0.18243441141525291 0.22603832492111936 0.020393485271774897 -0.097384960950732805 0.039603708402083999 0.066617612583791799 -0.020699307241427028 -0.024154791283005586 -0.070421160640279867 0.045284368035277703 -0.022277049714193725 -0.12688577750497945 -0.040602623796053762
leaf_weight=1241 1300 881 971 1056 930 1630 1744 961 1452 980 1369 1018 1190 1175
leaf_count=1241 1300 881 971 1056 930 1630 1744 961 1452 980 1369 1018 1190 1175
internal_value=0.000320137 -0.000447503 0.00576473 0.000357154 0.00154663 0.00455515 0.000379579 -0.00520481 0.00127884 0.00226935 0.000373658 -0.00204942 -0.00367671 -0.000437917
internal_weight=17898 15686 2212 13425 8986 2511 6475 2261 5545 4093 2349 4439 2208 2231
internal_count=17898 15686 2212 13425 8986 2511 6475 2261 5545 4093 2349 4439 2208 2231
cat_boundaries=0 1 2 3 4
cat_threshold=64 4928 6500 2618
is_linear=0
shrinkage=0.0477671


Tree=57
num_leaves=15
num_cat=3
split_feature=35 5 13 28 3 32 9 28 26 13 29 31 26 24
split_gain=22.3635 28.5354 16.1499 13.6282 13.1064 14.1628 11.6229 10.8708 9.8818 8.24957 5.59298 4.57289 3.98911 3.60722
threshold=0.27083333333333343 279.75049663596872 2.0407230566281167 0 292.04388235055086 1.0000000180025095e-35 1017.7624676150793 1 825.42915513237995 1.6253066530133864 96.500000000000014 2 206.03835156476467 6.6064619661541011
decision_type=2 2 2 1 2 2 2 1 2 2 2 1 2 2
left_child=9 -2 3 -3 5 7 8 -4 -6 13 -11 -12 -5 -1
right_child=1 2 4 12 6 -7 -8 -9 -10 10 11 -13 -14 -15
leaf_value=0.028954596789247861 0.21298225360701578 0.10147003645780277 -0.13804045383002539 -0.031284828574847191 0.097156371943919698 -0.21890512553559319 -0.045417394828463346 0.029214584858736417 -0.001577529878542476 -0.21868300980818745 -0.0085485899208236887 -0.091869364348840951 0.024555844404571255 -0.036121114450495394
leaf_weight=896 1044 1643 941 888 1401 1046 1163 1518 1328 955 1097 892 1642 1357
leaf_count=896 1044 1643 941 888 1401 1046 1163 1518 1328 955 1097 892 1642 1357
internal_value=0.000132628 0.00121918 0.000536516 0.00291265 -0.000803673 -0.00292263 0.00110401 -0.000941225 0.0028085 -0.00250419 -0.00416913 -0.00272465 0.000694941 -0.000327633
internal_weight=17811 12614 11570 4173 7397 3505 3892 2459 2729 5197 2944 1989 2530 2253
internal_count=17811 12614 11570 4173 7397 3505 3892 2459 2729 5197 2944 1989 2530 2253
cat_boundaries=0 1 2 3
cat_threshold=6196 50 43
is_linear=0
shrinkage=0.0477671


Tree=58
num_leaves=16
num_cat=0
split_feature=36 41 14 0 9 29 1 10 11 1 9 11 11 14 46
split_gain=30.9506 26.6789 25.2793 17.0359 22.3726 21.0731 18.9423 26.069 13.5644 21.3514 9.59328 8.49725 5.75757 4.66991 5.25779
threshold=-0.9159756150367534 0.14888728888808325 5.0562217627266053 9.6379393104415616 1025.6518111480989 50.500000000000007 0.23781305535609634 1000.1713975890835 57.102776871446942 0.21660880464863494 1015.0549117865112 79.237089246456762 72.948881993131707 1.8620523494039503 0.31987284984013525
decision_type=2 2 2 2 2 2 2 2 2 2 2 2 2 2 2
left_child=1 -1 3 -2 5 -5 7 -7 13 -10 11 -8 -12 -9 -15
right_child=2 -3 -4 4 -6 6 10 8 9 -11 12 -13 -14 14 -16
leaf_value=0.014607860709598575 0.081291182871819523 0.23475468893026327 -0.27122466584338834 0.17162963626264471 -0.13511891902281642 0.17493141666549569 -0.14389165805778109 0.048011120945472503 -0.1181032794724742 0.047817115227392473 -0.044379291646753367 -0.033448484878194275 0.021957310297831698 -0.03431159576376086 0.040562404204354301
leaf_weight=1325 1573 941 913 1177 877 963 936 1062 1573 1139 1519 882 916 1057 1118
leaf_count=1325 1573 941 913 1177 877 963 936 1062 1573 1139 1519 882 916 1057 1118
internal_value=0.000176633 0.00539547 -0.000576226 -9.99559e-05 -0.000659298 -0.000135279 -0.000776309 0.00076677 -0.000413141 -0.00290536 -0.00328466 -0.00591054 -0.00132322 0.00167418 0.000405269
internal_weight=17971 2266 15705 14792 13219 12342 11165 6912 5949 2712 4253 1818 2435 3237 2175
internal_count=17971 2266 15705 14792 13219 12342 11165 6912 5949 2712 4253 1818 2435 3237 2175
is_linear=0
shrinkage=0.0477671


Tree=59
num_leaves=16
num_cat=0
split_feature=36 0 4 29 46 17 1 5 10 41 41 1 9 44 9
split_gain=29.0973 18.8735 18.4982 13.8092 15.4025 9.61095 25.9526 10.5167 11.7783 18.452 17.7888 12.1234 9.94086 7.97689 4.86635
threshold=-0.78656609248549292 10.811185910155716 278.17712816476035 96.500000000000014 0.64708840010491187 0.17986754743084368 0.19871784236801476 283.90133973423059 1018.8588908663684 -0.35042475891464198 -0.3744658827978154 0.20685520443833297 1015.6043725287947 30413.500000000004 1015.6569919130035
decision_type=2 2 2 2 2 2 2 2 2 2 2 2 2 2 2
left_child=1 -1 -2 4 13 6 -5 -8 10 -10 11 -9 -13 -4 -3
right_child=2 14 3 5 -6 -7 7 8 9 -11 -12 12 -14 -15 -16
leaf_value=0.19279911937284896 0.10483167325877557 0.055360572917748596 -0.11842087455629392 0.09872719942398088 -0.28613251921276572 -0.092145097081212463 0.038760278396293563 -0.046206160765839617 -0.13073105440454116 -0.0015819098234651039 -0.07130245391635312 0.15802020640893957 0.0052473082081257632 0.047124257107049566 -0.0022329157278057278
leaf_weight=1044 902 1480 1537 1466 939 874 1719 890 928 930 1333 877 879 892 1183
leaf_count=1044 902 1480 1537 1466 939 874 1719 890 928 930 1333 877 879 892 1183
internal_value=0.000348647 0.00411636 -0.000637141 -0.00108741 -0.00372937 -0.000188024 0.000275067 -0.00085314 -0.00182045 -0.00496061 -0.000353581 0.00191273 0.00421507 -0.0017198 0.00198124
internal_weight=17873 3707 14166 13264 3368 9896 9022 7556 5837 1858 3979 2646 1756 2429 2663
internal_count=17873 3707 14166 13264 3368 9896 9022 7556 5837 1858 3979 2646 1756 2429 2663
is_linear=0
shrinkage=0.0477671


Tree=60
num_leaves=16
num_cat=0
split_feature=36 14 41 9 40 0 9 9 27 27 41 6 40 46 6
split_gain=24.5625 22.3027 18.9909 14.5529 20.2869 13.9451 19.6491 14.9932 12.1415 12.3271 19.7287 6.14752 8.641 15.692 4.94666
threshold=-0.9159756150367534 5.0562217627266053 0.11478523713130605 999.35539712294212 0.31799963745711152 9.6379393104415616 1025.6518111480989 1012.50694972999 1.3660731935845936 0.87897153596113131 -0.95242240592625282 294.87899388652846 0.61237135649459018 0.19593493916883467 287.4032925933048
decision_type=2 2 2 2 2 2 2 2 2 2 2 2 2 2 2
left_child=2 3 -1 4 -2 -5 7 -7 9 10 -9 12 14 -14 -12
right_child=1 -3 -4 5 -6 6 -8 8 -10 -11 11 -13 13 -15 -16
leaf_value=0.020227003116902245 -0.029449895595091171 -0.2448028555498831 0.20341779731003051 0.067618153889072052 0.13503090107657723 -0.11696893852472515 -0.12755167496481448 0.13378443161346298 0.13015022306583043 -0.078448685786846842 0.090357858157247478 -0.039613561638104623 0.035217354625881513 -0.21060647826724577 0.0089627716231487249
leaf_weight=1280 876 891 962 1520 1263 1383 877 970 920 1668 875 1385 889 923 1233
leaf_count=1280 876 891 962 1520 1263 1383 877 970 920 1668 875 1385 889 923 1233
internal_value=0.000478479 -0.000190341 0.00515495 0.000251901 0.0038958 -0.000364414 -0.000951018 -0.00036342 0.00035815 -0.000243275 0.000726617 -0.000418273 0.000547777 -0.00187044 0.00262749
internal_weight=17915 15673 2242 14782 2139 12643 11123 10246 8863 7943 6275 5305 3920 1812 2108
internal_count=17915 15673 2242 14782 2139 12643 11123 10246 8863 7943 6275 5305 3920 1812 2108
is_linear=0
shrinkage=0.0477671


Tree=61
num_leaves=15
num_cat=1
split_feature=31 0 36 26 7 44 36 1 26 52 11 39 36 41
split_gain=24.7036 19.0261 13.4498 11.3693 15.8235 7.09488 6.56216 4.94748 5.48276 4.22334 4.37065 3.34605 2.81879 6.70278
threshold=0 9.6379393104415616 -0.5 1.0000000180025095e-35 285.21379945289192 27315.500000000004 0.78656609248549325 0.19914536734137561 843.78424135931539 1.0000000180025095e-35 65.888994824094894 -0.22252093395631442 -0.9159756150367534 -0.31800055644052067
decision_type=1 2 2 2 2 2 2 2 2 2 2 2 2 2
left_child=2 -2 -1 6 -5 -6 9 -7 12 10 -3 -8 -9 -14
right_child=1 3 -4 4 5 7 11 8 -10 -11 -12 -13 13 -15
leaf_value=0.017183516809495696 0.11279060465481981 0.022109623371058457 -0.12297700079738415 0.20510108362015675 0.0820515479366144 0.049109029731754142 -0.016609278599268432 0.027579402588867402 -0.05304107499108212 -0.08363413818592956 -0.054965955039127969 0.051923579838891051 0.028609327529061278 -0.034957331906276076
leaf_weight=875 1634 908 1706 944 1070 1191 952 1122 1010 1303 1233 943 1418 1548
leaf_count=875 1634 908 1706 944 1070 1191 952 1122 1010 1303 1233 943 1418 1548
internal_value=0.00035966 0.00109044 -0.00395361 0.00050755 0.00161345 0.000866242 -0.00121188 0.000254089 -0.000393093 -0.00245428 -0.00114796 0.00104491 0.000385049 -0.000385765
internal_weight=17857 15276 2581 13642 8303 7359 5339 6289 5098 3444 2141 1895 4088 2966
internal_count=17857 15276 2581 13642 8303 7359 5339 6289 5098 3444 2141 1895 4088 2966
cat_boundaries=0 1
cat_threshold=64
is_linear=0
shrinkage=0.0477671


Tree=62
num_leaves=15
num_cat=1
split_feature=36 31 41 37 16 7 46 37 40 24 11 36 27 15
split_gain=23.1494 20.6921 18.4298 16.1079 12.6169 17.5557 14.0893 11.2319 8.51098 5.71086 6.2393 5.66623 2.83419 4.72232
threshold=-0.9159756150367534 0 0.11478523713130605 0.60355339059327384 191.01519538017499 286.18172295853509 0.62102846403886891 0.37940952255126048 0.25206111083856975 19.512889519980934 45.414462837228605 0.37940952255126054 0.2504828392442886 193.91190553875978
decision_type=2 1 2 2 2 2 2 2 2 2 2 2 2 2
left_child=2 7 -1 4 5 -3 8 -2 -6 10 -7 12 -5 -14
right_child=1 3 -4 11 6 9 -8 -9 -10 -11 -12 -13 13 -15
leaf_value=0.01497797112876898 -0.15117540203096685 0.14204103572085611 0.18883613414409112 0.019203578873989907 0.055076216303230133 0.030511871000381375 -0.13992518121783429 -0.011513000448360037 -0.036032306529536456 0.064358500048605521 -0.02946179290930926 -0.086671137039306859 0.0018687327634060457 -0.086565392126621829
leaf_weight=1260 1284 1277 949 1013 1215 1205 995 974 1237 1499 1525 1243 1167 1043
leaf_count=1260 1284 1277 949 1013 1215 1205 995 974 1237 1499 1525 1243 1167 1043
internal_value=0.000232221 -0.00041272 0.0048103 0.000300401 0.00146963 0.00288852 -0.000796163 -0.00463251 0.00114846 0.00140572 0.000104165 -0.00204238 -0.000984883 -0.00194426
internal_weight=17886 15677 2209 13419 8953 5506 3447 2258 2452 4229 2730 4466 3223 2210
internal_count=17886 15677 2209 13419 8953 5506 3447 2258 2452 4229 2730 4466 3223 2210
cat_boundaries=0 1
cat_threshold=64
is_linear=0
shrinkage=0.0477671


Tree=63
num_leaves=14
num_cat=3
split_feature=44 14 10 28 14 28 6 9 7 36 28 9 6
split_gain=22.1251 19.6251 15.1386 39.337 16.5252 12.4882 20.6935 13.2591 9.63312 8.52321 15.3617 11.1521 5.67619
threshold=35380.000000000007 5.3345440949812142 998.42846422827631 0 1.3113285341495 1 288.84353366803742 1024.4352128873968 287.05262035149474 -0.70710678118654735 2 1018.9189208385883 287.03125016137011
decision_type=2 2 2 1 2 1 2 2 2 2 1 2 2
left_child=1 2 3 -1 8 6 -6 9 -4 -7 -11 12 -12
right_child=-2 -3 4 -5 5 7 -8 -9 -10 10 11 -13 -14
leaf_value=0.21797669650825188 0.15151259568668382 -0.21600880448966681 0.11206394307159434 -0.029987449267543258 -0.24359900547896887 0.058037044944300037 -0.0067685856693154578 -0.06972820102999519 0.0078714058399805328 -0.082348584426925206 0.14988176058935876 -0.046262526871363355 0.020516936237965629
leaf_weight=933 1221 878 887 1292 1387 1662 1741 1570 1315 1167 881 1128 1704
leaf_count=933 1221 878 887 1292 1387 1662 1741 1570 1315 1167 881 1128 1704
internal_value=0.000228412 -0.00022939 0.000159925 0.00380963 -0.00044403 -0.00118548 -0.00374394 -0.000193805 0.00333965 0.000751724 -0.000254039 0.00125035 0.00298342
internal_weight=17766 16545 15667 2225 13442 11240 3128 8112 2202 6542 4880 3713 2585
internal_count=17766 16545 15667 2225 13442 11240 3128 8112 2202 6542 4880 3713 2585
cat_boundaries=0 1 2 3
cat_threshold=112 112 2056
is_linear=0
shrinkage=0.0477671


Tree=64
num_leaves=14
num_cat=2
split_feature=32 37 9 28 14 35 16 46 24 39 24 1 28
split_gain=18.2623 29.3938 15.9127 14.0432 13.1086 11.6011 9.09925 8.64905 6.28514 6.05542 3.98755 7.22607 5.02435
threshold=1.0000000180025095e-35 0.37940952255126048 999.35539712294212 0 3.7492646259119846 0.68750000000000011 196.11718972506927 0.37897153596113126 17.829807066669101 1.0000000180025095e-35 3.9104315756429711 0.26288971178703963 1
decision_type=2 2 2 1 2 2 2 2 2 2 2 2 1
left_child=1 2 -1 7 5 9 8 -4 -5 -2 -3 12 -12
right_child=4 10 3 6 -6 -7 -8 -9 -10 -11 11 -13 -14
leaf_value=0.13237153352631006 -0.0065651614615448647 0.0091298910020276673 0.10629209412146656 -0.0025569809689613833 -0.23252013270377989 0.067340660190726112 -0.080739403886228286 0.031991192075181737 0.070712211011590587 -0.078264794295747703 0.023360951636202533 -0.10241803674377226 -0.051617246180772007
leaf_weight=1142 1550 916 1583 1436 912 1050 1352 1448 957 1510 1027 1484 1391
leaf_count=1142 1550 916 1583 1436 912 1050 1352 1448 957 1510 1027 1484 1391
internal_value=0.000185477 0.00114749 0.00293765 0.00205811 -0.0022538 -0.00110356 9.48127e-05 0.0044681 0.00186544 -0.00259056 -0.00179402 -0.00246001 -0.000848533
internal_weight=17758 12736 7918 6776 5022 4110 3745 3031 2393 3060 4818 3902 2418
internal_count=17758 12736 7918 6776 5022 4110 3745 3031 2393 3060 4818 3902 2418
cat_boundaries=0 1 2
cat_threshold=7810 1352
is_linear=0
shrinkage=0.0477671


Tree=65
num_leaves=17
num_cat=2
split_feature=36 14 31 43 15 14 7 10 3 3 29 5 26 46 23 31
split_gain=21.4206 17.0662 15.8605 14.9282 13.1555 12.5304 10.8549 10.022 8.54516 7.51008 7.19447 7.36676 7.12496 4.63808 3.38166 2.06225
threshold=-0.9159756150367534 1.206885002515629 0 -0.24999999999999994 179.55871446331577 4.361203081677739 283.89786275858734 1006.4866748181615 289.84641705789261 286.71828308681768 165.50000000000003 288.55026630677781 200.91195757470095 0.31987284984013525 15.797146508290213 1
decision_type=2 2 1 2 2 2 2 2 2 2 2 2 2 2 2 1
left_child=3 9 8 -1 6 7 -4 -6 -3 -2 13 -12 15 -9 -14 -8
right_child=1 2 4 -5 5 -7 12 10 -10 -11 11 -13 14 -15 -16 -17
leaf_value=0.0053632271657134689 0.10994080124858679 -0.17146109132499265 0.10187647307643728 0.16043732808136846 0.068565087784909259 -0.17590797852650966 -0.0073702330197280459 -0.036016429689883167 -0.028741925107721351 0.0091339536044090074 0.037880373251364681 -0.03432636348060137 0.0059355822317721952 -0.21990317352213012 0.062011898450074869 -0.051963430045937203
leaf_weight=1061 877 1082 1123 1165 874 947 1003 954 898 1037 884 1294 1534 900 1184 1008
leaf_count=1061 877 1082 1123 1165 874 947 1003 954 898 1037 884 1294 1534 900 1184 1008
internal_value=0.000143243 -0.000482152 -0.00107316 0.00452678 -0.000401436 -0.00200318 0.00119951 -0.00103161 -0.00501562 0.00374234 -0.00203713 -0.000174428 0.000196495 -0.00422415 0.00179176 -0.0019585
internal_weight=17825 15599 13685 2226 11705 5853 5852 4906 1980 1914 4032 2178 4729 1854 2718 2011
internal_count=17825 15599 13685 2226 11705 5853 5852 4906 1980 1914 4032 2178 4729 1854 2718 2011
cat_boundaries=0 1 2
cat_threshold=64 19
is_linear=0
shrinkage=0.0477671


Tree=66
num_leaves=15
num_cat=0
split_feature=10 20 13 29 15 9 46 2 1 29 1 24 9 11
split_gain=17.2775 22.1425 17.473 24.6571 20.8593 14.6251 13.1458 11.9092 11.5528 10.989 7.80229 6.02409 5.84699 2.95055
threshold=998.42846422827631 7.4145705502054755e-05 1.6082476539156636 165.50000000000003 187.04225082638931 1013.8147622902701 0.19593493916883467 0.75790296952365754 0.25966792587049387 156.50000000000003 0.24921836014170271 12.397038157309597 1017.2544585994882 63.98328253228474
decision_type=2 2 2 2 2 2 2 2 2 2 2 2 2 2
left_child=9 2 7 4 10 -6 -5 11 12 -1 -4 -2 -8 -9
right_child=1 -3 3 6 5 -7 8 13 -10 -11 -12 -13 -14 -15
leaf_value=0.11641131348008996 0.11520284473639113 -0.12060092326175599 -0.038067237263707976 -0.033021092185951367 -0.42647869258511212 -0.11054014085346416 0.10688564779783441 0.023130379811890749 -0.036296380274715136 -0.0063649099098066304 0.056209547466783513 0.058946414430997303 0.030175866045487748 -0.033303101660157201
leaf_weight=1729 875 1381 1181 1628 903 1602 1589 1290 894 886 936 1059 1025 910
leaf_count=1729 875 1381 1181 1628 903 1602 1589 1290 894 886 936 1059 1025 910
internal_value=3.726e-05 -0.000576887 -3.27783e-06 -0.00110608 -0.00363734 -0.00658734 0.00117142 0.00259926 0.002818 0.00362506 -0.000145609 0.00533374 0.00442135 0.000194396
internal_weight=17888 15273 13892 9758 4622 2505 5136 4134 3508 2615 2117 1934 2614 2200
internal_count=17888 15273 13892 9758 4622 2505 5136 4134 3508 2615 2117 1934 2614 2200
is_linear=0
shrinkage=0.0477671


Tree=67
num_leaves=15
num_cat=3
split_feature=36 5 32 37 9 8 28 28 9 25 5 46 36 28
split_gain=19.1347 21.3712 15.499 12.1661 10.9388 8.85088 8.65821 8.604 8.48828 7.18077 6.07123 5.8559 3.23753 1.25705
threshold=-0.70710678118654735 284.16009662362438 1.0000000180025095e-35 0.60355339059327384 1014.5748773911311 284.78529295686729 0 1 1015.5511933710615 342.11309450890968 285.26300828961263 0.31987284984013525 0.37940952255126054 2
decision_type=2 2 2 2 2 2 1 1 2 2 2 2 2 1
left_child=1 -1 3 5 -4 9 -3 -7 -8 -2 -6 -9 13 -5
right_child=2 6 4 12 10 7 8 11 -10 -11 -12 -13 -14 -15
leaf_value=0.19260147839579997 0.025503264898517189 0.056575802130459117 -0.12588771702070967 0.00027659190928043282 0.027797876973929436 -0.063836988089836316 0.031093638642644996 -0.0068217909326976538 -0.061417818986632323 0.13606859308095035 -0.050294059736015848 0.04850757863583325 -0.074456915144050589 -0.050158598808184865
leaf_weight=1043 876 1372 1418 1061 934 1148 1063 1726 992 986 1491 1682 1098 1070
leaf_count=1043 876 1372 1418 1061 934 1148 1063 1726 992 986 1491 1682 1098 1070
internal_value=2.64721e-05 0.00273515 -0.000870902 0.000150789 -0.00343621 0.00135422 0.000912318 0.000219683 -0.00105141 0.00412904 -0.00148626 0.00142481 -0.00224047 -0.00115334
internal_weight=17960 4470 13490 9647 3843 6418 3427 4556 2055 1862 2425 3408 3229 2131
internal_count=17960 4470 13490 9647 3843 6418 3427 4556 2055 1862 2425 3408 3229 2131
cat_boundaries=0 1 2 3
cat_threshold=7196 2078 6456
is_linear=0
shrinkage=0.0477671


Tree=68
num_leaves=16
num_cat=0
split_feature=16 33 30 10 27 17 1 10 0 8 18 36 27 1 6
split_gain=16.1051 23.5207 16.7924 16.7465 14.9855 16.9623 31.2284 12.0627 12.7182 7.4968 7.98541 6.78888 6.23336 12.809 6.14153
threshold=196.11718972506927 1.0000000180025095e-35 0.28062970568104045 1022.8984211799701 1.7662877871428091 0.069553187531532598 0.19871784236801476 1019.1077822102424 10.689398870374488 287.56115032674268 0.0052119872132086126 -0.70710678118654735 0.31837132296756682 0.23867219276356214 290.90890126094467
decision_type=2 2 2 2 2 2 2 2 2 2 2 2 2 2 2
left_child=1 3 7 -1 5 6 -3 8 -2 -4 -11 -8 14 -14 -13
right_child=2 4 9 -5 -6 -7 11 -9 -10 10 -12 12 13 -15 -16
leaf_value=0.20800010158107682 -0.1040119219221393 0.10590656772828726 0.052755610877616474 0.029967320842457058 0.092144113913159659 -0.10492898501372706 0.014658248945962855 -6.0116394532493161e-05 -0.37128948717880256 0.02159277691802771 -0.069904609846866625 -0.016656892168678789 0.040224845898346975 -0.060511066094833831 -0.079455715922741629
leaf_weight=1125 937 1146 971 946 993 924 1445 874 894 1661 1363 937 1601 1083 992
leaf_count=1125 937 1146 971 946 993 924 1445 874 894 1661 1363 937 1601 1083 992
internal_value=0.000141372 0.00125031 -0.00171073 0.00584583 0.000206619 -0.000469874 0.00031133 -0.00461695 -0.00682079 0.000256511 -0.00091543 -0.00105622 -0.00195141 -0.00046189 -0.00402277
internal_weight=17892 11192 6700 2071 9121 8128 7204 2705 1831 3995 3024 6058 4613 2684 1929
internal_count=17892 11192 6700 2071 9121 8128 7204 2705 1831 3995 3024 6058 4613 2684 1929
is_linear=0
shrinkage=0.0477671


Tree=69
num_leaves=15
num_cat=0
split_feature=44 16 29 46 29 17 29 6 45 38 7 29 44 15
split_gain=15.6306 13.0654 20.7098 17.5275 10.2398 9.03343 7.13791 27.5403 17.7069 6.14345 5.61929 4.63367 4.44321 4.23028
threshold=34688.500000000007 195.45590589105748 106.50000000000001 0.25790389450448498 88.500000000000014 0.15568364893086026 187.50000000000003 288.93575321209977 0.80406506083116558 -0.60785761079279388 292.09528226880911 251.50000000000003 28631.500000000004 152.97816531853485
decision_type=2 2 2 2 2 2 2 2 2 2 2 2 2 2
left_child=1 4 3 -3 12 6 7 -6 11 -4 -11 -8 -1 -13
right_child=-2 2 9 -5 5 -7 8 -9 -10 10 -12 13 -14 -15
leaf_value=0.041789198083517415 0.099696911659267751 -0.0061351165632210986 -0.044462727770863804 -0.2810129599332199 -0.079975415846452944 -0.073653932439088271 0.046584116294733247 0.10489674576499058 -0.057175059302884218 0.05996107737409026 -0.0047265281758436563 0.027475596266129755 0.10477621075339749 -0.028704873832971944
leaf_weight=1022 1681 966 1137 1480 1078 986 1335 1671 1252 1129 1498 913 884 875
leaf_count=1022 1681 966 1137 1480 1078 986 1335 1671 1252 1129 1498 913 884 875
internal_value=0.000345318 -0.000108785 -0.00183033 -0.00525229 0.000958362 0.000217651 0.000811003 0.00271856 -0.000387086 0.000392813 0.00166291 0.00153646 0.0041089 -5.21827e-05
internal_weight=17907 16226 6210 2446 10016 8110 7124 2749 4375 3764 2627 3123 1906 1788
internal_count=17907 16226 6210 2446 10016 8110 7124 2749 4375 3764 2627 3123 1906 1788
is_linear=0
shrinkage=0.0477671


Tree=70
num_leaves=16
num_cat=0
split_feature=13 9 20 41 10 24 42 9 5 1 5 9 1 10 5
split_gain=17.1714 15.5647 21.2792 24.8801 30.7296 11.3828 10.8141 16.0217 17.4036 19.7262 15.5426 23.6626 9.57061 13.5854 2.83768
threshold=5.5562828466012695 999.35539712294212 7.4145705502054755e-05 0.84658398682345093 1027.0343860345367 15.468688346034096 1.0000000180025095e-35 1018.8515137735541 288.55026630677781 0.25055428775155425 285.17258758335345 1019.3086130057663 0.23220031773832858 1016.0934150137635 286.12608111721744
decision_type=2 2 2 2 2 2 2 2 2 2 2 2 2 2 2
left_child=1 5 3 6 -5 -1 10 8 9 -8 -3 12 13 -12 -9
right_child=-2 2 -4 4 -6 -7 7 14 -10 -11 11 -13 -14 -15 -16
leaf_value=0.0035614431489836501 -0.19107773868128153 0.083356655119132969 -0.11815462063782732 0.22839738066616849 -0.026776386580233437 0.10787856165407469 -0.42467656527405728 -0.0088525359825403632 -0.0031880357682377201 -0.043111703397116639 0.12803869674011001 -0.067423813849187622 -0.020589112374074535 0.001071722911791627 0.048503446688839193
leaf_weight=1132 900 975 1350 1297 913 1371 974 991 1518 882 1100 1168 1174 1290 909
leaf_count=1132 900 975 1350 1297 913 1371 974 991 1518 882 1100 1168 1174 1290 909
internal_value=6.37638e-05 0.00040344 -0.000195304 0.000389108 0.00501345 0.00388269 -0.000541369 -0.00210082 -0.00407667 -0.0071793 0.000899374 -0.000231701 0.00170151 0.0034367 0.0014067
internal_weight=17944 17044 14541 13191 2210 2503 10981 5274 3374 1856 5707 4732 3564 2390 1900
internal_count=17944 17044 14541 13191 2210 2503 10981 5274 3374 1856 5707 4732 3564 2390 1900
is_linear=0
shrinkage=0.0477671


Tree=71
num_leaves=15
num_cat=3
split_feature=31 37 5 40 44 35 10 24 18 2 31 23 31 40
split_gain=19.3055 16.9272 15.2509 17.5664 14.0684 11.3053 9.13442 10.4982 4.59895 8.28309 9.59467 4.06744 3.71338 3.83985
threshold=0 0.60355339059327384 284.79827774004173 0.70290292807158605 31140.500000000004 0.60416666666666685 1002.8392705563564 36.97733038097099 0.0052119872132086022 0.81019815091186198 1 4.1377483990342627 2 -0.23537230790205757
decision_type=1 2 2 2 2 2 2 2 2 2 1 2 1 2
left_child=5 2 3 4 -2 -1 -4 8 9 10 -8 -3 -13 -14
right_child=1 11 6 -5 -6 -7 7 -9 -10 -11 -12 12 13 -15
leaf_value=-0.1020705206992001 0.059739742702803779 0.019617007037483942 0.068824807098966295 -0.0039924122826751783 0.1937734326653382 0.0070106462050551731 0.037875791171141468 -0.089370637167453623 -0.019219164754307076 0.090379261500697125 -0.026580877908948093 -0.093238571125861702 0.01273981361762371 -0.057319670642429675
leaf_weight=1606 1136 979 1121 1195 1180 946 1312 962 1726 940 1294 1144 919 1406
leaf_count=1606 1136 979 1121 1195 1180 946 1312 962 1726 940 1294 1144 919 1406
internal_value=0.000315363 0.000956817 0.0019736 0.00456383 0.00699085 -0.00352293 0.000736823 2.26291e-05 0.000860326 0.00184486 0.000457385 -0.00152444 -0.00229201 -0.00117532
internal_weight=17866 15314 10866 3511 2316 2552 7355 6234 5272 3546 2606 4448 3469 2325
internal_count=17866 15314 10866 3511 2316 2552 7355 6234 5272 3546 2606 4448 3469 2325
cat_boundaries=0 1 2 3
cat_threshold=64 11 5
is_linear=0
shrinkage=0.0477671


Tree=72
num_leaves=15
num_cat=2
split_feature=44 13 9 28 0 9 9 27 18 41 6 28 6 9
split_gain=17.098 16.5005 13.6511 59.6175 14.0476 17.6924 12.2867 13.2007 18.3666 6.90212 10.34 16.337 12.6736 15.066
threshold=35947.000000000007 4.770099809705413 999.35539712294212 0 9.6379393104415616 1025.8361773098154 1012.50694972999 1.5253516023713405 0.082190200082960421 -0.95242240592625282 296.07581072497277 1 290.24764974423255 1019.4413792933292
decision_type=2 2 2 1 2 2 2 2 2 2 2 1 2 2
left_child=1 2 3 -1 -4 6 -6 8 9 -8 11 -11 13 -13
right_child=-2 -3 4 -5 5 -7 7 -9 -10 10 -12 12 -14 -15
leaf_value=0.18066054882951896 0.20784201696929452 -0.12170539614635453 0.065848831704675509 -0.07067443504069898 -0.093457214350078477 -0.10907979074790385 0.093728576949620293 0.14220268914849829 -0.12719277702913248 0.073639076550661611 -0.0323200196700478 -0.13089491540112541 0.05473208501365591 0.016935629344241882
leaf_weight=1308 892 1526 1658 974 1437 882 912 874 876 1536 1409 1347 978 1305
leaf_count=1308 892 1526 1658 974 1437 882 912 874 876 1536 1409 1347 978 1305
internal_value=0.000351849 1.38999e-05 0.000480733 0.00389239 -0.000108278 -0.000698374 -0.000160894 0.000478101 -0.0001054 0.000660032 0.000119532 0.00110914 -0.000642405 -0.00235869
internal_weight=17914 17022 15496 2282 13214 11556 10674 9237 8363 7487 6575 5166 3630 2652
internal_count=17914 17022 15496 2282 13214 11556 10674 9237 8363 7487 6575 5166 3630 2652
cat_boundaries=0 1 2
cat_threshold=116 770
is_linear=0
shrinkage=0.0477671


Tree=73
num_leaves=16
num_cat=0
split_feature=13 0 10 29 10 10 29 29 17 1 18 18 40 10 29
split_gain=15.2176 13.0686 20.7414 28.1212 8.88221 12.388 9.72842 8.65024 7.06431 10.3702 4.05564 13.4159 8.51666 7.40217 16.9415
threshold=5.0168431494696257 9.6379393104415616 1025.9534281187593 44.500000000000007 998.42846422827631 1012.404483735839 154.50000000000003 341.50000000000006 0.15568364893086026 0.19871784236801476 0.0052119872132086022 0.016333843038516819 -0.89406062840022227 1016.9759619875373 204.50000000000003
decision_type=2 2 2 2 2 2 2 2 2 2 2 2 2 2 2
left_child=1 7 3 -3 6 -6 -5 -1 9 -7 12 -12 -11 -14 -15
right_child=-2 2 -4 4 5 8 -8 -9 -10 10 11 -13 13 14 -16
leaf_value=0.14942083309554105 -0.11772373084129691 0.28202612547734573 -0.11818358875055154 0.10535249145547196 -0.097177549618800013 0.066424801396793964 -0.010039100164197016 0.016847560421136745 -0.09169248352781037 0.058275689690649432 -0.10511211939470244 0.010243845058365696 0.036554511208125112 0.019392235416364024 -0.079302030443099733
leaf_weight=899 1391 1065 892 967 1462 1171 893 895 874 890 889 1607 1333 1552 1033
leaf_count=899 1391 1065 892 967 1462 1171 893 895 874 890 889 1607 1333 1552 1033
internal_value=0.000111161 0.000517617 4.55638e-05 0.000504076 -0.000122342 -0.000647086 0.00292646 0.00436542 -7.4253e-06 0.000414 -0.000254749 -0.00181716 0.000555891 -0.000401757 -0.00189319
internal_weight=17813 16422 14628 13736 12671 10811 1860 1794 9349 8475 7304 2496 4808 3918 2585
internal_count=17813 16422 14628 13736 12671 10811 1860 1794 9349 8475 7304 2496 4808 3918 2585
is_linear=0
shrinkage=0.0477671


Tree=74
num_leaves=17
num_cat=2
split_feature=36 25 14 31 37 37 7 16 35 36 31 45 42 46 12 8
split_gain=18.1912 20.0129 14.9164 8.67646 12.0709 9.91142 8.36847 11.3012 6.15042 4.30511 3.40046 2.95383 2.29047 2.66803 1.69704 0.752937
threshold=-0.9159756150367534 82.00043822520216 5.0562217627266053 0 0.60355339059327384 0.37940952255126048 286.01691654044367 161.97008599792113 0.52083333333333337 0.37940952255126054 1 0.52605993606604307 -0.24999999999999997 0.25790389450448498 65.573919463391007 293.63573446818503
decision_type=2 2 2 1 2 2 2 2 2 2 1 2 2 2 2 2
left_child=1 -1 3 5 6 -2 7 -5 10 12 15 -10 -6 -14 -12 -8
right_child=2 -3 -4 4 9 -7 8 -9 11 -11 14 -13 13 -15 -16 -17
leaf_value=0.17256389657845597 -0.092925779696169844 0.00072556122406505351 -0.18578613284069739 0.13447247873409343 -0.032695015478633953 0.015661429870809446 0.060168035115067402 0.025537302024855935 0.0099701907039191871 -0.058511819489123949 0.024297424642243121 -0.038834334895559874 0.05202223241232258 -0.042528862724808006 -0.011631410639668743 0.037507273361672297
leaf_weight=1026 1210 1187 900 878 1205 895 970 1406 1073 1210 881 1369 966 882 913 883
leaf_count=1026 1210 1187 900 878 1205 895 970 1406 1073 1210 881 1369 966 882 913 883
internal_value=0.000229962 0.00428357 -0.000343428 2.09114e-05 0.000494643 -0.00281077 0.00154861 0.00401447 0.000623296 -0.00157378 0.0018658 -0.00123141 -0.000617284 0.000438208 0.000369461 0.00329353
internal_weight=17854 2213 15641 14741 12636 2105 8373 2284 6089 4263 3647 2442 3053 1848 1794 1853
internal_count=17854 2213 15641 14741 12636 2105 8373 2284 6089 4263 3647 2442 3053 1848 1794 1853
cat_boundaries=0 1 2
cat_threshold=64 11
is_linear=0
shrinkage=0.0477671


Tree=75
num_leaves=16
num_cat=1
split_feature=44 14 36 5 14 31 27 8 27 0 25 24 45 41 13
split_gain=14.9966 14.957 11.4118 16.5142 9.20713 8.61798 7.8643 6.93235 4.91727 8.47393 4.53719 4.4553 5.41662 5.5525 3.52319
threshold=35947.000000000007 5.3345440949812142 -0.78656609248549292 286.44818084109136 1.2200833312648058 0 1.3660731935845936 287.98468693507385 0.93348025861880768 14.703022576659892 522.93779987203743 3.1928308017045475 0.68012715015986502 0.011826144619637555 2.0407230566281167
decision_type=2 2 2 2 2 1 2 2 2 2 2 2 2 2 2
left_child=1 2 3 -1 7 -6 8 -4 9 11 -5 -7 13 -13 -14
right_child=-2 -3 4 10 5 6 -8 -9 -10 -11 -12 12 14 -15 -16
leaf_value=0.14438854561475667 0.16213566293832946 -0.17834803440698774 0.085500444005494766 0.036608329076882738 -0.064256508317002872 0.024718885713312339 0.052948149413379338 -0.0020152771241611312 -0.063950286937020581 0.07586064704343301 -0.034947290689265546 0.032914419981684387 -0.02719223199358695 -0.059921159980993198 -0.088849351593471487
leaf_weight=887 894 941 919 1175 1667 983 1396 938 1606 951 946 1362 1046 1133 1016
leaf_count=887 894 941 919 1175 1667 983 1396 938 1606 951 946 1362 1046 1133 1016
internal_value=5.22411e-06 -0.000312384 3.1159e-05 0.00268298 -0.000581459 -0.00109981 -0.000540117 0.00253249 -0.00111175 -0.000525823 0.000393066 -0.0012412 -0.00187057 -0.000372435 -0.00368222
internal_weight=17860 16966 16025 3008 13017 11160 9493 1857 8097 6491 2121 5540 4557 2495 2062
internal_count=17860 16966 16025 3008 13017 11160 9493 1857 8097 6491 2121 5540 4557 2495 2062
cat_boundaries=0 1
cat_threshold=64
is_linear=0
shrinkage=0.0477671


Tree=76
num_leaves=16
num_cat=4
split_feature=44 13 28 9 28 20 28 5 30 9 5 12 9 31 45
split_gain=13.3396 13.1054 24.4347 13.8917 47.1171 12.2819 9.93238 12.5246 13.7967 18.7726 9.97092 16.5698 8.48626 7.94535 4.7396
threshold=35947.000000000007 3.1665472403397015 0 1006.1323425135096 1 8.6866453553476424e-05 2 287.88663830585483 0.42847364818617389 1017.321688992312 286.44818084109136 72.932216163844956 1024.2610756952574 3 0.56192977791787302
decision_type=2 2 1 2 1 2 1 2 2 2 2 2 2 1 2
left_child=1 3 14 4 -1 6 10 -8 -9 -10 11 -5 -13 -4 -3
right_child=-2 2 13 5 -6 -7 7 8 9 -11 -12 12 -14 -15 -16
leaf_value=0.19200118971468907 0.18484221990877941 0.072377451901759426 -0.080430735692611208 0.16804975501301725 -0.051613015602980171 -0.092458876045641236 -0.09282265234015305 0.085214694478133957 0.038341055812445804 -0.079749544314565976 -0.010217127374893921 0.073513421634777518 -0.028983328082485601 -0.27588953241908576 -0.0087129134559184099
leaf_weight=1032 893 1081 1373 876 985 1029 1683 878 1356 1305 1332 1037 901 1060 1046
leaf_count=1032 893 1081 1373 876 985 1029 1683 878 1356 1305 1332 1037 901 1060 1046
internal_value=0.000164294 -0.000134947 -0.00232501 0.000669344 0.00429722 -3.42427e-05 0.000509658 -0.000876034 0.000734974 -0.00097748 0.00225219 0.00386946 0.00140376 -0.00558136 0.00141833
internal_weight=17867 16974 4560 12414 2017 10397 9368 5222 3539 2661 4146 2814 1938 2433 2127
internal_count=17867 16974 4560 12414 2017 10397 9368 5222 3539 2661 4146 2814 1938 2433 2127
cat_boundaries=0 1 2 3 4
cat_threshold=5064 116 7686 23
is_linear=0
shrinkage=0.0477671


Tree=77
num_leaves=16
num_cat=2
split_feature=16 13 28 44 10 30 10 5 1 10 27 26 44 23 28
split_gain=15.0231 18.9282 16.9234 13.0314 12.0024 9.49821 14.9539 10.86 6.53667 7.09881 5.67501 4.49234 6.19737 2.88066 2.57497
threshold=194.7842171130749 4.7198090145742997 0 32102.500000000004 995.19778704411772 0.46132785763175915 1015.1594370872976 285.73531697820692 0.19871784236801476 1010.5284194782945 0.53250290167096181 114.60964449776147 29071.500000000004 15.797146508290213 1
decision_type=2 2 1 2 2 2 2 2 2 2 2 2 2 2 1
left_child=2 4 3 10 -2 6 -6 -7 -4 -10 -1 14 -13 -14 -11
right_child=1 -3 8 -5 5 7 -8 -9 9 11 -12 12 13 -15 -16
leaf_value=-0.012206728314157715 0.1022867369726301 -0.22847238597550468 0.048877608077804773 0.13027170148354128 -0.22208775272641446 0.056428338798604885 -0.0093045038406302048 -0.026513504244225751 -0.050243097785859413 0.00051242449756187553 0.08458011192196023 0.073186667309810272 -0.011633669565742463 0.030147067737187176 -0.04686438013416374
leaf_weight=894 874 1168 1523 1021 899 912 1575 1439 1240 1181 1070 884 1402 939 932
leaf_count=894 874 1168 1523 1021 899 912 1575 1439 1240 1181 1070 884 1402 939 932
internal_value=0.000222042 -0.00153348 0.00130967 0.00437724 -0.000397737 -0.00133108 -0.00339724 0.000842238 0.000173455 -0.000478929 0.00211482 0.000276985 0.00139899 0.000111272 -0.00143444
internal_weight=17953 6867 11086 2985 5699 4825 2474 2351 8101 6578 1964 5338 3225 2341 2113
internal_count=17953 6867 11086 2985 5699 4825 2474 2351 8101 6578 1964 5338 3225 2341 2113
cat_boundaries=0 1 2
cat_threshold=4110 784
is_linear=0
shrinkage=0.0477671


Tree=78
num_leaves=16
num_cat=0
split_feature=49 10 9 40 46 10 1 40 17 2 10 29 29 29 0
split_gain=14.8202 11.4256 13.9426 14.1068 13.3028 8.6907 12.7111 6.92212 13.756 13.9337 9.75284 12.9659 8.00009 10.4296 4.72404
threshold=1.0000000180025095e-35 998.42846422827631 1012.50694972999 0.23537774960157334 0.4739400639339571 1026.1921366486401 0.2982197784165625 0.9550229469509578 0.10723871578218912 0.81663086443825927 1017.0922522768511 195.50000000000003 247.50000000000003 204.50000000000003 13.206613215410306
decision_type=2 2 2 2 2 2 2 2 2 2 2 2 2 2 2
left_child=1 4 3 -3 -1 6 7 8 9 10 11 -4 13 -12 -13
right_child=-2 2 5 -5 -6 -7 -8 -9 -10 -11 12 14 -14 -15 -16
leaf_value=0.0014275246686433329 0.084818798484497859 0.0047583364277704182 -0.06060423886590053 -0.29187563658311777 0.12867500744350976 -0.05080214861051989 0.15879949084607373 0.042891451987374041 -0.11132233491076092 0.09755627864119544 -0.034746431252671496 0.011234457883659451 0.0072667489159965936 -0.11227125102361245 0.10145157113302421
leaf_weight=1650 913 951 996 1298 986 1429 1014 1390 884 886 1455 878 1110 927 1035
leaf_count=1650 913 951 996 1298 986 1429 1014 1390 884 886 1455 878 1110 927 1035
internal_value=0.000112571 -0.000207748 -0.000742172 -0.00419376 0.00268107 -9.53164e-05 0.000376957 -0.000162138 -0.000692469 -9.52643e-06 -0.000786939 0.0012554 -0.00248894 -0.00404984 0.00355702
internal_weight=17802 16889 14253 2249 2636 12004 10575 9561 8171 7287 6401 2909 3492 2382 1913
internal_count=17802 16889 14253 2249 2636 12004 10575 9561 8171 7287 6401 2909 3492 2382 1913
is_linear=0
shrinkage=0.0477671


Tree=79
num_leaves=17
num_cat=1
split_feature=14 36 5 9 29 6 29 18 0 6 31 9 26 0 5 15
split_gain=16.0786 12.0499 27.6586 11.7613 9.81561 8.80622 7.26907 6.48032 9.5621 8.59726 6.0366 6.64966 4.03346 3.9155 5.04561 3.85573
threshold=5.3345440949812142 -0.70710678118654735 284.36953262835914 1027.370945847538 44.500000000000007 299.39843668346117 96.500000000000014 0.1608936249369349 14.721709378774754 295.09160430055408 0 1016.2299074426029 677.65178780079248 13.64901228869989 286.2895535538853 187.04225082638931
decision_type=2 2 2 2 2 2 2 2 2 2 1 2 2 2 2 2
left_child=1 2 -1 4 -3 12 15 8 9 10 13 -12 -4 14 -8 -6
right_child=-2 3 5 -5 6 -7 7 -9 -10 -11 11 -13 -14 -15 -16 -17
leaf_value=0.19806052819646094 -0.15268236317124786 0.14258617588110833 0.069417725601289407 -0.078815900216759618 -0.014081483833487065 -0.035469029425147937 0.085641900109731814 -0.053724782301248837 0.067681392949892824 -0.046827984906820462 -0.068885894783957929 0.017033332982495441 0.0027344021828396023 -0.0085260872442342681 0.012028642047713955 -0.13232188622619226
leaf_weight=965 994 1325 1040 1091 940 985 921 882 1509 1366 957 1118 988 921 951 897
leaf_count=965 994 1325 1040 1091 940 985 921 882 1509 1366 957 1118 988 921 951 897
internal_value=0.000139028 0.000487287 0.00278525 -0.000222379 0.000216621 0.000530357 -0.000273733 0.000307112 0.000749253 -7.62655e-05 0.000863038 -0.00108715 0.00233072 0.00230832 0.00357113 -0.0030021
internal_weight=17850 16856 3978 12878 11787 3013 10462 8625 7743 6234 4868 2075 2028 2793 1872 1837
internal_count=17850 16856 3978 12878 11787 3013 10462 8625 7743 6234 4868 2075 2028 2793 1872 1837
cat_boundaries=0 1
cat_threshold=23
is_linear=0
shrinkage=0.0477671


Tree=80
num_leaves=17
num_cat=4
split_feature=13 31 28 37 37 10 28 24 5 8 45 40 24 30 1 31
split_gain=11.4744 13.3523 12.7874 11.1385 9.22125 9.45494 10.3738 10.8625 8.70545 8.37841 4.6713 5.61305 4.00411 3.56714 3.12127 0.998717
threshold=1.5876650049659622 0 1 0.25881904510252057 0.60355339059327384 998.42846422827631 2 40.490411476531087 285.73531697820692 291.63786846571548 0.50000000000000011 0.25206111083856975 13.341227084575076 0.56536618754277901 0.26320550507641644 3
decision_type=2 1 1 2 2 2 1 2 2 2 2 2 2 2 2 1
left_child=2 9 3 -1 5 -3 8 10 -7 -2 -8 -12 -4 -10 15 -6
right_child=1 4 12 -5 14 6 7 -9 13 -11 11 -13 -14 -15 -16 -17
leaf_value=0.09945148640999503 -0.18952364442879693 0.079658444204714379 -0.022657342206210407 0.025392756897332086 0.00049382938869143905 0.11224658741353051 0.049908094884350933 -0.14881169903143848 0.037829433835667517 -0.012780516683417904 0.014471915282919905 -0.07880329644196564 0.028012657624390432 -0.014042764463819577 -0.095527447881240526 -0.039227725730466657
leaf_weight=1177 1016 1210 1684 1305 875 971 1187 891 882 900 1059 996 954 889 1018 880
leaf_count=1177 1016 1210 1684 1305 875 971 1187 891 882 900 1059 996 954 889 1018 880
internal_value=0.000141356 -0.000624305 0.00205206 0.00450362 2.61659e-05 0.00084163 0.000156004 -0.00135419 0.0024292 -0.00428945 -7.29808e-05 -0.00145168 -0.000269741 0.000443775 -0.00235051 -0.00112826
internal_weight=17894 12774 5120 2482 10858 8085 6875 4133 2742 1916 3242 2055 2638 1771 2773 1755
internal_count=17894 12774 5120 2482 10858 8085 6875 4133 2742 1916 3242 2055 2638 1771 2773 1755
cat_boundaries=0 1 2 3 4
cat_threshold=64 6198 5768 50
is_linear=0
shrinkage=0.0477671


Tree=81
num_leaves=17
num_cat=2
split_feature=49 16 28 8 52 18 41 28 11 6 2 45 2 6 8 44
split_gain=12.5353 9.77234 16.1921 14.2136 16.3861 12.5592 27.6272 7.58025 6.20851 6.87506 7.49677 11.0543 6.21022 5.0836 8.06457 3.27532
threshold=1.0000000180025095e-35 235.87946419448193 0 283.98513966244769 1.0000000180025095e-35 0.24841370336354585 -0.97874870457683594 1 76.301402940339983 285.31230827041526 0.77743069061214387 0.80406506083116558 0.76047395136607077 285.61517018102063 296.70763344920084 30037.500000000004
decision_type=2 2 1 2 2 2 2 1 2 2 2 2 2 2 2 2
left_child=1 3 -3 4 -1 6 -5 13 9 -9 12 15 -11 -8 -15 -12
right_child=-2 2 -4 5 -6 -7 7 8 -10 10 11 -13 -14 14 -16 -17
leaf_value=0.0074898728161195329 0.083822635086072461 -0.14626081392353157 0.031578209749231617 0.14640721661267503 0.18691578490611901 -0.10623294943126733 -0.033572787581738796 0.055198790149350592 -0.06177248177902922 -0.014711666201503453 0.073989333791007375 -0.057049425153179296 -0.069339160801934779 0.06476005509047901 -0.014866870881145135 -0.00046140767072019124
leaf_weight=1307 904 1627 987 907 991 877 964 892 998 1059 1061 876 882 1717 874 899
leaf_count=1307 904 1627 987 907 991 877 964 892 998 1059 1061 876 882 1717 874 899
internal_value=0.000329543 3.65729e-05 -0.00264881 0.000527473 0.00396923 -0.000131108 0.000302394 -0.00040633 -0.00135534 -0.000745309 -0.00146444 0.000100272 -0.0037518 0.00137276 0.00247875 0.00209476
internal_weight=17822 16918 2614 14304 2298 12006 11129 10222 6667 5669 4777 2836 1941 3555 2591 1960
internal_count=17822 16918 2614 14304 2298 12006 11129 10222 6667 5669 4777 2836 1941 3555 2591 1960
cat_boundaries=0 1 2
cat_threshold=4142 6244
is_linear=0
shrinkage=0.0477671


Tree=82
num_leaves=16
num_cat=4
split_feature=36 5 31 14 37 8 28 9 14 15 9 28 28 5 6
split_gain=12.3835 16.5666 12.9266 10.4753 9.24992 10.4874 7.49833 7.76982 7.04709 6.1194 5.47939 4.10506 3.62738 3.69251 3.59465
threshold=-0.70710678118654735 283.82497831036477 0 2.1410383550907572 0.37940952255126048 284.78529295686729 1 1015.5511933710615 2.7491361528912193 187.04225082638931 1019.1881624086396 2 3 282.1996065240719 285.93977296142089
decision_type=2 2 1 2 2 2 1 2 2 2 2 1 1 2 2
left_child=1 -1 3 -2 5 9 -3 -8 10 -4 11 -7 13 -6 -14
right_child=2 6 4 -5 12 8 7 -9 -10 -11 -12 -13 14 -15 -16
leaf_value=0.16466379013346955 -0.011689942494339132 0.063905108597530028 0.10039718704056114 -0.19964045976717598 -0.02698318294201248 0.055468247465595991 0.026911966820866939 -0.050996108549216233 -0.049323276425650493 0.031263297163205826 -0.018877598979052852 3.2503159212126281e-05 -0.044377990096007167 -0.09947444076739069 0.018355254313627375
leaf_weight=982 1032 1164 1011 909 998 1411 1264 1052 1355 972 1218 1062 1092 890 1542
leaf_count=982 1032 1164 1011 909 998 1411 1264 1052 1355 972 1218 1062 1092 890 1542
internal_value=0.000119599 0.00230114 -0.000601703 -0.00419776 6.00459e-06 0.00109039 0.000754298 -0.000820486 -6.5822e-05 0.00403366 0.0010153 0.00230729 -0.00167907 -0.00327054 -0.000523076
internal_weight=17954 4462 13492 1941 11551 7029 3480 2316 5046 1983 3691 2473 4522 1888 2634
internal_count=17954 4462 13492 1941 11551 7029 3480 2316 5046 1983 3691 2473 4522 1888 2634
cat_boundaries=0 1 2 3 4
cat_threshold=64 6172 4962 4742
is_linear=0
shrinkage=0.0477671


Tree=83
num_leaves=16
num_cat=0
split_feature=13 16 23 10 29 10 29 29 10 18 45 5 12 14 23
split_gain=11.3147 12.7513 16.8659 15.2927 26.13 19.3447 14.5208 9.57307 8.59355 7.8 7.07989 6.5074 4.40483 5.08095 3.87867
threshold=1.5876650049659622 170.64055601428691 15.797146508290213 994.50665898968725 168.50000000000003 1012.7765495042562 106.50000000000001 156.50000000000003 1016.2986853434292 0.0052119872132086248 0.74209610549551519 291.0475611459305 45.056705274865479 1.9338379643932104 31.725704094458852
decision_type=2 2 2 2 2 2 2 2 2 2 2 2 2 2 2
left_child=7 2 12 -3 5 -5 -4 10 -6 -7 -1 -9 -2 -14 -8
right_child=1 3 6 4 8 9 14 11 -10 -11 -12 -13 13 -15 -16
leaf_value=0.045272185143317628 0.013807871366346114 0.06950389145687047 0.19127368323518462 -0.33600948947438286 0.052317876334074823 -0.17717264931419935 0.04247787045871599 0.022952102442007058 -0.032038168139852316 -0.014177715305598314 0.12323624959439557 -0.024318527666189586 -0.00049402780138177861 -0.073953827707276626 -0.013424237371003732
leaf_weight=1138 1041 1039 922 1053 1291 1094 917 1705 1508 1099 885 1382 875 1060 890
leaf_count=1138 1041 1039 922 1053 1291 1094 917 1705 1508 1099 885 1382 875 1060 890
internal_value=0.000137313 -0.000621705 0.00105877 -0.00197537 -0.00289568 -0.005812 0.00377119 0.00203738 0.000485577 -0.00325533 0.00459143 0.000362907 -0.00142777 -0.002776 0.00128084
internal_weight=17899 12789 5705 7084 6045 3246 2729 5110 2799 2193 2023 3087 2976 1935 1807
internal_count=17899 12789 5705 7084 6045 3246 2729 5110 2799 2193 2023 3087 2976 1935 1807
is_linear=0
shrinkage=0.0477671


Tree=84
num_leaves=17
num_cat=4
split_feature=26 7 13 28 4 13 10 4 28 9 28 27 10 28 18 40
split_gain=12.7974 23.6181 8.15545 6.75614 8.32619 12.1497 12.1046 7.47868 7.30403 5.5004 4.8193 7.68859 6.53589 13.8103 2.84942 2.33397
threshold=29.383373167072147 284.33696598712294 3.1484483948174562 0 292.5022142604879 3.0465388844843373 1017.4713852576674 296.96005489100162 1 1006.1323425135096 2 0.59544994666188977 1018.7979364616053 3 1.0000000180025095e-35 0.15101559051660998
decision_type=2 2 2 1 2 2 2 2 1 2 1 2 2 1 2 2
left_child=2 -2 9 7 5 14 8 15 -6 -1 11 -11 13 -12 -5 -3
right_child=1 3 -4 4 6 -7 -8 -9 -10 10 12 -13 -14 -15 -16 -17
leaf_value=0.043204851691053349 0.18351282965774446 0.077459815275226745 -0.1226193341993168 0.025922484464615418 0.010314857529864243 -0.13547860451615495 -0.035489969714402526 -0.012773517021608755 0.099831666239826256 0.038850721366642096 0.054364598181994808 -0.050173294274758917 -0.091669123792164006 -0.08296472700322878 -0.029273475757583739 0.045702141936179067
leaf_weight=1022 1026 1017 1182 1031 937 1223 1227 1008 1062 1156 950 874 1411 988 921 878
leaf_count=1022 1026 1017 1182 1031 937 1223 1227 1008 1062 1156 950 874 1411 988 921 878
internal_value=0.00012654 0.00122055 -0.00136349 0.000461823 -0.000405721 -0.00214317 0.00130232 0.00236873 0.00359515 -0.000689927 -0.00130055 0.000537457 -0.00240973 -0.000615039 0.000194624 0.00414536
internal_weight=17913 10330 7583 9304 6401 3175 3226 2903 1999 6401 5379 2030 3349 1938 1952 1895
internal_count=17913 10330 7583 9304 6401 3175 3226 2903 1999 6401 5379 2030 3349 1938 1952 1895
cat_boundaries=0 1 2 3 4
cat_threshold=4676 1160 2570 4484
is_linear=0
shrinkage=0.0477671


Tree=85
num_leaves=16
num_cat=1
split_feature=27 17 41 14 31 35 29 9 9 18 29 7 17 10 25
split_gain=13.0262 13.354 27.4782 12.1814 9.01937 11.4889 8.96722 8.33359 20.0153 8.95743 14.124 7.46148 7.35137 7.30947 2.33167
threshold=2.5074210552601968 0.19787510358838234 -0.98212955754013376 1.4780142910846255 0 0.72916666666666685 144.50000000000003 1003.2167204284515 1012.0507931483183 0.0052119872132086248 246.50000000000003 287.05262035149474 1.0000000180025095e-35 1016.9759619875373 670.94035602777581
decision_type=2 2 2 2 1 2 2 2 2 2 2 2 2 2 2
left_child=1 2 -1 11 5 6 -5 -6 -9 10 13 -4 -11 -10 -13
right_child=-2 -3 3 4 7 -7 -8 8 9 12 -12 14 -14 -15 -16
leaf_value=0.16577177291317524 0.094796831002378942 -0.10381782718871087 0.059875283991081413 -0.20919919339174195 0.053792327903188462 0.025367328751940831 -0.023301371958128862 -0.15122068270987157 0.00044050441855010423 -0.013073635030164637 0.040589604152212057 -0.021190419517878173 0.08802380008275569 -0.10439061318881168 0.020401224607627111
leaf_weight=896 972 921 1617 1121 1306 907 1255 892 1003 981 1012 1029 1310 1714 988
leaf_count=896 972 921 1617 1121 1306 907 1255 892 1003 981 1012 1029 1310 1714 988
internal_value=0.000173099 -0.000135122 0.00018609 -0.000294945 -0.00105682 -0.00316881 -0.00492454 -0.000208724 -0.000870431 0.00011865 -0.0013252 0.00211565 0.00246974 -0.00311977 0.00017651
internal_weight=17924 16952 16031 15135 11501 3283 2376 8218 6912 6020 3729 3634 2291 2717 2017
internal_count=17924 16952 16031 15135 11501 3283 2376 8218 6912 6020 3729 3634 2291 2717 2017
cat_boundaries=0 1
cat_threshold=72
is_linear=0
shrinkage=0.0477671


Tree=86
num_leaves=16
num_cat=0
split_feature=36 1 14 10 1 1 10 12 9 0 6 24 1 12 44
split_gain=12.3271 12.4105 8.60693 9.7247 18.055 11.916 13.6812 10.5948 12.7925 8.32691 20.85 10.0444 6.68609 5.93555 5.41237
threshold=-0.9159756150367534 0.25166382783035168 5.0562217627266053 1027.0343860345367 0.29485354602110464 0.23781305535609634 1002.1694091606772 82.294953868839812 1014.0178088279582 13.331648913963104 288.25155042993487 16.615431426609288 0.26320550507641644 50.613195348075415 29130.500000000004
decision_type=2 2 2 2 2 2 2 2 2 2 2 2 2 2 2
left_child=1 -1 3 4 5 6 -2 8 -7 -8 -11 13 -10 -12 -6
right_child=2 -3 -4 -5 14 7 9 -9 12 10 11 -13 -14 -15 -16
leaf_value=0.0019469696236649552 0.12609696640066431 0.12317687329842199 -0.13780482575497108 -0.051173850968732372 0.033873067196319516 -0.12419783336935881 0.045049627203241314 0.01542072651108293 0.0026235153143219937 -0.24070398026253195 0.016761317736748708 0.088542557141978354 -0.079585978013750905 -0.042554197257517107 0.15952756319209416
leaf_weight=1238 1000 994 910 1365 948 949 1109 1253 1453 942 1586 1001 960 1398 874
leaf_count=1238 1000 994 910 1365 948 949 1109 1253 1453 942 1586 1001 960 1398 874
internal_value=0.00010083 0.00342316 -0.000369911 -9.32076e-05 0.000295875 -0.000395442 0.000841513 -0.00228178 -0.00367919 -1.54577e-05 -0.000857551 0.000652716 -0.00183018 -0.000735608 0.00471781
internal_weight=17980 2232 15748 14838 13473 11651 7036 4615 3362 6036 4927 3985 2413 2984 1822
internal_count=17980 2232 15748 14838 13473 11651 7036 4615 3362 6036 4927 3985 2413 2984 1822
is_linear=0
shrinkage=0.0477671


Tree=87
num_leaves=18
num_cat=2
split_feature=27 18 2 36 28 10 1 29 15 11 35 27 28 8 4 2 10
split_gain=11.0278 11.3086 22.6806 10.7718 12.7856 7.95485 13.5114 12.5927 11.0134 10.3374 6.48364 7.86727 5.16658 5.6151 6.98989 4.31564 3.50325
threshold=2.5205463126423737 0.23834859856993457 0.8173988071535474 -0.9159756150367534 0 1027.3208922851293 0.29485354602110464 96.500000000000014 193.32764373551598 69.85213216367309 0.52083333333333337 0.31139250897865672 1 296.3664037522426 289.41703710030441 0.78668478865228597 1015.3343082329699
decision_type=2 2 2 2 1 2 2 2 2 2 2 2 1 2 2 2 2
left_child=1 2 3 4 -1 6 7 9 -8 -5 12 -12 -9 14 16 -13 -14
right_child=-2 -3 -4 5 -6 -7 8 10 -10 -11 11 15 13 -15 -16 -17 -18
leaf_value=0.1284154691624208 0.081177382549702137 -0.10367348824066625 0.12143414287314898 -0.22897971699120206 -0.0096896677925911272 -0.067501318184214856 0.15379783945194972 -0.035187765212995548 0.001185242107503624 -0.020875702125772812 -0.057958165258972273 -0.022847542880940576 -0.021091478279207636 -0.022790695494198997 0.059485285317339029 0.0458617247412441 0.044402525857336957
leaf_weight=907 948 876 910 987 916 1234 876 1005 1089 1118 1066 963 875 1009 1210 974 891
leaf_count=907 948 876 910 987 916 1234 876 1005 1089 1118 1066 963 875 1009 1210 974 891
internal_value=0.000224611 -5.6377e-05 0.000232289 -0.000208359 0.00323478 -0.000680577 -0.0003067 -0.00101207 0.00331704 -0.00429911 -0.000146136 -0.00190008 0.000908946 0.00167936 0.00272788 -8.51591e-05 0.000810182
internal_weight=17854 16906 16030 15120 1823 13297 12063 10098 1965 2105 7993 3003 4990 3985 2976 1937 1766
internal_count=17854 16906 16030 15120 1823 13297 12063 10098 1965 2105 7993 3003 4990 3985 2976 1937 1766
cat_boundaries=0 1 2
cat_threshold=7686 2176
is_linear=0
shrinkage=0.0477671


Tree=88
num_leaves=17
num_cat=3
split_feature=17 2 36 25 8 9 9 41 1 2 28 9 28 31 30 9
split_gain=10.3311 22.6712 9.7672 11.1966 7.74182 8.24266 7.11987 27.9861 30.7025 23.1073 7.0787 5.66051 6.60782 7.82628 3.321 2.69342
threshold=0.43270909900013854 0.81746419777159263 -0.9159756150367534 82.00043822520216 279.1294037910057 1027.6871938890406 1014.5748773911311 -0.29342786347392819 0.20685520443833297 0.74243286680306009 0 1016.9184757562065 1 2 0.58453114305270371 1019.8390403267217
decision_type=2 2 2 2 2 2 2 2 2 2 1 2 1 1 2 2
left_child=1 2 3 -1 -4 6 7 8 -6 -9 -8 14 15 -14 -12 -13
right_child=-2 -3 4 -5 5 -7 10 9 -10 -11 11 12 13 -15 -16 -17
leaf_value=0.12785349088451714 -0.10714623139688698 0.1259521722319836 0.075236384333540615 -0.0072006842916837246 -0.060694431360500116 -0.075129998482877949 0.063743395000372335 -0.021401874258652261 0.14623489294415293 -0.31048988958117968 -0.00059399606162306761 -0.013197283138176081 -0.0049011025455855152 -0.10288021450929818 0.048483732856723763 0.02466148166502867
leaf_weight=1002 875 896 883 979 1033 1065 1679 1501 1043 917 906 882 1280 1047 912 1018
leaf_count=1002 875 896 883 979 1033 1065 1679 1501 1043 917 906 882 1280 1047 912 1018
internal_value=0.000178489 0.000438498 2.79653e-05 0.00316968 -0.000411221 -0.000699275 -0.000347769 -0.00185959 0.00220781 -0.00535262 0.000531556 -0.000232353 -0.00119167 -0.00289123 0.00199564 0.000899154
internal_weight=17918 17043 16147 1981 14166 13283 12218 4494 2076 2418 7724 6045 4227 2327 1818 1900
internal_count=17918 17043 16147 1981 14166 13283 12218 4494 2076 2418 7724 6045 4227 2327 1818 1900
cat_boundaries=0 1 2 3
cat_threshold=4114 1608 116
is_linear=0
shrinkage=0.0477671


Tree=89
num_leaves=17
num_cat=1
split_feature=49 31 37 7 14 17 23 44 1 1 6 8 41 14 29 46
split_gain=11.1314 9.17633 11.6062 9.99677 9.31731 7.4704 6.69885 6.54012 5.17734 3.27741 4.84048 5.40138 5.56723 5.05343 3.72079 3.27566
threshold=1.0000000180025095e-35 0 0.60355339059327384 286.01691654044367 2.1410383550907572 0.023321270078052781 4.1377483990342627 26542.500000000004 0.25937366492730901 0.19719531436214235 299.93990197371448 298.16826474905173 -0.46800559042974538 3.0444006248847986 257.50000000000006 0.31987284984013525
decision_type=2 1 2 2 2 2 2 2 2 2 2 2 2 2 2 2
left_child=1 4 3 5 -1 -3 -4 -5 15 -9 11 12 -11 14 -14 -8
right_child=-2 2 6 7 -6 -7 8 9 -10 10 -12 -13 13 -15 -16 -17
leaf_value=0.010395278877310347 0.074291556847110252 0.03351096035161337 0.032207069119460606 0.050649183248402285 -0.11825513817315385 0.13217452027767584 -0.045024008420102138 0.033678721681422288 -0.078640604821141852 -0.060229955402571603 -0.046386205091754992 0.046865811148860133 0.062890536952551201 -0.054008590321987016 -0.0028021585088947444 0.016558040487468027
leaf_weight=1042 890 1630 929 1095 1360 965 960 957 1332 956 876 1030 909 883 1056 1036
leaf_count=1042 890 1630 929 1095 1360 965 960 957 1332 956 876 1030 909 883 1056 1036
internal_value=0.00021062 -6.1627e-05 0.000388543 0.00125196 -0.00279143 0.00381867 -0.00171065 0.000393566 -0.00271206 -0.000168036 -0.000601926 -9.41985e-06 -0.000840737 0.000217254 0.00156679 -0.00117152
internal_weight=17906 17016 14614 10357 2402 2595 4257 7762 3328 6667 5710 4834 3804 2848 1965 1996
internal_count=17906 17016 14614 10357 2402 2595 4257 7762 3328 6667 5710 4834 3804 2848 1965 1996
cat_boundaries=0 1
cat_threshold=64
is_linear=0
shrinkage=0.0477671


Tree=90
num_leaves=16
num_cat=0
split_feature=32 37 16 44 7 36 26 23 29 13 8 11 3 15 6
split_gain=14.1175 15.497 12.4881 11.0612 12.5763 8.16551 5.43984 4.9519 3.89797 3.58263 6.53559 4.33295 3.38686 4.91932 2.10412
threshold=1.0000000180025095e-35 0.37940952255126048 196.7291390717584 26664.500000000004 286.01691654044367 0.60355339059327384 741.60271378432424 4.1377483990342627 114.50000000000001 2.7775237060760589 296.11578303822677 42.014730335254029 290.08195990116531 185.23797126171922 287.57112746642036
decision_type=2 2 2 2 2 2 2 2 2 2 2 2 2 2 2
left_child=1 3 5 -1 -5 6 -2 -3 -4 10 14 -11 13 -9 -6
right_child=2 7 8 4 9 -7 -8 12 -10 11 -12 -13 -14 -15 -16
leaf_value=0.14985293769256602 0.051192441818119071 0.023494856763524655 -0.38625696599960047 0.078170751041627143 0.026644548567885312 -0.052307653637952575 -0.020036928844670877 -0.017632686203725406 -0.0430779817585068 0.015447089870470079 -0.017140199938743796 -0.05602854305362498 -0.00083533860206118046 -0.10625918379848337 0.042870903956565745
leaf_weight=902 1294 1049 888 1616 966 902 1009 1188 1013 955 1070 1476 1248 1266 992
leaf_count=902 1294 1049 888 1616 966 902 1009 1188 1013 955 1070 1476 1248 1266 992
internal_value=2.66591e-05 0.000878006 -0.0020951 0.00216442 0.00152891 -0.000275026 0.00123313 -0.00128143 -0.00516249 0.000432724 0.00152945 -0.000932417 -0.00210259 -0.00313295 0.00317032
internal_weight=17834 12728 5106 7977 7075 3205 2303 4751 1901 5459 3028 2431 3702 2454 1958
internal_count=17834 12728 5106 7977 7075 3205 2303 4751 1901 5459 3028 2431 3702 2454 1958
is_linear=0
shrinkage=0.0477671


Tree=91
num_leaves=17
num_cat=0
split_feature=49 27 17 2 6 36 14 9 9 24 12 5 42 10 41 41
split_gain=10.8448 8.7867 13.8275 19.4608 11.0825 12.2812 10.9137 9.75368 14.1413 7.25568 7.2251 6.74874 5.89106 4.72218 7.51462 6.32799
threshold=1.0000000180025095e-35 2.4972754498449805 0.15568364893086026 0.81720541958765225 300.55739434529556 -0.9159756150367534 4.361203081677739 1006.1323425135096 1012.9404590726077 16.971839262132715 83.757113941189431 284.79827774004173 0.68301270189221941 1017.2636098411681 -0.43733099657705293 -0.68432604233786842
decision_type=2 2 2 2 2 2 2 2 2 2 2 2 2 2 2 2
left_child=1 2 3 4 5 -1 7 9 -9 -7 11 12 -10 15 -15 -13
right_child=-2 -3 -4 -5 -6 6 -8 8 10 -11 -12 13 -14 14 -16 -17
leaf_value=0.084599740486910519 0.072883302927576943 0.072578502626015923 -0.097330715223036879 0.11326003607846089 -0.045138912607446242 0.0087258663950160742 -0.17858183876029776 -0.1347501949678355 0.091333482480334863 0.09306962600972761 -0.059008039692979686 0.068900869552526889 0.0022890441338271369 -0.066105014647862823 0.0045820551320191081 -0.020451238040150883
leaf_weight=1383 908 954 1162 895 1063 994 955 940 1124 878 962 948 1024 1310 1490 905
leaf_count=1383 908 954 1162 895 1063 994 955 940 1124 878 962 948 1024 1310 1490 905
internal_value=0.000172045 -9.96939e-05 -0.000364825 2.71528e-05 -0.000409976 -2.38716e-05 -0.000534234 -9.23871e-05 -0.0007654 0.00303528 -9.50867e-05 0.00045269 0.00266751 -0.000569276 -0.00180753 0.0013006
internal_weight=17895 16987 16033 14871 13976 12913 11530 10575 8703 1872 7763 6801 2148 4653 2800 1853
internal_count=17895 16987 16033 14871 13976 12913 11530 10575 8703 1872 7763 6801 2148 4653 2800 1853
is_linear=0
shrinkage=0.0477671


Tree=92
num_leaves=16
num_cat=1
split_feature=24 13 32 9 24 28 5 5 11 10 1 36 13 9 13
split_gain=10.5619 9.97828 9.61039 8.92912 11.9301 12.1764 10.4752 9.84692 13.8921 9.04423 11.0105 8.61424 9.78543 3.5051 1.85298
threshold=61.4069078011809 1.0000391774177777 1.0000000180025095e-35 1002.4875130205102 42.813160103352629 0 285.64703832179498 286.53822343348185 77.017705276958949 1017.3145868641608 0.20567059505637814 0.78656609248549325 3.5871444088591216 1014.6437927119836 2.0866993264773854
decision_type=2 2 2 2 2 1 2 2 2 2 2 2 2 2 2
left_child=1 -1 3 -3 5 7 -7 8 -5 10 -8 12 13 -4 -15
right_child=-2 2 11 4 -6 6 9 -9 -10 -11 -12 -13 -14 14 -16
leaf_value=0.039247196627816221 0.069111639627914209 0.058024698084232877 -0.044161051746138207 0.13997111266420464 -0.084310674807706862 -0.15828457702056395 -0.022768785914002002 -0.0090398948321549887 0.0075691053368754559 -0.040011671029857261 0.10708947347701174 -0.10885720255859038 -0.13469135034110635 0.031359782809760227 -0.0031587956511740572
leaf_weight=1494 888 1531 875 1106 1229 1125 1079 1346 933 1687 1070 893 884 950 888
leaf_count=1494 888 1531 875 1106 1229 1125 1079 1346 933 1687 1070 893 884 950 888
internal_value=8.22421e-05 -0.000181546 -0.000538906 0.00021485 -0.000326529 0.00032024 -0.00118628 0.00252488 0.00462568 0 0.00205501 -0.00240381 -0.00136055 6.0801e-05 0.00124624
internal_weight=17978 17090 15596 11106 9575 8346 4961 3385 2039 3836 2149 4490 3597 2713 1838
internal_count=17978 17090 15596 11106 9575 8346 4961 3385 2039 3836 2149 4490 3597 2713 1838
cat_boundaries=0 1
cat_threshold=7698
is_linear=0
shrinkage=0.0477671


Tree=93
num_leaves=16
num_cat=2
split_feature=27 40 35 7 52 2 6 28 13 28 45 5 10 40 2
split_gain=9.19473 9.31896 7.51229 17.8425 7.86028 8.27108 9.00074 7.63883 8.37793 6.15439 6.81983 4.23533 4.14747 3.7432 4.62059
threshold=2.5074210552601968 0.98213580174693105 0.27083333333333343 281.69304607847511 0.19593493916883467 0.81615289461429152 300.55739434529556 0 3.4899327494203392 1 0.74209610549551519 286.9897778950691 1018.7486245536343 0.46039464932087154 0.71879978220520824
decision_type=2 2 2 2 2 2 2 1 2 1 2 2 2 2 2
left_child=1 2 9 -4 5 6 7 11 13 12 -11 -5 -1 14 -9
right_child=-2 -3 3 4 -6 -7 -8 8 -10 10 -12 -13 -14 -15 -16
leaf_value=-0.022927159086672391 0.074179508341923883 -0.095391174120201774 0.13849920179982925 0.071277181720560148 -0.063987093251192464 0.089696477839331976 -0.040951097334453471 0.028895363578495231 -0.073778915071019607 -0.029177121809092998 0.041182082970543696 0.020668483694457378 -0.096035043695565994 0.047809607069366017 -0.038520516239860594
leaf_weight=1299 963 1033 908 875 1213 880 910 917 1261 1607 890 1683 886 1649 986
leaf_count=1299 963 1033 908 875 1213 880 910 917 1261 1607 890 1683 886 1649 986
internal_value=0.000194029 -6.3101e-05 0.000221281 0.000888925 0.000326704 0.000805347 0.000337175 0.000890753 -0.000232282 -0.00138703 0.000237278 0.00299387 -0.00323061 0.000954175 -0.000488296
internal_weight=17960 16997 15964 11282 10374 9161 8281 7371 4813 4682 2497 2558 2185 3552 1903
internal_count=17960 16997 15964 11282 10374 9161 8281 7371 4813 4682 2497 2558 2185 3552 1903
cat_boundaries=0 1 2
cat_threshold=4880 4486
is_linear=0
shrinkage=0.0477671


Tree=94
num_leaves=17
num_cat=0
split_feature=16 45 13 9 29 2 45 40 5 46 29 0 17 29 3 13
split_gain=10.3418 14.1479 12.4832 15.4618 10.4793 9.51839 9.48177 13.3655 13.2151 9.04362 17.6528 8.91562 9.99952 8.33555 4.6351 3.48543
threshold=183.99903422182339 0.56192977791787302 4.6230114096005019 999.35539712294212 251.50000000000003 0.7205234639773116 0.88922368301820442 -0.30983472475487867 289.51100889177854 0.077737566926842624 157.50000000000003 13.800775831750039 0.023321270078052781 86.500000000000014 291.93850669216096 2.1555143112714634
decision_type=2 2 2 2 2 2 2 2 2 2 2 2 2 2 2 2
left_child=1 4 3 -2 11 -3 7 8 -5 10 -7 12 -1 -9 -11 -16
right_child=2 5 -4 6 -6 9 -8 13 -10 14 -12 -13 -14 -15 15 -17
leaf_value=0.062992481422681545 0.098091551028287663 0.055344805918692674 -0.15323458217032374 0.066211212357570381 -0.0010947668422347763 0.021800392471098818 0.040894651657900405 -0.029041315521963498 -0.032037022677320823 -0.042321012483330908 -0.10557209430969243 0.025859728248726278 0.19434070502109232 -0.12128757592948772 0.056689059958531671 0.002322256507414449
leaf_weight=942 1008 885 1319 892 1262 896 1039 1166 941 1003 970 906 876 1639 928 1169
leaf_count=942 1008 885 1319 892 1262 896 1039 1166 941 1003 970 906 876 1639 928 1169
internal_value=0.00029037 0.00132785 -0.000984425 -0.000146147 0.00352265 -0.000166979 -0.00111448 -0.00203873 0.00113237 -0.000980671 -0.00360821 0.00518973 0.00711917 -0.00411177 0.000600221 0.00187818
internal_weight=17841 9837 8004 6685 3986 5851 5677 4638 1833 4966 1866 2724 1818 2805 3100 2097
internal_count=17841 9837 8004 6685 3986 5851 5677 4638 1833 4966 1866 2724 1818 2805 3100 2097
is_linear=0
shrinkage=0.0477671


Tree=95
num_leaves=17
num_cat=2
split_feature=36 5 31 14 16 23 29 14 10 5 25 36 37 10 42 31
split_gain=10.3464 12.5241 11.8509 8.64897 7.1864 18.1217 7.65939 11.9276 8.81197 8.8719 6.56416 6.21848 5.46808 5.34022 2.87559 2.58175
threshold=-0.70710678118654735 284.36953262835914 0 2.129656766941916 147.33506008051413 20.807330543462566 106.50000000000001 1.8327828557227293 1017.7109288497221 286.36389833485094 529.57107935834017 -1.0000000180025095e-35 0.25881904510252057 1014.9536389341391 -0.24999999999999997 1
decision_type=2 2 1 2 2 2 2 2 2 2 2 2 2 2 2 1
left_child=1 -1 3 -2 5 12 7 -6 11 -10 14 -8 -4 -9 -3 -13
right_child=2 10 4 -5 6 -7 8 13 9 -11 -12 15 -14 -15 -16 -17
leaf_value=0.12604380519903316 -0.013976666828403784 0.0016932792594847902 0.010206508845746502 -0.19103197493007079 0.019117000514087951 0.077370385706029943 -0.016490062539886944 -0.23130596891929489 0.017994903893537861 -0.064998857911856917 -0.025807794716537113 0.071105240495820593 -0.054258330715046529 -0.10871340081436662 0.064092334899988543 0.030272794981076011
leaf_weight=1138 991 1049 1482 883 916 1577 886 884 909 1139 1211 933 908 881 1076 1038
leaf_count=1138 991 1049 1482 883 916 1577 886 884 909 1139 1211 933 908 881 1076 1038
internal_value=0.000145303 0.00213482 -0.000517456 -0.00403011 5.55759e-05 0.00170325 -0.000805689 -0.00285878 0.000316045 -0.00207473 0.00065799 0.00203062 -0.000918433 -0.00515433 0.00225805 0.00352505
internal_weight=17901 4474 13427 1874 11553 3967 7586 2681 4905 2048 3336 2857 2390 1765 2125 1971
internal_count=17901 4474 13427 1874 11553 3967 7586 2681 4905 2048 3336 2857 2390 1765 2125 1971
cat_boundaries=0 1 2
cat_threshold=64 11
is_linear=0
shrinkage=0.0477671


Tree=96
num_leaves=17
num_cat=2
split_feature=27 17 2 36 25 13 52 28 23 29 4 23 28 2 5 2
split_gain=7.16407 11.5566 15.3356 7.69015 8.82546 8.51928 6.64991 6.0799 11.468 18.4674 11.7136 6.70716 6.25437 5.64882 7.19576 5.18234
threshold=2.3497056310510049 0.15568364893086026 0.8173988071535474 -0.9159756150367534 82.00043822520216 4.6230114096005019 0.077737566926842624 0 8.6186974076811076 156.50000000000003 292.05303048374441 3.9047518469460907 1 0.72323061768906294 292.18871461924044 0.77966125471262993
decision_type=2 2 2 2 2 2 2 1 2 2 2 2 1 2 2 2
left_child=1 2 3 4 -1 6 7 -5 9 11 -11 -9 15 -14 -15 -10
right_child=-2 -3 -4 5 -6 -7 -8 8 12 10 -12 -13 13 14 -16 -17
leaf_value=0.11639302474046287 0.069601645078180299 -0.092164596088575662 0.10697042532518052 -0.060823178837182225 -0.0090549866548863666 -0.13800612201136175 0.050224564583021498 0.11623004111003604 -0.092266526044254699 0.037642884610338594 -0.048364040200368226 0.049453485884454799 -0.057043775773443425 0.068602821225317287 -0.015201169157384136 -0.031955682535942193
leaf_weight=895 1195 1006 876 1620 885 1008 1412 917 991 875 1119 941 1215 926 947 939
leaf_count=895 1195 1006 876 1620 885 1008 1412 917 991 875 1119 941 1215 926 947 939
internal_value=0.000283514 2.58069e-05 0.000346618 -1.93581e-05 0.00292381 -0.000425328 -6.80397e-05 -0.000482467 1.05071e-05 0.00197111 -0.00122061 0.00539766 -0.00149406 -0.000153467 0.00149073 -0.00361831
internal_weight=17767 16572 15566 14690 1780 12910 11902 10490 8870 3852 1994 1858 5018 3088 1873 1930
internal_count=17767 16572 15566 14690 1780 12910 11902 10490 8870 3852 1994 1858 5018 3088 1873 1930
cat_boundaries=0 1 2
cat_threshold=132 2104
is_linear=0
shrinkage=0.0477671


Tree=97
num_leaves=17
num_cat=1
split_feature=49 26 7 23 1 17 3 9 29 9 24 10 13 28 23 24
split_gain=10.6697 6.97704 16.4552 7.23895 6.16152 5.22692 6.70739 10.585 9.30757 10.3499 7.16941 4.96398 4.9105 6.43848 3.25002 2.55544
threshold=1.0000000180025095e-35 82.201799871074925 285.12321680409167 3.7278652823181551 0.30463295030553911 0.15568364893086026 291.93850669216096 1018.4664769901457 185.50000000000003 1018.4181118697708 13.512808299112908 1016.1973726407444 3.1665472403397015 0 20.411496269322921 8.8548910563737149
decision_type=2 2 2 2 2 2 2 2 2 2 2 2 2 1 2 2
left_child=1 3 -3 -1 12 6 7 -4 11 10 -10 -8 13 -5 15 -15
right_child=-2 2 5 4 -6 -7 8 -9 9 -11 -12 -13 -14 14 -16 -17
leaf_value=0.038034223326870439 0.071617065512241354 0.12674844572397814 -0.076301952894018157 0.02396769849995925 -0.13370053504539048 -0.062775817883460927 0.03094739251273693 0.022862298317347877 -0.0093476886007194653 -0.043416269229462297 0.072448158168426036 0.072118713972884038 -0.11385851999104452 -0.020820519540337097 0.004279356714401457 -0.080882459041699842
leaf_weight=1145 923 1215 1518 1222 886 1012 1007 1390 1079 898 906 875 915 926 1135 940
leaf_count=1145 923 1215 1518 1222 886 1012 1007 1390 1079 898 906 875 915 926 1135 940
internal_value=0.000196339 -7.40287e-05 0.000747643 -0.00120902 -0.00187098 1.89929e-05 0.000444821 -0.0013626 0.00154833 -0.000156627 0.00176758 0.0041613 -0.00123604 -0.000548063 -0.00173639 -0.00296825
internal_weight=17992 17069 9900 7169 6024 8685 7673 2908 4765 2883 1985 1882 5138 4223 3001 1866
internal_count=17992 17069 9900 7169 6024 8685 7673 2908 4765 2883 1985 1882 5138 4223 3001 1866
cat_boundaries=0 1
cat_threshold=6214
is_linear=0
shrinkage=0.0477671


Tree=98
num_leaves=17
num_cat=0
split_feature=44 14 27 18 1 36 6 40 6 24 17 9 6 18 29 40
split_gain=8.07025 8.17188 8.26068 8.98027 13.3839 7.87924 10.932 7.22689 21.3744 10.4197 8.97345 8.11689 6.18375 5.85464 4.38602 4.2109
threshold=35947.000000000007 1.206885002515629 2.4972754498449805 0.18058722313752504 0.19871784236801476 -0.5 299.18698999101713 -0.30983472475487867 286.02196600195697 4.5577320870727593 0.023321270078052781 1018.1628518528377 284.44275386096945 0.024213528291329257 181.50000000000003 0.26866988313759588
decision_type=2 2 2 2 2 2 2 2 2 2 2 2 2 2 2 2
left_child=1 14 3 4 -3 6 13 8 -7 -9 12 -10 -11 15 -1 -6
right_child=-2 2 -4 -5 5 7 -8 9 11 10 -12 -13 -14 -15 -16 -17
leaf_value=0.078974362143352003 0.11495710686426044 0.053105196623891432 0.061892180641732915 -0.1041077340031125 0.082987438450784198 0.062381897176598117 -0.04111710322609765 0.017687355304144003 -0.0052396029593346858 -0.19440889552192384 -0.018190987102233554 -0.068984015758404668 -0.061432222728670702 -0.027615789121658043 0.0055366382069728355 0.020548041646067026
leaf_weight=875 892 1528 914 1024 1085 1051 889 936 1229 1616 987 880 972 884 1048 1172
leaf_count=875 892 1528 914 1024 1085 1051 889 936 1229 1616 987 880 972 884 1048 1172
internal_value=6.62855e-05 -0.000164776 -0.000536827 -0.000819253 -0.000485482 -0.00103467 0.00067506 -0.00193318 -0.000180688 -0.00316033 -0.00433516 -0.00295466 -0.00581314 0.00199909 0.00276849 0.00329001
internal_weight=17982 17090 15167 14253 13229 11701 4030 7671 3160 4511 3575 2109 2588 3141 1923 2257
internal_count=17982 17090 15167 14253 13229 11701 4030 7671 3160 4511 3575 2109 2588 3141 1923 2257
is_linear=0
shrinkage=0.0477671


Tree=99
num_leaves=15
num_cat=1
split_feature=49 10 30 16 27 17 41 1 41 10 16 31 12 10
split_gain=11.644 10.548 9.8137 19.264 8.75323 11.3044 13.6979 6.45367 9.05091 9.99635 10.8425 7.1826 5.53914 8.39426
threshold=1.0000000180025095e-35 1025.9534281187593 0.12183436002737852 205.81632759259554 2.3497056310510049 0.15568364893086026 -0.97874870457683594 0.23867219276356214 -0.90161545992537195 1010.3165271182996 132.21221230890669 0 76.297339155516312 1018.0918248392605
decision_type=2 2 2 2 2 2 2 2 2 2 2 1 2 2
left_child=1 2 3 -1 5 6 -4 8 -8 -10 -11 -12 13 -9
right_child=-2 -3 4 -5 -6 -7 7 12 9 10 11 -13 -14 -15
leaf_value=0.27093114405158514 0.072819236995455616 -0.05323313936313466 0.11446302251998375 -0.019656276801082669 0.064483069000001267 -0.099213813397029629 -0.037436666585026653 -0.097993128422729447 0.11348064508050329 0.041319507176513739 0.013181322366531037 -0.070425907166436763 0.0037076255732638439 -0.0054178015034176364
leaf_weight=879 891 1557 943 1007 1009 914 1382 1732 886 1040 1588 1181 1503 1365
leaf_count=879 891 1557 943 1007 1009 914 1382 1732 886 1040 1588 1181 1503 1365
internal_value=0.000116107 -0.000162973 0.000215022 0.00344331 -0.000234385 -0.000579094 -0.000176571 -0.000664155 0.000357277 0.00135776 0.000294118 -0.00126712 -0.00201404 -0.00316884
internal_weight=17877 16986 15429 1886 13543 12534 11620 10677 6077 4695 3809 2769 4600 3097
internal_count=17877 16986 15429 1886 13543 12534 11620 10677 6077 4695 3809 2769 4600 3097
cat_boundaries=0 1
cat_threshold=83
is_linear=0
shrinkage=0.0477671


Tree=100
num_leaves=15
num_cat=0
split_feature=16 32 9 9 20 40 5 9 45 45 16 29 13 40
split_gain=8.4531 8.93712 13.829 11.7392 8.77517 8.65058 12.0833 12.3315 11.5773 8.03172 8.88604 5.5879 4.47526 2.60256
threshold=86.377893783141943 1.0000000180025095e-35 1002.4875130205102 1012.6279629417517 0.00016142352194219441 -0.30983472475487867 285.50205361145515 1017.1305573989545 0.71603616942947224 0.56192977791787302 172.06111405523262 126.50000000000001 2.1029130204503135 0.52033990680116082
decision_type=2 2 2 2 2 2 2 2 2 2 2 2 2 2
left_child=-1 2 11 -3 5 6 -4 -8 9 10 -7 -2 -5 -10
right_child=1 3 4 12 -6 8 7 -9 13 -11 -12 -13 -14 -15
leaf_value=0.038731661083920246 0.12719828438328207 -0.11453699882212771 0.083289383800589312 0.013380461672124692 -0.088930805523235124 0.04591099789117295 0.043864004557582492 -0.032540616566779035 0.061627080937621731 -0.089312475282791903 -0.083040041424329858 0.022920127806730903 -0.039102888383574189 0.0070301785858796154
leaf_weight=1205 912 1453 965 1731 979 998 1386 1199 921 1190 1577 880 1641 952
leaf_count=1205 912 1453 965 1731 979 998 1386 1199 921 1190 1577 880 1641 952
internal_value=-1.20362e-06 -0.000278774 0.000421205 -0.00201417 -0.000260533 0.000197314 0.00204461 0.00034099 -0.000965451 -0.00249243 -0.000991576 0.00429033 -0.00046681 0.0021028
internal_weight=17989 16784 11959 4825 10167 9188 3550 2585 5638 3765 2575 1792 3372 1873
internal_count=17989 16784 11959 4825 10167 9188 3550 2585 5638 3765 2575 1792 3372 1873
is_linear=0
shrinkage=0.0477671


Tree=101
num_leaves=16
num_cat=0
split_feature=9 1 35 52 18 41 41 9 30 14 14 0 9 9 44
split_gain=8.43311 10.5196 8.69108 7.91691 8.65887 14.214 18.7733 13.7683 18.4471 10.9392 7.51307 6.64739 9.34327 5.03227 5.34656
threshold=1027.1297821496321 0.29485354602110464 0.35416666666666669 0.43807022208212731 0.0052119872132085953 -0.96687281075841669 -0.87810534180523914 993.45929899936107 0.54072553045859018 2.6978624581546802 2.2272902814384081 13.472505314371864 1017.0343626327586 1017.5026534476278 27769.500000000004
decision_type=2 2 2 2 2 2 2 2 2 2 2 2 2 2 2
left_child=1 3 -3 4 5 -1 -7 -6 9 -9 -10 13 -13 -8 -15
right_child=-2 2 -4 -5 7 6 11 8 10 -11 -12 12 -14 14 -16
leaf_value=0.12698915820382004 -0.045258391444712484 -0.0052306094407055491 0.12956869091331158 0.06846292034137981 0.053136178537019588 -0.069856041567110894 -0.02233489273704807 -0.044875267681712572 -0.020006005029324678 -0.18322130369734774 0.062435585197759394 0.09613190710959256 -0.0070118929868169611 0.052039031419172641 -0.0094623252202906544
leaf_weight=984 1516 886 1513 1000 889 926 1571 1401 963 1465 890 1038 890 888 1089
leaf_count=984 1516 886 1513 1000 889 926 1571 1401 963 1465 890 1038 890 888 1089
internal_value=0.000195915 0.000511248 0.00343376 1.00807e-05 -0.000304944 0.0007693 -5.18804e-05 -0.00172017 -0.00274773 -0.00514927 0.00096548 0.00101146 0.0032692 -0.000214781 0.00138815
internal_weight=17909 16393 2399 13994 12994 7386 6402 5608 4719 2866 1853 5476 1928 3548 1977
internal_count=17909 16393 2399 13994 12994 7386 6402 5608 4719 2866 1853 5476 1928 3548 1977
is_linear=0
shrinkage=0.0477671


Tree=102
num_leaves=16
num_cat=2
split_feature=14 5 26 46 28 28 18 2 27 6 30 24 27 6 14
split_gain=7.56017 6.02834 17.786 7.0405 7.3262 6.57274 6.34387 12.0405 6.52224 14.7009 9.88407 11.6442 11.1396 3.54702 3.31639
threshold=5.3345440949812142 283.66651629811196 27.255006509519966 0.28396383057052793 0 1 0.18058722313752504 0.81720541958765225 0.58758665013040712 289.28571768530941 0.42847364818617389 6.402011446385405 0.1559173751249715 295.43624625789852 1.7314633493262932
decision_type=2 2 2 2 1 1 2 2 2 2 2 2 2 2 2
left_child=1 2 3 14 -5 -3 7 8 10 -10 11 -7 -12 -14 -1
right_child=-2 5 -4 4 -6 6 -8 -9 9 -11 12 -13 13 -15 -16
leaf_value=0.056430503976103406 -0.10902060025570973 -0.034803480698253071 0.11444563259237533 0.010189820128384236 -0.13898712189329451 0.060773130691061723 -0.060507371160539725 0.095628004124877292 -0.022214120987266123 0.088142956893691157 -0.076771402878071229 -0.054263712287854184 0.010611866634392855 -0.029876789505394075 -0.0035394615185783624
leaf_weight=946 961 1414 1510 902 947 979 1028 911 1588 1535 1047 890 1191 1098 906
leaf_count=946 961 1414 1510 902 947 979 1028 911 1588 1535 1047 890 1191 1098 906
internal_value=2.26174e-05 0.000257197 0.00160831 -0.000173635 -0.00225927 -0.000345355 7.64742e-05 0.000472828 -9.72393e-05 0.00162823 -0.00113295 0.00164727 -0.00269124 -0.000823315 0.00190741
internal_weight=17853 16892 5211 3701 1849 11681 10267 9239 8328 3123 5205 1869 3336 2289 1852
internal_count=17853 16892 5211 3701 1849 11681 10267 9239 8328 3123 5205 1869 3336 2289 1852
cat_boundaries=0 1 2
cat_threshold=6660 514
is_linear=0
shrinkage=0.0477671


Tree=103
num_leaves=15
num_cat=0
split_feature=9 29 45 27 18 24 41 9 41 41 2 5 41 13
split_gain=6.35104 11.5675 15.5222 8.01507 9.72419 14.1216 10.7204 9.53476 8.73724 14.4309 9.9552 6.20648 5.2626 3.36295
threshold=1027.1297821496321 44.500000000000007 0.23184395843844199 2.453018874244377 0.0052119872132085953 12.589937743793447 -0.38243420677835349 1014.4986704350758 -0.97111920233974802 -0.87810534180523914 0.79636641166578903 294.68773660992127 -0.082691941062253513 1.5670823560162608
decision_type=2 2 2 2 2 2 2 2 2 2 2 2 2 2
left_child=1 2 -1 4 8 -6 -7 -8 -3 -10 11 12 -11 -14
right_child=-2 3 -4 -5 5 6 7 -9 9 10 -12 -13 13 -15
leaf_value=-0.025931577621659888 -0.039328438623161301 0.11287180066299596 0.22902332968634487 0.073800708622399236 -0.082475867552129253 0.040646874569864766 -0.080392367627689046 0.0097205691781125335 -0.063219822095446174 0.050345276457969289 0.070116187895950088 -0.024736296518980024 0.019670921813323188 -0.032929915858217092
leaf_weight=892 1560 907 1156 876 1691 1633 1296 1345 982 1398 1230 874 917 1215
leaf_count=892 1560 907 1156 876 1691 1633 1296 1345 982 1398 1230 874 917 1215
internal_value=0.000188584 0.000465544 0.00382401 -1.31465e-05 -0.000300858 -0.00174134 -0.000278883 -0.00216052 0.000841008 0.000237921 0.00116962 0.000107956 0.00100072 -0.000491859
internal_weight=17972 16412 2048 14364 13488 5965 4274 2641 7523 6616 5634 4404 3530 2132
internal_count=17972 16412 2048 14364 13488 5965 4274 2641 7523 6616 5634 4404 3530 2132
is_linear=0
shrinkage=0.0477671


Tree=104
num_leaves=17
num_cat=1
split_feature=49 10 46 1 11 16 14 1 23 28 10 5 5 8 40 10
split_gain=7.8319 5.65016 13.4046 10.148 8.38317 9.98185 10.297 7.33919 6.67353 8.23914 11.6247 8.82945 8.29766 6.90718 5.85014 7.08233
threshold=1.0000000180025095e-35 992.53659026272703 0.3529115998950883 0.19544989965272661 45.414462837228605 94.419471914327275 4.6127098670968412 0.2088774352054856 2.0830259201982924 0 1025.9534281187593 284.86710511663813 286.81526974982984 283.21659047240843 -0.86976336936302323 1017.1993331066427
decision_type=2 2 2 2 2 2 2 2 2 1 2 2 2 2 2 2
left_child=1 2 -1 -3 7 -6 8 -5 -7 12 11 13 -10 -11 -13 -16
right_child=-2 3 -4 4 5 6 -8 -9 9 10 -12 14 -14 -15 15 -17
leaf_value=-0.01639496258794065 0.057416185792230491 -0.054950527515341734 0.097122980054205665 0.097911412250225774 0.048478422823617119 0.053043833027711644 -0.18242793052072867 0.0088091907346038029 -0.11043951136717418 0.0071009376969689069 -0.092997831894655894 -0.036373201420587788 0.0014101328217461862 0.11917266391873599 0.056131633987783702 -0.052416907199160111
leaf_weight=1114 921 915 1031 943 1018 944 1011 1722 1370 1064 875 960 911 1030 1077 956
leaf_count=1114 921 915 1031 943 1018 944 1011 1722 1370 1064 875 960 911 1030 1077 956
internal_value=0.000245904 1.25565e-05 0.0023038 -0.000319459 1.55983e-06 -0.000570485 -0.00102089 0.00240992 -0.000517099 -0.000952985 -1.56233e-05 0.000858749 -0.00338713 0.00323815 -0.000805214 0.000645038
internal_weight=17862 16941 2145 14796 13881 11216 10198 2665 9187 8243 5962 5087 2281 2094 2993 2033
internal_count=17862 16941 2145 14796 13881 11216 10198 2665 9187 8243 5962 5087 2281 2094 2993 2033
cat_boundaries=0 1
cat_threshold=2096
is_linear=0
shrinkage=0.0477671


Tree=105
num_leaves=15
num_cat=1
split_feature=17 2 52 28 13 30 6 2 30 2 6 12 15 2
split_gain=8.65489 14.6475 7.43093 21.6715 8.25668 18.6357 7.92102 6.25095 14.2341 10.0942 7.16639 4.23729 4.76491 4.25849
threshold=0.43270909900013854 0.8173988071535474 0.077737566926842624 0 2.7626815955556663 0.53524982888432593 289.92416014250051 0.71155276857366001 0.88569472963723495 0.73233766922924881 295.20245435409811 54.89818287560054 174.13401099300401 0.77924458804596319
decision_type=2 2 2 1 2 2 2 2 2 2 2 2 2 2
left_child=1 2 4 -4 7 6 -6 8 -1 -9 11 -11 13 -13
right_child=-2 -3 3 -5 5 -7 -8 9 -10 10 -12 12 -14 -15
leaf_value=0.091726180849919819 -0.070072469066950929 0.09882374109507501 0.10810933970771469 -0.029647936195352571 -0.20627267677895736 0.028930678683493295 -0.010422325198597695 -0.058359648809163327 -0.01004877004621754 0.053936414715674993 -0.023331319381838279 -0.051405375282562081 0.043510966019129467 0.017167031712005568
leaf_weight=877 909 954 1636 1335 1744 1459 887 1084 1021 955 1499 953 1604 998
leaf_count=877 909 954 1636 1335 1744 1459 887 1084 1021 955 1499 953 1604 998
internal_value=0.000313168 0.000556018 0.000214117 0.00237072 -0.000275528 -0.00205496 -0.00445632 0.000533685 0.00296854 -0.000117537 0.000647493 0.0015988 0.000839159 -0.000745599
internal_weight=17915 17006 16052 2971 13081 4090 2631 8991 1898 7093 6009 4510 3555 1951
internal_count=17915 17006 16052 2971 13081 4090 2631 8991 1898 7093 6009 4510 3555 1951
cat_boundaries=0 1
cat_threshold=4444
is_linear=0
shrinkage=0.0477671


Tree=106
num_leaves=16
num_cat=3
split_feature=49 16 10 28 20 28 27 6 10 29 28 1 5 18 18
split_gain=6.67597 5.81015 6.8988 38.6395 10.9812 12.2744 21.5816 14.0148 10.6397 10.1478 10.0398 8.95982 6.15725 5.07039 4.69149
threshold=1.0000000180025095e-35 263.5348371729695 998.42846422827631 0 3.7072852751027439e-05 1 0.29138488583072431 291.47202592953164 1016.9759619875373 195.50000000000003 2 0.23455577035638195 281.49832253362456 0.031006578516479751 0.0052119872132085857
decision_type=2 2 2 1 2 1 2 2 2 2 1 2 2 2 2
left_child=1 2 3 -1 5 6 -4 13 9 -7 -10 -11 -12 -8 -14
right_child=-2 -3 4 -5 -6 8 7 -9 10 11 12 -13 14 -15 -16
leaf_value=0.11726959708871748 0.058960557329925715 -0.068875009016877972 0.034124705323524587 -0.065761270902395683 -0.084872111078064957 0.0015619637366036665 -0.19291176796346893 0.0053553216053485453 -0.074566754501835267 0.12775759141940418 0.07384186034141535 0.014370560850471984 0.015774451014290369 -0.10220018378518445 -0.053020731589345824
leaf_weight=1366 906 1026 1200 971 1312 1471 988 942 1146 1335 879 890 1558 990 892
leaf_count=1366 906 1026 1200 971 1312 1471 988 942 1146 1335 879 890 1558 990 892
internal_value=0.000114803 -9.84095e-05 0.000125721 0.00252332 -0.000286024 0.000157215 -0.00196566 -0.00418703 0.00122879 0.003127 -0.000335739 0.00516214 0.000993585 -0.00647085 -0.00023305
internal_weight=17872 16966 15940 2337 13603 12291 4120 2920 8171 3696 4475 2225 3329 1978 2450
internal_count=17872 16966 15940 2337 13603 12291 4120 2920 8171 3696 4475 2225 3329 1978 2450
cat_boundaries=0 1 2 3
cat_threshold=116 2160 260
is_linear=0
shrinkage=0.0477671


Tree=107
num_leaves=14
num_cat=1
split_feature=31 13 36 5 40 9 2 2 10 9 2 25 46
split_gain=7.54663 8.05288 6.87788 6.70644 6.26895 12.7565 11.5126 8.98644 5.78111 4.96233 3.64617 3.50264 3.1957
threshold=0 4.4449467560948559 0.60355339059327384 282.91233057653955 0.89404822654372251 1018.9851158709515 0.71799516078516945 0.81213854152990717 1009.8063286532769 1015.4292440881727 0.77842620048006805 323.16414053326201 0.31987284984013525
decision_type=1 2 2 2 2 2 2 2 2 2 2 2 2
left_child=4 2 3 -2 5 7 -7 8 -1 -10 -5 -4 -12
right_child=1 -3 11 10 -6 6 -8 -9 9 -11 12 -13 -14
leaf_value=0.0056120634169132336 0.079295827870530911 -0.15139519931297518 -0.063654705059660019 -0.023663031733143561 0.069396285803659266 0.013720086796430137 -0.079620554841335456 -0.02235033664546289 0.08823771104993422 0.028635154220245596 -0.0096140460620993996 -0.0066002970042989715 0.062133811638034518
leaf_weight=1533 933 888 1227 1698 1675 1183 1574 1249 1408 1627 1082 921 938
leaf_count=1533 933 888 1227 1698 1675 1183 1574 1249 1408 1627 1082 921 938
internal_value=0.000141025 -0.000989557 -0.000431746 0.000600332 0.000989207 0.000467717 -0.00220822 0.00173638 0.0027183 0.00392608 -0.00030774 -0.00266751 0.00106301
internal_weight=17936 7687 6799 4651 10249 8574 2757 5817 4568 3035 3718 2148 2020
internal_count=17936 7687 6799 4651 10249 8574 2757 5817 4568 3035 3718 2148 2020
cat_boundaries=0 1
cat_threshold=27
is_linear=0
shrinkage=0.0477671


Tree=108
num_leaves=15
num_cat=4
split_feature=31 37 37 5 44 52 28 28 26 28 11 5 11 5
split_gain=6.93074 10.0714 10.0352 7.74026 16.9301 8.17655 13.3956 4.81627 4.59492 8.63002 5.2608 4.07572 2.24897 2.04911
threshold=0 0.60355339059327384 0.37940952255126048 285.01647174169403 26414.500000000004 0.077737566926842624 1 2 782.40821542881997 3 40.912304116649416 285.09049354562325 68.265118894491039 288.55026630677781
decision_type=1 2 2 2 2 2 1 1 2 1 2 2 2 2
left_child=2 3 -1 5 -5 6 -2 12 9 -6 -10 -9 -3 -11
right_child=1 7 -4 4 8 -7 -8 11 10 13 -12 -13 -14 -15
leaf_value=-0.081037442015433933 -0.025143114864866232 -0.014658612889989903 0.018897774467397536 0.081660996283545492 -0.021807388550764927 0.11285132528282212 0.089556249929251056 -0.018774583855505813 0.0059988943571188461 0.012279393315482947 -0.060206684311624854 -0.066893247653417726 0.02948359785337832 0.053279811267544414
leaf_weight=1581 1325 1170 976 972 1333 986 1377 1395 1203 926 1712 998 894 1141
leaf_count=1581 1325 1170 976 972 1333 986 1377 1395 1203 926 1712 998 894 1141
internal_value=0.000112728 0.000494787 -0.00218559 0.00127286 0.000370057 0.00305607 0.0016963 -0.00141954 -0.000532913 0.000659653 -0.00192467 -0.00287146 0.000275301 0.00258621
internal_weight=17989 15432 2557 10975 7287 3688 2702 4457 6315 3400 2915 2393 2064 2067
internal_count=17989 15432 2557 10975 7287 3688 2702 4457 6315 3400 2915 2393 2064 2067
cat_boundaries=0 1 2 3 4
cat_threshold=64 4204 376 898
is_linear=0
shrinkage=0.0477671


Tree=109
num_leaves=15
num_cat=3
split_feature=27 28 17 1 36 40 5 46 14 1 28 24 46 28
split_gain=7.46764 20.8119 9.42302 8.30314 8.30661 8.66815 17.9562 16.15 9.93962 8.02473 6.68968 6.12329 5.91936 5.0096
threshold=1.3660731935845936 0 0.082234424210089058 0.19759453614336106 -0.78656609248549292 -0.30983472475487867 285.50205361145515 0.76815604156155814 1.4275242693137444 0.27572754583184683 1 8.2506421657276565 0.19593493916883467 2
decision_type=2 1 2 2 2 2 2 2 2 2 1 2 2 1
left_child=2 -2 3 -1 9 6 -6 8 -7 -5 -10 -12 -8 -14
right_child=1 -3 -4 4 5 7 12 -9 10 -11 11 -13 13 -15
leaf_value=0.038597568370484794 -0.054989019718307219 0.090063927242215958 -0.08114955251372595 -0.0014569529580394744 0.06529425920995155 0.037295875819039717 -0.042855398533942539 -0.20121670098659297 -0.0026306238761866526 0.088695077270611697 -0.02729312690877456 -0.1269443484105017 0.024821969141928024 -0.025093609208235564
leaf_weight=1456 1019 1712 967 1710 1141 1288 1029 1146 1630 887 913 952 1133 982
leaf_count=1456 1019 1712 967 1710 1141 1288 1029 1146 1630 887 913 952 1133 982
internal_value=-3.57709e-05 0.00226423 -0.000448238 -0.000138789 -0.000527423 -0.00114088 0.000495543 -0.00232393 -0.00110308 0.00188444 -0.0024253 -0.00436791 -0.00136667 7.79921e-05
internal_weight=17965 2731 15234 14267 12811 10214 4285 5929 4783 2597 3495 1865 3144 2115
internal_count=17965 2731 15234 14267 12811 10214 4285 5929 4783 2597 3495 1865 3144 2115
cat_boundaries=0 1 2 3
cat_threshold=6690 22 5376
is_linear=0
shrinkage=0.0477671


Tree=110
num_leaves=17
num_cat=3
split_feature=14 28 9 5 40 52 14 35 11 35 28 2 2 31 9 41
split_gain=6.18501 6.02003 21.9884 8.26727 14.4581 16.6715 13.2746 9.90117 6.97638 6.87887 5.75084 5.80493 4.66932 4.57965 4.24377 14.1649
threshold=5.3345440949812142 0 990.34447103458001 286.2895535538853 -0.58482361983252518 0.11077631698179569 1.6861148901203029 0.31250000000000006 44.925563952947627 0.52083333333333337 1 0.81342402428915184 0.73603742496976221 2 1017.2544585994882 -0.35042475891464198
decision_type=2 1 2 2 2 2 2 2 2 2 1 2 2 1 2 2
left_child=1 8 -3 4 -4 6 7 -6 -1 13 -5 14 -8 -10 -12 -16
right_child=-2 2 3 10 5 -7 12 -9 9 -11 11 -13 -14 -15 15 -17
leaf_value=0.033700252836421335 -0.10059542343308721 0.15743812813387292 0.074568166613729434 -0.039568732017733303 -0.020164068995099059 0.10784114228940538 -0.026635862559790918 0.075339632212093458 0.026326651489608655 -0.058971936970859555 0.045574156395524715 -0.040896801846908602 -0.15679297527404162 -0.046320263899194983 -0.072155778298177223 0.043111810122770114
leaf_weight=977 961 881 898 1115 889 1187 1232 886 965 1198 1360 1085 1105 1242 926 943
leaf_count=977 961 881 898 1115 889 1187 1232 886 965 1198 1360 1085 1105 1242 926 943
internal_value=2.66353e-05 0.000238859 0.000772597 0.000221675 0.00141408 0.000463818 -0.000975244 0.00213817 -0.00128285 -0.00230703 -0.001139 -0.00034194 -0.0033409 -0.000724044 0.000672397 -0.000803869
internal_weight=17850 16889 12507 11626 6197 5299 4112 1775 4382 3405 5429 4314 2337 2207 3229 1869
internal_count=17850 16889 12507 11626 6197 5299 4112 1775 4382 3405 5429 4314 2337 2207 3229 1869
cat_boundaries=0 1 2 3
cat_threshold=1184 518 56
is_linear=0
shrinkage=0.0477671


Tree=111
num_leaves=14
num_cat=3
split_feature=32 37 1 9 2 28 26 1 9 28 23 18 28
split_gain=6.12545 9.71646 8.35903 7.82695 5.9509 4.9755 5.72449 4.84538 10.8378 3.54018 4.73604 3.42816 3.4051
threshold=1.0000000180025095e-35 0.37940952255126048 0.29485354602110464 1012.50694972999 0.80117143575715954 0 759.25184807812388 0.20567059505637814 1016.3471907249409 1 36.320669257958777 0.0052119872132086248 2
decision_type=2 2 2 2 2 1 2 2 2 1 2 2 1
left_child=1 2 5 -2 11 6 -1 -7 -9 -3 12 -5 -11
right_child=3 9 -4 4 -6 7 -8 8 -10 10 -12 -13 -14
leaf_value=0.057020273578212786 -0.088849610313182226 0.025627073580453918 0.094358025012655888 -0.0026535660223781601 -0.048057204770407355 -0.043989884358265625 0.0031381073853276316 0.05742148382006116 -0.023127604781210374 0.014209475303834034 -0.086861014169295134 0.06140865950160785 -0.034686336223085652
leaf_weight=1311 1543 894 1586 1517 1022 878 1280 1422 1567 1340 889 1093 1649
leaf_count=1311 1543 894 1586 1517 1022 878 1280 1422 1567 1340 889 1093 1649
internal_value=0.000136611 0.000696802 0.00170993 -0.00125028 -3.88408e-05 0.000946416 0.00256104 -0.000141112 0.00077433 -0.00101053 -0.00163343 0.00117045 -0.000726387
internal_weight=17991 12816 8044 5175 3632 6458 2591 3867 2989 4772 3878 2610 2989
internal_count=17991 12816 8044 5175 3632 6458 2591 3867 2989 4772 3878 2610 2989
cat_boundaries=0 1 2 3
cat_threshold=1616 72 6194
is_linear=0
shrinkage=0.0477671


Tree=112
num_leaves=17
num_cat=4
split_feature=32 37 16 10 28 10 40 16 6 28 24 28 46 28 11 4
split_gain=6.124 8.82153 8.51323 7.04465 6.36401 6.95235 5.44623 12.3789 8.47881 5.43356 4.0926 4.78483 3.34971 4.25919 2.99658 2.99285
threshold=1.0000000180025095e-35 0.37940952255126048 198.04412433935462 998.42846422827631 0 1017.3601693411487 -0.29343379936893926 147.33506008051413 288.63390237216782 1 4.1006865618167323 2 0.59496852797282596 3 76.776468756906539 289.72540999367089
decision_type=2 2 2 2 1 2 2 2 2 1 2 1 2 1 2 2
left_child=1 3 4 -1 -2 -6 8 -8 -5 -4 -3 15 13 -9 -13 -12
right_child=2 10 9 6 5 -7 7 12 -10 -11 11 14 -14 -15 -16 -17
leaf_value=0.069860450902505672 0.05114603658060872 0.023708884603859452 -0.26632646673832322 0.06798702493104769 -0.050990827088243339 0.028022810127836764 0.05716112800067167 0.045302086950244215 0.011953579135270688 -0.017910111563747069 -0.032804392298563731 -0.0132202160796542 -0.091615949652563256 -0.042268626099976572 -0.075391080926361681 0.035788940033545831
leaf_weight=1140 1259 959 966 964 1073 878 1387 984 1679 908 874 1085 891 924 1070 877
leaf_count=1140 1259 959 966 964 1073 878 1387 984 1679 908 874 1085 891 924 1070 877
internal_value=0.000266463 0.00082237 -0.00113643 0.00180095 0.000356442 -0.00135076 0.00122026 0.000147812 0.00291795 -0.00369477 -0.000780113 -0.00146693 -0.00168018 -0.000549604 -0.00296649 0.000392045
internal_weight=17918 12834 5084 7969 3210 1951 6829 4186 2643 1874 4865 3906 2799 1908 2155 1751
internal_count=17918 12834 5084 7969 3210 1951 6829 4186 2643 1874 4865 3906 2799 1908 2155 1751
cat_boundaries=0 1 2 3 4
cat_threshold=782 174 364 154
is_linear=0
shrinkage=0.0477671


Tree=113
num_leaves=15
num_cat=3
split_feature=36 28 16 14 1 52 28 23 28 24 24 40 6 23
split_gain=7.31137 7.96835 5.143 7.2523 4.27628 4.55151 11.241 4.9377 4.9347 8.52981 8.39851 6.76573 13.186 5.84279
threshold=-0.9159756150367534 0 83.546563033923164 4.7840464719937792 0.19759453614336106 0.077737566926842624 1 30.784728537877836 2 2.1927452693268039 10.36509550268166 -0.30983472475487867 288.35036888345064 8.7513042939945223
decision_type=2 1 2 2 2 2 1 2 1 2 2 2 2 2
left_child=1 -1 -2 4 -4 7 -7 8 10 -10 -6 12 -11 -13
right_child=2 -3 3 -5 5 6 -8 -9 9 11 -12 13 -14 -15
leaf_value=-0.0070993479733811489 0.034216831235394742 0.092625907457879963 0.029554428986735028 -0.13784183239744152 -0.093761638841890857 0.074827812278143835 -0.038621895394347072 -0.056693679276112054 0.047128925501380016 0.057802053597323044 0.018712725136693916 0.0018224522917373827 -0.014242651877977481 -0.10964668514618695
leaf_weight=974 914 1261 1588 1015 1157 1355 950 1737 965 894 875 1307 1496 1424
leaf_count=974 914 1261 1588 1015 1157 1355 950 1737 965 894 875 1307 1496 1424
internal_value=0.000125213 0.00268122 -0.000239043 -0.00045445 -0.000166612 -0.000471202 0.0014393 -0.000918278 -0.00042338 0.000258216 -0.0024551 -0.000517251 0.00133814 -0.00214179
internal_weight=17912 2235 15677 14763 13748 12160 2305 9855 8118 6086 2032 5121 2390 2731
internal_count=17912 2235 15677 14763 13748 12160 2305 9855 8118 6086 2032 5121 2390 2731
cat_boundaries=0 1 2 3
cat_threshold=1504 4892 1156
is_linear=0
shrinkage=0.0477671


Tree=114
num_leaves=15
num_cat=2
split_feature=35 35 41 4 23 23 31 28 6 12 13 1 42 35
split_gain=7.27159 8.44325 10.9274 7.44441 4.97349 7.53842 4.49293 4.21137 9.22105 8.12117 7.50037 4.9259 4.10639 3.86108
threshold=0.27083333333333343 0.062500000000000014 0.42763731121559989 280.26985029042629 55.184191807254287 45.023984803946938 0 1 296.92721748221987 42.228140994641869 2.8072862819523996 0.25166382783035168 1.0000000180025095e-35 0.64583333333333337
decision_type=2 2 2 2 2 2 1 1 2 2 2 2 2 2
left_child=1 -1 6 -2 5 7 -3 8 11 -9 12 -5 -11 -13
right_child=3 2 -4 4 -6 -7 -8 9 -10 10 -12 13 -14 -15
leaf_value=0.020325169401220654 0.068631358290872677 0.013511721573551192 -0.10381062603018562 0.062853566615322307 0.057003837591649675 -0.089591073389675396 -0.051306088723518939 0.031054811450373254 -0.021040057690146701 -0.028618597272341957 -0.076019312597324237 -0.014013618620037086 0.032376065505292762 0.061912680816808889
leaf_weight=1531 988 1450 1246 1085 955 903 1081 1473 1000 893 1514 959 1655 1250
leaf_count=1531 988 1450 1246 1085 955 903 1081 1473 1000 893 1514 959 1655 1250
internal_value=3.57351e-05 -0.00144843 -0.00266157 0.000657446 0.000320654 2.64975e-05 -0.000857831 0.000410427 0.00153105 -0.00046047 -0.00156346 0.00275456 1.78711e-05 0.0014586
internal_weight=17983 5308 3777 12675 11687 10732 2531 9829 4294 5535 4062 3294 2548 2209
internal_count=17983 5308 3777 12675 11687 10732 2531 9829 4294 5535 4062 3294 2548 2209
cat_boundaries=0 1 2
cat_threshold=30 6918
is_linear=0
shrinkage=0.0477671


Tree=115
num_leaves=15
num_cat=3
split_feature=40 10 28 3 0 15 41 13 2 10 13 28 28 23
split_gain=7.6157 7.53879 12.6989 8.11281 10.4022 7.11585 9.9559 7.58854 8.8739 11.1631 7.45952 4.50644 3.859 2.80041
threshold=0.9893236546938301 1027.0343860345367 0 295.92071137241197 14.317871763040626 152.97816531853485 -0.46800559042974538 1.4321898711122771 0.78552189588371946 1013.4865804135442 2.4934113153354471 1 2 12.056792601628766
decision_type=2 2 1 2 2 2 2 2 2 2 2 1 1 2
left_child=1 2 3 4 -1 6 -4 -7 9 -9 12 -11 -8 -10
right_child=-2 -3 5 -5 -6 7 10 8 13 11 -12 -13 -14 -15
leaf_value=-0.0097959296576534422 -0.067085973960344936 -0.041621308320639899 -0.0060183369647804543 0.020961512541717683 -0.12887731162487487 0.054635063104847011 0.095256811289504514 -0.085665860602636978 0.010680009083735932 0.086266830381865708 0.13308495902287154 -0.020327304505577317 0.012552425237234334 0.1008625218535685
leaf_weight=1541 917 1520 1286 1661 1072 1190 916 1706 877 937 889 1433 1104 875
leaf_count=1541 917 1520 1286 1661 1072 1190 916 1706 877 937 889 1433 1104 875
internal_value=-2.54048e-06 0.000225967 0.000541156 -0.001672 -0.00333535 0.00138519 0.00294292 0.000455709 -0.000253697 -0.00147606 0.00449022 0.000644015 0.00288384 0.00258884
internal_weight=17924 17007 15487 4274 2613 11213 4195 7018 5828 4076 2909 2370 2020 1752
internal_count=17924 17007 15487 4274 2613 11213 4195 7018 5828 4076 2909 2370 2020 1752
cat_boundaries=0 1 2 3
cat_threshold=2208 5138 4118
is_linear=0
shrinkage=0.0477671


Tree=116
num_leaves=17
num_cat=0
split_feature=40 10 1 45 41 13 45 35 10 29 46 11 7 44 11 16
split_gain=6.43398 7.127 9.53321 8.25591 7.55912 6.1626 5.62554 8.36666 6.31307 9.52524 16.4628 5.09386 5.40631 4.27791 4.02914 3.3449
threshold=0.99053107487289871 1027.3208922851293 0.29485354602110464 0.23184395843844199 0.44312301391210612 2.328834609390678 0.56192977791787302 0.52083333333333337 1005.9770505066698 195.50000000000003 0.71603616942947224 49.510881677319837 295.52906798418434 30508.439353423197 47.755325362473364 172.72004176133296
decision_type=2 2 2 2 2 2 2 2 2 2 2 2 2 2 2 2
left_child=1 2 4 -4 6 -6 8 11 -1 10 -10 -8 15 14 -9 -13
right_child=-2 -3 3 -5 5 -7 7 13 9 -11 -12 12 -14 -15 -16 -17
leaf_value=0.067036704535700847 -0.068112379501349365 -0.037788970589349768 0.00072137020953522851 0.13378292884708834 -0.0028789943069981658 -0.12266132534897181 0.039629716064306625 0.0093179351213756919 0.055145353550406652 0.06298170379606842 -0.13254882988759811 -0.0039883317105612898 -0.031177069379048086 -0.050047304973769427 -0.045341119858442101 0.045781953947955416
leaf_weight=899 883 1438 1038 1425 1129 905 888 920 1155 1372 922 902 1151 1058 892 915
leaf_count=899 883 1438 1038 1425 1129 905 888 920 1155 1372 922 902 1151 1058 892 915
internal_value=5.59399e-05 0.000262449 0.000559711 0.00328635 4.72033e-05 -0.00262915 0.000538979 -0.000326354 0.00187809 0.000948047 -0.00109134 0.0011267 0.000176282 -0.00227939 -0.000868699 0.00179957
internal_weight=17892 17009 15571 2463 13108 2034 11074 6726 4348 3449 2077 3856 2968 2870 1812 1817
internal_count=17892 17009 15571 2463 13108 2034 11074 6726 4348 3449 2077 3856 2968 2870 1812 1817
is_linear=0
shrinkage=0.0477671


Tree=117
num_leaves=16
num_cat=3
split_feature=23 23 28 27 28 6 6 40 52 12 14 28 24 7 25
split_gain=7.58647 9.14334 8.94703 6.92792 8.85692 24.2744 5.74216 8.89868 6.76846 5.52911 9.71943 15.6415 10.6222 9.18481 3.80169
threshold=60.674648592020432 45.023984803946938 0 1.514748503407688 1 286.86110953148699 281.90341987929668 0.69676570133721638 0.077737566926842624 41.298914476494502 2.7653701583116592 2 5.3954145374537612 298.04166664024939 33.345017727174785
decision_type=2 2 1 2 1 2 2 2 2 2 2 1 2 2 2
left_child=1 3 -3 4 5 -1 7 -6 9 -8 11 13 -13 -11 -12
right_child=-2 2 -4 -5 6 -7 8 -9 -10 10 14 12 -14 -15 -16
leaf_value=0.15237161081686579 0.054415667194973372 0.004336430749969423 -0.1515502771648983 0.096157715583707323 0.0014184468857142507 -0.030821070709965162 0.030362227648835817 -0.13742056812810868 -0.060825079979726422 -0.038911207079002343 -0.025383130437671503 0.081739487993349014 0.010322403893945453 0.026042609234343483 -0.087880915421413713
leaf_weight=1523 1090 874 988 897 1027 909 1622 961 996 1388 941 1128 1557 1022 884
leaf_count=1523 1090 874 988 897 1027 909 1622 961 996 1388 941 1128 1557 1022 884
internal_value=0.00012461 -0.000127021 -0.00328247 0.000268349 6.68453e-06 0.00262021 -0.000546379 -0.0028822 -5.9863e-05 0.000374404 -0.000213663 0.000857401 0.00335793 -0.00193345 -0.00320506
internal_weight=17807 16717 1862 14855 13958 2432 11526 1988 9538 8542 6920 5095 2685 2410 1825
internal_count=17807 16717 1862 14855 13958 2432 11526 1988 9538 8542 6920 5095 2685 2410 1825
cat_boundaries=0 1 2 3
cat_threshold=5324 514 5504
is_linear=0
shrinkage=0.0477671


Tree=118
num_leaves=16
num_cat=0
split_feature=32 35 9 9 27 40 46 10 6 29 6 29 35 14 6
split_gain=6.0182 6.84845 6.18435 6.05569 7.25062 9.91332 13.1919 9.63663 11.2562 7.8563 5.16795 4.1984 4.1551 4.12309 3.83259
threshold=1.0000000180025095e-35 0.14583333333333334 1014.8678058223626 1002.4875130205102 1.7268480900111645 -0.30983472475487867 0.71603616942947224 1015.3850986897099 289.04716620613266 136.50000000000003 284.44275386096945 142.50000000000003 0.062500000000000014 1.9063596413182793 292.40161940105605
decision_type=2 2 2 2 2 2 2 2 2 2 2 2 2 2 2
left_child=1 12 11 -3 5 7 9 -5 -9 13 -4 -2 -1 -7 -12
right_child=2 3 10 4 -6 6 -8 8 -10 -11 14 -13 -14 -15 -16
leaf_value=0.0013211137936967503 -0.1541448823704463 0.054783751868726499 0.053001842571751424 0.090098483165718682 0.088725851697848621 0.073185223908724381 -0.12563907672612915 0.061810957977039727 -0.018602537795341448 -0.021710849872890479 -0.065165089880545618 -0.011597773976725291 -0.046516941329117406 0.0099556198750727787 0.0076924301392363153
leaf_weight=1049 1086 1566 1023 884 958 878 1081 884 1436 1719 914 925 1059 1166 1157
leaf_count=1049 1086 1566 1023 884 958 878 1081 884 1436 1719 914 925 1059 1166 1157
internal_value=0.000229511 0.000787152 -0.00115514 0.00128298 0.000805948 0.000338033 -0.00102509 0.00239958 0.00078143 0.000310407 0.000184542 -0.00321741 -0.00169843 0.00231248 -0.00118676
internal_weight=17785 12680 5105 10572 9006 8048 4844 3204 2320 3763 3094 2011 2108 2044 2071
internal_count=17785 12680 5105 10572 9006 8048 4844 3204 2320 3763 3094 2011 2108 2044 2071
is_linear=0
shrinkage=0.0477671


Tree=119
num_leaves=16
num_cat=2
split_feature=9 16 28 23 14 40 46 5 9 14 28 41 7 2 9
split_gain=5.88512 5.94647 15.4813 13.2632 12.3933 8.98962 14.2871 9.93212 8.58023 7.52379 7.40237 6.20416 7.55275 4.07669 3.09171
threshold=985.3999228563747 158.12104306834348 0 35.940093690850709 2.4527496914902964 0.25206111083856975 0.23184395843844199 287.70616329140256 1020.2630426408811 3.3886079097113044 1 -0.90161545992537195 293.29339454231661 0.79243796986733217 1015.7765007567822
decision_type=2 2 1 2 2 2 2 2 2 2 1 2 2 2 2
left_child=-1 2 4 5 -2 7 -7 -3 11 13 -5 -4 -13 -9 -8
right_child=1 3 8 10 -6 6 14 9 -10 -11 -12 12 -14 -15 -16
leaf_value=0.048599687006641877 0.022348318100452923 0.057791604495124015 -0.036697180050113173 -0.18505918521557202 0.11725629489290568 0.019894684322876322 -0.16779847717358309 -0.048535755904169836 -0.043548690462401285 0.049741587279179718 -0.033037678685332472 -0.019168553388722285 0.045525656005032632 0.0091328328751376607 -0.099366959715932207
leaf_weight=1042 1674 1668 1035 976 923 1530 881 935 882 883 1125 929 1368 1079 952
leaf_count=1042 1674 1668 1035 976 923 1530 881 935 882 883 1125 929 1368 1079 952
internal_value=0.000181519 -3.39058e-05 0.00105516 -0.000773748 0.00394767 0.000120221 -0.00175349 0.00150106 -0.000734524 -0.000188847 -0.00414815 0.000372063 0.00175624 -0.00180142 -0.00459829
internal_weight=17882 16840 6811 10029 2597 7928 3363 4565 4214 2897 2101 3332 2297 2014 1833
internal_count=17882 16840 6811 10029 2597 7928 3363 4565 4214 2897 2101 3332 2297 2014 1833
cat_boundaries=0 1 2
cat_threshold=4126 2098
is_linear=0
shrinkage=0.0477671


Tree=120
num_leaves=16
num_cat=1
split_feature=9 29 16 27 18 24 29 41 44 0 41 31 29 9 45
split_gain=6.28018 15.1644 11.6538 5.57411 8.08489 11.0175 10.2284 9.67513 13.814 8.09571 7.49821 9.2481 6.09223 4.11719 2.28717
threshold=1027.1297821496321 44.500000000000007 195.45590589105748 1.6624902841499234 0.0052119872132085953 14.765049910335554 106.50000000000001 -0.96687281075841669 33671.500000000007 14.396046211259593 0.44312301391210612 0 170.50000000000003 1014.8678058223626 0.68012715015986502
decision_type=2 2 2 2 2 2 2 2 2 2 2 1 2 2 2
left_child=1 2 -1 4 7 12 -7 -3 9 10 11 -9 -6 -8 -13
right_child=-2 3 -4 -5 5 6 13 8 -10 -11 -12 14 -14 -15 -16
leaf_value=0.25185443215503239 -0.036064372020058404 0.10726603741506846 0.026616811613392303 0.034142816657434107 -0.050788644430024975 -0.12009540531790679 0.038101289163786183 0.07485429346752924 -0.057695885228354546 -0.041223048422504231 -0.02270349773299199 0.024948927126564539 -0.085825946407015893 -0.010513398900188877 -0.011346446448655905
leaf_weight=875 1518 990 1140 1672 968 926 1177 1624 876 1057 879 1056 986 1178 996
leaf_count=875 1518 990 1140 1672 968 926 1177 1624 876 1057 879 1056 986 1178 996
internal_value=7.71857e-05 0.000349379 0.00423037 -0.000194101 -0.000535246 -0.00197504 -0.000283214 0.00047239 -0.00019844 0.000672018 0.0015463 0.0024943 -0.00481468 0.00138846 0.000346399
internal_weight=17918 16400 2015 14385 12713 5235 3281 7478 6488 5612 4555 3676 1954 2355 2052
internal_count=17918 16400 2015 14385 12713 5235 3281 7478 6488 5612 4555 3676 1954 2355 2052
cat_boundaries=0 1
cat_threshold=11
is_linear=0
shrinkage=0.0477671


Tree=121
num_leaves=15
num_cat=1
split_feature=17 41 6 13 9 29 0 24 29 29 7 9 24 28
split_gain=5.28249 11.466 5.57376 6.81328 5.8583 12.7528 4.3953 7.85075 13.0934 9.43014 7.02919 6.6685 2.92685 3.76141
threshold=0.43270909900013854 -0.98212955754013376 300.76542773266732 4.6788396037637847 1027.370945847538 44.500000000000007 12.831024258447746 18.563189062741589 148.50000000000003 156.50000000000003 299.28569091320173 1013.6405910048052 7.591367744464347 0
decision_type=2 2 2 2 2 2 2 2 2 2 2 2 2 1
left_child=1 -1 3 4 5 -3 11 9 -9 -8 -11 -7 -13 -14
right_child=-2 2 -4 -5 -6 6 7 8 -10 10 -12 12 13 -15
leaf_value=0.11003877144666599 -0.063114231510361898 0.14252217068481826 -0.033266648889177644 -0.095062701374352021 -0.03244409050650441 -0.034613265126836851 0.042076755314651985 0.0052667042139574556 0.10317940817037217 -0.051372854816755006 0.011580063666405275 0.029304964851018252 0.0095175456319483501 -0.024668274599394354
leaf_weight=909 893 1502 1010 1360 1378 1590 1634 1062 892 1028 887 1166 1518 988
leaf_count=909 893 1502 1010 1360 1378 1590 1634 1062 892 1028 887 1166 1518 988
internal_value=0.000186203 0.000375253 7.89008e-05 0.000310234 0.000631713 0.000963571 0.000388053 0.001332 0.00376351 -6.10088e-06 -0.00228118 -0.000598707 0.000519731 -0.000399392
internal_weight=17817 16924 16015 15005 13645 12267 10765 5503 1954 3549 1915 5262 3672 2506
internal_count=17817 16924 16015 15005 13645 12267 10765 5503 1954 3549 1915 5262 3672 2506
cat_boundaries=0 1
cat_threshold=5636
is_linear=0
shrinkage=0.0477671


Tree=122
num_leaves=16
num_cat=1
split_feature=27 17 2 6 13 10 30 44 26 27 23 9 45 28 25
split_gain=5.73017 6.44834 9.57839 6.9972 6.99287 5.67647 16.9176 5.63141 14.4896 6.37414 3.62184 3.3087 3.11312 3.94356 0.905245
threshold=2.4972754498449805 0.19787510358838234 0.8173988071535474 300.55739434529556 4.7198090145742997 1027.0343860345367 0.12183436002737852 29019.500000000004 126.88549219626456 0.69394915249675304 4.1377483990342627 1015.7765007567822 0.68012715015986502 0 766.1445987973608
decision_type=2 2 2 2 2 2 2 2 2 2 2 2 2 1 2
left_child=1 2 3 4 5 6 -1 8 10 11 -8 -9 13 -12 -13
right_child=-2 -3 -4 -5 -6 -7 7 9 -10 -11 12 14 -14 -15 -16
leaf_value=0.15735780821653531 0.051072055202116148 -0.072138272121716723 0.076951342264446443 -0.038929602420101558 -0.11735859776514004 -0.030894331103728634 0.028277520558221643 -0.067145373119902194 0.075692880389225212 0.012373018079143967 0.026870197240679686 -0.0046008853264663313 -0.036027081746519807 -0.025812951655593459 -0.02545304549222176
leaf_weight=1480 1011 882 884 1022 1131 1474 901 973 1418 1629 1014 897 1118 1108 876
leaf_count=1480 1011 882 884 1022 1131 1474 901 973 1418 1629 1014 897 1118 1108 876
internal_value=7.22572e-05 -0.000137709 8.23462e-05 -0.000201514 7.65053e-05 0.000392697 0.000753096 4.30514e-05 0.00105221 -0.0012387 -0.000374354 -0.00264325 -0.00111977 -4.39692e-05 -0.00141316
internal_weight=17818 16807 15925 15041 14019 12888 11414 9934 5559 4375 4141 2746 3240 2122 1773
internal_count=17818 16807 15925 15041 14019 12888 11414 9934 5559 4375 4141 2746 3240 2122 1773
cat_boundaries=0 1
cat_threshold=5576
is_linear=0
shrinkage=0.0477671


Tree=123
num_leaves=16
num_cat=0
split_feature=32 36 16 6 36 25 44 46 5 25 11 36 40 23 46
split_gain=5.83084 8.17216 6.60163 6.57529 9.46659 7.33145 6.58175 5.38713 4.63765 3.71394 3.03551 2.75409 2.30318 2.27911 2.16272
threshold=1.0000000180025095e-35 0.78656609248549325 196.7291390717584 300.11606038695533 -0.9159756150367534 79.072832190871424 29130.500000000004 0.71603616942947224 284.16009662362438 468.34084335017263 46.747206366001429 0.78656609248549325 -0.022576249993022688 15.797146508290213 0.23184395843844199
decision_type=2 2 2 2 2 2 2 2 2 2 2 2 2 2 2
left_child=3 2 9 4 -1 7 -7 11 -8 -2 -10 12 -6 -12 -14
right_child=1 -3 -4 -5 5 6 8 -9 10 -11 13 -13 14 -15 -16
leaf_value=0.083279461558482579 0.037875678322212218 -0.080080527266676277 -0.061884187407567015 -0.027046597160195033 -0.033105037021397873 0.080383152312089659 0.060950027145054951 -0.076467678225011645 0.022952759406974242 -0.01128067508917352 -0.038409202144993423 0.023915686347919251 0.02280981814849815 0.0064081949883865157 -0.03149152263715551
leaf_weight=1214 1274 1044 1485 1061 1397 881 974 912 923 1223 938 1178 981 1271 924
leaf_count=1214 1274 1044 1485 1061 1397 881 974 912 923 1223 938 1178 981 1271 924
internal_value=-2.95931e-05 -0.00140615 -0.000419291 0.000516979 0.000846537 0.000379473 0.0016997 -0.00084118 0.000895235 0.00107994 0 -0.000159436 -0.00086729 -0.000961251 0.000211963
internal_weight=17680 5026 3982 12654 11593 10379 4987 5392 4106 2497 3132 4480 3302 2209 1905
internal_count=17680 5026 3982 12654 11593 10379 4987 5392 4106 2497 3132 4480 3302 2209 1905
is_linear=0
shrinkage=0.0477671


Tree=124
num_leaves=15
num_cat=2
split_feature=16 28 7 17 28 11 17 1 46 5 35 7 1 10
split_gain=6.15512 9.69262 7.50059 9.09454 6.03759 17.8315 5.64705 7.92331 6.84202 5.93011 5.0292 3.32834 3.87001 3.23634
threshold=239.38706319297555 0 284.24409385073795 0.033232895094538702 1 68.265118894491039 0.15568364893086026 0.19871784236801476 0.83710381088611852 295.00338292516551 0.27083333333333343 293.29339454231661 0.26715547922106525 1016.4993014855819
decision_type=2 1 2 2 1 2 2 2 2 2 2 2 2 2
left_child=2 -2 3 10 5 13 7 -6 9 11 -1 12 -9 -4
right_child=1 -3 4 -5 6 -7 -8 8 -10 -11 -12 -13 -14 -15
leaf_value=-0.024816098819691212 -0.11266942170428831 0.025143388085778564 -0.030948097549390652 0.12384725025664772 0.048011772448205002 -0.2609319932832459 -0.045470362641465492 -0.031324477888687412 0.042701222768028783 -0.031577531277194454 0.047735445214826498 0.02168530245315067 0.013550200730316439 0.039616645697272336
leaf_weight=1054 1578 934 1194 877 1462 883 1053 1289 1109 1432 1026 1310 1460 1221
leaf_count=1054 1578 934 1194 877 1462 883 1053 1289 1109 1432 1026 1310 1460 1221
internal_value=-0.000202889 -0.00239507 0.000155245 0.00231733 -0.000359622 -0.00210755 0.00027458 0.000704794 0 -0.000691177 0.000596016 0.000240698 -0.000702923 8.96564e-06
internal_weight=17882 2512 15370 2957 12413 3298 9115 8062 6600 5491 2080 4059 2749 2415
internal_count=17882 2512 15370 2957 12413 3298 9115 8062 6600 5491 2080 4059 2749 2415
cat_boundaries=0 1 2
cat_threshold=4142 146
is_linear=0
shrinkage=0.0477671


Tree=125
num_leaves=16
num_cat=0
split_feature=10 29 16 1 14 8 44 11 10 29 9 45 16 2 14
split_gain=5.92759 10.7398 12.1524 6.22689 10.9989 9.84393 6.93638 10.7173 6.87993 20.7435 20.8691 17.7786 6.7397 5.55027 2.2884
threshold=1027.0343860345367 44.500000000000007 196.11718972506927 0.26495809935293463 2.9449156284900178 285.28792297953936 32214.500000000004 40.299511882271567 1002.1694091606772 196.50000000000003 1018.024443942349 0.71603616942947224 185.93055229492444 0.80085564246778274 1.6861148901203029
decision_type=2 2 2 2 2 2 2 2 2 2 2 2 2 2 2
left_child=1 2 -1 5 14 -3 7 -7 -9 11 -11 12 -10 -8 -5
right_child=-2 3 -4 4 -6 6 13 8 9 10 -12 -13 -14 -15 -16
leaf_value=0.23575653272116878 -0.032341283709957716 0.088823694401601219 0.011288755494892553 0.011711415755803331 -0.11597976258595397 0.053774651679591022 -0.058014471780312778 0.050233897739353682 -0.094228590781276308 0.075814630143666378 -0.034231012240184218 0.030497932815565554 -0.18558802336204916 -0.0018112494157162169 -0.028168637963727761
leaf_weight=887 1497 983 1191 1138 888 1033 957 1110 1244 1741 942 1025 938 1117 1151
leaf_count=887 1497 983 1191 1138 888 1033 957 1110 1244 1741 942 1025 938 1117 1151
internal_value=0.000181926 0.000445534 0.00365387 -2.16061e-05 -0.00188622 0.000512358 6.83082e-05 0.000704365 3.38006e-05 -0.000615971 0.00248277 -0.0032091 -0.00564696 -0.00239419 -0.000134668
internal_weight=17842 16345 2078 14267 3177 11090 10107 8033 7000 5890 2683 3207 2182 2074 2289
internal_count=17842 16345 2078 14267 3177 11090 10107 8033 7000 5890 2683 3207 2182 2074 2289
is_linear=0
shrinkage=0.0477671


Tree=126
num_leaves=16
num_cat=1
split_feature=10 1 11 1 45 18 20 28 10 10 2 2 10 4 10
split_gain=5.88579 8.41627 6.35251 5.49687 13.9693 11.0647 6.73061 9.30218 24.0612 14.8344 20.7533 6.91285 8.39259 10.4341 16.388
threshold=985.81322582272344 0.19522102932758698 37.243984621517733 0.20619472167908834 0.71603616942947224 0.2040163283103498 0.00016142352194219441 0 1018.5706129341903 1020.1264255770121 0.71390195875500162 0.71799516078516945 1009.8063286532769 291.48953376405569 1015.5463729038213
decision_type=2 2 2 2 2 2 2 1 2 2 2 2 2 2 2
left_child=-1 -2 -3 4 -4 6 7 8 -5 11 -11 -9 -13 -14 -15
right_child=1 2 3 5 -6 -7 -8 9 -10 10 -12 12 13 14 -16
leaf_value=0.050780094647166929 -0.041473989820034793 0.044091016896243125 -0.09159226306767651 -0.19009803888001447 0.045998938223485386 0.11314354157887074 -0.064086758014759396 -0.012928867560453782 0.053136561731668565 0.021091284872583174 -0.11082237458541244 -0.0084938021987630216 0.14232596511928458 0.12486263949220844 -0.0066666537005996458
leaf_weight=1045 933 1018 1316 1281 888 939 1270 1190 911 1734 1189 875 1077 891 1306
leaf_count=1045 933 1018 1316 1281 888 939 1270 1190 911 1734 1189 875 1077 891 1306
internal_value=0.000199094 -1.69087e-05 0.000241927 -7.8823e-06 -0.00220962 0.000375155 -2.42555e-05 0.000374466 -0.00238517 0.00110844 -0.00162525 0.00260758 0.00352817 0.00463888 0.00274934
internal_weight=17863 16818 15885 14867 2204 12663 11724 10454 2192 8262 2923 5339 4149 3274 2197
internal_count=17863 16818 15885 14867 2204 12663 11724 10454 2192 8262 2923 5339 4149 3274 2197
cat_boundaries=0 1
cat_threshold=24
is_linear=0
shrinkage=0.0477671


Tree=127
num_leaves=15
num_cat=4
split_feature=17 2 52 28 2 0 10 9 28 28 26 31 27 30
split_gain=5.5043 10.785 5.8864 13.4047 7.70664 5.79591 17.2422 8.48418 14.4677 11.4112 9.47154 7.86663 5.69924 3.98462
threshold=0.43270909900013854 0.8173988071535474 0.077737566926842624 0 0.8136828024730921 13.429823362182072 1015.2232378859786 1016.3471907249409 1 2 82.201799871074925 3 0.50185016103114977 0.55989048596851487
decision_type=2 2 2 1 2 2 2 2 1 1 2 1 2 2
left_child=1 2 4 -4 5 7 -7 8 -1 -9 -10 -11 -13 -8
right_child=-2 -3 3 -5 -6 6 13 9 10 11 -12 12 -14 -15
leaf_value=-0.12988792356838658 -0.056139591710385586 0.080215210009942514 -0.019184830387571732 0.086500207139308796 -0.047448694927461572 0.087191788038526799 0.015654015731049124 -0.037110916517106567 -0.047934907440943246 0.079370493564242209 0.039093694373883395 0.023071536225202225 -0.03648963737711345 -0.038090937358372476
leaf_weight=1117 887 932 1425 1522 1017 1581 1026 1620 990 1016 1026 1745 909 1056
leaf_count=1117 887 932 1425 1522 1017 1581 1026 1620 990 1016 1026 1745 909 1056
internal_value=8.94267e-05 0.000281149 -8.78939e-06 0.00191998 -0.000442759 -0.000106527 0.00147948 -0.000796515 -0.00276652 0.000369796 -0.000328977 0.00184258 0.000465358 -0.0013755
internal_weight=17869 16982 16050 2947 13103 12086 3663 8423 3133 5290 2016 3670 2654 2082
internal_count=17869 16982 16050 2947 13103 12086 3663 8423 3133 5290 2016 3670 2654 2082
cat_boundaries=0 1 2 3 4
cat_threshold=3874 536 4356 3
is_linear=0
shrinkage=0.0477671


Tree=128
num_leaves=15
num_cat=2
split_feature=36 28 16 14 1 1 4 8 1 11 5 30 10 28
split_gain=6.09617 7.1745 5.79696 6.33882 5.78941 7.09068 5.17521 6.92185 5.31573 5.14331 9.0309 11.4041 5.10117 5.83369
threshold=-0.9159756150367534 0 90.62455355936811 4.7840464719937792 0.30491484917840578 0.29485354602110464 281.48992856052701 285.44700370777377 0.19759453614336106 76.301402940339983 286.36389833485094 0.6420260095824778 1017.3145868641608 1
decision_type=2 1 2 2 2 2 2 2 2 2 2 2 2 1
left_child=1 -1 -2 4 5 6 -4 -8 -9 10 -10 12 13 -12
right_child=2 -3 3 -5 -6 -7 7 8 9 -11 11 -13 -14 -15
leaf_value=0.088684184320949155 0.022826660515178798 -0.0043710496378894714 -0.060511388985826434 -0.12279221161053895 -0.065075359714931308 0.060455267315736916 0.043743187237409359 0.025813776546254514 0.072433229926500531 -0.045762290681205964 0.073910238200517023 -0.04213786104423934 -0.025102471095871638 -0.0095265082029147539
leaf_weight=1072 1230 1153 880 1010 1614 906 1103 1569 959 1259 929 1574 1506 1054
leaf_count=1072 1230 1153 880 1010 1614 906 1103 1569 959 1259 929 1574 1506 1054
internal_value=-9.63847e-05 0.00224244 -0.00043026 -0.000699905 -0.000423738 -5.47427e-05 -0.000394436 -8.37629e-05 -0.000528694 -0.00107234 -0.000491419 -0.00129681 0.000225258 0.00181754
internal_weight=17818 2225 15593 14363 13353 11739 10833 9953 8850 7281 6022 5063 3489 1983
internal_count=17818 2225 15593 14363 13353 11739 10833 9953 8850 7281 6022 5063 3489 1983
cat_boundaries=0 1 2
cat_threshold=6670 288
is_linear=0
shrinkage=0.0477671


Tree=129
num_leaves=16
num_cat=0
split_feature=38 37 6 36 14 4 44 35 5 27 11 26 9 36 44
split_gain=4.29515 10.7018 9.08615 7.82591 7.51027 7.61809 6.35263 7.358 5.14882 3.69611 4.10665 4.69546 5.94241 2.73298 2.56798
threshold=-0.60785761079279388 0.60355339059327384 299.77093073955911 0.78656609248549325 2.0372949578065196 292.05303048374441 28399.500000000004 0.22916666666666671 281.32296657419306 1.3514100730225203 44.383930619484694 777.71132996924064 1016.9809552142303 0.12940952255126045 25920.500000000004
decision_type=2 2 2 2 2 2 2 2 2 2 2 2 2 2 2
left_child=3 2 6 4 -1 -6 7 -2 -8 10 -10 12 -12 14 -3
right_child=1 13 -4 -5 5 -7 8 -9 9 -11 11 -13 -14 -15 -16
leaf_value=0.033532954412100843 0.020616831096414129 0.025559122494953027 -0.025771543434338854 -0.07273967126328959 -0.13543100600926758 0.016030817457051687 0.072807076778898555 0.12882321853593323 0.028413511216775239 0.037974440858662986 0.042033977113601094 -0.048507885517180958 -0.019871836287983689 -0.038561804069787382 -0.029622107219196898
leaf_weight=1564 951 973 1029 1054 1306 1205 878 952 908 975 1226 933 1291 1590 1167
leaf_count=1564 951 973 1029 1054 1306 1205 878 952 908 975 1226 933 1291 1590 1167
internal_value=0.000307674 0.000773495 0.00165329 -0.00086103 8.73673e-05 -0.00153047 0.00218969 0.00460485 0.00144934 0.000890792 0.000295429 -0.000456256 0.000615891 -0.00138247 -0.00026681
internal_weight=18002 12873 9143 5129 4075 2511 8114 1903 6211 5333 4358 3450 2517 3730 2140
internal_count=18002 12873 9143 5129 4075 2511 8114 1903 6211 5333 4358 3450 2517 3730 2140
is_linear=0
shrinkage=0.0477671


Tree=130
num_leaves=16
num_cat=2
split_feature=10 1 28 45 45 0 10 45 23 6 40 6 4 45 31
split_gain=5.4449 10.4715 6.42344 9.99443 11.9119 9.86633 12.1901 9.59042 15.4582 8.94546 8.43097 9.34597 7.97425 4.55823 6.34347
threshold=985.81322582272344 0.19522102932758698 0 0.23184395843844199 0.56192977791787302 10.236078030948967 1021.0288588535333 0.11077631698179569 5.8465448209098563 288.25155042993487 -0.108376950152639 287.22281904947613 284.55841308808874 0.62102846403886891 1
decision_type=2 2 1 2 2 2 2 2 2 2 2 2 2 2 1
left_child=-1 -2 7 9 -5 -6 13 -3 -9 12 11 -10 -4 -7 -15
right_child=1 2 3 4 5 6 -8 8 10 -11 -12 -13 -14 14 -16
leaf_value=0.049395655622215241 -0.048951357504324292 0.062561218462887702 -0.034778026617893379 0.083974481369843437 0.054021891171610867 -0.046524938531178686 -0.094391221438438672 0.056196808329663679 0.043053392585502011 0.021547966983762736 -0.082316759081480409 -0.027928465794753672 -0.21202779433445593 0.043395472568686033 -0.028773084897176553
leaf_weight=1061 913 1285 981 1510 1204 1075 893 1314 972 881 1097 923 995 1573 1144
leaf_count=1061 913 1285 981 1510 1204 1075 893 1314 972 881 1097 923 995 1573 1144
internal_value=3.33795e-05 -0.000176571 0.00010988 -0.000600012 0.00032572 -0.000644464 -0.00163594 0.00141104 0.000332276 -0.00300034 -0.00156382 0.000364322 -0.00478525 -0.000452896 0.000588136
internal_weight=17821 16760 15847 10256 7399 5889 4685 5591 4306 2857 2992 1895 1976 3792 2717
internal_count=17821 16760 15847 10256 7399 5889 4685 5591 4306 2857 2992 1895 1976 3792 2717
cat_boundaries=0 1 2
cat_threshold=5704 89
is_linear=0
shrinkage=0.0477671


Tree=131
num_leaves=17
num_cat=4
split_feature=7 41 16 28 13 36 14 23 28 13 6 6 28 13 40 28
split_gain=4.59649 10.156 10.9376 9.731 13.4722 8.19311 7.86126 5.33517 5.56205 5.20839 4.68601 4.60152 4.05029 3.83137 2.01589 1.76572
threshold=306.04236561951313 -0.94137724084408114 146.69179132911037 0 2.5047356825229543 -0.78656609248549292 4.361203081677739 3.7278652823181551 1 1.4283023348245678 285.85835367316707 285.70308953116597 2 2.0407230566281167 0.31799963745711152 3
decision_type=2 2 2 1 2 2 2 2 1 2 2 2 1 2 2 1
left_child=1 -1 3 13 14 15 7 -7 10 -10 -9 12 -11 -3 -5 -4
right_child=-2 2 5 4 -6 6 -8 8 9 11 -12 -13 -14 -15 -16 -17
leaf_value=-0.049880607148521008 0.051866335931578356 0.01249362054981628 0.010161152499022566 0.025059762310299126 0.11191964355036971 0.02264609341337653 -0.16483605160194401 0.067233345171175851 0.0087583168550928025 -0.046032405993287583 -0.012162723851509686 -0.013808115918309955 -0.2367854009198288 -0.03543036629741466 -0.0051598383503750561 0.052866807417356672
leaf_weight=1731 902 1018 958 889 1107 1135 911 878 926 1016 1479 889 886 889 983 1157
leaf_count=1731 902 1018 958 889 1107 1135 911 878 926 1016 1479 889 886 889 983 1157
internal_value=-9.40417e-05 -0.00027198 0.000124633 0.00198414 0.00368286 -0.000762842 -0.00145274 -0.000924022 -0.00148596 -0.00263319 0.000332034 -0.0036703 -0.00499654 -0.00068407 0.0012236 0.00188478
internal_weight=17754 16852 15121 4886 2979 10235 8120 7209 6074 3717 2357 2791 1902 1907 1872 2115
internal_count=17754 16852 15121 4886 2979 10235 8120 7209 6074 3717 2357 2791 1902 1907 1872 2115
cat_boundaries=0 1 2 3 4
cat_threshold=3360 1860 6152 3632
is_linear=0
shrinkage=0.0477671


Tree=132
num_leaves=16
num_cat=1
split_feature=17 2 52 40 24 0 4 6 12 0 31 29 6 9 11
split_gain=4.72016 10.061 7.63763 7.69831 4.74035 5.7204 7.82842 5.38135 6.00034 6.04865 6.29904 9.66729 5.17885 5.00551 2.1144
threshold=0.43270909900013854 0.81746419777159263 0.077737566926842624 0.26866988313759588 38.32138800905846 9.6866592376612832 281.76655695772257 300.55739434529556 41.899504440555951 14.317871763040626 0 100.50000000000001 288.04707886826742 1014.2620225326976 56.889500093158524
decision_type=2 2 2 2 2 2 2 2 2 2 1 2 2 2 2
left_child=1 2 4 -4 5 -1 -7 8 -8 10 -10 -12 -13 -6 -11
right_child=-2 -3 3 -5 13 6 7 -9 9 14 11 12 -14 -15 -16
leaf_value=0.037402664654098076 -0.049131230495722891 0.096160503725448002 -0.0068692659976693536 0.076237812531845542 -0.00078286351719940501 -0.086006751162868655 0.044317269355908899 -0.030741639661217589 0.061005348870897175 -0.013099404349080041 -0.10024936873276906 0.054532223112030473 -0.001935875162375903 -0.080124476773620029 -0.070647445891853011
leaf_weight=1307 926 885 1245 1699 874 1173 885 1036 1502 878 1002 1029 1664 916 878
leaf_count=1307 926 885 1245 1699 874 1173 885 1036 1502 878 1002 1029 1664 916 878
internal_value=0.000228049 0.000409349 0.00013644 0.00233568 -0.000355976 4.01053e-06 -0.000382504 0.000102022 0.000529919 5.8074e-05 0.000877338 -0.00018634 0.00130288 -0.00264062 -0.00236532
internal_weight=17899 16973 16088 2944 13144 11354 10047 8874 7838 6953 5197 3695 2693 1790 1756
internal_count=17899 16973 16088 2944 13144 11354 10047 8874 7838 6953 5197 3695 2693 1790 1756
cat_boundaries=0 1
cat_threshold=3
is_linear=0
shrinkage=0.0477671


Tree=133
num_leaves=16
num_cat=4
split_feature=10 46 1 24 28 28 27 9 24 6 24 40 5 31 28
split_gain=4.27847 11.2451 8.07798 6.98817 22.5657 11.7057 8.98117 8.78968 9.5188 14.1426 9.25051 7.57031 14.9828 8.10773 4.31547
threshold=992.53659026272703 0.3529115998950883 0.19544989965272661 5.8099046892179063 0 1 1.7268480900111645 1021.4995969361465 38.32138800905846 288.44405787690113 15.621623601911979 -0.12546116083924153 290.04017077171693 2 3
decision_type=2 2 2 2 1 1 2 2 2 2 2 2 2 1 1
left_child=1 -1 -2 4 -4 7 11 8 9 -5 -11 -7 13 -13 -6
right_child=2 -3 3 5 14 6 -8 -9 -10 10 -12 12 -14 -15 -16
leaf_value=-0.020216486240904982 -0.04042688705499603 0.082897948373605326 -0.033469572706852177 0.13717641231057029 0.10501918619635862 0.0020266034550330612 0.033120801866292043 -0.055159467104509051 -0.042104513793025738 -0.0164407188764128 0.055962673042602218 -0.060071201753254269 0.0085663702278367029 -0.22611835040372 0.04528301497558429
leaf_weight=1090 912 1051 1345 1307 877 1176 957 931 1033 1700 1177 926 900 1266 1281
leaf_count=1090 912 1051 1345 1307 877 1176 957 931 1033 1700 1177 926 900 1266 1281
internal_value=8.11347e-05 0.002085 -0.000190467 7.69144e-05 0.0019425 -0.000497509 -0.00215753 0.000914954 0.00167971 0.00269379 0.000821077 -0.00309964 -0.00434034 -0.00647107 0.00495635
internal_weight=17929 2141 15788 14876 3503 11373 5225 6148 5217 4184 2877 4268 3092 2192 2158
internal_count=17929 2141 15788 14876 3503 11373 5225 6148 5217 4184 2877 4268 3092 2192 2158
cat_boundaries=0 1 2 3 4
cat_threshold=1828 1926 19 88
is_linear=0
shrinkage=0.0477671


Tree=134
num_leaves=16
num_cat=0
split_feature=17 1 0 8 16 5 36 14 10 2 1 1 10 38 1
split_gain=4.99424 12.0301 5.72148 14.4828 8.37023 6.62895 9.24726 8.43015 5.65583 4.86099 10.2612 7.72905 6.59329 2.44648 1.2268
threshold=0.43270909900013854 0.19719531436214235 14.334673426316401 298.27353100134991 86.377893783141943 296.15787367406125 -0.9159756150367534 4.6127098670968412 1027.0343860345367 0.70733317426230091 0.29244046898534187 0.23832750329369443 1014.1520911968543 1.0000000180025095e-35 0.219683359798028
decision_type=2 2 2 2 2 2 2 2 2 2 2 2 2 2 2
left_child=1 -1 4 -4 -3 6 -6 8 9 -8 11 14 -13 -14 -11
right_child=-2 2 3 -5 5 -7 7 -9 -10 10 -12 12 13 -15 -16
leaf_value=0.052321622250354818 -0.058310134684935219 0.035578308032786436 -0.092519771900272385 0.022137178476498275 0.076971298285624989 -0.031580251784723172 -0.024765817545291148 -0.14562823390188204 -0.037041148098502896 0.023543967735538199 0.15245149327941049 -0.04795246089074711 0.022447388227564775 -0.014580470751521434 0.068116893748946555
leaf_weight=1557 886 899 935 1196 1247 1286 950 886 1225 890 1088 1188 1193 981 1389
leaf_count=1557 886 899 935 1196 1247 1286 950 886 1225 890 1088 1188 1193 981 1389
internal_value=0.000155555 0.000338842 -6.67466e-05 -0.00236377 0.000303298 -2.11383e-05 0.00035685 -0.000136389 0.000305536 0.0007866 0.00123839 0.000418762 -0.00103652 0.000526301 0.00256658
internal_weight=17796 16910 15353 2131 13222 12323 11037 9790 8904 7679 6729 5641 3362 2174 2279
internal_count=17796 16910 15353 2131 13222 12323 11037 9790 8904 7679 6729 5641 3362 2174 2279
is_linear=0
shrinkage=0.0477671


Tree=135
num_leaves=15
num_cat=3
split_feature=36 28 1 9 18 38 44 44 24 28 26 11 5 28
split_gain=3.87829 7.87334 4.27836 8.38706 10.0982 9.47921 7.31751 4.58922 5.31507 12.0861 5.34512 3.83228 3.99066 1.55421
threshold=-0.9159756150367534 0 0.19759453614336106 1012.50694972999 0.069398832991453094 -0.60785761079279388 30248.500000000004 29399.500000000004 7.591367744464347 1 1.0000000180025095e-35 49.277524378970647 286.44818084109136 2
decision_type=2 1 2 2 2 2 2 2 2 1 2 2 2 1
left_child=1 -1 -2 5 7 -4 -7 8 9 -5 13 -9 -13 -10
right_child=2 -3 3 4 -6 6 -8 11 10 -11 -12 12 -14 -15
leaf_value=-0.021571872786503105 0.024598942403644648 0.080086487727047823 -0.12281634775859039 0.067868869616193872 0.05942130499428875 -0.045701634213361174 0.025525578683411803 0.0045069148687318017 -0.010243000672182461 -0.011031219966503941 0.034911370885967075 -0.016139105139170787 -0.052139854114288321 -0.057412219676119536
leaf_weight=975 1714 1272 1165 889 1447 1465 1132 1365 1228 1197 1010 1333 924 890
leaf_count=975 1714 1272 1165 889 1447 1465 1132 1365 1228 1197 1010 1333 924 890
internal_value=4.49744e-05 0.00190161 -0.000219613 -0.000494687 0.000211142 -0.00242458 -0.000817637 -0.000394383 0.000512605 0.00238041 -0.000732285 -0.00170064 -0.00290906 -0.00209637
internal_weight=18006 2247 15759 14045 10283 3762 2597 8836 5214 2086 3128 3622 2257 2118
internal_count=18006 2247 15759 14045 10283 3762 2597 8836 5214 2086 3128 3622 2257 2118
cat_boundaries=0 1 2 3
cat_threshold=1504 2584 1926
is_linear=0
shrinkage=0.0477671


Tree=136
num_leaves=14
num_cat=5
split_feature=31 37 37 5 28 17 28 35 28 6 26 28 5
split_gain=4.79475 9.89789 4.98621 6.552 5.96433 10.2819 5.74292 5.4678 5.9858 4.11258 4.00156 3.31526 3.26433
threshold=0 0.37940952255126048 0.37940952255126048 286.12608111721744 1 1.0000000180025095e-35 2 0.52083333333333337 3 288.16017830859022 782.40821542881997 4 285.09049354562325
decision_type=1 2 2 2 1 2 1 2 1 2 2 1 2
left_child=1 -1 3 4 -2 -6 9 8 -5 -4 -9 -12 -8
right_child=2 -3 6 7 5 -7 12 10 -10 -11 11 -13 -14
leaf_value=-0.079307569502216346 0.13382466391318074 0.025061004127055465 -0.017774218656597875 0.047712252112017864 -0.029261027085572842 0.062853831810309652 -0.013693749594217321 0.020527282346535863 -0.0037875519190519683 0.033211887572471566 -0.0042252168484717169 -0.047348554971998615 -0.048905275392641383
leaf_weight=1573 1453 964 1523 1248 1214 947 1485 977 1426 1523 1059 1296 1271
leaf_count=1573 1453 964 1523 1248 1214 947 1485 977 1426 1523 1059 1296 1271
internal_value=-1.20564e-06 -0.00192143 0.000315579 0.000982916 0.00258996 0.000978076 -0.00078997 1.55349e-05 0.00162475 0.000640124 -0.00127522 -0.00234177 -0.0023651
internal_weight=17959 2537 15422 9620 3614 2161 5802 6006 2674 3046 3332 2355 2756
internal_count=17959 2537 15422 9620 3614 2161 5802 6006 2674 3046 3332 2355 2756
cat_boundaries=0 1 2 3 4 5
cat_threshold=64 1554 4472 5232 2380
is_linear=0
shrinkage=0.0477671


Tree=137
num_leaves=15
num_cat=1
split_feature=40 40 20 10 46 24 29 24 29 45 43 43 10 31
split_gain=4.8768 6.57786 15.9939 9.40262 7.30031 6.58313 4.80811 7.63077 8.66572 5.08033 4.87606 4.78405 4.96037 4.55599
threshold=0.9893236546938301 0.88220160189607266 0.00053639322922507786 1017.9144507500482 0.11077631698179569 38.32138800905846 283.50000000000006 18.784737709181744 198.50000000000003 0.71603616942947224 -0.68301270189221952 0.6830127018922193 1018.2134354567994 0
decision_type=2 2 2 2 2 2 2 2 2 2 2 2 2 1
left_child=1 2 4 -3 11 6 7 9 -9 10 -6 12 -1 -7
right_child=-2 3 -4 -5 5 13 -8 8 -10 -11 -12 -13 -14 -15
leaf_value=-0.011644171672893297 -0.047634429824695131 0.002254032743678718 -0.097938538470980066 0.088094678895460771 -0.028271332340600513 0.0064904386000315221 -0.015701003082969255 0.032560665506729258 0.11474124003303426 0.054370947712233539 0.029722903948683103 0.021934454389944943 -0.073984400822999508 -0.06881580077007024
leaf_weight=1588 912 1289 897 891 1556 1512 1308 1321 969 1187 1621 977 875 986
leaf_count=1588 912 1289 897 891 1556 1512 1308 1321 969 1187 1621 977 875 986
internal_value=0.000105348 0.000288266 -7.24828e-05 0.00273791 0.000326305 0.000954215 0.00162555 0.0021461 0.00437941 0.000973657 -2.18505e-05 -0.00158233 -0.00270454 -0.00118468
internal_weight=17889 16977 14797 2180 13900 10460 7962 6654 2290 4364 3177 3440 2463 2498
internal_count=17889 16977 14797 2180 13900 10460 7962 6654 2290 4364 3177 3440 2463 2498
cat_boundaries=0 1
cat_threshold=29
is_linear=0
shrinkage=0.0477671


Tree=138
num_leaves=16
num_cat=2
split_feature=24 7 28 9 9 28 1 6 17 24 40 26 39 6 17
split_gain=4.98247 4.11607 7.60425 10.0661 9.89748 10.9991 7.64799 6.9918 6.73796 8.16645 6.05287 8.53823 7.58935 5.84094 4.75966
threshold=61.4069078011809 306.04236561951313 0 990.34447103458001 1012.9404590726077 1 0.22041482439968588 291.47202592953164 0.023321270078052781 2.5426812795444338 0.31799963745711152 152.14137475817509 1.0000000180025095e-35 285.31230827041526 1.0000000180025095e-35
decision_type=2 2 1 2 2 1 2 2 2 2 2 2 2 2 2
left_child=1 2 -1 -4 5 -5 7 -6 9 -8 11 13 -12 -11 -7
right_child=-2 -3 3 4 6 14 8 -9 -10 10 12 -13 -14 -15 -16
leaf_value=-0.058427923330668409 0.037030810773333173 0.048687195932777955 0.053586668619225446 -0.17519288961842608 -0.1245255584137193 0.018512260567813871 0.046523434603151725 -0.0024583086456144267 0.061762847217715328 0.012665917753322901 -0.097497834137478936 0.040924903118224366 0.011626826886543635 -0.037848132057386838 -0.060649691146797496
leaf_weight=1234 886 919 1430 888 888 974 936 1436 1677 1118 1065 1665 899 889 955
leaf_count=1234 886 919 1430 888 888 974 936 1436 1677 1118 1065 1665 899 889 955
internal_value=-4.40072e-05 -0.00022642 -0.000404515 -0.000102921 -0.000509967 -0.00302598 0.000160172 -0.00225996 0.000842269 0.000152294 -0.000533551 0.00061079 -0.00267421 -0.0014864 -0.000971928
internal_weight=17859 16973 16054 14820 13390 2817 10573 2324 8249 6572 5636 3672 1964 2007 1929
internal_count=17859 16973 16054 14820 13390 2817 10573 2324 8249 6572 5636 3672 1964 2007 1929
cat_boundaries=0 1 2
cat_threshold=128 88
is_linear=0
shrinkage=0.0477671


Tree=139
num_leaves=17
num_cat=2
split_feature=26 3 44 28 24 9 9 44 36 44 25 6 28 26 24 18
split_gain=3.31513 8.38112 9.75454 4.75147 9.19943 6.86702 11.6824 5.4095 4.25918 7.64457 7.02478 4.91173 4.64176 3.98991 3.45419 1.94048
threshold=1.0000000180025095e-35 282.79647720980824 25780.500000000004 0 4.6976919167616451 1018.7811848507207 1012.6279629417517 22938.000000000004 1.0000000180025095e-35 33671.500000000007 529.57107935834017 289.04716620613266 1 320.1324002407062 13.182361932748625 0.010335526172159909
decision_type=2 2 2 1 2 2 2 2 2 2 2 2 1 2 2 2
left_child=3 -2 -3 5 -5 6 -1 -6 10 11 13 -10 -12 -4 -14 -9
right_child=1 2 8 4 7 -7 -8 15 9 -11 12 -13 14 -15 -16 -17
leaf_value=-0.087539987017127008 0.090112198868134333 0.076555717098426998 -0.024490620990612961 0.056448473563999374 -0.072959915030485059 -0.082867255863843567 0.033615969676306597 -0.020559820863483423 0.0054439721149170213 -0.032224500143555677 -0.084658218480934203 0.046666738201739687 -0.034004609216888568 0.028209595723446779 0.01302011818964997 0.02042149645276815
leaf_weight=885 886 1107 874 908 1082 1108 1287 901 1270 898 908 1067 1038 1567 961 1123
leaf_count=885 886 1107 874 908 1082 1108 1287 901 1270 898 908 1067 1038 1567 961 1123
internal_value=2.39324e-05 0.000564358 0.000157514 -0.000759357 0.000343691 -0.00210456 -0.000548778 -0.000891262 -0.000386529 0.00098123 -0.0012143 0.00242112 -0.00280084 0.000674204 -0.00148492 0.000565306
internal_weight=17870 10576 9690 7294 4014 3280 2172 3106 8583 3235 5348 2337 2907 2441 1999 2024
internal_count=17870 10576 9690 7294 4014 3280 2172 3106 8583 3235 5348 2337 2907 2441 1999 2024
cat_boundaries=0 1 2
cat_threshold=902 1076
is_linear=0
shrinkage=0.0477671


Tree=140
num_leaves=17
num_cat=1
split_feature=40 40 20 9 10 43 24 30 15 3 24 9 15 41 5 31
split_gain=5.28436 6.17573 15.2757 10.2698 7.46452 13.8363 7.6574 6.76886 9.46354 7.65603 13.1573 7.04835 4.45984 3.44847 3.82591 3.36656
threshold=0.9893236546938301 0.89404822654372251 0.00053639322922507786 1017.5026534476278 1021.531057598879 0.6830127018922193 13.341227084575076 0.13826146475017112 217.34941008079821 288.93654872074518 18.563189062741589 1015.7123278473983 104.6170255637137 -0.96687281075841669 295.90669752162461 0
decision_type=2 2 2 2 2 2 2 2 2 2 2 2 2 2 2 1
left_child=1 2 4 -3 7 -6 -7 8 -1 11 12 -9 -11 -14 -15 -12
right_child=-2 3 -4 -5 5 6 -8 9 -10 10 15 -13 13 14 -16 -17
leaf_value=0.13024280014042589 -0.0452880656652766 -0.013104307986162914 -0.08982857409906736 0.088330489862574788 -0.093324252179518688 0.043742445075709444 -0.035154943214136508 -0.054892680383355361 -0.0088019573127238026 -0.032581654126537511 0.089696301569980361 0.016961003638796782 0.054103208660380625 0.018684953430628936 -0.022662463931674801 0.029624831737220973
leaf_weight=973 925 1130 904 890 931 914 898 1532 875 1014 928 893 975 1490 1407 1246
leaf_count=973 925 1130 904 890 931 914 898 1532 875 1014 928 893 975 1490 1407 1246
internal_value=-7.04935e-05 0.000120691 -0.000213496 0.00260007 0.000172911 -0.00206277 0.00036783 0.000714223 0.00335903 0.000198689 0.000994268 -0.00211659 -0.00038082 0.000357183 -0.000469151 0.00408576
internal_weight=17925 17000 14980 2020 14076 2743 1812 11333 1848 9485 7060 2425 4886 3872 2897 2174
internal_count=17925 17000 14980 2020 14076 2743 1812 11333 1848 9485 7060 2425 4886 3872 2897 2174
cat_boundaries=0 1
cat_threshold=13
is_linear=0
shrinkage=0.0477671


Tree=141
num_leaves=17
num_cat=0
split_feature=10 1 1 16 10 9 2 1 29 9 9 1 5 11 2 16
split_gain=5.18883 6.81322 5.41607 5.93528 4.64241 8.22658 9.32469 15.4904 12.8393 12.3721 11.7291 7.24623 5.67053 7.31893 6.26156 3.05891
threshold=985.81322582272344 0.19522102932758698 0.19796484542016488 86.377893783141943 1027.0343860345367 1023.2773909215456 0.70796903256899502 0.29485354602110464 104.50000000000001 1017.5026534476278 1019.1881624086396 0.20501011229713353 293.5391508693948 61.633343107750171 0.79364839964734346 176.3840058839896
decision_type=2 2 2 2 2 2 2 2 2 2 2 2 2 2 2 2
left_child=-1 -2 -3 -4 5 6 -5 8 9 -8 11 -10 13 -13 -14 -15
right_child=1 2 3 4 -6 -7 7 -9 10 -11 -12 12 14 15 -16 -17
leaf_value=0.04003956215759942 -0.037436169441711124 0.051706068392513176 0.026783063880300936 -0.057454760383960128 -0.040267193729728583 0.045754268232214498 -0.1603449363965441 0.18246663484490047 -0.037764066172331121 0.0082683768046034334 -0.043778378374752958 0.11422341602743157 -0.031004962566657999 -0.0053210451193088466 0.039772778460356664 0.065930632657782096
leaf_weight=1089 958 926 1117 895 1444 1170 1406 1079 1086 902 1224 905 892 888 1050 874
leaf_count=1089 958 926 1117 895 1444 1170 1406 1079 1086 902 1224 905 892 888 1050 874
internal_value=-1.72161e-05 -0.000224273 1.1908e-05 -0.000207784 -0.000478719 -0.000179366 -0.000577646 -0.000171274 -0.000804763 -0.00388994 0.00022405 0.00113612 0.00196347 0.00339319 0 0.0015982
internal_weight=17905 16816 15858 14932 13815 12371 11201 10306 9227 2308 6919 5695 4609 2667 1942 1762
internal_count=17905 16816 15858 14932 13815 12371 11201 10306 9227 2308 6919 5695 4609 2667 1942 1762
is_linear=0
shrinkage=0.0477671


Tree=142
num_leaves=16
num_cat=1
split_feature=49 10 16 31 7 11 18 5 40 2 14 0 9 26 11
split_gain=4.79588 4.04798 4.59608 7.29263 7.27498 10.9686 9.70951 4.28586 6.37888 6.59254 8.35042 5.43793 4.47723 4.00011 3.14172
threshold=1.0000000180025095e-35 985.41903256401054 235.87946419448193 0 284.50580211164788 81.810627203542836 0.010335526172159909 284.07159565278704 -0.78326540922535159 0.8136828024730921 2.3806074174515364 12.468270517378178 1016.758746358519 809.04083204842266 45.73039573976984
decision_type=2 2 2 1 2 2 2 2 2 2 2 2 2 2 2
left_child=1 -1 4 -4 6 7 -3 -6 11 10 12 -9 -10 -12 -11
right_child=-2 2 3 -5 5 -7 -8 8 9 14 13 -13 -14 -15 -16
leaf_value=0.04100770345161453 0.04221983418226033 -0.013708024509541891 0.0037745534512811435 -0.085507758345305829 0.056285445831853277 -0.074892025637803464 0.098749971654874799 -0.0046945445606262539 0.078154311314578478 0.00041976777430062794 0.013113568727482738 -0.040498144024804013 0.015429252206489738 -0.043277638840539201 -0.057269790283614688
leaf_weight=988 907 1242 1271 1001 984 958 1307 1108 993 906 1613 949 1581 1128 1051
leaf_count=988 907 1242 1271 1001 984 958 1307 1108 993 906 1613 949 1581 1128 1051
internal_value=6.22836e-05 -0.000117329 -0.000299667 -0.00229066 2.74895e-05 -0.000493535 0.0023322 -3.91534e-05 -0.00035562 0.000308419 0.0011814 -0.00270425 0.00313536 -0.000652694 -0.00206136
internal_weight=17987 17080 16092 2272 13820 11271 2549 10313 9329 7272 5315 2057 2574 2741 1957
internal_count=17987 17080 16092 2272 13820 11271 2549 10313 9329 7272 5315 2057 2574 2741 1957
cat_boundaries=0 1
cat_threshold=23
is_linear=0
shrinkage=0.0477671


Tree=143
num_leaves=16
num_cat=1
split_feature=24 49 0 2 8 28 0 36 41 16 5 8 46 5 40
split_gain=5.53 5.35338 5.07432 4.68222 4.16374 6.867 4.27069 5.53434 5.14026 4.9421 3.87446 8.95474 5.59935 3.33373 3.26155
threshold=61.4069078011809 1.0000000180025095e-35 9.506362547973648 0.71155276857366001 305.89114570647399 0 12.854813582033179 -0.70710678118654735 -0.46800559042974538 238.37367346310131 288.74591179480092 296.57870861361886 0.23184395843844199 286.81526974982984 0.76696112484652046
decision_type=2 2 2 2 2 1 2 2 2 2 2 2 2 2 2
left_child=1 2 -1 -4 5 -5 7 -7 10 13 -8 -12 -13 14 -9
right_child=-2 -3 3 4 -6 6 8 9 -10 -11 11 12 -14 -15 -16
leaf_value=-0.048750142499601246 0.043390150318691374 0.043907738055727716 0.037244777629193856 -0.048016919900360458 0.052151130646913846 0.026462717415864964 -0.047949901570662055 0.024941569987210959 0.05754742177716872 -0.12159897385903114 0.048048377462209843 -0.036238574355786625 0.015587452478144744 -0.031798702936873535 -0.045396022912357725
leaf_weight=949 905 888 1234 1282 897 1519 877 1242 1320 884 1250 1014 1376 1193 967
leaf_count=949 905 888 1234 1282 897 1519 877 1242 1320 884 1250 1014 1376 1193 967
internal_value=0.000186412 -8.35127e-06 -0.000208789 4.61103e-06 -0.000246951 -0.000465523 -9.81959e-05 -0.00101585 0.000813876 -0.00189411 4.70933e-05 0.000734265 -0.000978391 -0.00106645 3.14256e-05
internal_weight=17797 16892 16004 15055 13821 12924 11642 5805 5837 4286 4517 3640 2390 3402 2209
internal_count=17797 16892 16004 15055 13821 12924 11642 5805 5837 4286 4517 3640 2390 3402 2209
cat_boundaries=0 1
cat_threshold=2176
is_linear=0
shrinkage=0.0477671


Tree=144
num_leaves=15
num_cat=1
split_feature=17 1 10 29 41 52 23 40 31 6 40 2 40 9
split_gain=5.95997 12.8781 8.1168 9.59814 15.8265 6.29528 6.29203 6.7091 8.6086 5.82322 5.28361 3.98685 5.60743 9.80505
threshold=0.43270909900013854 0.19759453614336106 1012.6551976769886 50.500000000000007 -0.29342786347392819 0.077737566926842624 8.0297834356083264 -0.13398594226331254 0 286.02196600195697 -0.78326540922535159 0.72143186661380232 0.85673801594079257 1018.9851158709515
decision_type=2 2 2 2 2 2 2 2 1 2 2 2 2 2
left_child=1 -1 3 -3 -5 6 11 9 -9 -8 -11 -4 13 -13
right_child=-2 2 5 4 -6 -7 7 8 -10 10 -12 12 -14 -15
leaf_value=0.049475720910444144 -0.065172557506881112 0.023220277354140957 0.050342085743785854 0.0014681589827246434 -0.089033098130033642 0.049973460283385944 0.034853236749497793 -0.012915010044604892 -0.14747731443283199 -0.034512879157262172 0.017006311416165924 0.022237261678511366 0.037728374999261016 -0.064042242221387699
leaf_weight=1685 893 1151 912 1376 1563 1630 956 1480 1019 1079 1205 1194 907 878
leaf_count=1685 893 1151 912 1376 1563 1630 956 1480 1019 1079 1205 1194 907 878
internal_value=-0.000125102 7.41765e-05 -0.000360831 -0.00218343 -0.00363175 0.000300997 -0.000163456 -0.00116903 -0.00302875 0.000264684 -0.00104471 0.00131913 0.000472272 -0.000898014
internal_weight=17928 17035 15350 4090 2939 11260 9630 5739 2499 3240 2284 3891 2979 2072
internal_count=17928 17035 15350 4090 2939 11260 9630 5739 2499 3240 2284 3891 2979 2072
cat_boundaries=0 1
cat_threshold=51
is_linear=0
shrinkage=0.0477671


Tree=145
num_leaves=18
num_cat=2
split_feature=0 0 9 29 4 8 35 12 25 7 44 0 35 31 31 9 29
split_gain=5.93143 5.71275 9.2078 13.3131 10.7612 6.01831 4.83214 6.80765 5.03436 6.63091 6.91282 4.71014 3.86921 3.73627 3.34476 2.68059 0.675399
threshold=9.4614606470315064 9.662608922941013 1026.0507511297903 42.500000000000007 281.76655695772257 284.78529295686729 0.52083333333333337 58.051885879272348 565.45401957381284 294.48216425494326 30359.500000000004 14.423699852531417 0.81250000000000011 0 1 1017.0343626327586 188.50000000000003
decision_type=2 2 2 2 2 2 2 2 2 2 2 2 2 1 1 2 2
left_child=-1 -2 3 -3 -5 -6 7 11 12 -10 -11 -7 -8 -14 15 -9 -16
right_child=1 2 -4 4 5 6 8 14 9 10 -12 -13 13 -15 16 -17 -18
leaf_value=-0.032591061053307092 0.066310873749931748 0.15213280305819454 -0.059492915568837186 -0.069384052150852457 0.05964300285139397 0.010817424401686433 0.037962434866971005 0.033534438561779699 -0.10237290485989096 0.025306331219281272 -0.030395070822705431 0.075479391809031071 0.024232250020643966 -0.032005079786834485 -0.037517561585578729 -0.0081870078258103537 -0.0096452794698964183
leaf_weight=1053 956 1232 904 991 946 960 1160 1268 877 925 1000 883 899 1184 876 967 875
leaf_count=1053 956 1232 904 991 946 960 1160 1268 877 925 1000 883 899 1184 876 967 875
internal_value=0.000191412 0.000408218 0.000193061 0.000474569 4.99885e-05 0.000420862 0.000128543 0.00111 -0.000817479 -0.00230062 -0.000730856 0.00351069 0.000463284 -0.000767146 0 0.00122244 -0.00155842
internal_weight=17956 16903 15947 15043 13811 12820 11874 5829 6045 2802 1925 1843 3243 2083 3986 2235 1751
internal_count=17956 16903 15947 15043 13811 12820 11874 5829 6045 2802 1925 1843 3243 2083 3986 2235 1751
cat_boundaries=0 1 2
cat_threshold=69 27
is_linear=0
shrinkage=0.0477671


Tree=146
num_leaves=15
num_cat=2
split_feature=7 28 16 10 10 29 20 2 5 6 28 6 10 0
split_gain=4.55041 5.76604 5.91684 6.90252 11.0593 13.7648 5.76848 5.68555 10.5511 4.84991 4.76507 6.7066 6.28945 13.3931
threshold=306.04236561951313 0 91.786669140924985 990.76286347646851 1012.7765495042562 110.50000000000001 0.00016142352194219441 0.81213854152990717 292.60234072660063 295.83426527737362 1 283.43741918428935 1018.5121311428671 11.096690999780789
decision_type=2 1 2 2 2 2 2 2 2 2 1 2 2 2
left_child=1 7 -3 -4 5 -5 9 8 -1 10 11 -6 -12 -14
right_child=-2 2 3 4 6 -7 -8 -9 -10 -11 12 -13 13 -15
leaf_value=-0.06902141764696533 0.059924311053233294 0.033940997514195541 0.046461567545088067 -0.15445720556156614 0.162167700251172 0.010607346227689197 -0.054666177542487149 -0.077853810454677527 0.039476476513553529 -0.021890280570179339 -0.030665445292826582 0.014526701137595424 -0.011830498757956377 0.070446624922703302
leaf_weight=1095 925 1222 1242 1334 912 1033 941 880 918 1165 1656 1700 1696 1121
leaf_count=1095 925 1222 1242 1334 912 1033 941 880 918 1165 1656 1700 1696 1121
internal_value=0.000117686 -6.0583e-05 0.000340256 3.71437e-05 -0.000326299 -0.00323802 0.000423326 -0.00199844 -0.000603989 0.000827692 0.00129752 0.002914 0.000345795 0.00172031
internal_weight=17840 16915 14022 12800 11558 2367 9191 2893 2013 8250 7085 2612 4473 2817
internal_count=17840 16915 14022 12800 11558 2367 9191 2893 2013 8250 7085 2612 4473 2817
cat_boundaries=0 1 2
cat_threshold=160 1794
is_linear=0
shrinkage=0.0477671


Tree=147
num_leaves=16
num_cat=0
split_feature=27 42 52 26 27 14 40 8 35 40 5 10 7 1 0
split_gain=4.40963 5.23819 6.67807 5.21795 3.84238 3.75593 3.69657 3.72483 7.3086 6.66824 9.86353 6.51062 6.73567 3.68707 4.59434
threshold=1.1782197183233383 0.68301270189221941 0.25790389450448498 826.58218720124216 1.0000000180025095e-35 2.5859776595011872 0.94978112945126536 283.21659047240843 0.31250000000000006 0.7210268013660811 283.74581042072072 1019.1748010898699 300.133079306159 0.19968445605544813 12.207019328223923
decision_type=2 2 2 2 2 2 2 2 2 2 2 2 2 2 2
left_child=3 2 -2 4 -1 -5 7 8 -6 10 -9 12 13 -12 -15
right_child=1 -3 -4 5 6 -7 -8 9 -10 -11 11 -13 -14 14 -16
leaf_value=0.03192669716316638 0.032915759909555732 0.086664320491975963 -0.034226149849401935 -0.00092247963480501425 -0.060268989429350585 -0.057263301322519111 -0.038502060959283206 0.067597294669499763 0.023058964854119575 0.064746866099767736 0.018065676504387191 -0.033345044870177663 0.057133955425839218 0.0056113646036571917 -0.040663204259632095
leaf_weight=969 1122 1287 988 945 1160 1234 1058 1076 900 1218 902 1629 1271 899 1182
leaf_count=969 1122 1287 988 945 1160 1234 1058 1076 900 1218 902 1629 1271 899 1182
internal_value=7.48457e-05 0.00162345 0.000157411 -0.000289233 9.32957e-05 -0.00244323 -0.000154163 0.000123434 -0.00169163 0.00058097 9.97544e-06 -0.000758795 0.00022405 -0.00101608 -0.00212216
internal_weight=17840 3397 2110 14443 12264 2179 11295 10237 2060 8177 6959 5883 4254 2983 2081
internal_count=17840 3397 2110 14443 12264 2179 11295 10237 2060 8177 6959 5883 4254 2983 2081
is_linear=0
shrinkage=0.0477671


Tree=148
num_leaves=15
num_cat=1
split_feature=36 25 27 41 24 16 4 16 40 27 0 31 2 5
split_gain=3.06487 7.38527 3.26402 3.32203 8.19145 5.86317 5.65818 6.55646 5.16274 5.03357 4.48032 5.14454 4.44431 2.95313
threshold=-0.9159756150367534 323.16414053326201 1.0000000180025095e-35 0.29958852271690528 20.845388140048609 236.72072906084153 292.16207102435322 154.87572925573178 -0.52766804058324157 0.82777816489984501 14.674154228334965 0 0.78878983859900764 281.04538003141971
decision_type=2 2 2 2 2 2 2 2 2 2 2 1 2 2
left_child=1 -1 -2 4 9 8 7 -6 -5 10 11 12 -4 -10
right_child=2 -3 3 5 6 -7 -8 -9 13 -11 -12 -13 -14 -15
leaf_value=0.058134743004604209 0.027605816175197258 -0.019689323135091523 0.027053241164841653 -0.034663037451844188 0.053112689403399395 -0.084998071935168978 0.061426123531106214 -0.028060253092880381 0.033011718271973078 -0.048223333364478989 0.028285161913092858 -0.032637385923562322 -0.021665906752817873 -0.013376723304275863
leaf_weight=1304 962 951 1158 1028 879 1379 1164 1172 1463 897 1313 1568 1066 1576
leaf_count=1304 962 951 1158 1028 879 1379 1164 1172 1463 897 1313 1568 1066 1576
internal_value=-2.65906e-05 0.00161949 -0.000264296 -0.000441261 0.000111182 -0.00137664 0.00205708 0.000546219 -0.00046338 -0.000930776 -0.000350447 -0.00118351 0.000298347 0.00052582
internal_weight=17880 2255 15625 14663 9217 5446 3215 2051 4067 6002 5105 3792 2224 3039
internal_count=17880 2255 15625 14663 9217 5446 3215 2051 4067 6002 5105 3792 2224 3039
cat_boundaries=0 1
cat_threshold=83
is_linear=0
shrinkage=0.0477671


Tree=149
num_leaves=16
num_cat=3
split_feature=49 0 46 28 28 11 10 38 37 28 0 41 10 0 46
split_gain=4.22095 5.13904 4.5363 15.7375 6.18373 7.72513 5.67171 4.60137 8.29356 6.8179 6.47646 6.50696 8.4732 4.58995 5.27499
threshold=1.0000000180025095e-35 9.474994185443169 1.0000000180025095e-35 0 1 69.373529987023616 1022.4741477889831 -0.60785761079279388 0.60355339059327384 2 14.270395245566151 -0.30982845708428081 1016.7073958790342 13.489828176368961 0.28396383057052793
decision_type=2 2 2 1 1 2 2 2 2 1 2 2 2 2 2
left_child=1 -1 3 -3 5 13 7 9 10 -6 11 -9 -13 -4 -15
right_child=-2 2 4 -5 6 -7 -8 8 -10 -11 -12 12 -14 14 -16
leaf_value=-0.047460047562653186 0.043918510607118197 0.086192890273826497 -0.03683617363183217 -0.013581487689226247 -0.00014557859169868576 0.070786266505090623 0.027672457421075776 0.076007555517627362 -0.044787761775531648 -0.146090015344295 -0.031067894630597594 -0.023369939091413112 0.05184753263544354 -0.010876428763511026 0.052096829658739387
leaf_weight=897 902 945 998 1303 1056 1182 1094 880 1747 1343 1111 1501 893 877 1096
leaf_count=897 902 945 998 1303 1056 1182 1094 880 1747 1343 1111 1501 893 877 1096
internal_value=0.000255794 8.59578e-05 0.000283018 0.00227262 -4.14409e-05 0.00149685 -0.000706235 -0.00112239 -0.000428075 -0.00289616 0.000680322 0.0017501 0.000457983 0.000200221 0.00153623
internal_weight=17825 16923 16026 2248 13778 4153 9625 8531 6132 2399 4385 3274 2394 2971 1973
internal_count=17825 16923 16026 2248 13778 4153 9625 8531 6132 2399 4385 3274 2394 2971 1973
cat_boundaries=0 1 2 3
cat_threshold=5176 4420 1664
is_linear=0
shrinkage=0.0477671


Tree=150
num_leaves=16
num_cat=1
split_feature=27 28 18 1 1 0 6 36 24 40 16 14 27 18 40
split_gain=3.96234 9.3987 5.94869 4.5175 6.31004 4.01465 6.04225 9.81033 8.04977 8.33107 7.66554 5.63631 4.69598 1.79796 0.90151
threshold=1.148054078593489 0 0.13230940709613692 0.19522102932758698 0.19830117570134809 14.506771387505637 299.59257876808482 -0.78656609248549292 2.3661475858187324 -0.30983472475487867 201.81758720140553 1.7631593257855498 0.46413015814817027 0.0052119872132086248 0.3342611484689354
decision_type=2 1 2 2 2 2 2 2 2 2 2 2 2 2 2
left_child=3 -2 -3 -1 -5 6 7 14 -9 11 12 -10 -11 -12 -6
right_child=1 2 -4 4 5 -7 -8 8 9 10 13 -13 -14 -15 -16
leaf_value=-0.035145233336629542 -0.060696060781694899 0.013073148108139509 0.085262166961110886 0.050438571750959789 0.057997365718154413 -0.045305920886184486 -0.037834235294093771 0.032775543476049322 -0.010494544987732802 -0.045292937477792387 -0.14739429896171902 0.031766033812272075 0.029882314601631675 -0.072802223136093872 0.035599040738237255
leaf_weight=891 1049 1477 1223 904 915 1200 895 1058 1671 1100 903 1607 1195 934 911
leaf_count=891 1049 1477 1223 904 915 1200 895 1058 1671 1100 903 1607 1195 934 911
internal_value=-1.18619e-05 0.00136909 0.00285463 -0.000377022 -0.000156145 -0.000437431 -0.000155623 0.000171474 -0.000513058 -0.00106978 -0.00249648 0.00072792 -0.000654654 -0.0047963 0.00334718
internal_weight=17933 3749 2700 14184 13293 12389 11189 10294 8468 7410 4132 3278 2295 1837 1826
internal_count=17933 3749 2700 14184 13293 12389 11189 10294 8468 7410 4132 3278 2295 1837 1826
cat_boundaries=0 1
cat_threshold=2082
is_linear=0
shrinkage=0.0477671


Tree=151
num_leaves=17
num_cat=0
split_feature=36 25 40 35 25 44 1 35 11 1 23 40 16 10 40 16
split_gain=3.77971 6.33689 5.43679 4.84674 5.83983 8.69074 5.97238 5.61093 4.05703 3.9693 3.42276 2.77942 2.8957 2.30452 2.4583 1.40699
threshold=-0.78656609248549292 565.45401957381284 -0.0053757284505435614 0.062500000000000014 268.51848735025266 26919.500000000004 0.30463295030553911 0.52083333333333337 85.553859304621781 0.26320550507641644 16.498279558090694 0.36648264796514479 178.28296079397174 1011.8005088378972 0.36648264796514479 157.48050078609043
decision_type=2 2 2 2 2 2 2 2 2 2 2 2 2 2 2 2
left_child=1 2 -1 -2 6 -6 8 13 9 11 -9 12 -5 -7 15 -15
right_child=3 -3 -4 4 5 7 -8 10 -10 -11 -12 -13 -14 14 -16 -17
leaf_value=0.0023324895380763592 0.029749241051559735 -0.020209912232840035 0.081874724500440435 -0.0377788784951784 0.055554114060235513 0.035887491335031683 -0.10100986993665866 -0.049304362415029578 0.021254094862974443 -0.082784140948080356 -0.0080480725492179956 0.011841778708687713 -0.0041634516825747011 -0.0049524127993893141 -0.042756172056382796 0.026910417779657358
leaf_weight=1155 1489 1142 1333 973 1122 912 883 883 989 994 920 1210 876 915 1045 891
leaf_count=1155 1489 1142 1333 973 1122 912 883 883 989 994 920 1210 876 915 1045 891
internal_value=-5.91385e-05 0.00131528 0.00266776 -0.000413087 -0.000717484 0.000249644 -0.00180953 -0.000523097 -0.00117431 -0.0018439 -0.00271431 -0.000990839 -0.00215593 0.000526203 -0.000141631 0.000924483
internal_weight=17732 3630 2488 14102 12613 6688 5925 5566 5042 4053 1803 3059 1849 3763 2851 1806
internal_count=17732 3630 2488 14102 12613 6688 5925 5566 5042 4053 1803 3059 1849 3763 2851 1806
is_linear=0
shrinkage=0.0477671


Tree=152
num_leaves=15
num_cat=1
split_feature=23 23 16 30 27 11 26 31 35 36 1 9 41 44
split_gain=4.00484 4.24952 4.80949 4.67143 5.86351 3.50418 4.0695 2.99042 5.982 5.78032 5.30227 5.73844 2.51911 2.23011
threshold=62.862653094731897 45.023984803946938 185.29861548700271 0.061601642710472283 1.3096207027830624 37.574146926681117 811.97814932038966 0 0.77083333333333337 -0.5 0.23832750329369443 1018.6713765299753 -0.78324956448884031 27830.500000000004
decision_type=2 2 2 2 2 2 2 1 2 2 2 2 2 2
left_child=1 3 -3 -1 5 -5 7 8 13 -9 12 -12 -11 -7
right_child=-2 2 -4 4 -6 6 -8 9 -10 10 11 -13 -14 -15
leaf_value=0.10650435100508281 0.038657127032403579 0.0051856969030410491 -0.084387589750309397 0.019423205973668454 0.05448738540637045 0.038228084639043473 -0.050504400631008729 0.016606497459874983 -0.021502515577588421 -0.0212254132228601 -0.099181244717597136 -0.011414925943341295 0.017002883789263356 0.0035078194903448174
leaf_weight=879 878 998 1056 1257 1184 1561 1676 1668 1098 1140 885 1035 990 1623
leaf_count=879 878 998 1056 1257 1184 1561 1676 1668 1098 1140 885 1035 990 1623
internal_value=6.11564e-05 -0.000100726 -0.00213843 0.000178229 -3.19867e-05 -0.000326696 -0.000584829 -0.000219505 0.000734016 -0.000933604 -0.00191013 -0.00373064 -0.000268063 0.00178456
internal_weight=17928 17050 2054 14996 14117 12933 11676 10000 4282 5718 4050 1920 2130 3184
internal_count=17928 17050 2054 14996 14117 12933 11676 10000 4282 5718 4050 1920 2130 3184
cat_boundaries=0 1
cat_threshold=26
is_linear=0
shrinkage=0.0477671


Tree=153
num_leaves=16
num_cat=0
split_feature=9 30 45 1 27 52 41 13 15 27 30 27 3 27 46
split_gain=3.68837 7.06215 8.27403 5.22544 7.88769 12.1554 5.46024 5.1007 4.34441 4.08857 7.38559 4.36571 4.09968 4.19923 3.29715
threshold=1026.6387408437743 0.12183436002737852 0.25790389450448498 0.25966792587049387 1.786349839985669 0.19593493916883467 -0.97874870457683594 1.4321898711122771 152.20268624002361 0.31837132296756682 0.42847364818617389 0.1559173751249715 289.74007313141664 0.69394915249675304 0.40503147202717421
decision_type=2 2 2 2 2 2 2 2 2 2 2 2 2 2 2
left_child=1 2 -1 4 5 6 -3 -5 -9 10 -8 -12 -11 14 -14
right_child=-2 3 -4 7 -6 -7 9 8 -10 12 11 -13 13 -15 -16
leaf_value=-0.0088647783329234113 -0.025271266618688833 0.057430082167398769 0.17362810073995036 0.01233859017513049 0.093558682388950681 -0.07455460648762964 0.017586593654044743 -0.0026148402936986021 -0.069295416160586751 -0.023842928509762464 -0.062586418547283515 -0.010140308253602416 0.04546804927701089 0.068083008001500064 -0.013787721739731584
leaf_weight=953 1685 935 1062 892 930 903 1318 962 1740 1326 891 932 887 1311 1160
leaf_count=953 1685 935 1062 892 930 903 1318 962 1740 1326 891 932 887 1311 1160
internal_value=-1.18925e-05 0.000209186 0.00285543 -0.000166507 0.000367298 -3.68438e-05 0.000506861 -0.00174047 -0.00277469 9.43333e-05 -0.00123871 -0.00320858 0.000988722 0.00187702 0.000523951
internal_weight=17887 16202 2015 14187 10593 9663 8760 3594 2702 7825 3141 1823 4684 3358 2047
internal_count=17887 16202 2015 14187 10593 9663 8760 3594 2702 7825 3141 1823 4684 3358 2047
is_linear=0
shrinkage=0.0477671


Tree=154
num_leaves=17
num_cat=1
split_feature=49 0 5 40 10 1 28 24 40 10 29 29 24 10 44 6
split_gain=5.82426 5.39329 3.69267 9.35024 5.53248 10.6828 9.84823 18.6921 9.27316 7.39752 12.1116 10.0693 7.50875 5.20103 2.89864 1.38331
threshold=1.0000000180025095e-35 9.506362547973648 281.04538003141971 0.46039464932087154 1000.1713975890835 0.19544989965272661 0 41.359660757456005 0.31799963745711152 1015.6678485686139 204.50000000000003 195.50000000000003 7.8679938340925082 1016.4025375751811 28034.500000000004 295.56796350490202
decision_type=2 2 2 2 2 2 1 2 2 2 2 2 2 2 2 2
left_child=1 -1 3 -3 8 -6 7 13 -4 11 12 -8 -11 -7 -15 -12
right_child=-2 2 4 -5 5 6 9 -9 -10 10 15 -13 -14 14 -16 -17
leaf_value=-0.053662934539908391 0.038521743202284277 0.099985040169707537 -0.027284419860345525 -0.024464681861542704 -0.04575123197709003 -0.04344868038714849 -0.0073233704780540209 -0.18041030740808212 0.065821038966893397 0.070048886627752008 -0.020999508722366323 0.10139848673967584 -0.0031059916556793396 0.0320597942340239 -0.0054190261278173188 -0.054371186607180259
leaf_weight=1039 898 983 877 1197 931 1402 933 1015 1250 874 875 1159 1171 1110 1279 890
leaf_count=1039 898 983 877 1197 931 1402 933 1015 1250 874 875 1159 1171 1110 1279 890
internal_value=-2.79216e-05 -0.00022626 -8.84671e-06 0.00181763 -0.000298252 -0.000707757 -0.000280827 -0.00188404 0.00194152 0.00102574 -0.000225086 0.00330975 0.00227631 -0.000345915 0.00100879 -0.00312457
internal_weight=17883 16985 15946 2180 13766 11639 10708 4806 2127 5902 3810 2092 2045 3791 2389 1765
internal_count=17883 16985 15946 2180 13766 11639 10708 4806 2127 5902 3810 2092 2045 3791 2389 1765
cat_boundaries=0 1
cat_threshold=2610
is_linear=0
shrinkage=0.0477671


Tree=155
num_leaves=18
num_cat=3
split_feature=17 1 1 9 18 31 20 40 24 5 29 9 28 31 11 6 13
split_gain=4.59528 8.23258 12.3047 5.07936 9.52883 9.10248 7.19054 6.68271 7.26443 9.3402 11.8398 7.64922 6.15642 5.64559 4.41328 4.98985 1.8045
threshold=0.43270909900013854 0.19871784236801476 0.19499775022681537 1011.9222652741836 0.1153651739073613 0 0.00016142352194219441 0.534952257794027 34.252686743448429 286.53822343348185 285.50000000000006 1019.3086130057663 1 2 55.832749734356177 299.18698999101713 2.6901357841449891
decision_type=2 2 2 2 2 1 2 2 2 2 2 2 1 1 2 2 2
left_child=1 2 -1 5 6 -3 7 8 9 10 -5 14 -7 -9 15 -11 -14
right_child=-2 3 -4 4 -6 12 -8 13 -10 11 -12 -13 16 -15 -16 -17 -18
leaf_value=-0.011206561587486097 -0.05132560543120309 0.027936505800806245 0.092245136317817472 0.19996328145557368 0.079576286073015631 -0.13068608344849636 -0.069208017926077475 0.0046902528739803983 -0.036614134558486749 0.073774875888127756 0.010662687906486855 -0.025605189146381126 -0.00060484509413471989 -0.079766710356495046 -0.01223238015250556 0.0078458077642478818 -0.048447580197304323
leaf_weight=877 891 987 1048 940 881 916 926 1674 890 888 1072 1002 892 1279 875 1002 907
leaf_count=877 891 987 1048 940 881 916 926 1674 890 888 1072 1002 892 1279 875 1002 907
internal_value=-3.86801e-06 0.000170706 0.00311301 -0.000203473 0.000294457 -0.00174131 -0.000103945 0.000282737 0.00112061 0.00173953 0.00436725 0.000335438 -0.0031632 -0.00160873 0.00163174 0.00293056 -0.00151707
internal_weight=17947 17056 1925 15131 11429 3702 10548 9622 6669 5779 2012 3767 2715 2953 2765 1890 1799
internal_count=17947 17056 1925 15131 11429 3702 10548 9622 6669 5779 2012 3767 2715 2953 2765 1890 1799
cat_boundaries=0 1 2 3
cat_threshold=12 658 51
is_linear=0
shrinkage=0.0477671


Tree=156
num_leaves=14
num_cat=2
split_feature=25 13 40 32 37 37 23 28 2 26 28 2 14
split_gain=3.72958 4.92834 7.81235 6.81862 5.72584 4.92201 4.82065 5.88775 3.54008 3.31855 3.10292 2.33384 1.89621
threshold=858.70443426761005 1.5876650049659622 0.47559651477048942 1.0000000180025095e-35 0.37940952255126048 0.37940952255126048 6.5131945655239329 0 0.71155276857366001 786.63449925226121 1 0.76396108572138655 1.3113285341495
decision_type=2 2 2 2 2 2 2 1 2 2 1 2 2
left_child=1 2 8 5 10 6 -3 -8 -1 -9 -5 -7 -10
right_child=-2 3 -4 4 -6 11 7 9 12 -11 -12 -13 -14
leaf_value=0.018205433944733417 0.034976450806386186 -0.021070251522202772 0.0571692556305778 -0.16467388397131599 0.004277285613788811 -0.039656879718628066 -0.011557786065452423 0.053611216263103036 -0.026981965041832826 0.013741338499848252 -0.03365067211802631 -0.0016689352738206203 -6.398073437852504e-05
leaf_weight=1262 1222 1121 1486 993 1225 1326 1623 1558 913 888 1156 1649 1447
leaf_count=1262 1222 1121 1486 993 1225 1326 1623 1558 913 888 1156 1649 1447
internal_value=0.000148237 -3.8603e-05 0.00119655 -0.000585563 -0.00239194 0.000160608 0.00104879 0.00181317 0 0.003286 -0.00387768 -0.00138811 -0.00109203
internal_weight=17869 16647 5108 11539 3374 8165 5190 4069 3622 2446 2149 2975 2360
internal_count=17869 16647 5108 11539 3374 8165 5190 4069 3622 2446 2149 2975 2360
cat_boundaries=0 1 2
cat_threshold=2466 2102
is_linear=0
shrinkage=0.0477671


Tree=157
num_leaves=15
num_cat=1
split_feature=23 23 27 7 41 23 28 27 4 10 10 24 3 24
split_gain=3.55915 4.05273 6.02239 4.08961 9.19056 4.44538 4.54677 5.07884 6.41629 4.60467 4.63009 4.27865 3.91749 2.8684
threshold=55.184191807254287 45.023984803946938 1.1782197183233383 306.04236561951313 -0.94137724084408114 31.725704094458852 0 0.58325403146096189 283.43096252510526 1016.1440447733088 1020.1264255770121 3.9082500015700878 293.03540893701529 8.7514508354808651
decision_type=2 2 2 2 2 2 1 2 2 2 2 2 2 2
left_child=1 2 3 4 -1 6 9 8 -8 -6 -11 -10 -13 -12
right_child=-2 -3 -4 -5 5 -7 7 -9 11 10 13 12 -14 -15
leaf_value=-0.046153324013471123 0.02874171960709641 -0.052865909131068131 0.04219124454825033 0.049152605545343148 -0.0088452526283377512 -0.050477525598028261 -0.10490876828834077 0.037906518355102795 0.02449685086166295 0.06907971797132581 0.027762419419716789 -0.042616492629580546 0.0036109664790786155 -0.0087454856755586879
leaf_weight=1540 1498 1430 1545 882 1182 959 893 1514 992 874 939 1324 1426 877
leaf_count=1540 1498 1430 1545 882 1182 959 893 1514 992 874 939 1324 1426 877
internal_value=0.000129481 -7.424e-05 0.000158041 -0.00016735 -0.000388978 9.55049e-05 0.00039303 -0.000414565 -0.00120014 0.00167287 0.00276931 -0.000331297 -0.00130193 0.00139285
internal_weight=17875 16377 14947 13402 12520 10980 10021 6149 4635 3872 2690 3742 2750 1816
internal_count=17875 16377 14947 13402 12520 10980 10021 6149 4635 3872 2690 3742 2750 1816
cat_boundaries=0 1
cat_threshold=6722
is_linear=0
shrinkage=0.0477671


Tree=158
num_leaves=16
num_cat=3
split_feature=8 28 10 16 28 46 45 14 14 28 46 24 45 8 9
split_gain=3.50323 7.571 6.3118 6.48833 10.3268 13.0233 9.98034 8.34374 7.31659 6.13392 3.32707 3.22414 7.55387 3.59468 1.82693
threshold=305.89114570647399 0 990.76286347646851 143.544026171512 1 0.76815604156155814 0.56192977791787302 2.2528819077986895 3.1150352661557261 2 0.19593493916883467 9.8127101362546743 0.16289618911388162 289.09819267444095 1021.8344111858408
decision_type=2 1 2 2 1 2 2 2 2 1 2 2 2 2 2
left_child=1 -1 -3 6 11 8 7 -4 10 -8 -6 14 -13 -14 -5
right_child=-2 2 3 4 5 -7 9 -9 -10 -11 -12 12 13 -15 -16
leaf_value=-0.047608389055556595 0.048009714562690452 0.039573196025202387 0.018168852623829647 0.0080723519412705617 0.02607001251225281 -0.19056509498230936 0.030082896044369201 0.096253485064326252 -0.092776559802868835 -0.02363297553147756 -0.033565502728830604 0.042282120722404899 -0.046683347676505317 -0.0006897952539063045 0.041246314083663978
leaf_weight=1255 908 1690 1011 1046 1289 974 884 914 1139 1482 1315 1147 942 1004 883
leaf_count=1255 908 1690 1011 1046 1289 974 884 914 1139 1482 1315 1147 942 1004 883
internal_value=0.000105383 -4.9113e-05 0.00023672 -9.51708e-05 -0.000777169 -0.00237929 0.0014522 0.00400631 -0.00110329 -0.000624915 0.000292643 0.000730492 -0.000223211 -0.0020362 0.00226462
internal_weight=17883 16975 15720 14030 9739 4717 4291 1925 3743 2366 2604 5022 3093 1946 1929
internal_count=17883 16975 15720 14030 9739 4717 4291 1925 3743 2366 2604 5022 3093 1946 1929
cat_boundaries=0 1 2 3
cat_threshold=128 7944 6182
is_linear=0
shrinkage=0.0477671


Tree=159
num_leaves=16
num_cat=1
split_feature=7 5 8 25 41 1 36 24 31 25 1 10 44 52 24
split_gain=3.24464 4.85415 6.63781 5.76666 4.96308 10.7978 6.0766 6.23041 4.93896 4.74232 6.19843 5.93771 4.45973 4.00916 2.5772
threshold=306.04236561951313 295.90669752162461 298.65011712825492 824.72357650952699 -0.67168186667784702 0.19719531436214235 -0.9159756150367534 2.6575169950741131 0 73.438055263793117 0.30463295030553911 1018.6264753712111 30359.500000000004 1.0000000180025095e-35 26.377336526741484
decision_type=2 2 2 2 2 2 2 2 1 2 2 2 2 2 2
left_child=1 2 4 -3 5 -1 -6 -8 -9 10 11 14 -11 -14 -10
right_child=-2 3 -4 -5 6 -7 7 8 9 12 -12 -13 13 -15 -16
leaf_value=0.019556070920444632 0.050906772408863439 -0.037061805898468969 0.084016193149684712 0.011364902997594375 0.053928142300963308 -0.059074670944304762 0.039258149663029596 -0.07169484431092199 -0.045011267161540601 0.052219186282320605 -0.081212017454237964 0.033129312977374127 -0.017359313436719141 0.028259074409516301 -0.0013601272468720172
leaf_weight=903 875 1557 878 941 1367 1203 1021 1304 1062 1254 877 1139 1282 1067 1184
leaf_count=903 875 1557 878 941 1367 1203 1021 1304 1062 1254 877 1139 1282 1067 1184
internal_value=2.65401e-05 -0.000119013 0.000215014 -0.0020643 -4.35378e-05 -0.00217636 0.000344927 -5.60327e-05 -0.000450389 2.74946e-06 -0.00107541 -0.00014751 0.00127874 4.98877e-05 -0.00157281
internal_weight=17914 17039 14541 2498 13663 2106 11557 10190 9169 7865 4262 3385 3603 2349 2246
internal_count=17914 17039 14541 2498 13663 2106 11557 10190 9169 7865 4262 3385 3603 2349 2246
cat_boundaries=0 1
cat_threshold=64
is_linear=0
shrinkage=0.0477671


Tree=160
num_leaves=16
num_cat=1
split_feature=13 9 28 9 27 9 2 9 18 17 9 2 40 40 29
split_gain=5.21895 4.257 6.58734 14.9308 8.84725 10.0727 7.05086 6.28647 5.67023 5.34105 6.21633 5.41844 12.2097 2.82683 5.5531
threshold=5.5562828466012695 1027.1297821496321 0 990.34447103458001 1.7268480900111645 1012.9404590726077 0.81342402428915184 990.98847241864939 0.015547513385368588 1.0000000180025095e-35 1014.2620225326976 0.80994774824053029 -0.89406062840022227 0.534952257794027 225.50000000000003
decision_type=2 2 1 2 2 2 2 2 2 2 2 2 2 2 2
left_child=1 2 7 -4 5 -5 8 -1 13 10 -9 12 -12 14 -7
right_child=-2 -3 3 4 -6 6 -8 9 -10 -11 11 -13 -14 -15 -16
leaf_value=-0.053116602790497083 -0.077609767364591742 -0.023910587661520336 0.11594187641015799 -0.069878785515716399 0.10523902184412184 0.081305913441433175 -0.023248778327595677 0.049186448114429841 0.064158932189109244 -0.029735975144755383 0.030369142978725092 0.0647713942188647 -0.043769112251554568 -0.010851752316116127 -0.0089539079871215413
leaf_weight=910 891 1485 883 1376 949 891 885 894 1471 1685 926 876 1330 1565 894
leaf_count=910 891 1485 883 1376 949 891 885 894 1471 1685 926 876 1330 1565 894
internal_value=5.45471e-05 0.00024123 0.000474914 0.00132186 0.000674802 9.41129e-05 0.00097906 -0.000665997 0.00169878 -7.90677e-05 0.000865565 -0.000136549 -0.00137528 0.000612464 0.00191211
internal_weight=17911 17020 15535 8914 8031 7082 5706 6621 4821 5711 4026 3132 2256 3350 1785
internal_count=17911 17020 15535 8914 8031 7082 5706 6621 4821 5711 4026 3132 2256 3350 1785
cat_boundaries=0 1
cat_threshold=3744
is_linear=0
shrinkage=0.0477671


Tree=161
num_leaves=17
num_cat=2
split_feature=46 28 46 28 45 10 9 0 52 5 0 0 9 3 41 0
split_gain=3.51689 10.795 3.36444 4.95202 8.43676 7.68613 13.4 10.409 9.3934 7.5137 8.30107 6.81404 6.52514 5.26741 2.53729 2.4692
threshold=1.0000000180025095e-35 0 0.077737566926842624 1 0.71603616942947224 1005.3476821124385 1012.9404590726077 13.331648913963104 1.0000000180025095e-35 286.81526974982984 13.454232375320862 12.207019328223923 1015.3109054080687 285.02133844788051 0.87291090774974645 14.522391077058993
decision_type=2 1 2 1 2 2 2 2 2 2 2 2 2 2 2 2
left_child=1 -1 -2 9 5 -5 -7 8 14 13 11 -11 -12 -4 -8 -14
right_child=2 -3 3 4 -6 6 7 -9 -10 10 12 -13 15 -15 -16 -17
leaf_value=0.072638677679356972 -0.02907451211731751 -0.0084332548724997906 0.01448245198173588 0.040138800852378774 0.041251380648311159 -0.16133116116664067 0.00042625566095751041 -0.22411522919413218 0.069703458077519015 0.004554613875751996 0.081750632429817241 -0.043667208179669424 -0.023134737375242201 0.083340606208390844 -0.045771823440154485 0.013200888658027744
leaf_weight=960 1621 1667 952 920 899 1041 877 884 1056 1002 1204 997 877 885 899 1071
leaf_count=960 1621 1667 952 920 899 1041 877 884 1056 1002 1204 997 877 885 899 1071
internal_value=-5.23819e-06 0.00160836 -0.000284537 -3.85732e-05 -0.000978792 -0.0016614 -0.00243458 -0.00109203 0.000319683 0.000846083 -8.76637e-05 -0.00249596 0.00143897 0.00347015 -0.00180077 -0.000268586
internal_weight=17812 2627 15185 13564 6576 5677 4757 3716 2832 6988 5151 1999 3152 1837 1776 1948
internal_count=17812 2627 15185 13564 6576 5677 4757 3716 2832 6988 5151 1999 3152 1837 1776 1948
cat_boundaries=0 1 2
cat_threshold=1080 1988
is_linear=0
shrinkage=0.0477671


Tree=162
num_leaves=16
num_cat=0
split_feature=49 8 41 18 13 10 40 9 9 18 38 1 24 4 41
split_gain=4.41269 3.37246 5.80012 7.89247 5.04257 3.72736 4.10346 5.60367 8.31618 10.8319 5.10797 3.90747 3.179 6.35245 4.53789
threshold=1.0000000180025095e-35 305.89114570647399 -0.94137724084408114 0.25775165584402965 4.9563576276189441 1026.1921366486401 -0.92923668111203805 1002.4875130205102 1012.9404590726077 0.0052119872132086248 1.0000000180025095e-35 0.27473203596392254 7.4852296649014916 290.15115588785505 -0.38243420677835349
decision_type=2 2 2 2 2 2 2 2 2 2 2 2 2 2 2
left_child=1 2 -1 4 5 6 -4 11 -9 12 -11 -8 14 -14 -10
right_child=-2 -3 3 -5 -6 -7 7 8 9 10 -12 -13 13 -15 -16
leaf_value=-0.03225637408830577 0.031249747495039459 0.046031531294057439 -0.020734795507727156 0.076700366130143693 -0.093796992045790895 -0.02533912558970048 0.066607644676464822 -0.066861152773732044 -0.015081717623993575 0.076831006860641038 0.010558315487850271 0.012104600090890642 -0.094511421923504577 0.0017376308618353379 0.02665157555441388
leaf_weight=1728 890 907 1555 918 1064 1386 877 1199 876 1494 1011 897 1000 1217 894
leaf_count=1728 890 907 1555 918 1064 1386 877 1199 876 1494 1011 897 1000 1217 894
internal_value=9.98735e-05 -7.14227e-05 -0.00023105 8.2843e-05 -0.000209059 6.14253e-05 0.000355233 0.000729013 0.000170506 0.000845808 0.00330753 0.00314911 -0.000700312 -0.0019058 0.000808351
internal_weight=17913 17023 16116 14388 13470 12406 11020 9465 7691 6492 2505 1774 3987 2217 1770
internal_count=17913 17023 16116 14388 13470 12406 11020 9465 7691 6492 2505 1774 3987 2217 1770
is_linear=0
shrinkage=0.0477671


Tree=163
num_leaves=16
num_cat=1
split_feature=17 1 1 9 9 1 2 1 11 41 24 24 44 11 31
split_gain=3.77305 9.90538 7.2409 4.82622 3.60822 7.06159 7.52493 6.14995 8.48211 6.48978 7.01368 5.6987 4.68208 5.25329 2.16526
threshold=0.43270909900013854 0.19871784236801476 0.19522102932758698 988.20986550183136 1027.1297821496321 0.29485354602110464 0.71235220749048322 0.26495809935293463 73.160418142673407 0.063390085881955341 35.71922085486721 18.126065229503414 29489.500000000004 55.832749734356177 0
decision_type=2 2 2 2 2 2 2 2 2 2 2 2 2 2 1
left_child=1 2 -1 -3 5 7 -7 9 -9 10 11 12 13 -5 -14
right_child=-2 3 -4 4 -6 6 -8 8 -10 -11 -12 -13 14 -15 -16
leaf_value=0.0035731328453696802 -0.042033629475846115 -0.043789507048210045 0.076093987699238128 0.034519476846356215 -0.025554065535211751 0.001307690010642153 0.22555962769703958 -0.089593969673930379 0.0019698227813930427 0.044726507409968135 -0.067377007291899618 0.038536479143560731 -0.0037409559171800071 -0.0095230705872868492 -0.039710119787732173
leaf_weight=936 916 1180 980 1112 1505 1111 997 1089 1260 967 881 1563 953 1398 1017
leaf_count=936 916 1180 980 1112 1505 1111 997 1089 1260 967 881 1563 953 1398 1017
internal_value=6.80565e-05 0.000229558 0.00346419 -0.000182557 6.70776e-05 0.000336371 0.00285409 -0.000181707 -0.00232742 0.000456746 -5.48679e-05 0.000525282 -0.000340695 0.00102677 -0.00208413
internal_weight=17865 16949 1916 15033 13853 12348 2108 10240 2349 7891 6924 6043 4480 2510 1970
internal_count=17865 16949 1916 15033 13853 12348 2108 10240 2349 7891 6924 6043 4480 2510 1970
cat_boundaries=0 1
cat_threshold=19
is_linear=0
shrinkage=0.0477671


Tree=164
num_leaves=16
num_cat=0
split_feature=49 16 10 3 12 18 2 2 10 18 9 6 39 37 40
split_gain=4.00504 3.81212 3.94322 2.94134 5.21732 4.46325 4.25572 5.10471 9.54219 7.93037 7.8028 5.43918 4.23893 4.14951 3.01486
threshold=1.0000000180025095e-35 261.84635658488162 985.81322582272344 281.90843114927708 75.0841478597616 0.010423974426417211 0.81537000613156507 0.77966125471262993 1018.7486245536343 0.015635961639625787 1013.8803918668877 288.35036888345064 1.0000000180025095e-35 1.0000000180025095e-35 0.30164402523644185
decision_type=2 2 2 2 2 2 2 2 2 2 2 2 2 2 2
left_child=1 2 -1 5 6 -4 7 10 9 12 -5 14 -9 -6 -12
right_child=-2 -3 3 4 13 -7 -8 8 -10 -11 11 -13 -14 -15 -16
leaf_value=0.038000172665421043 0.032479442492152268 -0.049436792406389686 -0.0089359359477994144 -0.067266297337983366 -0.0048501191643192318 0.076643210195184594 -0.024303189820831145 -0.0015380315491460852 -0.038191103494802606 0.13498937560692523 0.043919778165727522 -0.01444472628759424 0.052725829662488753 -0.063502961465660493 0.002213850633975843
leaf_weight=930 892 1097 1101 883 1236 893 1627 1439 1071 875 885 1519 1072 1304 950
leaf_count=930 892 1097 1101 883 1236 893 1627 1439 1071 875 885 1519 1072 1304 950
internal_value=3.7499e-05 -0.000127194 6.18938e-05 -0.000126864 -0.000391664 0.00157994 8.54045e-05 0.000505215 0.00163389 0.00287722 -0.000681538 0.000369622 0.00151145 -0.00233106 0.00212032
internal_weight=17774 16882 15785 14855 12861 1994 10321 8694 4457 3386 4237 3354 2511 2540 1835
internal_count=17774 16882 15785 14855 12861 1994 10321 8694 4457 3386 4237 3354 2511 2540 1835
is_linear=0
shrinkage=0.0477671


Tree=165
num_leaves=16
num_cat=0
split_feature=13 24 29 46 46 27 1 14 1 3 12 24 40 29 38
split_gain=3.6679 3.57855 8.6227 8.20122 5.59917 5.39611 4.70381 4.64066 4.826 3.61755 6.36569 5.1693 5.66287 2.99466 2.92869
threshold=5.5562828466012695 21.099571475809345 256.50000000000006 0.76815604156155814 0.59496852797282596 0.94924887021000004 0.19759453614336106 2.2923957728662789 0.2143644744022927 291.58443560054945 56.421252891826768 2.7914584307161325 0.21862473630160603 96.500000000000014 -1.0000000180025095e-35
decision_type=2 2 2 2 2 2 2 2 2 2 2 2 2 2 2
left_child=1 5 3 13 -4 6 -1 9 -9 11 -11 -8 -13 -3 -10
right_child=-2 2 4 -5 -6 -7 7 8 14 10 -12 12 -14 -15 -16
leaf_value=0.03447162395341552 -0.063515632254412702 0.032802618218399165 -0.031541827833611452 -0.011380888500855486 0.013425814815862944 -0.043403840940017327 0.0567393180943081 -0.061101801835729129 -0.040334258269652187 0.011350003536154146 -0.042534183182036667 0.022877365272412322 -0.048673687414666621 0.081214780656767405 0.019021453641385588
leaf_weight=1155 883 1516 963 1456 939 1029 885 1085 894 1226 949 1242 1109 1517 1154
leaf_count=1155 883 1516 963 1456 939 1029 885 1085 894 1226 949 1242 1109 1517 1154
internal_value=0.000164389 0.000319359 0.00121419 0.00235647 -0.00148056 -0.000213515 0.000135206 -0.000251321 -0.00171451 0.000595462 -0.000910392 0.00160828 0.000435883 0.00377118 -0.000348767
internal_weight=18002 17119 6391 4489 1902 10728 9699 8544 3133 5411 2175 3236 2351 3033 2048
internal_count=18002 17119 6391 4489 1902 10728 9699 8544 3133 5411 2175 3236 2351 3033 2048
is_linear=0
shrinkage=0.0477671


Tree=166
num_leaves=16
num_cat=2
split_feature=14 28 28 10 27 40 10 40 6 10 5 40 44 7 10
split_gain=3.29687 4.15813 3.88837 18.5379 9.43967 12.5183 15.5688 20.0024 11.4512 9.38415 10.5358 8.5519 7.78403 6.3673 5.10686
threshold=1.2200833312648058 0 1 993.07768191605294 1.6624902841499234 -0.12546116083924153 1018.5706129341903 0.88220160189607266 286.02196600195697 991.31685726031822 289.07558728407895 0.87811092464438889 29489.500000000004 286.4098700467062 1017.1993331066427
decision_type=2 1 1 2 2 2 2 2 2 2 2 2 2 2 2
left_child=1 -1 9 -4 5 8 11 -8 -5 -2 13 -7 -10 -11 -12
right_child=2 -3 3 4 -6 6 7 -9 12 10 14 -13 -14 -15 -16
leaf_value=0.042617215571324321 -0.067716717506950783 -0.0034325370458146019 0.1347772923978614 0.052738983939483647 0.059051013812085384 -0.029122929326145325 -0.097579508462459275 0.062336918391481297 0.018502121016350685 -0.011752447879042692 0.042051920776192686 -0.20008925266082675 -0.032358896398050729 -0.11620190211382153 -0.015911714699998192
leaf_weight=1160 954 888 874 1318 1217 1331 924 934 1475 1176 1441 1254 1181 888 892
leaf_count=1160 954 888 874 1318 1217 1331 924 934 1475 1176 1441 1254 1181 888 892
internal_value=-7.85669e-05 0.00172487 -0.0003116 0.000222319 -0.000381548 -0.000950309 -0.00269264 0.000641521 0.00099709 -0.00135837 -0.000428603 -0.00508998 -0.000808466 -0.00291493 0.00177009
internal_weight=17907 2048 15859 10508 9634 8417 4443 1858 3974 5351 4397 2585 2656 2064 2333
internal_count=17907 2048 15859 10508 9634 8417 4443 1858 3974 5351 4397 2585 2656 2064 2333
cat_boundaries=0 1 2
cat_threshold=5298 1186
is_linear=0
shrinkage=0.0477671


Tree=167
num_leaves=17
num_cat=1
split_feature=16 1 6 1 4 9 40 28 10 9 10 41 1 6 1 40
split_gain=3.50215 4.70019 9.8112 8.14183 6.24548 4.71787 5.45531 5.23067 7.53131 4.36408 6.71243 4.55796 10.1768 6.84623 5.16258 1.88673
threshold=86.377893783141943 0.30463295030553911 280.44702288414788 0.29485354602110464 281.86682652088558 1023.2773909215456 0.97508442350096236 0 1014.1520911968543 1008.5954527877725 1013.7432174718525 -0.9292178835113839 0.2136457805921054 295.09160430055408 0.25966792587049387 0.67167992559793654
decision_type=2 2 2 2 2 2 2 1 2 2 2 2 2 2 2 2
left_child=-1 3 -3 4 -2 6 7 8 -6 15 -11 -12 -13 14 -14 -9
right_child=1 2 -4 -5 5 -7 -8 9 -10 10 11 12 13 -15 -16 -17
leaf_value=0.020377665731321607 -0.050576836196409028 0.0078129378999311962 -0.10319277311153288 0.05452142550167071 0.09067571558593264 0.041668341258154037 -0.06469657036612271 -0.038178941845393784 -0.0020288929237289245 0.053629525430313608 0.047994778355607455 -0.10034125344311358 0.044150528456981308 -0.030809674939660289 -0.014747109595224 -0.015959251768267887
leaf_weight=1204 1083 1138 988 1209 1012 923 877 875 1352 1037 948 1017 1371 1050 981 876
leaf_count=1204 1083 1138 988 1209 1012 923 877 875 1352 1037 948 1017 1371 1050 981 876
internal_value=9.19421e-06 -0.000169679 -0.00226822 0.000135521 -0.000202991 0.000102573 -0.000163275 0.000138289 0.00211176 -0.000435568 0.000141371 -0.000538043 -0.00118313 6.95485e-05 0.00150193 -0.00254939
internal_weight=17941 16737 2126 14611 13402 12319 11396 10519 2364 8155 6404 5367 4419 3402 2352 1751
internal_count=17941 16737 2126 14611 13402 12319 11396 10519 2364 8155 6404 5367 4419 3402 2352 1751
cat_boundaries=0 1
cat_threshold=80
is_linear=0
shrinkage=0.0477671


Tree=168
num_leaves=16
num_cat=4
split_feature=17 2 18 28 28 10 30 31 23 14 10 0 0 31 10
split_gain=5.48115 6.5104 4.53967 11.3701 8.87482 5.94383 6.83863 5.8622 5.39282 3.36771 3.29247 4.53384 3.10501 2.24181 2.0512
threshold=0.39373553837398173 0.81746419777159263 0.0052119872132086248 0 1 1013.1176144461596 0.30253251197809722 2 10.733813969470924 2.1772313109511656 1021.0288588535333 13.125966672129577 11.780160107788744 3 1016.8699211537022
decision_type=2 2 2 1 1 2 2 1 2 2 2 2 2 1 2
left_child=1 2 4 -4 9 7 -7 -5 10 12 11 -6 -1 -10 -8
right_child=-2 -3 3 5 8 6 14 -9 13 -11 -12 -13 -14 -15 -16
leaf_value=0.0027331929161654163 -0.049346100544027195 0.057774160250844683 0.067485608600489244 -0.00096650372719228042 0.003819422183758016 0.070227192105465949 0.0074048995102602771 -0.076162970095532231 0.0032803451319202296 -0.081204280546726917 -0.0036882142429349638 0.051050302094997474 -0.048160928515399368 -0.032308866021008104 -0.035315993958952824
leaf_weight=1117 896 888 1689 1183 941 1336 914 916 1190 1468 1001 1142 897 1400 878
leaf_count=1117 896 888 1689 1183 941 1336 914 916 1190 1468 1001 1142 897 1400 878
internal_value=-8.81542e-05 0.000104077 -0.000115772 0.000807767 -0.000813612 -0.000296009 0.00102243 -0.00226326 0.000352566 -0.0027078 0.00170303 0.00278515 -0.00144566 -0.00125325 -0.00090505
internal_weight=17856 16960 16072 6916 9156 5227 3128 2099 5674 3482 3084 2083 2014 2590 1792
internal_count=17856 16960 16072 6916 9156 5227 3128 2099 5674 3482 3084 2083 2014 2590 1792
cat_boundaries=0 1 2 3 4
cat_threshold=4164 4300 29 7
is_linear=0
shrinkage=0.0477671


Tree=169
num_leaves=16
num_cat=2
split_feature=35 35 28 7 24 3 26 28 24 6 2 41 7 26 13
split_gain=2.79083 6.11586 11.4801 7.87654 4.55542 4.21029 6.12529 6.02265 4.12777 3.50979 7.04663 6.13086 3.81392 3.31493 3.02025
threshold=0.062500000000000014 0.27083333333333343 0 281.58296676528812 1.5715424009815691 291.71140857022471 802.6395829373306 1 15.278706854124133 294.55807060239221 0.79337467569596498 -0.61915584096709908 301.9403161436681 215.9969958849446 1.7263666713221006
decision_type=2 2 1 2 2 2 2 1 2 2 2 2 2 2 2
left_child=-1 2 -2 -3 -5 6 7 -6 -9 11 -11 -7 -12 -10 -4
right_child=1 3 14 4 5 9 -8 8 13 10 12 -13 -14 -15 -16
leaf_value=0.021435384314684856 0.011284873264875376 0.07051673323322763 -0.022566537704848948 -0.041971221969498693 0.052557501972509926 -0.0022343172124715139 -0.078863214676562571 0.016042368033546743 -0.064160350684769177 -0.029498210823912335 -0.0071177122221837081 0.050705130508947933 0.043929364531112264 -0.012866052103200819 -0.086146919021682436
leaf_weight=1470 1585 911 1087 883 1480 911 875 1180 926 907 900 1157 1399 1188 1039
leaf_count=1470 1585 911 1087 883 1480 911 875 1180 926 907 900 1157 1399 1188 1039
internal_value=-1.32196e-05 -0.00019177 -0.00189798 0.000305952 -2.4087e-05 0.000242501 -0.000663389 9.53824e-06 -0.001127 0.00121323 0.000222793 0.00274761 0.00163005 -0.00239408 -0.00418081
internal_weight=17898 16428 3711 12717 11806 10923 5649 4774 3294 5274 3206 2068 2299 2114 2126
internal_count=17898 16428 3711 12717 11806 10923 5649 4774 3294 5274 3206 2068 2299 2114 2126
cat_boundaries=0 1 2
cat_threshold=1144 596
is_linear=0
shrinkage=0.0477671


Tree=170
num_leaves=16
num_cat=1
split_feature=20 13 0 10 28 5 0 16 14 5 4 36 0 0 7
split_gain=3.74339 4.93066 5.29397 5.60054 5.94698 7.68579 7.4042 9.10645 7.28055 4.39013 7.34742 5.09861 4.63713 10.1144 4.86104
threshold=0.00057783710548065719 1.0000391774177777 14.892467680125657 988.11417822275882 0 291.66417033743124 10.569162159519083 147.33506008051413 4.1434144455413469 286.62989647292591 284.82417819783683 0.25881904510252091 12.16791384885831 13.454232375320862 301.42203916665147
decision_type=2 2 2 2 1 2 2 2 2 2 2 2 2 2 2
left_child=1 -1 3 -3 5 6 -5 -8 9 10 11 -6 -11 -14 -15
right_child=-2 2 -4 4 8 -7 7 -9 -10 12 -12 -13 13 14 -16
leaf_value=0.028651605594423445 -0.032581001787544812 -0.040137501209311775 0.037509157371094587 0.014414124954835187 0.047567383699058247 0.026182340340074862 0.0076719507748562749 -0.16833559137365439 0.089322604417740689 0.024775300608162461 0.067391321226526427 -0.021372300405989426 -0.044628522758459181 -0.015700099179695278 0.043083365388557782
leaf_weight=1397 1382 1086 1094 1278 894 886 886 1698 994 943 984 1286 1050 919 1049
leaf_count=1397 1382 1086 1094 1278 894 886 886 1698 994 943 984 1286 1050 919 1049
internal_value=0.000211566 0.000412351 0.000160165 -9.05609e-05 0.000187301 -0.00115405 -0.00207733 -0.00354839 0.000972225 0.000438809 0.00176565 0.000218091 -0.000620493 -0.00153452 0.000484304
internal_weight=17826 16444 15047 13953 12867 4748 3862 2584 8119 7125 3164 2180 3961 3018 1968
internal_count=17826 16444 15047 13953 12867 4748 3862 2584 8119 7125 3164 2180 3961 3018 1968
cat_boundaries=0 1
cat_threshold=2164
is_linear=0
shrinkage=0.0477671


Tree=171
num_leaves=16
num_cat=3
split_feature=49 0 24 2 10 1 1 24 31 28 27 2 44 28 35
split_gain=4.70988 7.80153 2.88705 3.38837 7.19027 5.61169 8.28386 3.83599 6.28926 9.29677 5.60077 5.53503 4.50177 4.62223 3.80036
threshold=1.0000000180025095e-35 9.474994185443169 57.140851016255247 0.71390195875500162 1024.5463047670148 0.28792661373079781 0.25966792587049387 18.563189062741589 0 1 0.77698501658161789 0.81615289461429152 25301.500000000004 2 0.52083333333333337
decision_type=2 2 2 2 2 2 2 2 1 1 2 2 2 1 2
left_child=1 -1 3 -3 5 6 7 10 9 -9 11 12 -5 -14 -15
right_child=-2 2 -4 4 -6 -7 -8 8 -10 -11 -12 -13 13 14 -16
leaf_value=-0.055793128565720433 0.038198426232897702 0.024354892116271041 0.033743775303476421 0.02281751147896113 -0.059104228807785125 0.074817440357996381 -0.043017857661388215 0.0022399865778964475 -0.013029575851648476 0.087481097625440207 -0.049430293404058502 0.05122766920447118 0.010832722084386463 -0.0063919296043456839 -0.046473028293330707
leaf_weight=912 889 1566 1156 1400 887 1173 1572 939 1444 933 891 965 1066 1001 1080
leaf_count=912 889 1566 1156 1400 887 1173 1572 939 1444 933 891 965 1066 1001 1080
internal_value=0.000235049 5.7521e-05 0.000301507 0.000123135 -0.000123267 0.000172279 -0.000154217 0.000365924 0.00168472 0.00350139 -0.000316706 0.00025091 -0.00044598 -0.00144885 -0.00275165
internal_weight=17874 16985 16073 14917 13351 12464 11291 9719 3316 1872 6403 5512 4547 3147 2081
internal_count=17874 16985 16073 14917 13351 12464 11291 9719 3316 1872 6403 5512 4547 3147 2081
cat_boundaries=0 1 2 3
cat_threshold=15 304 280
is_linear=0
shrinkage=0.0477671


Tree=172
num_leaves=15
num_cat=3
split_feature=37 44 36 28 38 5 44 9 35 6 16 28 28 8
split_gain=4.16514 8.91021 5.95859 10.1827 7.40938 5.33908 5.27898 4.63166 4.26004 4.45119 3.39961 4.1153 2.80705 1.41547
threshold=1.0000000180025095e-35 25848.500000000004 0.37940952255126054 0 -0.60785761079279388 284.07159565278704 33577.500000000007 1015.6043725287947 0.52083333333333337 289.17139649298809 148.03609745467409 1 2 282.65426694322935
decision_type=2 2 2 1 2 2 2 2 2 2 2 1 1 2
left_child=1 -1 4 -4 -2 13 8 -5 9 -7 -6 -12 -10 -3
right_child=2 5 3 7 10 6 -8 -9 12 -11 11 -13 -14 -15
leaf_value=0.074655647535996697 0.048074637786238966 0.021949955835151084 0.01593731952196166 -0.10657891967786569 -0.032250908834232844 -0.0014736655124664082 -0.033569376601577834 -0.025205407160365918 0.0094178427720642676 0.037097622905645833 0.02898100746370234 -0.032193620122039066 -0.030541766557439703 0.066571432421989804
leaf_weight=1089 1512 875 1269 875 1079 1041 1450 1573 995 963 1378 1219 1620 877
leaf_count=1089 1512 875 1269 875 1079 1041 1450 1573 995 963 1378 1219 1620 877
internal_value=0.000154049 0.000884325 -0.000576387 -0.00203628 0.000469138 0.000320361 -0.000349877 -0.00382745 0.000439028 0.00209644 -0.000688091 0.000247449 -0.000830276 0.00264336
internal_weight=17815 8910 8905 3717 5188 7821 6069 2448 4619 2004 3676 2597 2615 1752
internal_count=17815 8910 8905 3717 5188 7821 6069 2448 4619 2004 3676 2597 2615 1752
cat_boundaries=0 1 2 3
cat_threshold=1136 2536 2376
is_linear=0
shrinkage=0.0477671


Tree=173
num_leaves=16
num_cat=0
split_feature=7 4 12 13 45 40 40 14 24 52 4 43 45 0 29
split_gain=5.4425 4.95047 8.16516 7.73958 4.89232 6.21949 10.9432 6.51945 7.65884 6.18041 5.84626 4.04581 3.79223 3.43635 2.5345
threshold=306.04236561951313 301.55440132369836 41.569265874006824 4.7198090145742997 0.11077631698179569 -0.01397611846945947 -0.30983472475487867 1.6164733664836095 24.21295109731162 1.0000000180025095e-35 293.05706090613086 -0.24999999999999994 0.71603616942947224 10.811185910155716 98.500000000000014
decision_type=2 2 2 2 2 2 2 2 2 2 2 2 2 2 2
left_child=1 2 -1 4 11 6 9 14 12 10 -6 -4 -9 -13 -7
right_child=-2 -3 3 -5 5 7 -8 8 -10 -11 -12 13 -14 -15 -16
leaf_value=0.047817314501600552 0.052260405426341333 -0.039845485354674533 -0.0047331283831646377 -0.077580127733365978 0.027432879099233122 0.016702163040128552 -0.067373648198104777 -0.065109140910364571 0.049339669155626611 -0.032929408916629044 -0.019620836804167183 0.012868516606588661 -0.0015308412075712946 0.053455122005324408 0.05054618346870364
leaf_weight=931 915 943 1027 1420 1698 1174 988 1326 1170 982 1234 910 1502 881 920
leaf_count=931 915 943 1027 1420 1698 1174 988 1326 1170 982 1234 910 1502 881 920
internal_value=8.86724e-05 -0.000103189 9.2955e-05 -0.000172332 0.000172757 -0.000282211 -0.00154891 0.000736683 -0.000393717 -0.000414371 0.000683488 0.00194854 -0.00173896 0.00331925 0.00289598
internal_weight=18021 17106 16163 15232 13812 10994 4902 6092 3998 3914 2932 2818 2828 1791 2094
internal_count=18021 17106 16163 15232 13812 10994 4902 6092 3998 3914 2932 2818 2828 1791 2094
is_linear=0
shrinkage=0.0477671


Tree=174
num_leaves=17
num_cat=1
split_feature=51 17 0 36 5 9 0 12 29 15 16 29 29 9 0 31
split_gain=4.37048 3.8743 5.80296 4.03152 6.61324 3.8658 10.6849 14.1992 3.37946 3.05198 2.80275 5.31665 6.24455 4.77716 9.24892 5.37396
threshold=1.0000000180025095e-35 0.43270909900013854 14.721709378774754 -0.78656609248549292 285.01647174169403 1013.5554323826183 13.371495650259904 75.591478921602203 172.50000000000003 189.50538435289823 112.71246162880963 64.500000000000014 108.50000000000001 1018.5669591415422 12.299519314018371 0
decision_type=2 2 2 2 2 2 2 2 2 2 2 2 2 2 2 1
left_child=1 2 3 4 -1 6 7 -5 -4 -6 -7 -12 -13 15 -15 -14
right_child=-2 -3 8 5 9 10 -8 -9 -10 -11 11 12 13 14 -16 -17
leaf_value=0.078337040651894368 0.029147201367962571 -0.051262597748115375 0.0067952113956937241 -0.12419166672572843 -0.020209959322029781 0.016669138100795212 0.029177074432398451 -0.0058429548638167864 0.081265922466303736 0.032530541460469624 -0.12462052963674708 0.041218613432873322 0.043068410298543733 0.009348406718369116 -0.061809504317942139 -0.016886347666504212
leaf_weight=901 918 882 1133 1029 1173 1229 1106 1334 885 934 1100 1053 1041 1191 948 957
leaf_count=901 918 882 1133 1029 1173 1229 1106 1334 885 934 1100 1053 1041 1191 948 957
internal_value=0.000117858 -5.64104e-05 0.000113208 -0.000231918 0.0013173 -0.000656225 -0.00197531 -0.00378929 0.00250797 -0.0001463 -4.73496e-05 -0.000455293 0.000183644 -0.000651827 -0.00222094 0.0010269
internal_weight=17814 16896 16014 13996 3008 10988 3469 2363 2018 2107 7519 6290 5190 4137 2139 1998
internal_count=17814 16896 16014 13996 3008 10988 3469 2363 2018 2107 7519 6290 5190 4137 2139 1998
cat_boundaries=0 1
cat_threshold=75
is_linear=0
shrinkage=0.0477671


Tree=175
num_leaves=16
num_cat=0
split_feature=41 27 0 1 1 1 0 10 9 40 40 29 6 39 45
split_gain=3.24023 5.34736 5.74336 4.57247 6.05259 3.82562 6.80143 13.0339 7.80526 18.6026 13.4351 19.5825 8.85126 2.41169 4.78059
threshold=0.9863035000474919 1.148054078593489 9.6866592376612832 0.19522102932758698 0.19830117570134809 0.20434552575322079 13.429823362182072 1015.2232378859786 1017.9128947685588 0.77788564761185042 0.89017062131308955 247.50000000000003 286.86110953148699 1.0000000180025095e-35 0.077737566926842624
decision_type=2 2 2 2 2 2 2 2 2 2 2 2 2 2 2
left_child=1 2 -1 -4 -5 -6 8 -8 9 12 11 -10 -7 14 -3
right_child=-2 13 3 4 5 6 7 -9 10 -11 -12 -13 -14 -15 -16
leaf_value=0.04633679332880674 -0.041637138772781558 0.075051386236789558 -0.037872311698087566 0.042598663085464658 -0.057755218804860016 0.031947735819359648 0.092406097982917809 -0.014511176606831698 -0.12743274138526517 -0.1969776276062376 0.052688209560993238 0.019144863492283875 -0.034339508967078755 0.0027099970458188531 0.0033696628535687671
leaf_weight=929 887 1063 884 925 1136 1281 1188 1558 1014 1057 1014 1223 1132 1501 1074
leaf_count=929 887 1063 884 925 1136 1281 1188 1558 1014 1057 1014 1223 1132 1501 1074
internal_value=-6.40422e-05 8.2861e-05 -0.00035967 -0.000630968 -0.000376871 -0.000700325 -0.000385756 0.00161694 -0.00120433 -0.00278003 0.000476837 -0.00158981 -0.000464275 0.00170629 0.00273712
internal_weight=17866 16979 13341 12412 11528 10603 9467 2746 6721 3470 3251 2237 2413 3638 2137
internal_count=17866 16979 13341 12412 11528 10603 9467 2746 6721 3470 3251 2237 2413 3638 2137
is_linear=0
shrinkage=0.0477671


Tree=176
num_leaves=15
num_cat=2
split_feature=38 36 28 45 7 9 9 9 0 7 29 36 28 9
split_gain=3.84333 5.74018 5.36628 6.64079 6.98005 6.17119 5.78238 4.58426 6.83211 4.1344 7.68596 5.3651 3.14092 2.86623
threshold=-1.0000000180025095e-35 0.91597561503675362 0 0.31987284984013525 299.56405934414317 1019.7541172176378 1006.1323425135096 1016.3970869795497 13.308995664465456 286.09264592264066 144.50000000000003 1.0000000180025095e-35 1 1017.1305573989545
decision_type=2 2 1 2 2 2 2 2 2 2 2 2 1 2
left_child=1 9 6 -4 5 -5 -2 -8 -9 11 -11 -1 -12 -14
right_child=2 -3 3 4 -6 -7 7 8 -10 10 12 -13 13 -15
leaf_value=0.071162883967339538 0.065570751956049181 -0.048438893199479381 0.025993587958470975 -0.064317172944067025 0.027907537787584858 -0.0034160982209262992 -0.012670023521438326 0.042596734729359396 -0.013024474335079101 -0.085044011820702745 0.025944430634952817 -0.013018023498015003 -0.026039472377564245 0.0068877522064471159
leaf_weight=949 1024 933 1549 1372 1006 1063 1601 1698 885 1461 1124 1024 1101 1040
leaf_count=949 1024 933 1549 1372 1006 1063 1601 1698 885 1461 1124 1024 1101 1040
internal_value=-2.55387e-06 -0.00081335 0.000604013 -0.000515438 -0.00168598 -0.00306912 0.00167481 0.000889962 0.00213506 -0.000324104 -0.00109112 0.00151202 0.000196822 -0.000876136
internal_weight=17830 7632 10198 4990 3441 2435 5208 4184 2583 6699 4726 1973 3265 2141
internal_count=17830 7632 10198 4990 3441 2435 5208 4184 2583 6699 4726 1973 3265 2141
cat_boundaries=0 1 2
cat_threshold=2674 1312
is_linear=0
shrinkage=0.0477671


Tree=177
num_leaves=15
num_cat=1
split_feature=13 35 35 29 52 5 16 13 11 4 28 46 16 24
split_gain=3.25217 2.78965 5.08611 3.52775 5.05198 4.91345 7.56327 5.4744 4.73317 6.29861 4.26865 5.36304 2.40826 2.66472
threshold=5.5562828466012695 0.062500000000000014 0.14583333333333334 134.50000000000003 0.23184395843844199 287.62208886963583 145.49144020773403 1.9685019542353932 44.925563952947627 301.71936272653994 0 0.68012715015986502 198.04412433935462 10.752654469430601
decision_type=2 2 2 2 2 2 2 2 2 2 1 2 2 2
left_child=1 -1 -3 5 8 6 -4 -8 9 -5 -10 12 13 -12
right_child=-2 2 3 4 -6 -7 7 -9 10 -11 11 -13 -14 -15
leaf_value=0.028422904540459905 -0.062419332408745205 -0.022781350897279118 0.0617404545421847 0.038900910970812316 -0.035713514985537161 0.054568703003636948 0.033413258284920651 -0.05973076355874235 -0.052112660511700791 -0.0070193891308374173 -0.0017017809975994871 0.033647729686286425 0.014142282734984015 -0.033506448999483344
leaf_weight=1427 901 1482 1240 1052 1198 1229 1162 1713 1155 1145 1159 921 1090 997
leaf_count=1427 901 1482 1240 1052 1198 1229 1162 1713 1155 1145 1159 921 1090 997
internal_value=0.000121491 0.000270089 8.437e-05 0.000365033 -0.000227154 0.00133141 0.000539231 -0.000805034 0.000231582 0.00209708 -0.000538105 0.00017672 -0.000735096 -0.00166062
internal_weight=17871 16970 15543 14061 8717 5344 4115 2875 7519 2197 5322 4167 3246 2156
internal_count=17871 16970 15543 14061 8717 5344 4115 2875 7519 2197 5322 4167 3246 2156
cat_boundaries=0 1
cat_threshold=160
is_linear=0
shrinkage=0.0477671


Tree=178
num_leaves=15
num_cat=2
split_feature=44 5 28 52 9 0 52 9 44 28 27 35 11 1
split_gain=4.26718 3.02496 9.58066 6.67841 5.07515 4.27631 7.58296 6.28241 6.1469 6.615 5.49131 4.51486 5.48959 2.84712
threshold=22067.000000000004 284.52454068963624 0 0.077737566926842624 1019.1247048609606 13.454232375320862 0.16289618911388162 1013.7307947662561 27699.500000000004 1 0.55352779189194934 0.52083333333333337 56.889500093158524 0.29042561837641212
decision_type=2 2 1 2 2 2 2 2 2 1 2 2 2 2
left_child=-1 2 -2 4 13 7 10 -3 -9 -10 11 12 -7 -4
right_child=1 5 3 -5 -6 6 -8 8 9 -11 -12 -13 -14 -15
leaf_value=-0.032753330146841182 0.050971715064287451 -0.045697332161184712 -0.090339465500011026 0.062982386405460541 0.013436195424645334 0.043606754961034062 -0.054200809139783979 0.030484927559387347 0.013731673963667194 -0.030374666672316676 0.073873922833914363 -0.016570110661246848 -0.012824694298555336 -0.011505244216238348
leaf_weight=1259 1141 1422 874 1224 1508 1060 882 1212 1000 1421 1417 1673 884 877
leaf_count=1259 1141 1422 874 1224 1508 1060 882 1212 1000 1421 1417 1673 884 877
internal_value=7.90129e-06 0.000211428 0.00111224 0.000111133 -0.00101797 -0.000250148 0.000621338 -0.00127051 -0.00021633 -0.0016071 0.00133749 0.000349349 0.00191543 -0.00276763
internal_weight=17854 16595 5624 4483 3259 10971 5916 5055 3633 2421 5034 3617 1944 1751
internal_count=17854 16595 5624 4483 3259 10971 5916 5055 3633 2421 5034 3617 1944 1751
cat_boundaries=0 1 2
cat_threshold=5888 4124
is_linear=0
shrinkage=0.0477671


Tree=179
num_leaves=15
num_cat=4
split_feature=14 45 28 28 10 9 10 1 10 28 28 44 2 23
split_gain=3.46351 4.95361 18.5865 3.85102 17.6636 11.2936 9.91119 12.3683 6.38495 10.0024 5.72639 4.95971 4.26018 3.22021
threshold=5.3345440949812142 0.077737566926842624 0 1 992.53659026272703 994.51012467091721 1015.73555709042 0.22041482439968588 1015.73555709042 2 3 27769.500000000004 0.75701262108488765 8.7513042939945223
decision_type=2 2 1 1 2 2 2 2 2 1 1 2 2 2
left_child=1 2 -1 4 -3 -5 -6 -8 9 -7 -10 12 -12 -13
right_child=-2 3 -4 5 6 8 7 -9 10 -11 11 13 -14 -15
leaf_value=-0.089501861469247004 -0.055265725349397429 0.087411789352274991 0.065555163221542839 -0.072548839817252991 -0.061094136750965117 0.093985423931019579 -0.017427311065008496 0.087081668305076576 -0.040532294540353134 -0.010383608920558982 0.040124464150753596 0.0022458694976226286 -0.0078281485693858163 -0.031372196233547929
leaf_weight=903 954 901 1202 879 1661 1124 1425 1461 1596 1116 1222 1112 911 1402
leaf_count=903 954 901 1202 879 1661 1124 1425 1461 1596 1116 1222 1112 911 1402
internal_value=-1.21171e-06 0.000156597 0.00232489 -0.00015144 0.000857263 -0.000738796 -0.000351433 0.00133988 -0.000205265 0.00198219 -0.000990486 -0.000137991 0.00155536 -0.00157615
internal_weight=17869 16915 2105 14810 5448 9362 4547 2886 8483 2240 6243 4647 2133 2514
internal_count=17869 16915 2105 14810 5448 9362 4547 2886 8483 2240 6243 4647 2133 2514
cat_boundaries=0 1 2 3 4
cat_threshold=2098 114 388 260
is_linear=0
shrinkage=0.0477671


Tree=180
num_leaves=15
num_cat=2
split_feature=0 32 9 28 35 35 44 29 45 9 5 0 0 28
split_gain=4.31094 4.24726 6.75493 8.77711 4.80177 5.31823 14.0613 5.55195 3.91345 4.68264 3.78808 2.88824 5.65752 2.79916
threshold=9.4614606470315064 1.0000000180025095e-35 1016.2299074426029 0 0.85416666666666685 0.14583333333333334 26852.500000000004 44.500000000000007 0.077737566926842624 1020.7303161886774 286.12608111721744 13.165505060466311 14.483010374838171 1
decision_type=2 2 2 1 2 2 2 2 2 2 2 2 2 1
left_child=-1 4 3 -3 5 13 -7 -8 -9 11 -4 -10 -13 -2
right_child=1 2 10 -5 -6 6 7 8 9 -11 -12 12 -14 -15
leaf_value=-0.024865826914191879 0.010341658689548434 -0.14579335935449506 0.059666391916276096 -0.0064693527290290986 -0.018352896556789865 0.093366263685582151 0.12341538842019907 0.029069123946069433 -0.027769564617414148 0.021006537230508309 -0.005419768443570676 0.035292468272385129 -0.02314420800705469 -0.042684680915810409
leaf_weight=1010 940 1004 879 1459 1495 1298 917 930 1657 1063 1487 1287 1424 1060
leaf_count=1010 940 1004 879 1459 1495 1298 917 930 1657 1063 1487 1287 1424 1060
internal_value=0.000101224 0.000282513 -0.000914521 -0.00266575 0.000761572 0.00111989 0.00163728 0.000820095 0.000318797 -0.000171097 0.00090756 -0.000863408 9.60854e-05 -0.00109753
internal_weight=17910 16900 4829 2463 12071 10576 8576 7278 6361 5431 2366 4368 2711 2000
internal_count=17910 16900 4829 2463 12071 10576 8576 7278 6361 5431 2366 4368 2711 2000
cat_boundaries=0 1 2
cat_threshold=4274 6376
is_linear=0
shrinkage=0.0477671


Tree=181
num_leaves=15
num_cat=4
split_feature=8 28 10 28 10 28 18 40 11 46 5 28 40 29
split_gain=4.26486 7.01569 8.23726 19.077 6.78969 16.0158 4.8768 8.32435 8.28909 10.7093 5.80234 5.5602 3.70184 4.38585
threshold=306.10123357352188 0 998.42846422827631 1 1012.7765495042562 2 0.0052119872132086248 0.21862473630160603 47.247634326954405 0.37897153596113126 288.44259337234263 3 0.21862473630160603 299.50000000000006
decision_type=2 1 2 1 2 1 2 2 2 2 2 1 2 2
left_child=1 -1 3 -3 5 -4 8 10 -6 12 -8 -9 13 -10
right_child=-2 2 4 -5 6 -7 7 11 9 -11 -12 -13 -14 -15
leaf_value=-0.051739063847696241 0.058518168536157857 0.11952760873173261 0.010296729226417776 -0.011861230990233458 0.017177950463266298 -0.14640195664845063 0.017455317825812049 0.18407434303649448 0.038159371183208141 -0.072494369148686386 -0.032005671534750861 0.029568190051884415 -0.025624912049684419 -0.0088606965811887269
leaf_weight=1250 876 1012 1371 1444 1518 964 1041 910 1124 1553 1091 1339 1423 975
leaf_count=1250 876 1012 1371 1444 1518 964 1041 910 1124 1553 1091 1339 1423 975
internal_value=7.32974e-05 -9.39151e-05 0.000180026 0.00272197 -0.000288753 -0.00262777 0.000208729 0.00144417 -0.000611874 -0.00153846 -0.000693503 0.00347163 -8.07413e-05 0.00119368
internal_weight=17891 17015 15765 2456 13309 2335 10974 4381 6593 5075 2132 2249 3522 2099
internal_count=17891 17015 15765 2456 13309 2335 10974 4381 6593 5075 2132 2249 3522 2099
cat_boundaries=0 1 2 3 4
cat_threshold=128 84 3370 70
is_linear=0
shrinkage=0.0477671


Tree=182
num_leaves=15
num_cat=2
split_feature=0 0 45 28 1 41 16 0 1 27 41 45 45 28
split_gain=3.52035 3.85846 5.27086 12.5624 3.11542 6.90931 5.70573 4.47966 4.25273 4.97585 10.6526 3.70249 3.18208 2.68344
threshold=9.4614606470315064 9.662608922941013 0.077737566926842624 0 0.23867219276356214 -0.46039597980994923 116.4870718758078 12.299519314018371 0.21085989516152917 0.77698501658161789 -0.96687281075841669 0.83710381088611852 0.52605993606604307 1
decision_type=2 2 2 1 2 2 2 2 2 2 2 2 2 1
left_child=-1 -2 3 -3 5 6 -4 11 9 10 -8 12 13 -6
right_child=1 2 4 -5 7 -7 8 -9 -10 -11 -12 -13 -14 -15
leaf_value=-0.021889469556715741 0.041689203214798194 0.068779269400148071 -0.036997060447782962 -0.028396139113368066 0.014768593924666184 0.039478753599603879 0.11286838432527382 -0.045035455775073389 -0.019241430458210518 -0.022209986292974247 0.0017035554263487723 -0.039858687028003159 0.023744760744767522 -0.037436910735416593
leaf_weight=1013 975 924 1167 1285 908 1307 904 1076 1740 908 1647 1276 1646 1100
leaf_count=1013 975 924 1167 1285 908 1307 904 1076 1740 908 1647 1276 1646 1100
internal_value=-2.12522e-05 0.000142917 -3.59374e-05 0.00212894 -0.000385703 0.000251836 -0.000397333 -0.00120057 0.000279797 0.00124912 0.00233037 -0.00059058 0.000182405 -0.00109315
internal_weight=17876 16863 15888 2209 13679 7673 6366 6006 5199 3459 2551 4930 3654 2008
internal_count=17876 16863 15888 2209 13679 7673 6366 6006 5199 3459 2551 4930 3654 2008
cat_boundaries=0 1 2
cat_threshold=1992 1028
is_linear=0
shrinkage=0.0477671


Tree=183
num_leaves=14
num_cat=1
split_feature=7 41 15 16 36 31 14 11 45 40 44 18 14
split_gain=4.32105 6.33386 9.82463 7.93694 5.2988 5.73056 7.09416 5.44843 4.92011 5.69567 3.71853 3.22248 2.53554
threshold=306.04236561951313 -0.94137724084408114 168.43892651781843 146.69179132911037 -0.70710678118654735 0 2.0605494717578177 77.017705276958949 0.56192977791787302 0.048362692321690152 29243.500000000004 0.0052119872132086248 1.9245099508148955
decision_type=2 2 2 2 2 1 2 2 2 2 2 2 2
left_child=1 2 -1 8 10 7 -7 11 9 -3 -5 -6 -10
right_child=-2 3 -4 4 5 6 -8 -9 12 -11 -12 -13 -14
leaf_value=-0.077892985421888217 0.048630274014078247 0.005831877378721268 0.0096256980559950803 0.073396286209980191 -0.0021643832964336712 -0.0036707983077126135 -0.089711612094572776 -0.028948926590008313 0.014573941309133562 0.090044096037668414 0.00032495097623192241 0.041655755361131204 -0.0096983174608196773
leaf_weight=879 894 972 878 902 1588 1710 1674 1538 1519 1235 1695 1224 1163
leaf_count=879 894 972 878 902 1588 1710 1674 1538 1519 1235 1695 1224 1163
internal_value=7.33794e-05 -9.6939e-05 -0.00281256 0.000216406 -0.000533817 -0.00116085 -0.00263118 -1.04439e-05 0.00180217 0.00347276 0.00133265 0.00123925 0.000426614
internal_weight=17871 16977 1757 15220 10331 7734 3384 4350 4889 2207 2597 2812 2682
internal_count=17871 16977 1757 15220 10331 7734 3384 4350 4889 2207 2597 2812 2682
cat_boundaries=0 1
cat_threshold=23
is_linear=0
shrinkage=0.0477671


Tree=184
num_leaves=16
num_cat=2
split_feature=7 52 8 52 40 40 10 41 27 10 31 46 40 0 31
split_gain=3.3998 7.5169 7.02158 4.16879 5.77641 4.72219 6.41119 3.82524 4.34423 5.40754 5.1507 4.72129 3.80247 3.50864 3.02168
threshold=284.50580211164788 0.077737566926842624 283.12821714350474 0.23184395843844199 0.94425825643485939 0.7210268013660811 1023.5190269914465 -0.98212955754013376 0.69394915249675304 1012.0918552441268 0 0.37897153596113126 0.21862473630160603 10.001209827819737 1
decision_type=2 2 2 2 2 2 2 2 2 2 1 2 2 2 1
left_child=1 2 13 4 5 6 7 -2 9 -9 -10 14 -5 -1 -11
right_child=3 -3 -4 12 -6 -7 -8 8 10 11 -12 -13 -14 -15 -16
leaf_value=0.0025396600362422618 0.056361451995133212 0.082508288706929694 0.045948290921184 -0.048256635930575491 -0.044051070524643632 0.04564803108434131 -0.027192912998309053 -0.051388534027266959 0.046625111786809621 0.024145598989825198 -0.01390763996960781 -0.02088046263789238 -0.0005973457855297672 -0.062419278176837581 -0.0086886186303806266
leaf_weight=1237 876 1125 975 1134 1146 1623 1006 946 1138 1703 917 1187 881 971 1136
leaf_count=1237 876 1125 975 1134 1146 1623 1006 946 1138 1703 917 1187 881 971 1136
internal_value=-6.50998e-06 0.00116372 -2.18093e-05 -0.000374843 -2.84413e-05 0.000321803 -0.000109664 0.000347257 -2.34742e-05 -0.000787343 0.00182359 -2.3175e-05 -0.00238132 -0.00151334 0.00103397
internal_weight=18001 4308 3183 13693 11678 10532 8909 7903 7027 4972 2055 4026 2015 2208 2839
internal_count=18001 4308 3183 13693 11678 10532 8909 7903 7027 4972 2055 4026 2015 2208 2839
cat_boundaries=0 1 2
cat_threshold=29 78
is_linear=0
shrinkage=0.0477671


Tree=185
num_leaves=15
num_cat=1
split_feature=8 6 8 36 14 6 1 1 44 29 24 1 31 37
split_gain=3.63869 8.16597 6.71873 4.57007 4.52635 4.96823 4.802 4.64404 5.45089 4.979 4.63217 4.0537 3.45677 2.64234
threshold=305.89114570647399 299.18698999101713 299.79011515195106 -0.9159756150367534 3.7176160511375955 294.55807060239221 0.26495809935293463 0.30491484917840578 28034.500000000004 277.50000000000006 21.40937814671674 0.23832750329369443 0 0.60355339059327384
decision_type=2 2 2 2 2 2 2 2 2 2 2 2 1 2
left_child=1 2 3 -1 5 7 -6 8 9 11 12 13 -10 -5
right_child=-2 -3 -4 4 6 -7 -8 -9 10 -11 -12 -13 -14 -15
leaf_value=0.034732371302252409 0.055234367070688968 -0.037888654927209976 0.045190224216796762 0.049548226679398309 0.00066355187924359619 -0.028325134731370754 -0.094821650545154054 -0.028662251206441801 -0.00094658311573811709 0.04541645448489938 0.016478001517815026 -0.016667420361617814 -0.045027238414667693 0.0088833213411406587
leaf_weight=1505 886 1047 1238 986 890 956 1120 1646 1075 1075 1623 1552 1128 1109
leaf_count=1505 886 1047 1238 986 890 956 1120 1646 1075 1075 1623 1552 1128 1109
internal_value=-2.12999e-05 -0.00017741 9.14711e-05 -0.000193652 -0.000478953 -0.000102617 -0.00256548 0.000205956 0.000653547 0.00173945 -0.000686084 0.000896576 -0.00211305 0.00226759
internal_weight=17836 16950 15903 14665 13160 11150 2010 10194 8548 4722 3826 3647 2203 2095
internal_count=17836 16950 15903 14665 13160 11150 2010 10194 8548 4722 3826 3647 2203 2095
cat_boundaries=0 1
cat_threshold=19
is_linear=0
shrinkage=0.0477671


Tree=186
num_leaves=17
num_cat=3
split_feature=40 13 40 31 37 9 28 24 3 15 30 28 45 0 9 7
split_gain=3.47641 3.72362 9.61679 4.3454 4.16101 3.5442 6.64232 6.87112 6.76898 5.1751 6.49186 3.77368 4.48686 3.2667 2.28557 1.3209
threshold=0.9893236546938301 1.5876650049659622 0.47559651477048942 0 -0.12940952255126037 1023.930567970876 1 21.40937814671674 296.96834294857331 174.13401099300401 0.46406570841889122 2 0.37897153596113126 9.662608922941013 1018.8515137735541 294.48216425494326
decision_type=2 2 2 1 2 2 1 2 2 2 2 1 2 2 2 2
left_child=1 2 13 4 -3 6 7 8 -5 10 -8 -11 -13 -1 15 -15
right_child=-2 3 -4 5 -6 -7 9 -9 -10 11 -12 12 -14 14 -16 -17
leaf_value=0.020442613986338051 -0.036331066689643955 -0.077944610062399819 0.065970347367250479 -0.089050789099250627 -0.00092477312548816212 -0.034976923438661718 0.097823246964157284 0.022633865046526338 0.0024109846890228528 0.048064998755549239 0.007147744885251963 -0.041177343685180466 0.014133940458351832 -0.0056086274080652592 -0.022728532399896351 0.017586512763248484
leaf_weight=899 904 876 1307 1077 913 1185 1027 1215 875 1221 1383 1141 1192 897 932 884
leaf_count=899 904 876 1307 1077 913 1185 1027 1215 875 1221 1383 1141 1192 897 932 884
internal_value=0.000141088 0.000294485 0.00140275 -0.000155685 -0.00232206 0.000221827 0.000541196 -0.00122467 -0.0029843 0.00147885 0.00319015 0.000321941 -0.00080434 0.000131628 -0.000694644 0.000307181
internal_weight=17928 17024 4919 12105 1789 10316 9131 3167 1952 5964 2410 3554 2333 3612 2713 1781
internal_count=17928 17024 4919 12105 1789 10316 9131 3167 1952 5964 2410 3554 2333 3612 2713 1781
cat_boundaries=0 1 2 3
cat_threshold=64 2216 4356
is_linear=0
shrinkage=0.0477671


Tree=187
num_leaves=15
num_cat=0
split_feature=1 1 9 18 40 5 45 9 27 1 45 24 9 45
split_gain=2.81044 7.09958 4.02739 4.62506 4.91741 10.1083 9.57448 9.41044 7.4071 6.85713 6.56507 7.75625 3.80433 2.80122
threshold=0.19499775022681537 0.19759453614336106 987.75999712001146 0.2049343210030137 -0.29343379936893926 284.79827774004173 0.23184395843844199 1015.3817606092299 1.0382014215720434 0.24502029817653548 0.56192977791787302 4.2059471370030321 1018.7811848507207 0.71603616942947224
decision_type=2 2 2 2 2 2 2 2 2 2 2 2 2 2
left_child=-1 -2 -3 4 5 -4 8 -7 -6 12 -8 -12 -9 -13
right_child=1 2 3 -5 6 7 10 9 -10 -11 11 13 -14 -15
leaf_value=-0.023333448860236475 0.046709622786639635 -0.035776391998971424 0.042826083680664984 0.051466149105052442 -0.15502674248618512 0.035285214967119338 0.06105402968717534 -0.01161900921690427 -0.028337400226684441 0.01654480363035828 0.022016736478878238 -0.077736843813456774 -0.049475264675694262 -0.010052345601320565
leaf_weight=980 967 1201 1312 1039 973 1371 1385 1174 1314 1062 1560 1353 879 1312
leaf_count=980 967 1201 1312 1039 973 1371 1385 1174 1314 1062 1560 1353 879 1312
internal_value=-4.52863e-05 9.87822e-05 -0.000142247 7.44137e-05 -0.000158537 0.000897616 -0.000934251 -0.000180519 -0.00353926 -0.00163241 0.000127322 -0.000807838 -0.00324465 -0.00237407
internal_weight=17882 16902 15935 14734 13695 5798 7897 4486 2287 3115 5610 4225 2053 2665
internal_count=17882 16902 15935 14734 13695 5798 7897 4486 2287 3115 5610 4225 2053 2665
is_linear=0
shrinkage=0.0477671


Tree=188
num_leaves=16
num_cat=1
split_feature=7 41 18 36 2 6 40 15 31 15 6 12 18 3 6
split_gain=2.32052 5.41917 3.05488 2.80436 3.64806 2.5024 4.46872 7.79275 4.61379 4.60264 4.14549 2.41118 4.67925 2.35807 2.23449
threshold=306.04236561951313 -0.94137724084408114 0.26425920437542977 -0.9159756150367534 0.8075742414247562 294.55807060239221 -0.108376950152639 239.34033781700444 0 251.5177840056248 283.74347377490568 83.041375814214931 0.0052119872132086248 290.18408190188717 284.59625291924107
decision_type=2 2 2 2 2 2 2 2 1 2 2 2 2 2 2
left_child=1 -1 3 -3 5 6 7 10 -8 11 -5 12 14 -12 -10
right_child=-2 2 -4 4 -6 -7 8 -9 9 -11 13 -13 -14 -15 -16
leaf_value=-0.030849872507345819 0.028809596529061298 0.025209162868639258 0.051252212424564424 0.017828624287162639 0.025286051449731773 -0.021931833795905627 -0.13473089948698772 0.053073917564469067 -0.049626446917404227 -0.06723191905818833 -0.024333126799330945 -0.023991340220559279 0.045422503980735732 0.0012683001469832257 0.0056509523300492239
leaf_weight=1745 892 1739 914 954 1088 1281 916 885 941 1063 924 893 1656 1162 895
leaf_count=1745 892 1739 914 954 1088 1281 916 885 941 1063 924 893 1656 1162 895
internal_value=-2.1167e-05 -0.0001455 0.000141805 -2.80467e-05 -0.000275301 -0.00052413 -0.000276014 0.000991283 -0.00105797 -0.000524696 -0.000156394 0.000157444 0.000724348 -0.00134996 -0.000935394
internal_weight=17948 17056 15311 14397 12658 11570 10289 3925 6364 5448 3040 4385 3492 2086 1836
internal_count=17948 17056 15311 14397 12658 11570 10289 3925 6364 5448 3040 4385 3492 2086 1836
cat_boundaries=0 1
cat_threshold=64
is_linear=0
shrinkage=0.0477671


Tree=189
num_leaves=16
num_cat=2
split_feature=13 6 8 28 0 35 7 44 29 11 35 28 9 13 13
split_gain=2.82503 3.82278 6.19458 5.4137 5.14795 5.02331 6.11724 5.74423 7.08676 5.31923 5.29308 5.40524 4.76578 4.41039 1.82832
threshold=5.4819643318022253 299.18698999101713 300.22437242113159 0 14.494969724229859 0.27083333333333343 281.58296676528812 26852.500000000004 257.50000000000006 51.964040438870832 0.062500000000000014 1 1016.0744351498597 2.2281804960459222 1.8818418051757857
decision_type=2 2 2 1 2 2 2 2 2 2 2 1 2 2 2
left_child=1 2 3 13 -3 10 -7 -8 9 -9 -5 -12 -11 -1 -10
right_child=-2 4 -4 5 -6 6 7 8 14 12 11 -13 -14 -15 -16
leaf_value=-0.00027788878354081069 -0.059890369810907861 -0.043235492831088303 0.056694169852158159 0.025468042157761099 0.0068215313551132067 0.071523318721925189 0.038616232436851874 -0.015556318119690698 -0.025186908490022034 0.082911955111542951 -0.0001453854098741993 -0.049314565404485138 0.0090206066539609362 -0.069440744267612167 -0.0040125275786525158
leaf_weight=1125 925 890 1121 1093 909 907 1595 935 1088 1187 1563 1375 1320 1027 876
leaf_count=1125 925 890 1121 1093 909 907 1595 935 1088 1187 1563 1375 1320 1027 876
internal_value=-3.44971e-05 0.000105169 0.000351544 7.95043e-05 -0.00197688 0.000477524 0.00117759 0.000699028 -4.37669e-05 0.00126222 -0.000894116 -0.00195024 0.00240938 -0.00211999 -0.00233371
internal_weight=17936 17011 15212 14091 1799 11939 7908 7001 5406 3442 4031 2938 2507 2152 1964
internal_count=17936 17011 15212 14091 1799 11939 7908 7001 5406 3442 4031 2938 2507 2152 1964
cat_boundaries=0 1 2
cat_threshold=160 1368
is_linear=0
shrinkage=0.0477671


Tree=190
num_leaves=14
num_cat=1
split_feature=7 13 27 40 44 40 29 5 35 0 31 40 29
split_gain=2.59028 3.35125 4.03926 5.00288 4.56349 5.6261 5.93791 6.89118 4.11558 3.51678 3.78538 7.03387 4.65062
threshold=306.04236561951313 5.0168431494696257 1.1782197183233383 0.25206111083856975 27699.500000000004 -0.30983472475487867 164.50000000000003 283.35854789394466 0.27083333333333343 14.483010374838171 0 -0.15951315977791503 106.50000000000001
decision_type=2 2 2 2 2 2 2 2 2 2 1 2 2
left_child=1 2 4 -4 5 8 7 -7 -1 10 11 -6 -12
right_child=-2 -3 3 -5 9 6 -8 -9 -10 -11 12 -13 -14
leaf_value=0.0097877984437872659 0.042958680674145343 -0.051639385157078103 -0.0025450257819841396 0.06666067044921424 -0.015343786963309002 -0.031754760450444543 -0.058174207447709354 0.044930968335245645 0.059099512563020637 -0.033202525032777777 -0.063615429205732127 0.05162659207492331 -0.0012522791111921681
leaf_weight=1353 895 1285 1277 1539 1210 1432 877 1511 922 1365 1148 1377 1700
leaf_count=1353 895 1285 1277 1539 1210 1432 877 1511 922 1365 1148 1377 1700
internal_value=8.1307e-05 -5.04575e-05 0.000141235 0.0017803 -0.000216529 0.000732402 -0.000387054 0.000640356 0.00261309 -0.00106741 -0.000522522 0.000799244 -0.00172071
internal_weight=17891 16996 15711 2816 12895 6095 3820 2943 2275 6800 5435 2587 2848
internal_count=17891 16996 15711 2816 12895 6095 3820 2943 2275 6800 5435 2587 2848
cat_boundaries=0 1
cat_threshold=19
is_linear=0
shrinkage=0.0477671


Tree=191
num_leaves=15
num_cat=2
split_feature=13 40 40 20 46 28 28 9 10 16 5 40 13 38
split_gain=3.21841 3.00431 4.81462 8.40627 9.17028 9.0014 8.97109 6.22595 5.59824 5.05442 4.8531 10.9645 4.4353 2.79509
threshold=5.5562828466012695 0.9893236546938301 0.88621069759564464 0.00016142352194219441 0.11077631698179569 0 1 1019.3086130057663 1017.8098252378135 187.85029775335951 288.96783906634533 -0.17647087149565668 2.2795725953065458 1.0000000180025095e-35
decision_type=2 2 2 2 2 1 1 2 2 2 2 2 2 2
left_child=1 2 3 4 6 7 -1 9 -4 -6 11 -7 -12 -8
right_child=-2 -3 8 -5 5 10 13 -9 -10 -11 12 -13 -14 -15
leaf_value=-0.090899806560707716 -0.06278994760522727 -0.035975233811583247 0.0083531843261886139 -0.047891519237405505 0.085703866584080426 0.0063670063009639115 -0.014705643082642644 -0.0012416778243260884 0.065341781010612152 0.034402078940156892 0.032425362353839207 -0.10332637250799437 -0.0032216247423229967 0.024866911020799121
leaf_weight=1055 882 883 1153 1105 1619 1537 1293 1212 874 1425 1304 889 1745 929
leaf_count=1055 882 883 1153 1105 1619 1537 1293 1212 874 1425 1304 889 1745 929
internal_value=0.000107922 0.000253815 0.00040236 8.95342e-05 0.000429468 0.0011656 -0.00175578 0.00280996 0.00257931 0.0039694 -0.00011716 -0.00171208 0.00115075 -2.04012e-05
internal_weight=17905 17023 16140 14113 13008 9731 3277 4256 2027 3044 5475 2426 3049 2222
internal_count=17905 17023 16140 14113 13008 9731 3277 4256 2027 3044 5475 2426 3049 2222
cat_boundaries=0 1 2
cat_threshold=782 396
is_linear=0
shrinkage=0.0477671


Tree=192
num_leaves=14
num_cat=0
split_feature=26 25 51 40 45 27 45 45 6 45 23 6 0
split_gain=2.92118 4.05415 2.82956 2.61804 6.99246 7.42252 7.04534 7.03596 7.25046 4.91081 3.32419 4.13658 4.73706
threshold=860.10589100947993 854.97221154350029 1.0000000180025095e-35 -0.01397611846945947 0.23184395843844199 1.1559173751249718 0.56192977791787302 0.71603616942947224 282.62588757376034 0.83710381088611852 37.825350062190417 288.54141197061017 13.489828176368961
decision_type=2 2 2 2 2 2 2 2 2 2 2 2 2
left_child=1 2 3 9 5 -5 -6 -8 -9 10 11 -1 -13
right_child=-2 -3 -4 4 6 -7 7 8 -10 -11 -12 12 -14
leaf_value=0.031052790197936959 -0.035642635881172953 0.03443487850000207 0.02559826382294441 -0.087065831620392303 0.092573095747984196 0.014140285715429123 -0.042711595566392216 -0.03038262615942023 0.042840314198150369 -0.031082331690711153 -0.025757750221900529 -0.022222552113777543 0.016554568071164493
leaf_weight=1499 882 1182 901 1130 1372 1500 1472 967 1642 1443 1065 1350 1446
leaf_count=1499 882 1182 901 1130 1372 1500 1472 967 1642 1443 1065 1350 1446
internal_value=0.0001912 0.000330626 0.000128452 -2.87298e-05 0.000552269 -0.0014703 0.00152817 0.000532019 0.00202224 -0.000719373 -5.30543e-05 0.000538876 -0.000545892
internal_weight=17851 16969 15787 14886 8083 2630 5453 4081 2609 6803 5360 4295 2796
internal_count=17851 16969 15787 14886 8083 2630 5453 4081 2609 6803 5360 4295 2796
is_linear=0
shrinkage=0.0477671


Tree=193
num_leaves=16
num_cat=3
split_feature=35 8 28 10 24 6 5 18 29 28 28 18 27 25 0
split_gain=2.95084 6.5562 10.9296 14.3025 7.18738 5.96617 5.84517 5.45219 7.58171 5.03727 4.51199 6.51308 3.37583 2.9318 1.49082
threshold=0.52083333333333337 299.67371130122217 0 1003.545566427206 4.6976919167616451 278.6159670783087 282.28612675001193 0.05909868612099603 144.50000000000003 1 2 0.024213528291329257 0.46505665921896983 529.57107935834017 12.299519314018371
decision_type=2 2 1 2 2 2 2 2 2 1 1 2 2 2 2
left_child=1 2 5 -4 -5 -1 -2 8 -6 -7 13 12 -12 14 -8
right_child=6 -3 3 4 7 9 10 -9 -10 -11 11 -13 -14 -15 -16
leaf_value=0.020920778032931006 0.045580978848235948 0.048922336273806113 0.075126073162841256 0.044960337161180169 -0.09678539046499185 -0.016776991050289278 0.04212498139071133 0.031089756443582618 0.0036960132697733462 -0.10620902048989281 -0.022850605625769883 -0.065745755899490776 0.022064034455835442 -0.01510675241136534 0.0006046240429361117
leaf_weight=902 1131 925 887 898 1065 1666 917 897 1583 889 1647 1125 959 1531 877
leaf_count=902 1131 925 887 898 1065 1666 917 897 1583 889 1647 1125 959 1531 877
internal_value=7.59333e-05 0.000639157 0.000236217 0.00159182 0.000488672 -0.00185245 -0.00059193 -0.000477715 -0.00156854 -0.00303715 -0.00110315 -0.00224028 -0.000933956 0.000178368 0.00148981
internal_weight=17899 9712 8787 5330 4443 3457 8187 3545 2648 2555 7056 3731 2606 3325 1794
internal_count=17899 9712 8787 5330 4443 3457 8187 3545 2648 2555 7056 3731 2606 3325 1794
cat_boundaries=0 1 2 3
cat_threshold=2438 2308 6428
is_linear=0
shrinkage=0.0477671


Tree=194
num_leaves=15
num_cat=1
split_feature=35 14 9 1 44 36 41 0 44 25 26 10 18 31
split_gain=4.08163 2.83461 4.00028 3.96579 3.51756 6.02267 4.99749 4.76148 4.49739 3.3985 3.1007 3.37 3.21025 2.39662
threshold=0.89583333333333337 5.3345440949812142 985.82699828008151 0.19544989965272661 28399.500000000004 0.37940952255126054 0.42763731121559989 12.299519314018371 35474.500000000007 847.77132986440847 785.29651717981631 1022.1131411426787 0.0052119872132086022 0
decision_type=2 2 2 2 2 2 2 2 2 2 2 2 2 1
left_child=1 2 -1 -4 5 7 13 -5 9 10 11 12 -6 -7
right_child=-2 -3 3 4 8 6 -8 -9 -10 -11 -12 -13 -14 -15
leaf_value=0.034421278789694539 -0.031183675254781391 -0.049223117090869996 -0.025848289596645334 0.07310795346951271 0.017083087430981848 0.026500444086161101 -0.037309709789307761 0.014800389229799312 0.065066427178670963 0.015970608295792017 -0.028858841493453691 -0.028714321719026402 -0.013406188521622026 -0.0048975007037267019
leaf_weight=954 1524 909 961 1234 1626 1075 1173 1564 903 1086 1177 1097 1532 1117
leaf_count=954 1524 909 961 1234 1626 1075 1173 1564 903 1086 1177 1097 1532 1117
internal_value=-1.58583e-05 0.000203648 0.000355821 0.000159125 0.00036906 0.00121261 -0.000148387 0.0028502 -0.000331192 -0.000769149 -0.00125708 -0.000656203 0.000135425 0.00119752
internal_weight=17932 16408 15499 14545 13584 6163 3365 2798 7421 6518 5432 4255 3158 2192
internal_count=17932 16408 15499 14545 13584 6163 3365 2798 7421 6518 5432 4255 3158 2192
cat_boundaries=0 1
cat_threshold=29
is_linear=0
shrinkage=0.0477671


Tree=195
num_leaves=16
num_cat=1
split_feature=10 2 18 18 30 13 13 18 8 15 45 36 2 10 31
split_gain=2.42955 3.37148 5.03736 4.90697 2.93409 8.496 5.33649 3.50406 4.32341 3.72061 3.34225 3.30211 2.46268 1.95824 4.57697
threshold=986.70972867993351 0.81319415860962652 0.22468346291289182 1.0000000180025095e-35 0.34086242299794667 3.2933314950850288 3.61142969761912 0.024213528291329257 296.80140607054591 168.43892651781843 0.71603616942947224 -0.60355339059327362 0.71629301135925816 1013.9113520455847 0
decision_type=2 2 2 2 2 2 2 2 2 2 2 2 2 2 1
left_child=-1 2 4 -3 5 11 7 8 10 -10 12 -2 -6 -13 -15
right_child=1 3 -4 -5 6 -7 -8 -9 9 -11 -12 13 -14 14 -16
leaf_value=0.027176133355067831 0.043716817125936988 -0.00053226597780142704 0.073120810295140115 -0.045076050775334345 -0.012425815130343205 -0.091225044744053227 0.050391467614786245 -0.023126925508435352 0.0040613196913726604 -0.032297050639616152 0.029059280423336567 -0.047305773551364089 0.019131014189050308 0.035762256061201682 -0.037095307692752204
leaf_weight=1155 964 1357 902 894 1010 1579 1071 1283 1087 983 1329 888 1133 1248 967
leaf_count=1155 964 1357 902 894 1010 1579 1071 1283 1087 983 1329 888 1133 1248 967
internal_value=-3.19873e-05 -0.000178689 8.91359e-05 -0.00189823 -0.000140928 -0.000972544 0.000453432 -3.81667e-05 0.000482267 -0.00124502 0.00151272 0.000181499 0.000344451 -0.00057655 0.000182297
internal_weight=17850 16695 14444 2251 13542 5646 7896 6825 5542 2070 3472 4067 2143 3103 2215
internal_count=17850 16695 14444 2251 13542 5646 7896 6825 5542 2070 3472 4067 2143 3103 2215
cat_boundaries=0 1
cat_threshold=99
is_linear=0
shrinkage=0.0477671


Tree=196
num_leaves=16
num_cat=1
split_feature=49 2 8 36 52 11 12 10 1 6 8 28 10 7 1
split_gain=3.33162 2.88363 7.66676 5.02985 4.92265 4.88873 4.37122 14.5797 4.63926 3.53284 5.93745 5.58432 3.1106 2.9195 2.16213
threshold=1.0000000180025095e-35 0.76220291654442429 285.68335617138791 -0.60355339059327362 0.19593493916883467 66.326115218094117 75.331835943516339 1016.8171800752626 0.30491484917840578 300.55739434529556 301.4927301399153 0 1016.5480630156305 283.89786275858734 0.29485354602110464
decision_type=2 2 2 2 2 2 2 2 2 2 2 1 2 2 2
left_child=1 3 -3 14 5 9 7 -5 13 10 11 -4 -13 -8 -1
right_child=-2 2 4 6 -6 -7 8 -9 -10 -11 -12 12 -14 -15 -16
leaf_value=-0.0019606817446942725 0.027413915680072891 0.073116822121212996 0.02915634424030359 -0.10225599735367216 -0.045706275845420585 -0.026869778378584865 0.031076607871647698 6.7112232506927628e-05 -0.069360246877237422 -0.01365475990107474 0.10654299210031057 -0.023224238502154135 0.0080796328027282933 -0.0056274082520332341 0.03852008785994776
leaf_weight=1340 909 881 1539 923 1220 1372 881 1255 876 1264 909 1190 1160 1083 986
leaf_count=1340 909 881 1539 923 1220 1372 881 1255 876 1264 909 1190 1160 1083 986
internal_value=-7.93061e-06 -0.000159761 0.000388014 -0.000871263 -4.38994e-05 0.000417357 -0.00172252 -0.00333258 -0.000486977 0.00100036 0.00159243 0.000779372 -0.000687224 0.000801467 0.00096424
internal_weight=17788 16879 9535 7344 8654 7434 5018 2178 2840 6062 4798 3889 2350 1964 2326
internal_count=17788 16879 9535 7344 8654 7434 5018 2178 2840 6062 4798 3889 2350 1964 2326
cat_boundaries=0 1
cat_threshold=552
is_linear=0
shrinkage=0.0477671


Tree=197
num_leaves=14
num_cat=1
split_feature=35 37 32 6 2 0 0 2 6 40 31 23 6
split_gain=2.77684 3.89999 7.70089 6.44735 4.495 4.34279 3.8434 6.32516 5.43636 9.12928 2.30051 1.88415 1.68855
threshold=0.062500000000000014 0.60355339059327384 1.0000000180025095e-35 299.77093073955911 0.70528941114895616 11.863492633897799 14.396046211259593 0.78718738292880419 287.86661727652307 0.69676570133721638 0 10.733813969470924 287.77092059580798
decision_type=2 2 2 2 2 2 2 2 2 2 1 2 2
left_child=-1 2 3 4 -2 -4 7 8 9 -6 -3 -7 -12
right_child=1 10 5 -5 6 11 -8 -9 -10 -11 12 -13 -14
leaf_value=0.022518342627521237 -0.010825198050982063 0.0058102143759675004 -0.058446923048250013 -0.027333731859711122 0.096613756076962237 0.013271159789035302 -0.0040248765691289863 0.07543643872217215 -0.0042658407628656646 -0.00051151848211637328 -0.047293432568907438 -0.028752832753908941 -0.0077249206961994199
leaf_weight=1486 1016 1046 1504 968 1706 961 1421 1004 1449 1392 1425 1140 1231
leaf_count=1486 1016 1046 1504 968 1706 961 1421 1004 1449 1392 1425 1140 1231
internal_value=4.69712e-05 -0.000133504 0.00026792 0.00101845 0.00146479 -0.00159603 0.00189748 0.00246497 0.0017066 0.00283632 -0.00149615 -0.000192189 -0.0022388
internal_weight=17749 16263 12561 8956 7988 3605 6972 5551 4547 3098 3702 2101 2656
internal_count=17749 16263 12561 8956 7988 3605 6972 5551 4547 3098 3702 2101 2656
cat_boundaries=0 1
cat_threshold=80
is_linear=0
shrinkage=0.0477671


Tree=198
num_leaves=16
num_cat=0
split_feature=35 26 35 5 44 45 2 44 2 2 26 5 40 14 16
split_gain=3.05033 2.39388 2.98875 7.86936 6.47979 6.17579 4.58345 4.53149 8.14551 4.18501 3.74735 2.93538 7.1644 2.42303 2.39977
threshold=0.89583333333333337 851.79866762857637 0.27083333333333343 280.10341974977001 26046.000000000004 0.13683625304783867 0.76220291654442429 31574.500000000004 0.80227320963562121 0.80117143575715954 776.05803378850658 280.58695744136179 0.42958674266195179 2.4527496914902964 179.65364643068304
decision_type=2 2 2 2 2 2 2 2 2 2 2 2 2 2 2
left_child=1 2 5 -4 -5 -1 10 8 -8 -9 13 -7 14 -6 -13
right_child=-2 -3 3 4 6 11 7 9 -10 -11 -12 12 -14 -15 -16
leaf_value=-0.066136317584329113 -0.028248318023252544 -0.018067875026692468 0.086194065489938701 0.067969913632698373 -0.013595436955750193 -0.028027014708924172 0.063817073080818118 -0.028733903266767037 -0.0087611198680121877 0.018597678904860675 -0.034333483457681467 -0.022701543201797555 0.065057678737177979 0.028231278678410989 0.0089042866976431385
leaf_weight=1029 1524 1463 921 907 1686 1254 1227 957 992 995 981 1062 966 1075 931
leaf_count=1029 1524 1463 921 907 1686 1254 1227 957 992 995 981 1062 966 1075 931
internal_value=3.97482e-05 0.000229318 0.00040952 0.000904506 0.000465503 -0.000509867 2.68824e-05 0.00111605 0.00259293 -0.000561686 -0.00118656 0.000299928 0.00112118 -0.000284652 -0.00051418
internal_weight=17970 16446 14983 9741 8820 5242 7913 4171 2219 1952 3742 4213 2959 2761 1993
internal_count=17970 16446 14983 9741 8820 5242 7913 4171 2219 1952 3742 4213 2959 2761 1993
is_linear=0
shrinkage=0.0477671


Tree=199
num_leaves=15
num_cat=3
split_feature=12 3 14 15 6 36 15 35 10 46 36 28 31 31
split_gain=2.40591 4.31234 2.97515 7.01429 6.32248 3.38299 6.83306 4.61584 4.27572 4.25559 2.43066 3.8847 2.45346 2.18085
threshold=41.569265874006824 301.81327310062051 3.6933310365198335 198.44641845130772 296.79932560087747 -0.5 189.50538435289823 0.52083333333333337 998.42846422827631 0.71603616942947224 0.37940952255126054 0 1 2
decision_type=2 2 2 2 2 2 2 2 2 2 2 1 1 1
left_child=1 -1 4 -4 5 6 -2 8 -7 10 -10 12 -12 -13
right_child=2 -3 3 -5 -6 7 -8 -9 9 -11 11 13 -14 -15
leaf_value=0.034825900305526361 -0.0015135228711233681 -0.0099146604368143439 0.016671783404438281 -0.071527165569854417 -0.034785358222392475 0.029187758421239371 0.07344585588754271 -0.037596684040059607 0.024773200069829533 -0.039600905122132588 0.042425180027105325 -0.00097253250451132846 -0.0037532131817318878 -0.02880566375239059
leaf_weight=1080 1467 1018 1007 1587 1217 1152 1084 1216 1455 1080 903 1365 1118 1049
leaf_count=1080 1467 1018 1007 1587 1217 1152 1084 1216 1455 1080 903 1365 1118 1049
internal_value=-8.57577e-05 0.00143331 -0.000288894 -0.00176693 3.4744e-06 0.000339313 0.00188097 -8.16065e-05 0.000329072 -0.000116185 0.000388894 -0.000166439 0.00137476 -0.00145732
internal_weight=17798 2098 15700 2594 13106 11889 2551 9338 8122 6970 5890 4435 2021 2414
internal_count=17798 2098 15700 2594 13106 11889 2551 9338 8122 6970 5890 4435 2021 2414
cat_boundaries=0 1 2 3
cat_threshold=1268 25 15
is_linear=0
shrinkage=0.0477671


Tree=200
num_leaves=16
num_cat=1
split_feature=26 44 31 25 44 10 24 29 16 29 5 11 43 46 40
split_gain=2.37399 6.29792 4.40051 4.07213 5.26021 3.59649 5.46655 2.99487 3.70298 3.25206 6.43032 2.84851 2.70159 2.1294 1.41736
threshold=152.14137475817509 28887.000000000004 0 522.93779987203743 33577.500000000007 1019.8163752185787 16.615431426609288 64.500000000000014 221.0740601232803 166.50000000000003 284.16009662362438 80.648738487147583 1.0000000180025095e-35 0.23184395843844199 -0.814291907305839
decision_type=2 2 1 2 2 2 2 2 2 2 2 2 2 2 2
left_child=7 2 -2 12 5 6 -5 11 9 10 -9 -1 -3 -11 -15
right_child=1 3 -4 4 -6 -7 -8 8 -10 13 -12 -13 -14 14 -16
leaf_value=-0.090917046541435259 0.0016733987301800163 -0.0021619254122904508 0.060051732627510637 -0.038727080335615185 -0.03654412511014702 0.02293986815886279 0.016480389254477059 -0.036324881725253166 0.021235104235323866 -0.031472949214438467 0.045439512150883668 -0.0037879518961278806 0.04563316766881019 -0.019188961647493993 0.007564762503349658
leaf_weight=1033 1008 891 1460 1213 1727 918 1383 916 1507 1416 882 885 883 898 981
leaf_count=1033 1008 891 1460 1213 1727 918 1383 916 1507 1416 882 885 883 898 981
internal_value=-9.93853e-05 0.000420365 0.00249584 -0.000309504 -0.000979342 8.09251e-05 -0.000827152 -0.00067828 -0.000195073 -0.000810842 0.000822329 -0.00233987 0.00166817 -0.0017027 -0.000647062
internal_weight=18001 9483 2468 7015 5241 3514 2596 8518 6600 5093 1798 1918 1774 3295 1879
internal_count=18001 9483 2468 7015 5241 3514 2596 8518 6600 5093 1798 1918 1774 3295 1879
cat_boundaries=0 1
cat_threshold=80
is_linear=0
shrinkage=0.0477671


Tree=201
num_leaves=15
num_cat=3
split_feature=8 6 8 28 5 23 16 8 28 28 1 12 41 29
split_gain=3.14603 5.13054 4.19541 3.8365 4.06119 5.90758 3.95537 8.08261 8.17994 7.18971 8.00807 6.03213 4.86206 3.39534
threshold=305.89114570647399 299.18698999101713 299.79011515195106 0 292.92259478527643 3.7278652823181551 146.04857578622253 289.76967631567589 1 2 0.25966792587049387 70.277616939358452 0.53312596302726967 319.50000000000006
decision_type=2 2 2 1 2 2 2 2 1 1 2 2 2 2
left_child=1 2 3 -1 5 -5 7 8 -7 11 -11 -8 -12 -14
right_child=-2 -3 -4 4 -6 6 9 -9 -10 10 12 -13 13 -15
leaf_value=-0.026393246153027128 0.051527188783056704 -0.029109995593415358 0.03667964996179067 0.026781099686479768 0.021659142264525984 0.06402479365783903 -0.015802888254394406 -0.02368183191988325 -0.010679795640296062 0.038126786185919338 -0.057260913421255596 -0.13366752778753496 0.023049777647943779 -0.019880015766975821
leaf_weight=1270 916 1036 1249 1576 1392 1367 1081 885 902 1455 988 1449 1307 950
leaf_count=1270 916 1036 1249 1576 1392 1367 1081 885 902 1455 988 1449 1307 950
internal_value=8.69774e-05 -6.06116e-05 0.00015185 -7.49837e-05 0.000164276 -0.000119631 -0.000533393 0.000877698 0.00238842 -0.00114927 -4.00927e-05 -0.00319613 -0.00136093 -0.000136577
internal_weight=17823 16907 15871 14622 13352 11960 10384 3154 2269 7230 4700 2530 3245 2257
internal_count=17823 16907 15871 14622 13352 11960 10384 3154 2269 7230 4700 2530 3245 2257
cat_boundaries=0 1 2 3
cat_threshold=384 4182 50
is_linear=0
shrinkage=0.0477671


Tree=202
num_leaves=16
num_cat=2
split_feature=13 7 2 16 40 9 40 6 40 16 31 1 6 7 31
split_gain=2.53705 8.67171 8.20726 7.79076 5.0223 8.34024 4.33486 7.43741 6.16585 5.45923 4.04301 3.54794 6.33429 7.44918 1.8506
threshold=3.0123227932123182 293.99866434911809 0.80513963204280137 167.61989276751973 -0.01397611846945947 999.35539712294212 -0.30983472475487867 289.60745352566363 -0.78326540922535159 182.11290226510275 0 0.19651309866558531 287.86661727652307 285.94609994899463 1
decision_type=2 2 2 2 2 2 2 2 2 2 1 2 2 2 1
left_child=4 3 -3 -2 6 -6 7 9 -9 -1 -5 -7 13 14 -13
right_child=1 2 -4 10 5 11 -8 8 -10 -11 -12 12 -14 -15 -16
leaf_value=0.00042068776867614074 0.013935075495801781 0.059319737526356019 -0.017864669537520694 -0.031840285603574499 0.063131457698551607 -0.024227442470360877 -0.037776343362255126 -0.031953534772227461 0.0067374700647443858 0.046114457147828962 -0.22673838565911569 0.057568134563132374 0.045235314664420004 -0.067612394194106695 -0.00060241646729654449
leaf_weight=1301 1037 1076 1152 1166 1197 922 1235 1384 1309 931 962 1296 948 1060 892
leaf_count=1301 1037 1076 1152 1166 1197 922 1235 1384 1309 931 962 1296 948 1060 892
internal_value=-2.39351e-05 -0.000889739 0.00139256 -0.00249707 0.000350177 0.00129688 -0.000619989 1.40952e-05 -0.00167536 0.0020535 -0.00415163 0.000456888 0.00104679 4.34328e-05 0.00163633
internal_weight=17868 5393 2228 3165 12475 6315 6160 4925 2693 2232 2128 5118 4196 3248 2188
internal_count=17868 5393 2228 3165 12475 6315 6160 4925 2693 2232 2128 5118 4196 3248 2188
cat_boundaries=0 1 2
cat_threshold=30 113
is_linear=0
shrinkage=0.0477671


Tree=203
num_leaves=16
num_cat=0
split_feature=40 40 9 9 2 24 18 41 29 45 9 29 2 6 14
split_gain=3.77416 2.92474 8.38286 5.2412 27.404 8.75983 5.8324 5.22226 4.35213 11.7721 4.85913 9.97216 7.07922 9.75388 5.84156
threshold=0.9893236546938301 0.88220160189607266 1017.9128947685588 1021.7181054697955 0.71390195875500162 13.341227084575076 0.18058722313752504 -0.97874870457683594 134.50000000000003 0.23184395843844199 1004.2829153860487 195.50000000000003 0.79243796986733217 286.02196600195697 1.9850808555111914
decision_type=2 2 2 2 2 2 2 2 2 2 2 2 2 2 2
left_child=1 3 -3 6 5 -5 7 -1 9 -9 -10 -12 13 -13 -15
right_child=-2 2 -4 4 -6 -7 -8 8 10 -11 11 12 -14 14 -16
leaf_value=0.064706622825479107 -0.042799779644964633 -0.012062108070402736 0.062397323375787177 0.058690166527436118 -0.11124114858727677 -0.012736008656104008 -0.03277102580876351 -0.034279871898684887 -0.038397837494219447 0.081864047502869061 -0.039189272456573138 0.043261711433774032 0.050133138950163816 -0.033879726277380978 0.005708188004410272
leaf_weight=934 898 1316 876 903 1221 875 1254 1123 1008 1692 1336 880 1411 1000 1124
leaf_count=934 898 1316 876 903 1221 875 1254 1123 1008 1692 1336 880 1411 1000 1124
internal_value=4.13511e-05 0.000201328 0.00182947 -4.02992e-05 -0.00182297 0.00195994 0.000414046 0.000781662 0.000448799 0.00202697 -0.000208152 0.000327694 0.00142223 0.000110565 -0.00164066
internal_weight=17851 16953 2192 14761 2999 1778 11762 10508 9574 2815 6759 5751 4415 3004 2124
internal_count=17851 16953 2192 14761 2999 1778 11762 10508 9574 2815 6759 5751 4415 3004 2124
is_linear=0
shrinkage=0.0477671


Tree=204
num_leaves=17
num_cat=1
split_feature=14 0 18 18 41 41 40 31 10 16 30 10 41 40 12 6
split_gain=2.10473 3.17992 2.36495 10.2921 7.60184 5.90248 5.02378 6.00945 3.86191 4.7914 2.64451 4.9784 8.05136 6.37142 1.17714 1.04633
threshold=1.1705985641526231 9.506362547973648 0.010423974426417223 0.0052119872132085857 -0.96687281075841669 -0.8611288361322974 0.95242846126021108 0 992.00556593474687 167.61989276751973 0.71047227926078038 1016.9759619875373 -0.50557503990954278 0.81428061195174062 72.932216163844956 286.35363764695393
decision_type=2 2 2 2 2 2 2 1 2 2 2 2 2 2 2 2
left_child=14 -2 3 4 -3 -6 7 -4 -9 -10 11 12 -7 -13 -1 -11
right_child=1 2 6 -5 5 10 -8 8 9 15 -12 13 -14 -15 -16 -17
leaf_value=0.0031619525987798321 -0.028157680852792254 0.089642151125304798 0.040359612291022723 -0.096919817691183449 -0.057553118990294527 0.061465457960000004 0.064345497030581927 0.026157166496233945 0.0076963699085915438 -0.036397412447468254 0.017751456997517082 -0.043178854407403162 -0.015027412088300253 0.015714475301889953 0.02108364975298985 -0.043287405135246322
leaf_weight=875 1058 875 1553 961 905 878 1012 882 1322 881 1241 1642 1129 897 876 893
leaf_count=875 1058 875 1553 961 905 878 1012 882 1322 881 1241 1642 1129 897 876 893
internal_value=0.00013078 -3.98428e-05 0.000137724 -0.000386221 0.000204863 -0.000342288 0.000820964 0.000254366 -0.00073008 -0.00152671 0.000218351 -0.000314734 0.0014626 -0.00172054 0.00170372 -0.00314911
internal_weight=17880 16129 15071 8528 7567 6692 6543 5531 3978 3096 5787 4546 2007 2539 1751 1774
internal_count=17880 16129 15071 8528 7567 6692 6543 5531 3978 3096 5787 4546 2007 2539 1751 1774
cat_boundaries=0 1
cat_threshold=5
is_linear=0
shrinkage=0.0477671


Tree=205
num_leaves=16
num_cat=1
split_feature=13 10 28 20 40 6 4 14 29 24 12 40 29 52 13
split_gain=2.40326 2.98039 2.53497 6.72867 6.80979 7.17975 4.04876 5.01448 3.88224 5.81243 3.86655 3.86145 3.06179 1.61732 4.20874
threshold=5.5562828466012695 986.70972867993351 0 0.00032282092560587122 0.93845596220871974 295.09160430055408 295.82391136597704 3.0676727836273088 134.50000000000003 8.7514508354808651 55.35278001162164 -0.29343379936893926 175.50000000000003 1.0000000180025095e-35 1.448884983774269
decision_type=2 2 1 2 2 2 2 2 2 2 2 2 2 2 2
left_child=1 -1 3 4 5 10 7 8 -4 -10 -3 -11 -8 14 -12
right_child=-2 2 6 -5 -6 -7 12 -9 9 11 13 -13 -14 -15 -16
leaf_value=0.029082449789589366 -0.051164812743801802 0.086201166146983185 0.027904440759272814 -0.052272077348823984 -0.020878966818824601 -0.0098273990105329917 -0.0087781981642132845 -0.070334054696149367 0.0089668424853840134 -0.009197157614571641 0.058964707123619862 -0.070341671723194055 0.038353591115012221 0.006268451762487681 0.021194175927705745
leaf_weight=1106 881 893 1020 881 1634 1347 881 1035 1353 943 905 961 1466 1221 1428
leaf_count=1106 881 893 1020 881 1634 1347 881 1035 1353 943 905 961 1466 1221 1428
internal_value=2.24889e-05 0.000148145 -1.78088e-05 0.000559569 0.00102861 0.00179686 -0.000644368 -0.0013754 -0.000652827 -0.00145858 0.00272245 -0.00315988 0.00100649 0.00201543 0.00275287
internal_weight=17955 17074 15968 8309 7428 5794 7659 5312 4277 3257 4447 1904 2347 3554 2333
internal_count=17955 17074 15968 8309 7428 5794 7659 5312 4277 3257 4447 1904 2347 3554 2333
cat_boundaries=0 1
cat_threshold=1818
is_linear=0
shrinkage=0.0477671


Tree=206
num_leaves=17
num_cat=0
split_feature=2 2 10 1 10 1 27 8 17 12 36 27 44 1 16 12
split_gain=2.79662 4.95219 3.89599 7.86748 8.16575 3.99532 5.98921 4.68627 4.0576 4.07044 4.42438 4.16266 4.11927 2.58688 2.97985 3.88645
threshold=0.69980586642454445 0.70602187110499981 1025.7385872344023 0.29403088672726913 1012.7765495042562 0.25966792587049387 1.7268480900111645 285.91438918268636 0.069553187531532598 43.93248783880118 -1.0000000180025095e-35 0.47565975818262246 31436.500000000004 0.19871784236801476 194.7842171130749 62.271646370670815
decision_type=2 2 2 2 2 2 2 2 2 2 2 2 2 2 2 2
left_child=-1 -2 3 5 -5 6 8 -7 9 12 11 -11 -3 -12 15 -15
right_child=1 2 -4 4 -6 7 -8 -9 -10 10 13 -13 -14 14 -16 -17
leaf_value=0.018110323900304509 -0.038510721323886707 0.038867876964463248 -0.047584517876959415 -0.00060858399615469399 0.32141725204262594 -0.057809523974325976 0.076897360486274616 5.2831183975919944e-05 -0.036007674153415464 -0.062156774443584438 0.029907164123190524 -0.003692514032680845 -0.0081587878141888889 0.0080244686489393882 0.027215390677855254 -0.035294419452995419
leaf_weight=1084 952 1336 906 890 874 1261 969 1430 1070 874 900 941 884 1157 1199 1238
leaf_count=1084 952 1336 906 890 874 1261 969 1430 1070 874 900 941 884 1157 1199 1238
internal_value=-6.23599e-05 -0.000213505 -1.33543e-05 0.00016996 0.00316696 -0.000228598 0.000189628 -0.00187187 -0.000171448 0.000176156 -0.000442565 -0.00243318 0.0019355 0.000360892 -0.000212032 -0.00118577
internal_weight=17965 16881 15929 15023 1764 13259 10568 2691 9599 8529 6309 1815 2220 4494 3594 2395
internal_count=17965 16881 15929 15023 1764 13259 10568 2691 9599 8529 6309 1815 2220 4494 3594 2395
is_linear=0
shrinkage=0.0477671


Tree=207
num_leaves=17
num_cat=0
split_feature=41 18 2 9 41 2 1 52 14 29 10 27 2 1 29 1
split_gain=2.76751 6.06206 5.73933 5.56521 10.4609 6.32406 5.7207 8.64947 4.01878 6.38238 6.65076 3.65794 3.49625 4.10143 1.9874 1.53653
threshold=-0.99052477729077237 0.0052119872132086248 0.81213854152990717 1013.7307947662561 -0.29342786347392819 0.73689111102770566 0.22504042766213797 1.0000000180025095e-35 2.2155313489622324 110.50000000000001 1017.1486058521492 0.1885138839086383 0.72323061768906294 0.24294105230394622 203.50000000000003 0.26495809935293463
decision_type=2 2 2 2 2 2 2 2 2 2 2 2 2 2 2 2
left_child=-1 2 8 4 -3 -6 -5 -8 11 -10 -11 14 -13 -14 -2 -9
right_child=1 3 -4 6 5 -7 7 15 9 10 -12 12 13 -15 -16 -17
leaf_value=0.031179427189056183 0.034223200295622286 0.042748359595265885 -0.048856229500634514 -0.0093524451151944226 -0.0042420818824929606 -0.10261301067559357 -0.0017901981393494101 0.090454232872516777 -0.090163505445452749 0.022433005632549765 -0.036043442499345026 -0.024793764197157467 -0.014475959682840042 0.031642509453051998 0.0025007298822830055 0.058756755893540943
leaf_weight=879 909 1218 1186 1054 1326 998 1148 888 1044 1098 931 1205 1169 883 875 963
leaf_count=879 909 1218 1186 1054 1326 998 1148 888 1044 1098 931 1205 1169 883 875 963
internal_value=-8.85609e-05 -0.000224638 -0.00104242 0.000776432 -0.000606236 -0.00248605 0.00198532 0.0030494 -0.000588424 -0.00195006 -0.000387346 0.000241188 -0.000710615 0.000487757 0.00198012 0.00506969
internal_weight=17774 16895 9300 7595 3542 2324 4053 2999 8114 3073 2029 5041 3257 2052 1784 1851
internal_count=17774 16895 9300 7595 3542 2324 4053 2999 8114 3073 2029 5041 3257 2052 1784 1851
is_linear=0
shrinkage=0.0477671


Tree=208
num_leaves=16
num_cat=1
split_feature=40 40 18 41 6 12 52 52 31 29 0 0 26 24 0
split_gain=3.03131 2.6923 4.41332 8.1105 2.88407 5.1171 2.31059 5.3395 3.41684 4.99817 3.26908 9.24037 3.28339 3.26056 1.48739
threshold=0.9893236546938301 0.9550229469509578 0.29906323354855008 -0.98212955754013376 301.13365365874216 45.056705274865479 0.28396383057052793 0.077737566926842624 0 224.50000000000003 14.396046211259593 13.429823362182072 152.14137475817509 19.24472365914291 10.610372835933651
decision_type=2 2 2 2 2 2 2 2 1 2 2 2 2 2 2
left_child=1 2 3 -1 5 -5 7 8 9 -7 11 12 13 -10 -14
right_child=-2 -3 -4 4 -6 6 -8 -9 10 -11 -12 -13 14 -15 -16
leaf_value=0.080914899319944264 -0.034685163454049109 0.041695177686024064 -0.03922849827414792 0.032560599525421771 -0.032137604081494311 -0.05993533099504212 -0.033312767828510642 0.039920146443087591 -0.00065835683347156458 0.0067715427420735131 -0.030477095356674002 0.065919978250206401 0.03237098537767992 -0.052695420696631051 -0.0008974380105733577
leaf_weight=913 901 985 887 1392 876 1575 1100 1237 1691 1109 1073 1151 1020 1036 985
leaf_count=913 901 985 887 1392 876 1575 1100 1237 1691 1109 1073 1151 1020 1036 985
internal_value=2.5183e-05 0.000168162 1.92119e-05 0.000210988 -6.8585e-05 0.000105236 -0.000213184 -1.99062e-06 -0.000381311 -0.00182546 0.000177966 0.000620763 -0.000312457 -0.00139173 0.00115435
internal_weight=17931 17030 16045 15158 14245 13369 11977 10877 9640 2684 6956 5883 4732 2727 2005
internal_count=17931 17030 16045 15158 14245 13369 11977 10877 9640 2684 6956 5883 4732 2727 2005
cat_boundaries=0 1
cat_threshold=80
is_linear=0
shrinkage=0.0477671


Tree=209
num_leaves=16
num_cat=4
split_feature=35 37 31 28 5 10 10 9 5 28 13 8 28 39 30
split_gain=2.75518 4.87844 6.59118 4.93512 7.76953 11.9341 4.80601 9.24927 4.54022 5.05652 3.65204 5.72602 4.38055 4.97388 1.63286
threshold=0.062500000000000014 1.0000000180025095e-35 0 1 287.17059263143898 1017.9144507500482 1010.3165271182996 1018.8515137735541 284.36953262835914 2 4.5832120129327363 290.46172983252706 3 -0.22252093395631442 0.6146475017111569
decision_type=2 2 1 1 2 2 2 2 2 1 2 2 1 2 2
left_child=-1 2 -2 4 5 -3 -5 14 9 -4 11 -10 -13 -14 -8
right_child=1 3 8 6 -6 -7 7 -9 10 -11 -12 12 13 -15 -16
leaf_value=0.022795082683959658 -0.035060100240639394 -0.073365454191122004 0.10397454362397458 -0.070070374384438847 0.040714381709580111 0.033192141249364322 0.043789033720068891 -0.045373926330476523 0.026135569210740197 0.0085270047691165529 0.051552721724225113 0.0070191097402515614 -0.053027035529441498 -0.00076107027149923746 -0.0048325687067706227
leaf_weight=1511 1280 1115 943 875 1237 879 1019 1479 1451 899 898 1637 927 948 890
leaf_count=1511 1280 1115 943 875 1237 879 1019 1479 1451 899 898 1637 927 948 890
internal_value=0.000148584 -3.03042e-05 0.000720272 -0.000930312 0.000478309 -0.00136434 -0.0019949 -0.00118365 0.00124761 0.00331811 0.000598643 9.09844e-05 -0.000951442 -0.00252021 0.00101222
internal_weight=17988 16477 8983 7494 3231 1994 4263 3388 7703 1842 5861 4963 3512 1875 1909
internal_count=17988 16477 8983 7494 3231 1994 4263 3388 7703 1842 5861 4963 3512 1875 1909
cat_boundaries=0 1 2 3 4
cat_threshold=64 2168 5634 3392
is_linear=0
shrinkage=0.0477671


Tree=210
num_leaves=15
num_cat=4
split_feature=23 26 25 26 26 25 31 13 15 28 7 40 28 28
split_gain=2.88772 2.18562 2.89718 3.02773 3.2195 5.39354 2.4012 2.2243 2.33244 5.01853 5.17502 4.83822 3.24116 1.24454
threshold=61.224187240543081 851.79866762857637 854.97221154350029 815.90827554726241 369.54290702705151 323.16414053326201 0 3.0866209716418305 227.11343312908247 1 297.13520352519009 0.065536893917732264 2 3
decision_type=2 2 2 2 2 2 1 2 2 1 2 2 1 1
left_child=1 2 3 4 7 -6 -7 8 9 -1 11 -11 -10 -8
right_child=-2 -3 -4 -5 5 6 13 -9 12 10 -12 -13 -14 -15
leaf_value=0.021114935909002 0.027321024377759726 -0.020387273330638063 0.027288171873865494 -0.032488535332555843 0.0596245161320536 -0.026625544362969756 -0.0039476147049976925 -0.034994908490336873 0.031464285680861279 -0.035721628466413594 0.016495463126381962 -0.0050880149913941205 -0.0031871863113785265 0.016906995637989145
leaf_weight=1177 1005 1415 938 994 1210 888 936 1488 902 1706 885 1673 1479 1248
leaf_count=1177 1005 1415 938 994 1210 888 936 1488 902 1706 885 1673 1479 1248
internal_value=5.19966e-06 -0.000142276 2.13951e-05 -0.000143941 4.2008e-05 0.00112617 6.14703e-05 -0.000456395 -0.000134063 -0.00067997 -0.00144121 -0.00229651 0.00111249 0.000913394
internal_weight=17944 16939 15524 14586 13592 4282 3072 9310 7822 5441 4264 3379 2381 2184
internal_count=17944 16939 15524 14586 13592 4282 3072 9310 7822 5441 4264 3379 2381 2184
cat_boundaries=0 1 2 3 4
cat_threshold=80 4132 3608 6536
is_linear=0
shrinkage=0.0477671


Tree=211
num_leaves=16
num_cat=2
split_feature=11 44 26 37 38 44 28 12 44 46 28 5 41 4 23
split_gain=2.58479 4.41562 3.87453 2.93098 7.0806 6.41844 6.00953 6.82472 4.59689 3.13081 4.98586 2.43635 4.6561 3.25594 2.20144
threshold=40.299511882271567 31609.500000000004 846.65892213738812 0.25881904510252057 -0.60785761079279388 28957.000000000004 0 61.687799818149003 29130.500000000004 0.64708840010491187 1 287.17059263143898 0.063390085881955341 294.96179683737563 14.03346050542458
decision_type=2 2 2 2 2 2 1 2 2 2 1 2 2 2 2
left_child=1 -1 3 4 8 -6 7 -5 -2 10 14 12 -8 -13 -7
right_child=2 -3 -4 6 5 9 11 -9 -10 -11 -12 13 -14 -15 -16
leaf_value=0.034236933589154139 0.00081891100179532763 -0.0065101437214297835 -0.045631748738149 0.0033044476891802626 0.070204275714932735 0.00042173135663204118 -0.056164061365669919 -0.081128552539046009 -0.075841099680680646 0.032433444111290038 -0.01800245898223676 0.036073490102394919 0.010994134699522618 -0.0041062340426501268 0.051544766300448776
leaf_weight=972 1300 942 992 1041 878 878 1071 1528 874 1166 1633 972 1736 981 874
leaf_count=972 1300 942 992 1041 878 878 1071 1528 874 1166 1633 972 1736 981 874
internal_value=-3.73645e-05 0.00162102 -0.000236835 -4.46362e-05 0.000612266 0.00153493 -0.000726402 -0.00258289 -0.00169082 0.000812946 7.69534e-05 0.000279926 -0.00062033 0.00157642 0.00184218
internal_weight=17838 1914 15924 14932 7603 5429 7329 2569 2174 4551 3385 4760 2807 1953 1752
internal_count=17838 1914 15924 14932 7603 5429 7329 2569 2174 4551 3385 4760 2807 1953 1752
cat_boundaries=0 1 2
cat_threshold=646 4694
is_linear=0
shrinkage=0.0477671


Tree=212
num_leaves=15
num_cat=3
split_feature=7 28 13 12 10 27 28 9 0 7 13 31 23 13
split_gain=2.39858 4.27272 8.14781 8.83484 7.03075 7.57257 12.3599 13.2275 5.38293 4.49644 4.00922 3.00314 2.66298 0.895089
threshold=306.04236561951313 0 1.2215918113813691 71.165055109069243 998.42846422827631 1.6624902841499234 1 1016.6210256229285 14.451278499702285 284.50580211164788 3.3180226888089863 2 8.6186974076811076 1.6949078029752709
decision_type=2 1 2 2 2 2 1 2 2 2 2 1 2 2
left_child=1 2 -1 8 -3 6 7 -6 -4 -5 11 12 -8 -13
right_child=-2 4 3 9 5 -7 10 -9 -10 -11 -12 13 -14 -15
leaf_value=0.023606998396477574 0.031209839554075778 0.032924796573024807 0.021020928443500984 -0.037005764770396167 -0.11282628669397363 0.056468115073596038 0.024858011813555531 -0.0025166504066887695 -0.035983052116143062 -0.1128268389365881 0.055348038353898427 -0.01955199330827188 -0.0015056794654687959 -0.0031469727834982941
leaf_weight=925 926 1593 1618 927 1324 1151 1068 1655 1259 999 895 904 1633 1034
leaf_count=925 926 1593 1618 927 1324 1151 1068 1655 1259 999 895 904 1633 1034
internal_value=-9.98846e-05 -0.000229072 -0.00128994 -0.00208307 0.000311409 -0.000172767 -0.00066465 -0.00313951 -0.000406 -0.00458706 0.000671645 0.000107636 0.00113565 -0.00132299
internal_weight=17911 16985 5728 4803 11257 9664 8513 2979 2877 1926 5534 4639 2701 1938
internal_count=17911 16985 5728 4803 11257 9664 8513 2979 2877 1926 5534 4639 2701 1938
cat_boundaries=0 1 2 3
cat_threshold=2210 84 114
is_linear=0
shrinkage=0.0477671


Tree=213
num_leaves=16
num_cat=0
split_feature=7 51 0 45 0 39 44 0 7 25 46 11 7 6 23
split_gain=3.17874 2.6582 2.94317 3.56682 4.20637 3.7838 3.29959 3.62046 4.34676 4.09613 3.9114 3.51375 5.04651 6.36409 3.23789
threshold=306.04236561951313 1.0000000180025095e-35 9.506362547973648 0.077737566926842624 9.7936976117924655 1.0000000180025095e-35 34454.000000000007 12.831024258447746 288.74654426237004 828.11079946057168 0.077737566926842624 81.584831221590775 286.4098700467062 288.35036888345064 10.884067291850529
decision_type=2 2 2 2 2 2 2 2 2 2 2 2 2 2 2
left_child=1 2 -1 5 -5 -4 7 11 -9 10 -10 12 -6 -14 -12
right_child=-2 -3 3 4 6 -7 -8 8 9 -11 14 -13 13 -15 -16
leaf_value=-0.035276884028106179 0.044124958912618112 0.024101824053665503 0.048505809390344462 0.042665411596721145 -0.072614439240858586 -0.012744662431476853 -0.044979506349772463 0.071165477938142055 -0.026714876384208271 0.024413138949149388 0.021369675402191361 0.011967029111177583 0.021853092379559558 -0.022588925375762622 -0.012019799523652267
leaf_weight=1087 908 901 1313 902 1391 955 929 889 1097 1092 1268 1061 1135 1266 1732
leaf_count=1087 908 901 1313 902 1391 955 929 889 1097 1092 1268 1061 1135 1266 1732
internal_value=3.18517e-05 -0.00011495 -0.000256228 -8.24825e-05 -0.000392831 0.00166286 -0.000632142 -0.000399639 0.000376865 -0.00015146 -0.000844736 -0.00137261 -0.00205269 -0.000725226 4.70232e-05
internal_weight=17926 17018 16117 15030 12762 2268 11860 10931 6078 5189 4097 4853 3792 2401 3000
internal_count=17926 17018 16117 15030 12762 2268 11860 10931 6078 5189 4097 4853 3792 2401 3000
is_linear=0
shrinkage=0.0477671


Tree=214
num_leaves=17
num_cat=0
split_feature=17 41 49 18 9 41 41 17 40 41 24 43 41 13 41 24
split_gain=3.05844 6.28122 3.59984 4.24172 4.13483 8.98973 11.0678 5.73644 9.22316 3.21924 5.52181 4.45996 7.50361 4.34463 4.14915 6.96221
threshold=0.43270909900013854 -0.98212955754013376 1.0000000180025095e-35 0.0052119872132086248 1013.7307947662561 -0.29342786347392819 0.57605713708605411 1.0000000180025095e-35 0.1169228398841501 -0.87810534180523914 10.36509550268166 0.6830127018922193 -0.62587551141915865 1.9685019542353932 0.70747208174348752 21.099571475809345
decision_type=2 2 2 2 2 2 2 2 2 2 2 2 2 2 2 2
left_child=1 -1 3 9 5 -5 -7 -6 -9 -3 11 12 -11 -14 15 -12
right_child=-2 2 -4 4 7 6 -8 8 -10 10 14 -13 13 -15 -16 -17
leaf_value=0.068311814161501672 -0.033341282693607407 -0.036956054700684714 0.03451324650049948 0.034428816411210636 -0.0037094351940689546 -0.068513075476069857 0.017652116133159697 -0.0063777866121557652 0.14195839411052361 0.030227339226441444 -0.042474496238958541 0.038043482041654815 0.0028873370716586389 -0.046817391359483575 -0.088502678559390771 0.020026704695872713
leaf_weight=888 878 1235 880 1107 1462 982 1018 888 1334 895 1296 912 1119 941 896 1158
leaf_count=888 878 1235 880 1107 1462 982 1018 888 1334 895 1296 912 1119 941 896 1158
internal_value=0.00014006 0.000282074 6.65216e-05 -0.000104833 0.000783949 -0.000498937 -0.00241112 0.00186651 0.00339557 -0.000819214 -0.000433215 0.000796159 -0.000104316 -0.00169163 -0.00185298 -0.000836085
internal_weight=17889 17011 16123 15243 6791 3107 2000 3684 2222 8452 7217 3867 2955 2060 3350 2454
internal_count=17889 17011 16123 15243 6791 3107 2000 3684 2222 8452 7217 3867 2955 2060 3350 2454
is_linear=0
shrinkage=0.0477671


Tree=215
num_leaves=17
num_cat=1
split_feature=6 8 2 35 36 30 44 2 12 0 2 11 31 18 30 0
split_gain=2.94507 6.33069 3.59089 7.83092 5.43086 4.31738 3.9333 3.81309 3.15633 4.22424 5.00661 4.14664 2.7846 7.26747 2.06451 1.96508
threshold=300.76542773266732 302.20270692920184 0.80055070748510004 0.52083333333333337 -0.70710678118654735 0.45311430527036284 29442.500000000004 0.76220291654442429 67.901061892444744 9.8752284746257448 0.70096585135394884 85.553859304621781 0 0.010423974426417232 0.24777549623545519 10.890212336370732
decision_type=2 2 2 2 2 2 2 2 2 2 2 2 1 2 2 2
left_child=1 2 4 5 6 -4 -1 8 -6 10 -10 15 -9 -14 -8 -11
right_child=-2 -3 3 -5 7 -7 14 12 9 11 -12 -13 13 -15 -16 -17
leaf_value=0.063658100058336053 -0.017695757852421196 0.084011510651779947 0.025993904748775748 -0.060028122237079103 -0.039080863042239102 -0.016890801894382163 0.059751037434133625 0.036981325691810632 0.0016608493414321274 0.012810100879673025 -0.099503930088947604 0.028317088640717327 -0.020863930266256023 0.047068694731166941 -0.0074258197737289491 -0.024242673085964155
leaf_weight=996 1311 928 929 936 1575 1316 899 988 879 913 874 888 1379 1084 1005 970
leaf_count=996 1311 928 929 936 1575 1316 899 988 879 913 874 888 1379 1084 1005 970
internal_value=-9.61043e-05 7.63087e-05 -0.000151125 -0.00158353 0.000214677 -5.21987e-05 0.00202521 -0.000334886 -0.00105303 -0.000411292 -0.00224675 0.000749057 0.000933656 6.67017e-05 0.000751461 -0.000518849
internal_weight=17870 16559 15631 3181 12450 2245 2900 9550 6099 4524 1753 2771 3451 2463 1904 1883
internal_count=17870 16559 15631 3181 12450 2245 2900 9550 6099 4524 1753 2771 3451 2463 1904 1883
cat_boundaries=0 1
cat_threshold=3
is_linear=0
shrinkage=0.0477671


Tree=216
num_leaves=16
num_cat=1
split_feature=51 2 31 6 13 15 27 15 29 26 2 10 26 23 39
split_gain=3.12519 3.17426 3.11315 4.089 3.29771 3.03802 2.87686 3.53178 2.58322 2.47561 2.74511 3.48407 2.60228 1.48165 1.36548
threshold=1.0000000180025095e-35 0.70528941114895616 0 299.77093073955911 1.448884983774269 117.88087179025548 0.33321343348795956 185.23797126171922 118.50000000000001 285.52643167166792 0.78436191095431529 1016.7551083165883 772.82185803116101 23.711023329105565 1.0000000180025095e-35
decision_type=2 2 1 2 2 2 2 2 2 2 2 2 2 2 2
left_child=1 -1 3 5 -4 14 -6 13 -9 10 11 -7 -11 -8 -3
right_child=-2 2 4 -5 6 9 7 8 -10 12 -12 -13 -14 -15 -16
leaf_value=-0.020300644640081255 0.031909775310905809 0.005657875912727893 0.011547026438773514 -0.01746866115063761 -0.040391320998141175 -0.025370560865230304 -0.0016011744273316843 -0.10501362088326464 -0.0040245937748467769 0.055626127181810328 0.029515920456945108 0.027066687013440002 0.0081269018247753146 0.028074170935121913 -0.02070966997000644
leaf_weight=1664 875 912 1322 959 1592 1120 878 920 1002 1229 1212 924 1385 876 1003
leaf_count=1664 875 912 1322 959 1592 1120 878 920 1002 1229 1212 924 1385 876 1003
internal_value=-8.40615e-05 -0.000227492 -1.23149e-05 0.000578145 -0.00079578 0.000941556 -0.00133248 -0.000597131 -0.00201192 0.00148064 0.000600804 -0.000466296 0.00257572 0.000951891 -0.000709729
internal_weight=17873 16998 15334 8744 6590 7785 5268 3676 1922 5870 3256 2044 2614 1754 1915
internal_count=17873 16998 15334 8744 6590 7785 5268 3676 1922 5870 3256 2044 2614 1754 1915
cat_boundaries=0 1
cat_threshold=27
is_linear=0
shrinkage=0.0477671


Tree=217
num_leaves=16
num_cat=2
split_feature=40 40 46 28 27 27 44 27 23 10 28 5 8 8 10
split_gain=2.41367 3.1291 6.99414 8.25648 5.25438 4.99495 4.53777 3.81185 3.25753 5.53629 3.05907 2.89054 4.33245 2.7209 3.14366
threshold=0.9893236546938301 0.9053161325100999 0.11077631698179569 0 1.4678877510158468 0.1885138839086383 27896.500000000004 1.1393034584089843 28.074743933705832 1014.3093365668161 1 299.31064304482715 297.59188227998419 295.38716266887542 1019.581397116562
decision_type=2 2 2 1 2 2 2 2 2 2 1 2 2 2 2
left_child=1 2 3 5 7 -1 -3 8 10 -10 11 12 -4 14 -12
right_child=-2 6 4 -5 -6 -7 -8 -9 9 -11 13 -13 -14 -15 -16
leaf_value=0.018035373617500086 -0.029802141557990623 0.076274959850765239 0.014201331990296757 -0.057219610257472513 -0.027695265255392291 -0.032088702290086632 -0.0051477656484343907 0.044375319587759476 0.01842193802088718 -0.044251924409347172 0.029124996415130021 -0.00061770599192660224 0.10223497996198255 -0.011919555739108094 -0.014089623646968898
leaf_weight=1317 934 912 1312 1449 1630 992 914 934 959 1017 1420 936 876 1337 915
leaf_count=1317 934 912 1312 1449 1630 992 914 934 959 1017 1420 936 876 1337 915
internal_value=-3.7331e-05 9.30309e-05 -0.000132767 -0.00191873 0.000459102 -0.000132926 0.00196073 0.0008807 0.000571513 -0.00113503 0.00106803 0.00216359 0.00312087 0.000129125 0.00111395
internal_weight=17854 16920 15094 3758 11336 2309 1826 9706 8772 1976 6796 3124 2188 3672 2335
internal_count=17854 16920 15094 3758 11336 2309 1826 9706 8772 1976 6796 3124 2188 3672 2335
cat_boundaries=0 1 2
cat_threshold=7266 2434
is_linear=0
shrinkage=0.0477671


Tree=218
num_leaves=17
num_cat=2
split_feature=25 30 5 8 28 1 1 9 40 40 12 40 23 26 40 31
split_gain=2.28514 4.8977 3.75905 9.35228 5.93919 5.71749 4.11471 3.95595 9.13027 7.31613 6.91663 6.03521 8.31617 4.50307 3.60776 3.11616
threshold=841.74443172021893 0.48870636550308016 295.90669752162461 298.16826474905173 0 0.20685520443833297 0.21226369618351146 1017.662422022733 0.77788564761185042 0.89787622492179153 74.249538842914419 0.3504237462291826 24.689015788499365 91.39942393798394 0.082691702092476851 1
decision_type=2 2 2 2 1 2 2 2 2 2 2 2 2 2 2 1
left_child=2 -2 3 4 5 -1 -4 8 10 11 13 12 15 -6 -12 -9
right_child=1 -3 6 -5 7 -7 -8 9 -10 -11 14 -13 -14 -15 -16 -17
leaf_value=-0.081294939042219252 -0.0069214448000901041 0.0398934313805063 -0.0036043149444448044 0.064354092403913446 -0.036249718656894511 -0.0012533397515213376 -0.036252372335596278 0.049888955397402172 -0.084466246861110456 0.056128267471514989 0.0014265738574744185 -0.085959820983048635 -0.027432452972485265 0.0073254703026777602 0.079260693778232666 0.0085128086340769196
leaf_weight=973 1323 953 1388 1005 909 893 944 1222 1723 1073 1002 937 883 914 934 880
leaf_count=973 1323 953 1388 1005 909 893 944 1222 1723 1073 1002 937 883 914 934 880
internal_value=-9.29837e-05 0.00132122 -0.000298402 1.05686e-05 -0.000350052 -0.00282511 -0.00206786 9.31624e-05 -0.000792516 0.00106583 0.000526763 0.000109044 0.00115942 -0.00158402 0.0025155 0.00279406
internal_weight=17956 2276 15680 13348 12343 1866 2332 10477 5482 4995 3759 3922 2985 1823 1936 2102
internal_count=17956 2276 15680 13348 12343 1866 2332 10477 5482 4995 3759 3922 2985 1823 1936 2102
cat_boundaries=0 1 2
cat_threshold=416 92
is_linear=0
shrinkage=0.0477671


Tree=219
num_leaves=16
num_cat=3
split_feature=49 11 18 28 11 26 24 13 40 24 28 40 36 46 31
split_gain=3.00014 2.60831 4.0167 6.2163 6.76558 8.33512 5.73288 5.40112 5.60634 3.93211 6.41804 3.38279 3.13027 2.58606 2.47479
threshold=1.0000000180025095e-35 44.925563952947627 0.0052119872132086248 0 59.884237085582924 23.836455770733703 36.97733038097099 1.9685019542353932 -0.30983472475487867 9.8127101362546743 1 0.7210268013660811 -0.25881904510252113 0.25790389450448498 2
decision_type=2 2 2 1 2 2 2 2 2 2 1 2 2 2 1
left_child=1 12 7 4 -4 -6 13 9 -9 10 -3 -10 14 -5 -1
right_child=-2 2 3 6 5 -7 -8 8 11 -11 -12 -13 -14 -15 -16
leaf_value=0.020759900183950741 0.026132377007239305 0.03834033923410278 -0.016598927542396419 -0.014754762032387458 0.0088457548180091369 0.092062060004496543 -0.04917964833102572 0.0019653387424575816 -0.12404925319886567 -0.02203691757105198 -0.016537195726436273 -0.051634483760794485 0.026755197920290717 0.032476241688369809 -0.0091553646571880445
leaf_weight=878 903 1215 1058 892 1651 1316 1258 962 977 1619 1180 881 1022 1000 1177
leaf_count=878 903 1215 1058 892 1651 1316 1258 962 977 1619 1180 881 1022 1000 1177
internal_value=3.83785e-05 -0.00010331 -0.000380027 0.000409121 0.00165087 0.0028247 -0.00117835 -0.00120888 -0.00281103 -8.27449e-05 0.00114588 -0.0043436 0.00115581 0.000478511 8.02692e-05
internal_weight=17989 17086 14009 7175 4025 2967 3150 6834 2820 4014 2395 1858 3077 1892 2055
internal_count=17989 17086 14009 7175 4025 2967 3150 6834 2820 4014 2395 1858 3077 1892 2055
cat_boundaries=0 1 2 3
cat_threshold=4700 6202 13
is_linear=0
shrinkage=0.0477671


Tree=220
num_leaves=16
num_cat=2
split_feature=10 1 28 45 29 23 45 11 10 23 28 0 10 10 29
split_gain=1.90018 5.53454 3.53176 7.39055 8.69631 7.2486 12.4258 5.31786 4.05761 3.7291 11.0751 4.83929 6.66765 3.76774 7.08181
threshold=985.81322582272344 0.19522102932758698 0 0.23184395843844199 199.50000000000003 5.8465448209098563 0.19593493916883467 74.684813337548164 1017.8098252378135 15.957173848744665 1 9.6866592376612832 1022.0141579262646 1013.9113520455847 204.50000000000003
decision_type=2 2 1 2 2 2 2 2 2 2 1 2 2 2 2
left_child=-1 -2 5 4 7 -3 -7 -4 -8 11 -11 -5 13 -13 -15
right_child=1 2 3 9 -6 6 8 -9 -10 10 -12 12 -14 14 -16
leaf_value=0.026220859885445345 -0.035993045970580013 0.040117530923517802 -0.03432343322080661 0.039925445819123974 0.015831172961608648 0.052416228535261594 -0.035840300042904595 -0.17933833164439419 0.0041452730814420472 0.10687058389360424 -0.01578892263468407 -0.033603506121718904 -0.043104932531080047 0.052655656202297833 -0.018437816592397949
leaf_weight=1030 937 1071 1205 938 991 1256 1233 1017 878 1037 1101 1059 1106 1733 1247
leaf_count=1030 937 1071 1205 938 991 1256 1233 1017 878 1037 1101 1059 1106 1733 1247
internal_value=4.67343e-05 -7.51738e-05 0.000135288 -0.00030868 -0.00225163 0.00127744 0.00019086 -0.00391151 -0.00204675 0.000450032 0.00216612 -0.000152758 -0.000728374 0.000170931 0.00104115
internal_weight=17839 16809 15872 11434 3213 4438 3367 2222 2111 8221 2138 6083 5145 4039 2980
internal_count=17839 16809 15872 11434 3213 4438 3367 2222 2111 8221 2138 6083 5145 4039 2980
cat_boundaries=0 1 2
cat_threshold=1608 180
is_linear=0
shrinkage=0.0477671


Tree=221
num_leaves=15
num_cat=2
split_feature=40 20 28 6 26 9 26 5 44 31 9 2 29 7
split_gain=3.59425 1.99516 3.45606 5.07564 5.81462 4.80495 4.79103 9.75104 6.43916 7.56901 4.04909 4.40998 2.91631 4.50663
threshold=0.9893236546938301 0.00062543846558503122 0 285.93977296142089 819.51735399027723 1026.0507511297903 1.0000000180025095e-35 283.50813559384437 33427.500000000007 1 1013.6405910048052 0.75701262108488765 183.50000000000003 297.50265637477997
decision_type=2 2 1 2 2 2 2 2 2 1 2 2 2 2
left_child=1 2 3 -1 12 6 10 -8 9 -9 -4 -12 -5 -14
right_child=-2 -3 5 4 -6 -7 7 8 -10 -11 11 -13 13 -15
leaf_value=-0.031739393260485284 -0.03362270374567726 -0.026414635038526969 -0.027784524907709034 0.044029640264309826 -0.036396496567277836 -0.02727758538891361 0.11040848861439906 0.061790374703697519 -0.020238440306510331 -0.00533658465952322 0.052266239844243896 -0.0080626630515986605 -0.0094752952533236588 0.040827098910917806
leaf_weight=1687 936 1160 1179 1163 1200 1270 1113 1537 889 1382 996 1238 1355 895
leaf_count=1687 936 1160 1179 1163 1200 1270 1113 1537 889 1382 996 1238 1355 895
internal_value=2.64133e-05 0.000184622 0.000324234 -0.000544691 0.000273921 0.000894096 0.00131227 0.00226608 0.00111582 0.00220022 -6.23265e-05 0.00113224 0.00127995 0.000274996
internal_weight=18000 17064 15904 6300 4613 9604 8334 4921 3808 2919 3413 2234 3413 2250
internal_count=18000 17064 15904 6300 4613 9604 8334 4921 3808 2919 3413 2234 3413 2250
cat_boundaries=0 1 2
cat_threshold=3248 15
is_linear=0
shrinkage=0.0477671


Tree=222
num_leaves=16
num_cat=4
split_feature=51 0 45 28 45 31 45 41 35 0 31 41 8 15 28
split_gain=3.00903 3.63144 3.32917 12.3893 4.88908 10.8024 6.03635 4.04201 3.76243 5.447 5.01695 3.43419 3.90662 3.3969 3.37045
threshold=1.0000000180025095e-35 9.506362547973648 0.077737566926842624 0 0.23184395843844199 1 0.3529115998950883 0.84658398682345093 0.56250000000000011 13.429823362182072 2 -0.78324956448884031 298.76710879603814 135.49577900706481 3
decision_type=2 2 2 1 2 1 2 2 2 2 1 2 2 2 1
left_child=1 -1 3 -3 5 -4 -6 8 9 10 -8 12 -11 -10 -15
right_child=-2 2 4 -5 6 -7 7 -9 13 11 -12 -13 -14 14 -16
leaf_value=-0.035329675909822576 0.028323848868755025 0.058284086053521998 0.034818614820605075 -0.036328400078232612 0.068191509651531826 -0.061559229477067032 0.010135798173587634 0.064438986602781967 -0.032258946987981922 -0.0095917300039794085 -0.033567353842240161 0.041612390010455823 0.039371296789086477 -0.024093110355723667 0.0085038345203882343
leaf_weight=1044 894 951 980 1353 881 1375 1211 877 1071 1174 1508 957 889 938 1731
leaf_count=1044 894 951 980 1353 881 1375 1211 877 1071 1174 1508 957 889 938 1731
internal_value=0.000128439 -1.39672e-05 0.000165133 0.0018442 -0.000119324 -0.00209837 0.000295237 -2.74595e-05 -0.000314718 0.000453228 -0.00109717 0.00184984 0.000751429 -0.00149372 -0.000580816
internal_weight=17834 16940 15896 2304 13592 2355 11237 10356 9479 5739 2719 3020 2063 3740 2669
internal_count=17834 16940 15896 2304 13592 2355 11237 10356 9479 5739 2719 3020 2063 3740 2669
cat_boundaries=0 1 2 3 4
cat_threshold=1992 11 82 3648
is_linear=0
shrinkage=0.0477671


Tree=223
num_leaves=16
num_cat=4
split_feature=32 16 29 6 18 28 28 1 36 1 29 28 28 26 11
split_gain=2.27403 5.12409 5.9078 3.9011 3.77006 6.35924 6.35798 6.45628 4.64196 3.5894 3.49584 3.05843 2.98675 2.94323 2.62042
threshold=1.0000000180025095e-35 161.28921512479607 108.50000000000001 295.95567965456559 0.0052119872132086248 0 1 0.2584328716379321 0.78656609248549325 0.26631555930897821 191.50000000000003 2 3 354.1000693370317 61.858584175971806
decision_type=2 2 2 2 2 1 1 2 2 2 2 1 1 2 2
left_child=3 11 -3 4 5 14 -6 13 9 -7 -5 -2 -4 -8 -1
right_child=1 2 12 10 6 8 7 -9 -10 -11 -12 -13 -14 -15 -16
leaf_value=0.033766428631273035 0.02747938322489513 -0.14258990325878315 0.014601519475244906 0.0062962962879183106 0.072823834247488353 -0.077010952567430443 0.006327698282018227 -0.018779116891575128 0.019008656390791561 -0.015283590975428384 -0.028380851235112477 -0.012158782274893976 -0.024265460994659257 0.064333846002719505 0.0037551093062544775
leaf_weight=925 1060 1156 931 925 1305 908 1178 1627 904 1284 1496 1028 944 945 1253
leaf_count=925 1060 1156 931 925 1305 908 1178 1627 904 1284 1496 1028 944 945 1253
internal_value=-0.000124178 -0.000974688 -0.00222923 0.000217118 0.000621787 -0.000271289 0.001554 0.000545679 -0.00166021 -0.00285368 -0.00150845 0.000845379 -0.000572015 0.00228268 0.00170183
internal_weight=17869 5119 3031 12750 10329 5274 5055 3750 3096 2192 2421 2088 1875 2123 2178
internal_count=17869 5119 3031 12750 10329 5274 5055 3750 3096 2192 2421 2088 1875 2123 2178
cat_boundaries=0 1 2 3 4
cat_threshold=1810 4164 1932 6480
is_linear=0
shrinkage=0.0477671


Tree=224
num_leaves=16
num_cat=0
split_feature=51 25 26 37 10 32 10 12 46 4 15 10 9 29 29
split_gain=2.63004 2.26234 4.42946 5.47647 5.4277 4.435 6.59041 3.43528 2.72022 2.7934 6.09585 5.43751 4.2618 2.21988 1.8105
threshold=1.0000000180025095e-35 858.70443426761005 773.78323484068846 1.0000000180025095e-35 1012.6551976769886 1.0000000180025095e-35 1012.6551976769886 65.573919463391007 1.0000000180025095e-35 288.57212674629159 148.31510613940046 1015.0332473972188 1015.0549117865112 195.50000000000003 204.50000000000003
decision_type=2 2 2 2 2 2 2 2 2 2 2 2 2 2 2
left_child=1 2 3 5 -4 6 -1 -8 -5 10 -10 -11 -12 -6 -13
right_child=-2 -3 4 8 13 -7 7 -9 9 11 12 14 -14 -15 -16
leaf_value=0.065804888303944944 0.026840105665747054 0.024812079492059817 -0.055493164701751412 0.014539557077507335 -0.026614050244917545 -0.013303694267365386 0.037947778699458423 -0.006237536255323208 0.012637333125092833 0.02865353738193005 -0.091827622512988455 0.000937943327472409 -0.02275999642446554 0.0069243178215896541 -0.021991258322086791
leaf_weight=877 936 1207 882 1245 1209 1224 896 1250 1163 1353 1145 899 1276 1063 1194
leaf_count=877 936 1207 882 1245 1209 1224 896 1250 1163 1353 1145 899 1276 1063 1194
internal_value=-1.72992e-05 -0.000154065 -0.00030762 9.51881e-05 -0.00190755 0.00148974 0.00247215 0.00104512 -0.000620269 -0.000984921 -0.00191859 -1.3214e-05 -0.00328417 -0.000671794 -0.00153944
internal_weight=17819 16883 15676 12522 3154 4247 3023 2146 8275 7030 3584 3446 2421 2272 2093
internal_count=17819 16883 15676 12522 3154 4247 3023 2146 8275 7030 3584 3446 2421 2272 2093
is_linear=0
shrinkage=0.0477671


Tree=225
num_leaves=16
num_cat=0
split_feature=4 41 45 39 52 2 44 29 27 2 12 14 39 2 41
split_gain=3.33538 1.94798 3.91175 5.5873 4.37521 6.7994 7.78579 5.29846 4.06686 2.78414 2.3283 2.13048 2.01517 5.01273 1.39153
threshold=278.17712816476035 0.96407344085605606 0.077737566926842624 1.0000000180025095e-35 0.23184395843844199 0.8173988071535474 27539.500000000004 273.50000000000006 0.55352779189194934 0.76220291654442429 65.573919463391007 2.2923957728662789 1.0000000180025095e-35 0.77842620048006805 -0.5129677127369543
decision_type=2 2 2 2 2 2 2 2 2 2 2 2 2 2 2
left_child=-1 2 3 -2 5 6 7 12 10 -10 11 -8 13 -4 -14
right_child=1 -3 4 -5 -6 -7 8 -9 9 -11 -12 -13 14 -15 -16
leaf_value=0.035079577743340015 0.047344574294252199 -0.034637221467798893 -0.033432593627461052 -0.0082238517833267688 -0.03375484627675527 0.050163884054714156 -0.0070184738035601133 0.048905670301667148 -0.016460973680047654 0.033271498991258794 -0.0423094295909048 -0.02718746735520234 -0.00092385902774717312 0.017131399833243827 0.034598215119631515
leaf_weight=914 1289 1047 877 995 1622 877 1468 892 1140 1023 1016 1629 918 1217 978
leaf_count=914 1289 1047 877 995 1622 877 1468 892 1140 1023 1016 1629 918 1217 978
internal_value=-0.000199994 -0.000351345 -0.000220102 0.00160938 -0.000526229 -0.000212157 -0.00053064 0.000899701 -0.00164364 3.20939e-05 -0.00252543 -0.00187325 0.000155073 -0.000865768 0.0012837
internal_weight=17902 16988 15941 2284 13657 12035 11158 4882 6276 2163 4113 3097 3990 2094 1896
internal_count=17902 16988 15941 2284 13657 12035 11158 4882 6276 2163 4113 3097 3990 2094 1896
is_linear=0
shrinkage=0.0477671


Tree=226
num_leaves=16
num_cat=5
split_feature=6 36 14 14 28 31 11 27 28 28 24 24 24 28 39
split_gain=2.03163 3.86196 3.64707 3.45986 8.26241 5.11742 4.46241 2.9571 5.59242 5.47295 4.72284 3.50807 3.298 4.09857 2.00886
threshold=299.18698999101713 -0.9159756150367534 2.9254190812367189 3.1605767214961111 0 1 47.247634326954405 0.31837132296756682 2 3 3.9082500015700878 38.32138800905846 21.40937814671674 4 1.0000000180025095e-35
decision_type=2 2 2 2 1 1 2 2 1 1 2 2 2 1 2
left_child=1 -1 -2 6 -5 -6 -3 9 11 10 -8 14 -10 -14 -9
right_child=2 3 -4 4 5 -7 7 8 12 -11 -12 -13 13 -15 -16
leaf_value=0.032447204914880137 -0.032948464992605071 0.025960337360319767 0.004578880085866893 0.0221895312343161 -0.011371712224402029 -0.18045380685517212 0.027957887302811405 0.020935821173764288 0.0014216125648502137 -0.035039556691164354 -0.018999519316840751 -0.0418902725775347 0.10114366004845549 0.0058236298000564814 -0.02567128167508
leaf_weight=1673 900 1279 1035 1023 1159 963 919 1043 1549 1509 1006 953 1071 884 886
leaf_count=1673 900 1279 1035 1023 1159 963 919 1043 1549 1509 1006 953 1071 884 886
internal_value=-8.01468e-05 9.73926e-05 -0.00154171 -0.000157457 -0.00155609 -0.00324765 0.000238656 -0.000106787 0.000500808 -0.00123734 0.000455535 -0.00105631 0.0017801 0.00308967 0.000110275
internal_weight=17852 15917 1935 14244 3145 2122 11099 9820 6386 3434 1925 2882 3504 1955 1929
internal_count=17852 15917 1935 14244 3145 2122 11099 9820 6386 3434 1925 2882 3504 1955 1929
cat_boundaries=0 1 2 3 4 5
cat_threshold=4936 30 6690 2170 212
is_linear=0
shrinkage=0.0477671


Tree=227
num_leaves=15
num_cat=2
split_feature=8 28 10 28 10 20 1 6 30 9 5 4 11 5
split_gain=2.62725 3.47177 3.76796 5.68241 17.8695 14.9326 5.98238 14.1523 7.33234 6.83343 5.90649 3.99518 3.19231 3.06077
threshold=305.89114570647399 0 994.50665898968725 1 1017.9764195309298 0.00016142352194219441 0.25966792587049387 290.67821825734467 0.12183436002737852 1018.7309667282042 280.78254656639848 282.31038874789675 50.730399627605195 293.64420016085268
decision_type=2 1 2 1 2 2 2 2 2 2 2 2 2 2
left_child=1 13 -3 4 -4 6 7 -5 10 -10 -8 -11 -9 -1
right_child=-2 2 3 5 -6 -7 8 12 9 11 -12 -13 -14 -15
leaf_value=-0.048304638408618115 0.045948784755809394 0.023756057158098046 -0.068882919174935636 0.080689031351692211 0.032617871526472088 -0.063827099608497473 0.14395606113397372 0.013740947084346072 -0.04416884946112986 -0.025088022894063765 -0.01339284202547358 0.025379223546270931 -0.01173721000655978 -0.00093232575441627111
leaf_weight=1521 926 1711 1700 1379 978 890 879 935 1450 900 877 1324 1019 1410
leaf_count=1521 926 1711 1700 1379 978 890 879 935 1450 900 877 1324 1019 1410
internal_value=-3.87838e-06 -0.000139176 0.000173206 -0.000117968 -0.00206055 0.000422421 0.00102181 0.00261484 4.35735e-05 -0.00116952 0.00258294 0.000492991 0 -0.00163154
internal_weight=17899 16973 14042 12331 2678 9653 8763 3333 5430 3674 1756 2224 1954 2931
internal_count=17899 16973 14042 12331 2678 9653 8763 3333 5430 3674 1756 2224 1954 2931
cat_boundaries=0 1 2
cat_threshold=160 80
is_linear=0
shrinkage=0.0477671


Tree=228
num_leaves=16
num_cat=4
split_feature=7 6 5 2 14 38 18 28 11 28 24 1 28 14 28
split_gain=1.93033 4.84401 4.57778 5.39449 4.34591 4.47658 3.13164 5.16278 6.13483 5.04226 4.97224 4.59587 3.24542 2.85468 1.44375
threshold=300.29034165998013 296.07581072497277 299.53203035277926 0.81142661856567011 3.6933310365198335 -1.0000000180025095e-35 0.0052119872132086248 0 82.79126383957238 1 8.9451423191974637 0.23714169796623349 2 1.7314633493262932 3
decision_type=2 2 2 2 2 2 2 1 2 1 2 2 1 2 1
left_child=1 4 -2 -4 6 -6 9 -8 11 13 14 -9 -12 -1 -11
right_child=2 -3 3 -5 5 -7 7 8 -10 10 12 -13 -14 -15 -16
leaf_value=-0.0095701523699346317 0.049795237588157563 -0.025488808628453 -0.023593074842561734 0.02594604763800621 -0.11236623215051621 -0.0017359468572303383 0.042318768304937783 0.057275749956608231 -0.040336269841925343 0.034591270991798956 0.0077005312573530009 -0.0012216770819869392 -0.035673621886039786 -0.06427112416180053 0.0041809751223729191
leaf_weight=1155 1231 926 892 880 1103 1403 1411 941 1031 1143 1017 1717 1091 923 916
leaf_count=1155 1231 926 892 880 1103 1403 1411 941 1031 1143 1017 1717 1091 923 916
internal_value=-0.000142262 -0.000366741 0.000961597 -0.000591786 -0.000142957 -0.00194334 0.000254533 0.00113286 0.000186643 -0.000462398 0.00049692 0.0014009 -0.00113194 -0.00237813 0.00216804
internal_weight=17780 14777 3003 1772 13851 2506 11345 5100 3689 6245 4167 2658 2108 2078 2059
internal_count=17780 14777 3003 1772 13851 2506 11345 5100 3689 6245 4167 2658 2108 2078 2059
cat_boundaries=0 1 2 3 4
cat_threshold=2372 4236 1538 2322
is_linear=0
shrinkage=0.0477671


Tree=229
num_leaves=15
num_cat=3
split_feature=13 27 10 28 10 1 9 2 28 31 12 16 13 36
split_gain=2.82969 2.89497 6.29396 6.40221 12.9364 7.15306 11.3137 5.20552 5.59668 7.12227 6.17033 5.12867 4.28116 3.31724
threshold=5.5562828466012695 0.31837132296756682 998.42846422827631 0 1017.9764195309298 0.25937366492730901 1016.1852013734228 0.72143186661380232 1 2 55.35278001162164 161.97008599792113 1.3813995639044994 1.0000000180025095e-35
decision_type=2 2 2 1 2 2 2 2 1 1 2 2 2 2
left_child=1 7 -3 4 11 6 -5 -1 9 -9 -10 -4 -7 -14
right_child=-2 2 3 5 -6 12 -8 8 10 -11 -12 -13 13 -15
leaf_value=0.016602926803220671 -0.057171410101155784 0.041339921954900133 -0.0098088368397376349 0.092947823177369063 0.033498612763870485 0.024447252670580486 -0.0013761741218775803 0.018908868560384273 -0.012200213627509279 -0.023723835465814979 -0.072735119572445578 -0.072617510274622779 0.0058354213815325472 -0.039165069209540181
leaf_weight=1183 886 1599 894 1203 1125 888 1290 1510 1067 1153 893 1418 1292 1473
leaf_count=1183 886 1599 894 1203 1125 888 1290 1510 1067 1153 893 1418 1292 1473
internal_value=-6.13411e-05 7.57876e-05 0.00052523 6.20742e-05 -0.00158605 0.000985086 0.0029594 -0.000789426 -0.00151323 -7.95811e-05 -0.00344198 -0.00363528 -0.000358983 -0.00128623
internal_weight=17874 16988 11182 9583 3437 6146 2493 5806 4623 2663 1960 2312 3653 2765
internal_count=17874 16988 11182 9583 3437 6146 2493 5806 4623 2663 1960 2312 3653 2765
cat_boundaries=0 1 2 3
cat_threshold=624 632 99
is_linear=0
shrinkage=0.0477671


Tree=230
num_leaves=15
num_cat=3
split_feature=17 1 10 23 0 28 29 10 0 28 6 31 2 16
split_gain=2.01639 4.51349 3.39081 4.22384 4.51088 3.50143 3.45095 3.99141 6.80624 5.25534 5.85072 4.45995 5.06215 3.8773
threshold=0.43270909900013854 0.19759453614336106 988.11417822275882 35.940093690850709 9.6866592376612832 0 265.50000000000006 1024.1841967667367 11.219102151528086 1 286.4405393866187 2 0.77842620048006805 148.03609745467409
decision_type=2 2 2 2 2 1 2 2 2 1 2 1 2 2
left_child=1 -1 -3 4 -4 -5 7 8 -6 11 -11 -10 -13 -14
right_child=-2 2 3 5 6 -7 -8 -9 9 10 -12 12 13 -15
leaf_value=0.024855982144208786 -0.024524295247132556 -0.028851215845829285 0.033894192673239419 -0.0014244714087753856 0.097216152574761738 -0.064815005321967947 0.015194955114917573 -0.041236720666062814 0.031854154260740793 -0.12449070410600072 -0.0010681562617432486 -0.022904001221088512 -0.0174917867977974 0.036942391420592288
leaf_weight=1668 884 1096 1381 1701 884 1238 1487 877 1377 890 1019 990 880 1540
leaf_count=1668 884 1096 1381 1701 884 1238 1487 877 1377 890 1019 990 880 1540
internal_value=-4.25436e-05 7.28044e-05 -0.000183335 1.32387e-05 0.000432132 -0.00160014 7.66333e-05 -0.000296268 5.64211e-05 -0.000463356 -0.00257512 0.000382906 -0.00054406 0.000630709
internal_weight=17912 17028 15360 14264 11325 2939 9944 8457 7580 6696 1909 4787 3410 2420
internal_count=17912 17028 15360 14264 11325 2939 9944 8457 7580 6696 1909 4787 3410 2420
cat_boundaries=0 1 2 3
cat_threshold=7308 912 65
is_linear=0
shrinkage=0.0477671


Tree=231
num_leaves=16
num_cat=0
split_feature=7 41 11 5 24 36 35 4 8 18 9 9 12 6 40
split_gain=2.34554 5.20201 3.69643 3.37627 3.81421 3.86751 4.27442 4.5953 4.89273 4.98459 4.27725 3.87889 2.26215 2.11886 2.74347
threshold=306.04236561951313 -0.94137724084408114 40.299511882271567 295.12998512454379 2.3661475858187324 -0.5 0.52083333333333337 288.93691323044328 287.02187871396688 0.0052119872132086248 1016.4492164217381 1015.0549117865112 81.570010793229088 283.9738213108256 -0.27694604220087021
decision_type=2 2 2 2 2 2 2 2 2 2 2 2 2 2 2
left_child=1 -1 -3 4 -4 13 7 8 9 12 -9 -11 -7 -6 -15
right_child=-2 2 3 -5 5 6 -8 10 -10 11 -12 -13 -14 14 -16
leaf_value=-0.030577466185728281 0.032066440673966266 0.028129622823121671 0.029151372909479081 -0.017629500688690382 0.051861737390068774 -0.065825094403730994 -0.043621579028496268 0.045198369818298945 -0.042288115270679813 -0.0050051360826949987 -0.0031742498017316712 0.061111938371522491 -0.0074156990205908315 0.02506032312560235 -0.0071029853875774233
leaf_weight=1707 905 1005 1177 1325 881 879 1296 882 1092 1148 876 1047 959 876 1668
leaf_count=1707 905 1005 1177 1325 881 879 1296 882 1092 1148 876 1047 959 876 1668
internal_value=-0.000127896 -0.000255488 2.67215e-05 -0.000172543 6.5229e-05 -0.000197396 -0.000761875 -0.00028768 -0.00101083 -0.00024225 0.00181921 0.00129381 -0.00207788 0.00114994 0.000449756
internal_weight=17723 16818 15111 14106 12781 11604 8179 6883 5125 4033 1758 2195 1838 3425 2544
internal_count=17723 16818 15111 14106 12781 11604 8179 6883 5125 4033 1758 2195 1838 3425 2544
is_linear=0
shrinkage=0.0477671


Tree=232
num_leaves=15
num_cat=3
split_feature=40 40 24 1 24 28 1 9 24 9 28 2 29 28
split_gain=2.74838 3.35703 6.35974 3.94773 3.57146 13.5025 5.25761 4.72727 5.19099 3.84904 7.24944 4.01237 6.58234 3.45886
threshold=0.9893236546938301 0.88220160189607266 1.5715424009815691 0.25756405554535422 38.32138800905846 0 0.30766675561336149 1021.7181054697955 21.40937814671674 996.95984673554926 1 0.80994774824053029 179.50000000000003 2
decision_type=2 2 2 2 2 1 2 2 2 2 1 2 2 1
left_child=1 2 -1 -3 6 -6 7 8 9 -4 11 -11 -13 -10
right_child=-2 3 4 -5 5 -7 -8 -9 13 10 -12 12 -14 -15
leaf_value=-0.03808582314966593 -0.027877370906004936 0.083661473064600825 -0.035738356696132477 -0.0061559617912364719 0.02119478205892986 -0.075655849495715508 0.062534723557607655 -0.026113126333174808 0.064030162674570387 -0.019919756870143277 0.047465969289774805 -0.021330969135727271 0.037132839940622407 0.0062021078951779119
leaf_weight=1174 905 1233 910 914 1466 1413 1107 1492 1028 1716 1563 893 1056 988
leaf_count=1174 905 1233 910 914 1466 1413 1107 1492 1028 1716 1563 893 1056 988
internal_value=-4.53471e-05 9.1441e-05 -0.000164385 0.00185669 0.000125982 -0.00136803 0.000526194 0.000168137 0.000620687 -6.96761e-05 0.000429002 -0.000733771 0.000746364 0.0027237
internal_weight=17858 16953 14806 2147 13632 2879 10753 9646 8154 6138 5228 3665 1949 2016
internal_count=17858 16953 14806 2147 13632 2879 10753 9646 8154 6138 5228 3665 1949 2016
cat_boundaries=0 1 2 3
cat_threshold=3276 6880 710
is_linear=0
shrinkage=0.0477671


Tree=233
num_leaves=16
num_cat=1
split_feature=17 0 2 9 29 16 9 29 12 9 7 2 26 16 28
split_gain=2.95901 8.43171 3.16629 3.30465 5.56753 6.62295 2.90793 6.49856 6.18057 4.25629 4.30183 8.79175 5.25596 4.88331 2.98061
threshold=0.43270909900013854 14.892467680125657 0.69980586642454445 1027.1297821496321 44.500000000000007 218.29381563027445 1022.9959357915021 106.50000000000001 67.26516041457883 1019.1881624086396 301.42203916665147 0.7998031174944219 33.780532034782389 208.4323476025863 0
decision_type=2 2 2 2 2 2 2 2 2 2 2 2 2 2 1
left_child=1 2 -1 4 5 -4 7 8 -6 10 11 13 -13 14 -9
right_child=-2 -3 3 -5 6 -7 -8 9 -10 -11 -12 12 -14 -15 -16
leaf_value=0.019195016216046301 -0.028720971777542913 0.050491334125688674 0.12106054771820018 -0.040671100975444803 -0.08161206123905454 -0.017819277563887476 0.01402359941548941 0.021455964331298382 -0.011831341737822751 -0.020434896102834665 0.054368348644864034 -0.0034315302061191347 -0.063866417603875569 0.057676155544343799 -0.0094663431585408474
leaf_weight=1062 916 1046 1087 1007 1123 874 948 953 1354 1465 1561 913 879 901 1672
leaf_count=1062 916 1046 1087 1007 1123 874 948 953 1354 1465 1561 913 879 901 1672
internal_value=3.88712e-05 0.000182769 -9.20732e-05 -0.000273739 -7.98552e-05 0.00227638 -0.000472651 -0.000695045 -0.00284353 -5.69798e-05 0.000440613 -0.00020617 -0.00293089 0.00117796 0.000135627
internal_weight=17761 16845 15799 14737 13730 1961 11769 10821 2477 8344 6879 5318 1792 3526 2625
internal_count=17761 16845 15799 14737 13730 1961 11769 10821 2477 8344 6879 5318 1792 3526 2625
cat_boundaries=0 1
cat_threshold=544
is_linear=0
shrinkage=0.0477671


Tree=234
num_leaves=15
num_cat=0
split_feature=7 41 2 36 44 9 2 12 6 26 44 45 37 26
split_gain=2.89123 4.54072 4.76425 3.95753 4.77834 3.60418 6.37941 13.4248 3.34447 2.23748 2.88437 3.33097 2.14566 2.0108
threshold=306.04236561951313 -0.94137724084408114 0.8075742414247562 -0.5 27462.000000000004 1016.6210256229285 0.78294973441972415 74.249538842914419 284.20166930690567 693.26590150649054 30710.000000000004 0.68012715015986502 0.25881904510252057 416.83475140351339
decision_type=2 2 2 2 2 2 2 2 2 2 2 2 2 2
left_child=1 -1 3 4 -3 6 7 -5 -6 10 11 -7 -9 -10
right_child=-2 2 -4 5 8 9 -8 12 13 -11 -12 -13 -14 -15
leaf_value=-0.028987283021647343 0.04164954820820875 0.056953356873933075 0.029629632728721138 -0.07527353972516454 0.041086721908760532 0.021712261551403354 0.021012233620920608 0.0099141342751717324 -0.026576303012042269 0.020803865870041037 -0.029517806105281558 -0.01293490499688695 -0.02077554429984442 0.0026260950663849901
leaf_weight=1747 929 1138 1256 1281 910 1547 1206 926 884 1151 927 1446 899 1674
leaf_count=1747 929 1138 1256 1281 910 1547 1206 926 884 1151 927 1446 899 1674
internal_value=-5.18513e-05 -0.000193838 7.03528e-05 -0.000182522 0.000963983 -0.000745566 -0.00176084 -0.00290591 8.19985e-05 0.000117306 -0.000425922 0.000294507 -0.000273602 -0.000802093
internal_weight=17921 16992 15245 13989 4606 9383 4312 3106 3468 5071 3920 2993 1825 2558
internal_count=17921 16992 15245 13989 4606 9383 4312 3106 3468 5071 3920 2993 1825 2558
is_linear=0
shrinkage=0.0477671


Tree=235
num_leaves=16
num_cat=0
split_feature=26 5 44 23 9 45 1 14 2 5 35 45 4 23 26
split_gain=1.89232 4.77307 5.21737 4.76318 3.67683 3.55207 4.18215 3.86635 5.24005 4.30921 3.20049 3.85642 9.15687 2.53807 2.09135
threshold=152.14137475817509 282.59479780213195 33577.500000000007 2.1024631530404521 1020.6265550219919 0.83710381088611852 0.30463295030553911 3.4648638873827684 0.75701262108488765 285.34484833404758 0.52083333333333337 0.56192977791787302 292.72989135828385 25.982447470110774 759.25184807812388
decision_type=2 2 2 2 2 2 2 2 2 2 2 2 2 2 2
left_child=3 -2 4 -1 10 6 7 8 13 -10 -3 12 -12 -5 -4
right_child=1 2 14 5 -6 -7 -8 -9 9 -11 11 -13 -14 -15 -16
leaf_value=0.022799424629917495 0.062813816186978483 0.016577751280465632 -0.0071332267058272112 0.047289367837875074 0.027022422383610616 -0.031064123706688665 -0.046650425391552418 -0.041132153828780431 -0.052376242108960774 0.0038344688317598317 -0.027868403625500891 -0.019384171636424571 0.068114937715535048 0.0059231258087512079 -0.048097670095673069
leaf_weight=990 886 1702 877 895 1375 1184 1046 894 961 1641 974 1745 951 909 929
leaf_count=990 886 1702 877 895 1375 1184 1046 894 961 1641 974 1745 951 909 929
internal_value=-0.000139514 0.000326173 -1.9286e-05 -0.000655694 0.000590828 -0.00106542 -0.000616872 -7.16802e-05 0.000509038 -0.00086196 2.62602e-05 -0.00076731 0.000706042 0.00248773 -0.00229984
internal_weight=17959 9439 8553 8520 6747 7530 6346 5300 4406 2602 5372 3670 1925 1804 1806
internal_count=17959 9439 8553 8520 6747 7530 6346 5300 4406 2602 5372 3670 1925 1804 1806
is_linear=0
shrinkage=0.0477671


Tree=236
num_leaves=15
num_cat=2
split_feature=41 5 7 6 40 11 46 28 5 35 3 15 31 11
split_gain=2.24147 5.79135 5.8598 4.666 3.62765 3.83051 3.67372 3.20398 6.76247 4.78289 4.3811 2.37283 2.32535 1.76402
threshold=-0.98801846520836312 300.86097948761716 301.42203916665147 295.20245435409811 -0.71504373327588355 63.281643017163603 1.0000000180025095e-35 0 286.81526974982984 0.27083333333333343 281.53245653998209 207.8086417907011 1 78.528168862446307
decision_type=2 2 2 2 2 2 2 1 2 2 2 2 1 2
left_child=-1 2 3 4 5 -2 -6 8 -8 11 -11 -9 -12 -7
right_child=1 -3 -4 -5 6 13 7 9 -10 10 12 -13 -14 -15
leaf_value=0.024444814520665371 0.04018057348925063 -0.027578040743822061 0.061116640141630624 -0.019409929242340668 0.021226656943801631 -0.0097281187671925881 -0.08021005088579472 -0.0042125910334602588 0.0028813935258150576 0.072902056514645847 0.024592725531154078 -0.04726918259618311 -0.01365272969280687 0.01295695320651411
leaf_weight=935 997 1079 994 1436 1745 901 1507 899 1700 884 1267 918 1623 881
leaf_count=935 997 1079 994 1436 1745 901 1507 899 1700 884 1267 918 1623 881
internal_value=-5.25175e-06 -0.000131836 9.9929e-05 -0.000139026 0.00013967 0.00167508 -0.000264834 -0.000662122 -0.00186277 2.94507e-05 0.000999302 -0.00198359 9.83982e-05 0.000347217
internal_weight=17766 16831 15752 14758 13322 2779 10543 8798 3207 5591 3774 1817 2890 1782
internal_count=17766 16831 15752 14758 13322 2779 10543 8798 3207 5591 3774 1817 2890 1782
cat_boundaries=0 1 2
cat_threshold=2224 7
is_linear=0
shrinkage=0.0477671


Tree=237
num_leaves=15
num_cat=0
split_feature=41 6 14 45 9 20 29 42 6 1 6 27 38 9
split_gain=2.21408 4.0414 3.80745 3.08866 3.05403 5.05844 5.24411 11.0997 6.71462 4.73699 4.26866 2.91345 2.88291 2.75455
threshold=-0.99052477729077237 301.3108425033912 5.3345440949812142 0.83710381088611852 1001.2243582305326 3.7072852751027439e-05 68.500000000000014 0.25000000000000011 287.57112746642036 0.26537476601960136 294.55807060239221 1.0000000180025095e-35 -1.0000000180025095e-35 1021.1019836782691
decision_type=2 2 2 2 2 2 2 2 2 2 2 2 2 2
left_child=-1 2 3 4 -2 6 -6 9 -9 10 12 -5 -8 -13
right_child=1 -3 -4 11 5 -7 7 8 -10 -11 -12 13 -14 -15
leaf_value=0.027479224246542606 0.029793249666898919 -0.031780314877146304 -0.057009766489177188 0.0091431321358968944 0.10091572243235292 -0.049222294898621843 0.021542275749092107 -0.11392736766472458 0.011141209199301911 -0.0059262492251380338 0.0041959199452321965 -0.027055435329560742 0.07372669998686554 0.0021494975093007355
leaf_weight=876 1656 930 887 978 1547 1070 923 1386 896 1727 1423 1680 1092 899
leaf_count=876 1656 930 887 978 1547 1070 923 1386 896 1727 1423 1680 1092 899
internal_value=0 -0.000120028 5.60098e-05 0.000232795 0.000607087 0.000294051 0.000663626 0.000137607 -0.00263647 0.00136368 0.00238909 -0.000999836 0.00380366 -0.00184203
internal_weight=17970 17094 16164 15277 11720 10064 8994 7447 2282 5165 3438 3557 2015 2579
internal_count=17970 17094 16164 15277 11720 10064 8994 7447 2282 5165 3438 3557 2015 2579
is_linear=0
shrinkage=0.0477671


Tree=238
num_leaves=15
num_cat=0
split_feature=0 2 9 1 1 7 11 6 16 0 9 1 7 2
split_gain=2.39792 3.4841 6.75369 7.60859 5.74345 7.15095 4.18351 4.16344 3.73582 3.94722 4.37965 8.76372 4.18105 5.1455
threshold=9.506362547973648 0.71076988009093367 1025.0138504134416 0.29485354602110464 0.25966792587049387 285.86033808167628 70.292330302715854 282.77861769171693 116.4870718758078 13.147335034660054 1018.7309667282042 0.19598897204287505 301.42203916665147 0.80055070748510004
decision_type=2 2 2 2 2 2 2 2 2 2 2 2 2 2
left_child=-1 -2 3 4 5 -3 8 -6 -7 -10 11 -11 13 -13
right_child=1 2 -4 -5 7 6 -8 -9 9 10 -12 12 -14 -15
leaf_value=-0.022573682135737634 0.015849131898457436 0.06824571993092178 -0.052954725107960753 0.11100699004239958 -0.076101386636467316 -0.016280354344262685 -0.033954640675794109 -0.0072758109221000584 -0.0100589888452466 -0.020181545690222954 -0.0197111967124632 0.082605655310862294 0.13878975082072811 -0.0050373582348547047
leaf_weight=1301 1382 904 902 1342 884 1360 1472 1603 1721 874 983 908 1174 960
leaf_count=1301 1382 904 902 1342 884 1360 1472 1603 1721 874 983 908 1174 960
internal_value=-0.000171911 -1.58168e-05 -0.000226229 2.84659e-05 -0.000328985 0.000165835 -0.000222124 -0.00239034 0.000209225 0.000677927 0.00136947 0.00208528 0.0032968 0.00189108
internal_weight=17770 16469 15087 14185 12843 10356 9452 2487 7980 6620 4899 3916 3042 1868
internal_count=17770 16469 15087 14185 12843 10356 9452 2487 7980 6620 4899 3916 3042 1868
is_linear=0
shrinkage=0.0477671


Tree=239
num_leaves=14
num_cat=4
split_feature=35 35 39 28 46 28 29 6 7 24 28 28 10
split_gain=2.50626 4.16694 3.6589 6.51482 2.38194 7.23301 2.9123 7.82652 4.57526 5.46261 6.99767 5.58844 2.75354
threshold=0.062500000000000014 0.14583333333333334 0.81174490092936691 0 0.71603616942947224 1 229.50000000000003 288.44405787690113 303.41850546973575 15.278706854124133 2 3 1019.1077822102424
decision_type=2 2 2 1 2 1 2 2 2 2 1 1 2
left_child=-1 -2 4 -4 6 -6 8 -8 9 11 -11 -3 -13
right_child=1 2 3 -5 5 -7 7 -9 -10 10 -12 12 -14
leaf_value=0.023525933772437734 -0.026246292967541232 -0.056613903781683128 0.076894115946891148 -0.0067521808579925745 -0.077103698345104998 0.010080711074155427 0.010538119898057863 -0.024059648905478667 0.062594068035453365 0.089283719803201017 -0.0048296108110322854 -0.010264615104002861 0.026870487131229751
leaf_weight=1481 1476 1113 885 1219 1135 1356 1690 1461 1010 1190 1406 1384 949
leaf_count=1481 1476 1113 885 1219 1135 1356 1690 1461 1010 1190 1406 1384 949
internal_value=3.6194e-05 -0.000134881 0.000106371 0.0019514 -0.000199261 -0.00152359 0.000123846 -0.00108318 0.000663492 0.000165653 0.00182077 -0.00108056 0.000253887
internal_weight=17755 16274 14798 2104 12694 2491 10203 3151 7052 6042 2596 3446 2333
internal_count=17755 16274 14798 2104 12694 2491 10203 3151 7052 6042 2596 3446 2333
cat_boundaries=0 1 2 3 4
cat_threshold=2634 2198 84 148
is_linear=0
shrinkage=0.0477671


Tree=240
num_leaves=17
num_cat=0
split_feature=26 44 26 44 10 10 46 13 1 7 24 11 1 16 39 11
split_gain=3.30629 5.11799 3.07649 5.08532 3.63377 3.48833 2.6848 2.50838 2.39228 3.47072 3.98127 3.83853 7.05339 2.31681 2.20448 1.34934
threshold=152.14137475817509 25848.500000000004 772.82185803116101 33488.000000000007 1008.137038171266 1013.2890416176825 0.37897153596113126 2.0735898447348098 0.19968445605544813 284.50580211164788 36.591078200418714 75.105290057937722 0.30491484917840578 208.4323476025863 -0.22252093395631442 68.265118894491039
decision_type=2 2 2 2 2 2 2 2 2 2 2 2 2 2 2 2
left_child=8 -2 4 5 -3 -4 7 -6 -1 11 13 -10 -13 15 -7 -11
right_child=1 2 3 -5 6 14 -8 -9 9 10 -12 12 -14 -15 -16 -17
leaf_value=0.021014895450589606 0.059546924069521931 0.041705571324468657 -0.024974927160738087 -0.04998055491568288 -0.00018872324809818738 0.027711431818299621 -0.014400667033148995 0.052363613064325222 -0.03577769352986139 -0.0078774656614434193 -0.075044803667388971 0.039085777799752877 -0.034624145399063729 0.015281268896619037 -0.0012719927406030867 -0.029850525640052226
leaf_weight=948 983 892 880 906 1203 875 1470 988 921 1295 896 1637 897 881 1214 983
leaf_count=948 983 892 880 906 1203 875 1470 988 921 1295 896 1637 897 881 1214 983
internal_value=-6.53681e-05 0.000550472 0.000169765 -0.000819169 0.00101192 0.000136002 0.000345151 0.00140518 -0.000750862 -0.00103646 -0.00198435 7.53943e-05 0.00103589 -0.00118629 0.0011994 -0.00199106
internal_weight=17869 9411 8428 3875 4553 2969 3661 2191 8458 7510 4055 3455 2534 3159 2089 2278
internal_count=17869 9411 8428 3875 4553 2969 3661 2191 8458 7510 4055 3455 2534 3159 2089 2278
is_linear=0
shrinkage=0.0477671


Tree=241
num_leaves=15
num_cat=0
split_feature=45 2 40 9 13 9 40 40 2 9 45 15 5 40
split_gain=1.83756 4.38126 2.74421 10.4209 6.71423 6.46317 13.1026 8.06018 7.22347 5.14916 4.80365 4.44582 3.54201 3.19176
threshold=0.077737566926842624 0.73412694221051766 -0.01397611846945947 991.78097901974525 3.6593263338340667 1019.4413792933292 0.88220160189607266 0.8697513045430848 0.81235773316993465 1013.2574224758156 0.52605993606604307 192.55206940503859 295.00338292516551 -0.66528616069191604
decision_type=2 2 2 2 2 2 2 2 2 2 2 2 2 2
left_child=1 -1 4 -4 9 7 -7 8 11 -2 -11 -5 13 -12
right_child=2 -3 3 5 -6 6 -8 -9 -10 10 12 -13 -14 -15
leaf_value=-0.0094592381544757066 -0.04336143043079814 0.045341979319748746 0.05663883616682848 0.056093452371778402 0.046859467839914591 -0.020902750625898223 0.065767736669179497 -0.097430884895172931 -0.028927189651992837 -0.029946741816945274 0.021408238172668303 -0.022935854482142783 -0.016310606276415108 -0.0082862106529153264
leaf_weight=976 886 1560 1313 1012 882 1639 958 1421 1018 1396 1404 882 1520 1076
leaf_count=976 886 1560 1313 1012 882 1639 958 1421 1018 1396 1404 882 1520 1076
internal_value=-9.97065e-05 0.00109158 -0.000295938 0.000298165 -0.000979834 -0.000440817 0.00144301 -0.00157041 -0.000130462 -0.00152801 -0.000973341 0.00161292 -0.000130802 0.000981407
internal_weight=17943 2536 15407 8243 7164 6930 2597 4333 2912 6282 5396 1894 4000 2480
internal_count=17943 2536 15407 8243 7164 6930 2597 4333 2912 6282 5396 1894 4000 2480
is_linear=0
shrinkage=0.0477671


Tree=242
num_leaves=15
num_cat=1
split_feature=2 2 9 1 44 46 4 15 6 8 29 28 9 16
split_gain=2.024 4.07497 3.74634 6.86168 6.0226 3.96766 4.44233 6.05121 4.86184 10.1483 3.429 4.55595 4.28566 3.52347
threshold=0.69980586642454445 0.70602187110499981 1025.6518111480989 0.29403088672726913 34688.500000000007 1.0000000180025095e-35 288.03368221970283 108.03985726560167 284.96241630350306 284.78529295686729 134.50000000000003 0 1016.0744351498597 169.46879099984065
decision_type=2 2 2 2 2 2 2 2 2 2 2 1 2 2
left_child=-1 -2 3 4 5 -3 8 -8 9 -7 -9 12 -12 -13
right_child=1 2 -4 -5 -6 6 7 10 -10 -11 11 13 -14 -15
leaf_value=0.017318460014715781 -0.028516257435262829 0.019512486368719592 -0.040994955343182669 0.087733039787641867 -0.046229296120187877 -0.0030573711716482218 -0.018496257375926882 0.062354991292379001 0.0094407598714029324 -0.12828776659330693 0.064122469036818244 0.0087119214249965233 0.00038266962836672224 -0.023662666899040008
leaf_weight=1071 949 1651 921 1720 1065 1247 1484 1060 1095 947 1029 1233 1048 1471
leaf_count=1071 949 1651 921 1720 1065 1247 1484 1060 1095 947 1029 1233 1048 1471
internal_value=-7.5545e-05 -0.000203132 -2.22918e-05 0.000158546 -0.000207671 9.13408e-05 -0.000247311 0.000407264 -0.00170581 -0.00300348 0.00109954 0.000554035 0.0022305 -0.000738388
internal_weight=17991 16920 15971 15050 13330 12265 10614 7325 3289 2194 5841 4781 2077 2704
internal_count=17991 16920 15971 15050 13330 12265 10614 7325 3289 2194 5841 4781 2077 2704
cat_boundaries=0 1
cat_threshold=2368
is_linear=0
shrinkage=0.0477671


Tree=243
num_leaves=17
num_cat=4
split_feature=6 28 13 13 12 40 31 9 28 0 9 13 0 28 9 26
split_gain=3.83381 3.00447 5.88532 4.61903 6.01485 5.10453 4.01225 3.56866 4.96855 4.92083 3.48926 2.82159 3.80638 3.93908 2.44123 2.09442
threshold=301.90520824160791 0 1.1033944391393771 2.4006526479298924 68.121024775579713 -0.30983472475487867 1 1017.8166248624678 2 12.788110409589439 1026.9042434377079 3.7756707039344595 10.890212336370732 3 1015.0549117865112 226.75326906599477
decision_type=2 1 2 2 2 2 1 2 1 2 2 2 2 1 2 2
left_child=1 3 -3 7 5 -5 14 9 -9 -1 -10 12 -8 -14 15 -4
right_child=-2 2 6 4 -6 -7 11 8 10 -11 -12 -13 13 -15 -16 -17
leaf_value=-0.062344300365392971 -0.029051051310544408 0.037113376089572568 -0.032012668203476265 0.032526290147766007 0.06401411254892321 -0.013885223914704311 0.033874194096916783 0.028886919456860536 -0.02146242470936512 0.0045478696436081784 0.015328683470450834 -0.085457720292465789 -0.0084350991502828588 -0.051464400923723376 0.022136181214250303 0.0087231831050734714
leaf_weight=894 909 912 886 1074 884 1116 1062 1236 993 1005 894 1084 1393 1045 1626 878
leaf_count=894 909 912 886 1074 884 1116 1062 1236 993 1005 894 1084 1393 1045 1626 878
internal_value=-4.92683e-05 0.000112381 -0.000493743 0.000777575 0.0022369 0.000893251 -0.000910254 -0.000113694 0.000878763 -0.00174701 -0.000666102 -0.00182951 -0.00117307 -0.00221306 0.000336523 -0.000892337
internal_weight=17891 16982 8886 8096 3074 2190 7974 5022 3123 1899 1887 4584 3500 2438 3390 1764
internal_count=17891 16982 8886 8096 3074 2190 7974 5022 3123 1899 1887 4584 3500 2438 3390 1764
cat_boundaries=0 1 2 3 4
cat_threshold=6984 25 584 48
is_linear=0
shrinkage=0.0477671


Tree=244
num_leaves=16
num_cat=1
split_feature=41 45 5 16 13 18 24 31 46 45 13 0 18 40 4
split_gain=2.24256 4.67589 5.05529 4.25257 4.02872 3.69472 3.1363 3.10013 3.48572 3.68763 3.01589 2.96354 2.38876 2.90524 2.17946
threshold=0.98486764554468398 0.68012715015986502 280.38239805310667 151.56593036049506 1.8253081184282502 0.01042397442641718 6.7565732579332529 0 0.37897153596113126 0.077737566926842624 2.0363541016513436 12.831024258447746 0.0052119872132086248 -0.26037633224328083 288.65828726975468
decision_type=2 2 2 2 2 2 2 1 2 2 2 2 2 2 2
left_child=1 2 -1 4 -3 6 10 14 11 -10 -5 -9 13 -11 -4
right_child=-2 3 7 5 -6 -7 -8 8 9 12 -12 -13 -14 -15 -16
leaf_value=0.059572943578382741 -0.02884079136833715 -0.033370356755430743 -0.040053533573005257 0.036203706829837048 -0.006994419294275243 -0.029197660324858255 -0.01226653837930545 0.0072261477981852935 0.034028235418067772 -0.02752164791110789 -0.0027070332696232462 0.062989039444062422 0.0090735237006554781 0.0025884555888667079 0.0014950551919175185
leaf_weight=1274 922 1163 1152 1205 1351 1085 1031 969 1224 921 877 971 1473 933 1392
leaf_count=1274 922 1163 1152 1205 1351 1085 1031 969 1224 921 877 971 1473 933 1392
internal_value=1.71797e-05 0.00014159 0.000780534 -0.000839434 -0.00239317 9.04967e-05 0.000927619 0.000383053 0.000936482 0.000214677 0.00199496 0.00263343 -0.000609519 -0.00175077 -0.00102778
internal_weight=17943 17021 10309 6712 2514 4198 3113 9035 6491 4551 2082 1940 3327 1854 2544
internal_count=17943 17021 10309 6712 2514 4198 3113 9035 6491 4551 2082 1940 3327 1854 2544
cat_boundaries=0 1
cat_threshold=66
is_linear=0
shrinkage=0.0477671


Tree=245
num_leaves=16
num_cat=1
split_feature=26 41 23 30 9 3 16 12 35 0 10 0 0 3 31
split_gain=2.67424 2.39758 5.09917 4.0486 5.45217 2.1078 4.21406 5.93306 4.18223 5.7283 1.9646 2.53025 6.7671 3.91969 3.24347
threshold=855.44871871216321 0.98486764554468398 18.957555903334061 0.17659137577002057 1023.7700448566482 291.25960035519864 161.97008599792113 80.888064061358435 0.27083333333333343 10.610372835933651 1020.5355952510191 13.429823362182072 14.22402246062296 296.49974517407492 0
decision_type=2 2 2 2 2 2 2 2 2 2 2 2 2 2 1
left_child=1 2 3 -1 10 6 7 -4 -8 -10 11 14 -13 -14 -5
right_child=-2 -3 5 4 -6 -7 8 -9 9 -11 -12 12 13 -15 -16
leaf_value=-0.077046655126923713 -0.030681649017760201 -0.029415721194667881 0.05041414149965498 0.0001730437167092171 0.023287436571558004 0.033676613630425602 -0.044739666161006365 -0.0048727306509400775 0.055918304431718052 -0.017177789242603825 -0.021081025470046477 0.053504122439569604 -0.028608290018555634 0.0078426930793515353 -0.033603121936902056
leaf_weight=1194 1149 920 1085 1207 1064 1671 1013 919 885 1126 919 895 1276 1477 958
leaf_count=1194 1149 920 1085 1207 1064 1671 1013 919 885 1126 919 895 1276 1477 958
internal_value=-0.00011823 3.58153e-05 0.000174924 -0.000568281 -0.000171273 0.00117263 0.000683572 0.00238247 -0.00044155 0.000818365 -0.000673743 -0.000348851 0.000418398 -0.000753954 -0.00164269
internal_weight=17758 16609 15689 8990 7796 6699 5028 2004 3024 2011 6732 5813 3648 2753 2165
internal_count=17758 16609 15689 8990 7796 6699 5028 2004 3024 2011 6732 5813 3648 2753 2165
cat_boundaries=0 1
cat_threshold=51
is_linear=0
shrinkage=0.0477671


Tree=246
num_leaves=16
num_cat=3
split_feature=25 29 26 38 26 28 29 16 8 28 8 28 0 10 16
split_gain=1.77525 2.82792 2.80109 3.54028 2.90164 1.9269 1.79536 5.48028 3.05711 3.05638 2.85348 4.98308 2.95868 2.58344 2.32025
threshold=845.23480088210715 148.50000000000003 776.05803378850658 -1.0000000180025095e-35 523.82325762550306 0 64.500000000000014 218.92155484703912 283.98513966244769 1 298.89168068530381 2 13.819048379026865 1014.8905086624462 229.08901341093855
decision_type=2 2 2 2 2 1 2 2 2 1 2 1 2 2 2
left_child=2 -2 4 -4 6 -6 14 8 -8 -9 11 13 -13 -10 -1
right_child=1 -3 3 -5 5 -7 7 9 10 -11 -12 12 -14 -15 -16
leaf_value=-0.0010819248415346251 -0.0069705649898312008 0.028592166632123044 -0.052198090415579032 0.00019920739210382661 -0.00062151677944103983 0.037178278382842579 0.023687949873145174 0.0045453571246253065 0.011377247840147828 0.03853313738776621 0.013252139429289565 -0.016250161763176219 -0.044546627881348534 -0.010540174760201139 -0.071894826943760148
leaf_weight=1507 931 1164 1050 1396 940 1581 1033 968 1062 982 1068 993 934 1382 879
leaf_count=1507 931 1164 1050 1396 940 1581 1033 968 1062 982 1068 993 934 1382 879
internal_value=0.000117489 0.00142397 -5.5877e-05 -0.00154185 0.000216646 0.00167598 -0.000123542 0.000203916 -0.000464631 0.00242395 -0.000917343 -0.0014584 -0.00326634 -1.85556e-05 -0.00128033
internal_weight=17870 2095 15775 2446 13329 2521 10808 8422 6472 1950 5439 4371 1927 2444 2386
internal_count=17870 2095 15775 2446 13329 2521 10808 8422 6472 1950 5439 4371 1927 2444 2386
cat_boundaries=0 1 2 3
cat_threshold=5504 4200 3624
is_linear=0
shrinkage=0.0477671


Tree=247
num_leaves=16
num_cat=5
split_feature=6 8 8 28 31 14 10 10 28 28 2 28 44 5 12
split_gain=2.46657 3.96527 3.54699 3.81638 3.69905 4.70858 4.28418 4.2887 7.27258 3.26022 2.83329 2.24499 2.87923 2.49295 1.64127
threshold=299.18698999101713 305.7045576241498 300.22437242113159 0 1 4.6758707679541489 994.50665898968725 1017.4713852576674 2 3 0.73972862093047087 4 27618.000000000004 284.45159693441991 70.277616939358452
decision_type=2 2 2 1 1 2 2 2 1 1 2 1 2 2 2
left_child=2 -2 3 -1 9 6 -6 8 -8 -5 -10 13 -13 -9 -11
right_child=1 -3 -4 4 5 -7 7 11 10 14 -12 12 -14 -15 -16
leaf_value=-0.029244661006702793 -0.027946474640161766 0.0093559702776058896 0.036946587945187855 0.032438440898748457 0.026080765799640467 -0.065367984328199055 -0.077787659088639063 0.061010537733148448 0.017210886905098834 0.01423132210775431 -0.020141354629329533 0.017157086358695603 -0.02091782285594971 0.00046629024241418693 -0.017062944769334801
leaf_weight=1362 992 898 1133 1553 1348 1033 923 1037 920 1220 1358 985 973 1093 1078
leaf_count=1362 992 898 1133 1553 1348 1033 923 1037 920 1220 1358 985 973 1093 1078
internal_value=-0.000135926 -0.00176797 5.65274e-05 -0.000139464 0.000103976 -0.000394539 -3.01595e-05 -0.000487915 -0.00179747 0.00135412 -0.00033306 0.000536951 -0.000629935 0.00160607 0.000205996
internal_weight=17906 1890 16016 14883 13521 9670 8637 7289 3201 3851 2278 4088 1958 2130 2298
internal_count=17906 1890 16016 14883 13521 9670 8637 7289 3201 3851 2278 4088 1958 2130 2298
cat_boundaries=0 1 2 3 4 5
cat_threshold=384 18 4176 5144 602
is_linear=0
shrinkage=0.0477671


Tree=248
num_leaves=16
num_cat=0
split_feature=51 1 45 40 40 3 40 46 23 30 9 2 41 41 14
split_gain=3.0923 3.47953 3.48179 4.64202 3.09968 6.74716 3.64235 4.13435 5.92802 5.49233 4.3238 3.31638 5.28885 4.26891 2.53791
threshold=1.0000000180025095e-35 0.30965907852171354 0.077737566926842624 0.58481550752069722 -0.78326540922535159 293.03540893701529 -0.65234524191686594 0.76815604156155814 19.292892842584841 0.17659137577002057 1022.9959357915021 0.79559436516583271 -0.8611288361322974 -0.96687281075841669 3.0676727836273088
decision_type=2 2 2 2 2 2 2 2 2 2 2 2 2 2 2
left_child=1 2 3 -1 5 -4 -6 8 9 -8 11 -11 13 -13 -10
right_child=-2 -3 4 -5 6 -7 7 -9 14 10 -12 12 -14 -15 -16
leaf_value=0.041667574185023565 0.023383024882288241 -0.047125856471098675 0.0043618698886721697 -0.0046812879264433761 0.02330372676944556 -0.029321886743792807 -0.082065905171390049 -0.044966112576557374 0.051763525483868131 -0.046427902615186645 0.0318408996582474 0.010452592218238917 0.027724175524443728 -0.037750364227123911 0.0086291558442581455
leaf_weight=1008 913 1114 1366 1277 933 1320 929 1023 1402 1203 885 1222 1137 1240 906
leaf_count=1008 913 1114 1366 1277 933 1320 929 1023 1402 1203 885 1222 1137 1240 906
internal_value=-1.59062e-05 -0.000161767 1.9447e-05 0.00174456 -0.000270959 -0.00172419 8.7602e-05 -0.000179857 0.000149624 -0.000577257 -2.0606e-05 -0.000586428 0.000138739 -0.00110499 0.00223423
internal_weight=17878 16965 15851 2285 13566 2686 10880 9947 8924 6616 5687 4802 3599 2462 2308
internal_count=17878 16965 15851 2285 13566 2686 10880 9947 8924 6616 5687 4802 3599 2462 2308
is_linear=0
shrinkage=0.0477671


Tree=249
num_leaves=16
num_cat=4
split_feature=31 37 28 44 28 10 29 10 46 32 11 28 14 32 14
split_gain=1.81513 6.68557 4.98788 4.3973 7.64435 3.8815 9.00957 5.42727 7.8073 3.92496 3.04135 2.18967 2.09504 1.90731 1.25748
threshold=0 0.60355339059327384 1 27830.500000000004 2 1012.7765495042562 110.50000000000001 1025.5300259019557 0.23184395843844199 1.0000000180025095e-35 73.879397627762515 3 1.7631593257855498 1.0000000180025095e-35 2.7835397325308846
decision_type=1 2 1 2 1 2 2 2 2 2 2 1 2 2 2
left_child=1 3 10 -1 -5 6 -4 8 -7 -10 13 -3 -6 -2 -14
right_child=2 11 5 4 12 7 -8 -9 9 -11 -12 -13 14 -15 -16
leaf_value=0.044133720190541591 0.010969179984441552 -0.03730286994197031 -0.13104228168825907 0.062851137440860308 -0.020713780420834594 0.044739077284657744 -0.00013549649006009982 -0.04427667194616805 -0.033655582698734511 0.0083299202885489584 0.035796506396698187 -0.0024311558251084936 0.01166261181769891 -0.0086217239157928005 -0.014544416168449143
leaf_weight=1082 1244 895 974 1533 913 1425 1181 890 1220 1287 949 1324 878 1150 992
leaf_count=1082 1244 895 974 1533 913 1425 1181 890 1220 1287 949 1324 878 1150 992
internal_value=1.20711e-06 0.000560236 -0.00041133 0.00146853 0.000785271 -0.00113797 -0.00282509 -0.000385874 0.000376029 -0.00122806 0.00110341 -0.00164576 -0.000708952 0.000198596 0.000203158
internal_weight=17937 7617 10320 5398 4316 6977 2155 4822 3932 2507 3343 2219 2783 2394 1870
internal_count=17937 7617 10320 5398 4316 6977 2155 4822 3932 2507 3343 2219 2783 2394 1870
cat_boundaries=0 1 2 3 4
cat_threshold=25 2632 270 2834
is_linear=0
shrinkage=0.0477671


Tree=250
num_leaves=14
num_cat=2
split_feature=25 5 2 36 28 29 46 46 24 31 16 13 45
split_gain=2.69817 2.81338 6.10092 3.791 3.73892 2.65075 3.01365 2.84346 4.5642 4.45792 3.70469 7.98913 2.73071
threshold=853.20845070588541 296.02197253513486 0.80696977841656248 -0.78656609248549292 0 202.50000000000003 0.23184395843844199 0.76815604156155814 21.40937814671674 1 157.48050078609043 1.5876650049659622 0.52605993606604307
decision_type=2 2 2 2 1 2 2 2 2 1 2 2 2
left_child=1 3 -3 4 -1 7 -7 8 10 -10 -5 -12 -8
right_child=-2 2 -4 5 -6 6 12 -9 9 -11 11 -13 -14
leaf_value=-0.0061016792086097246 0.016153108623574722 -0.035081387232416592 0.0034522236342772717 -0.036529971633603171 0.051647463809842385 -0.013902521660209742 0.00096776259377159488 -0.063611375232056205 0.069026938268006974 -0.012828230319939389 0.052706683255526764 -0.043438840635068213 0.0257492440254719
leaf_weight=1066 1725 1146 1304 1362 1547 1461 1555 1053 883 1146 941 1360 1256
leaf_count=1066 1725 1146 1304 1362 1547 1461 1555 1053 883 1146 941 1360 1256
internal_value=-0.00014877 -0.000341479 -0.00183179 -7.34319e-05 0.00156213 -0.000461556 0.000469098 -0.00105132 -0.000629006 0.00118778 -0.00163596 -0.000466114 0.00138413
internal_weight=17805 16080 2450 13630 2613 11017 4272 6745 5692 2029 3663 2301 2811
internal_count=17805 16080 2450 13630 2613 11017 4272 6745 5692 2029 3663 2301 2811
cat_boundaries=0 1 2
cat_threshold=5296 21
is_linear=0
shrinkage=0.0477671


Tree=251
num_leaves=16
num_cat=1
split_feature=25 51 41 45 14 4 39 15 41 10 10 41 29 31 45
split_gain=2.40996 1.8606 1.69057 3.10961 3.8972 5.19181 2.94084 2.59775 4.88097 8.63359 5.81017 5.5516 4.62087 2.19233 1.87526
threshold=858.70443426761005 1.0000000180025095e-35 0.98174098242282837 0.077737566926842624 4.1434144455413469 301.55440132369836 1.0000000180025095e-35 106.88653793645067 -0.29342786347392819 1017.5410082143981 1015.2798377406932 0.44312301391210612 86.500000000000014 0 0.71603616942947224
decision_type=2 2 2 2 2 2 2 2 2 2 2 2 2 1 2
left_child=1 2 3 6 5 7 -1 13 10 12 -9 -11 -10 -5 -12
right_child=-2 -3 -4 4 -6 -7 -8 8 9 11 14 -13 -14 -15 -16
leaf_value=0.038804341464547996 0.019892458538332106 0.018936947200665136 -0.035631434726780944 -0.0018935250044640963 0.024873553940424217 -0.043642078540058755 -0.0078126008292049177 0.040989363435031873 -0.017212435578535738 0.034538743742881343 -0.01756628980424399 -0.015439097607664057 -0.047520716100573852 -0.029156661047850165 0.0079941938241444126
leaf_weight=1157 1222 934 897 952 1582 1091 897 1503 905 1086 1077 1467 1070 1239 892
leaf_count=1157 1222 934 897 952 1582 1091 897 1503 905 1086 1077 1467 1070 1239 892
internal_value=-0.000134105 -0.000283634 -0.000406098 -0.000284826 -0.000560525 -0.00087199 0.00144076 -0.000536463 -0.000137051 -0.00117048 0.00121004 0.000663337 -0.0035421 -0.00199382 -0.000496188
internal_weight=17971 16749 15815 14918 12864 11282 2054 10191 8000 4528 3472 2553 1975 2191 1969
internal_count=17971 16749 15815 14918 12864 11282 2054 10191 8000 4528 3472 2553 1975 2191 1969
cat_boundaries=0 1
cat_threshold=104
is_linear=0
shrinkage=0.0477671


Tree=252
num_leaves=17
num_cat=0
split_feature=51 41 15 0 9 41 0 9 0 40 29 16 29 6 11 13
split_gain=3.1601 2.48975 3.04118 5.06738 2.97991 8.46833 10.8338 5.7322 7.53523 5.27879 7.30593 5.08156 4.99007 4.52889 3.95378 2.9314
threshold=1.0000000180025095e-35 0.95436825032516992 106.88653793645067 13.706232629226415 1020.1247020198502 -0.35846086284744721 12.424839892211262 1013.4785328685078 14.483010374838171 0.77788564761185042 247.50000000000003 185.93055229492444 178.50000000000003 298.67409358707545 69.373529987023616 1.9106415436739987
decision_type=2 2 2 2 2 2 2 2 2 2 2 2 2 2 2 2
left_child=1 2 3 15 5 7 11 8 -4 10 -6 -7 -9 -14 -13 -1
right_child=-2 -3 4 -5 9 6 -8 12 -10 -11 -12 14 13 -15 -16 -17
leaf_value=-0.011140616643046868 0.026515162080242887 -0.03396735185843474 0.091899692231351707 -0.03438869791143058 -0.031876306507948676 0.015586065926167111 -0.095869031969103041 -0.034935303088357142 0.0004454550787774669 0.054524861282188045 0.025157254862002838 -0.069763661336795804 0.04497815212384406 -0.011804133112774649 0.0012308433055412855 0.021206787135646797
leaf_weight=945 925 1389 1021 1182 943 1524 1054 1127 885 885 903 929 1165 996 1075 902
leaf_count=945 925 1389 1021 1182 943 1524 1054 1127 885 885 903 929 1165 996 1075 902
internal_value=-6.14236e-05 -0.000210128 -3.67516e-05 -0.0013949 0.000291992 -9.74949e-05 -0.00159453 0.00122272 0.00330694 0.00168703 0.000231675 -0.000324314 1.3849e-05 0.00135837 -0.00190576 0.000166895
internal_weight=17850 16925 15536 3029 12507 9776 4582 5194 1906 2731 1846 3528 3288 2161 2004 1847
internal_count=17850 16925 15536 3029 12507 9776 4582 5194 1906 2731 1846 3528 3288 2161 2004 1847
is_linear=0
shrinkage=0.0477671


Tree=253
num_leaves=16
num_cat=1
split_feature=1 1 1 4 35 31 35 46 40 14 29 9 11 4 27
split_gain=3.0564 5.00778 4.38812 3.44689 2.6464 4.11275 4.10057 3.20992 6.52601 3.08473 4.27039 4.4412 2.74043 2.68588 1.40643
threshold=0.19759453614336106 0.19499775022681537 0.20501011229713353 301.87849133595898 0.64583333333333337 0 0.89583333333333337 0.19593493916883467 -0.12546116083924153 1.3595080851523671 76.500000000000014 1014.4986704350758 70.526740755849048 287.68381596699595 0.64010958611600166
decision_type=2 2 2 2 2 1 2 2 2 2 2 2 2 2 2
left_child=1 -1 -2 4 5 9 12 -7 -9 -4 -11 -12 14 -13 -6
right_child=2 -3 3 -5 6 7 -8 8 -10 10 11 13 -14 -15 -16
leaf_value=-0.0066427263936815334 -0.031913202848979166 0.046566745657924576 -0.010989935838965114 -0.029539933130308036 0.019433971364590661 -0.036984491040904441 -0.014501374530377826 0.021051932265903978 -0.050803241562517178 -0.018335021069836161 -0.002610562526936722 0.06124036017639127 0.0029956341139826294 0.019420889521984449 0.069608779501217799
leaf_weight=977 1630 954 1204 875 1010 1309 1092 1260 1408 1296 1005 911 1116 954 932
leaf_count=977 1630 954 1204 875 1010 1309 1092 1260 1408 1296 1005 911 1116 954 932
internal_value=4.64893e-05 0.00184175 -0.000170009 9.62297e-05 0.000284731 -0.000160739 0.0012886 -0.00132331 -0.000375141 0.000700998 0.00131805 0.00234597 0.00218612 0.0037254 0.00327023
internal_weight=17933 1931 16002 14372 13497 9347 4150 3977 2668 5370 4166 2870 3058 1865 1942
internal_count=17933 1931 16002 14372 13497 9347 4150 3977 2668 5370 4166 2870 3058 1865 1942
cat_boundaries=0 1
cat_threshold=54
is_linear=0
shrinkage=0.0477671


Tree=254
num_leaves=16
num_cat=0
split_feature=45 14 45 29 45 46 2 46 2 10 35 12 2 12 12
split_gain=2.12921 3.93814 3.77506 4.05078 3.09935 2.2431 5.93814 4.72673 3.10568 4.77144 4.21964 4.46015 3.74381 1.95432 2.36219
threshold=0.077737566926842624 3.6933310365198335 0.23184395843844199 196.50000000000003 0.3529115998950883 0.37897153596113126 0.781363404138541 0.3529115998950883 0.71155276857366001 1022.1131411426787 0.47916666666666669 40.704583030156947 0.77683869057730293 58.051885879272348 72.51832977297336
decision_type=2 2 2 2 2 2 2 2 2 2 2 2 2 2 2
left_child=1 -1 3 -2 -4 7 -7 8 -6 10 13 -12 -13 -10 -15
right_child=2 -3 4 -5 5 6 -8 -9 9 -11 11 12 -14 14 -16
leaf_value=0.030060988978957738 -0.052959076050688579 -0.019016054018153934 0.041506811474393168 0.0071861982251062283 0.018393361672985015 -0.031127087752659134 0.0087215011146585496 0.050641370717771556 0.027489582091475295 -0.037695359058222952 0.008595091579249179 -0.010921193713533365 -0.064351317272798567 -0.0056392746050105023 0.028775299850670392
leaf_weight=1610 1611 927 983 1042 1321 1225 1143 929 984 1170 899 877 882 1392 910
leaf_count=1610 1611 927 983 1042 1321 1225 1143 929 984 1170 899 877 882 1392 910
internal_value=-1.18805e-05 0.00127002 -0.000223646 -0.00186267 0.000118162 -9.75263e-05 -0.00141109 0.000234414 -0.000121489 -0.000516704 3.17693e-05 -0.00138293 -0.0027822 0.00117678 0.000414036
internal_weight=17905 2537 15368 2653 12715 11732 2368 9364 8435 7114 5944 2658 1759 3286 2302
internal_count=17905 2537 15368 2653 12715 11732 2368 9364 8435 7114 5944 2658 1759 3286 2302
is_linear=0
shrinkage=0.0477671


Tree=255
num_leaves=16
num_cat=5
split_feature=1 45 28 40 4 8 40 28 9 9 40 28 31 31 23
split_gain=2.3556 2.40778 9.06127 3.35436 6.937 6.17172 6.47661 5.81383 12.906 11.5492 9.09895 7.8025 7.55908 2.74621 1.60657
threshold=0.31030311174989583 0.077737566926842624 0 -0.78326540922535159 294.96179683737563 305.48762627813835 -0.65234524191686594 1 991.78097901974525 1019.4413792933292 0.88220160189607266 2 3 4 15.466343084124086
decision_type=2 2 1 2 2 2 2 1 2 2 2 1 1 1 2
left_child=1 2 -1 4 14 6 -5 12 -9 11 -11 -10 -8 -13 -3
right_child=-2 3 -4 5 -6 -7 7 8 9 10 -12 13 -14 -15 -16
leaf_value=-0.02023850861165908 -0.034383146570128399 0.014516026012579699 0.04458141050432271 0.039704162334666143 -0.036315782951675521 0.10430969755627985 0.0073509881717699474 0.058307458529813033 0.0070863527540794002 -0.0064394502802853481 0.05163342217226477 -0.02696467127406579 -0.059148685799699362 -0.075681101896203334 -0.0051092435960168187
leaf_weight=1291 1026 887 1074 919 1018 883 1116 1127 1247 1643 993 962 1499 1294 890
leaf_count=1291 1026 887 1074 919 1018 883 1116 1127 1247 1643 993 962 1499 1294 890
internal_value=3.59631e-05 0.000171447 0.00158456 -5.9233e-05 -0.00154586 0.000296232 -1.74849e-05 -0.000374427 0.000321379 -0.000540411 0.0018475 -0.00233795 -0.00230107 -0.0040042 0.000254111
internal_weight=17869 16843 2365 14478 2795 11683 10800 9881 7266 6139 2636 3503 2615 2256 1777
internal_count=17869 16843 2365 14478 2795 11683 10800 9881 7266 6139 2636 3503 2615 2256 1777
cat_boundaries=0 1 2 3 4 5
cat_threshold=6196 2434 4132 73 19
is_linear=0
shrinkage=0.0477671


Tree=256
num_leaves=15
num_cat=0
split_feature=25 26 36 15 42 12 36 23 45 37 16 23 18 12
split_gain=2.0305 3.83942 2.34046 2.80683 3.01491 3.75764 2.79591 2.3462 3.87949 2.50186 4.43431 4.67899 2.49413 1.6481
threshold=858.70443426761005 821.51473357199461 -0.5 108.03985726560167 0.68301270189221941 48.421120032530219 -1.0000000180025095e-35 3.7278652823181551 0.83710381088611852 1.0000000180025095e-35 169.46879099984065 26.599255165512631 0.010423974426417223 42.538211888821074
decision_type=2 2 2 2 2 2 2 2 2 2 2 2 2 2
left_child=1 2 3 -1 5 -5 -4 -8 9 12 -11 -12 -9 -3
right_child=-2 13 6 4 -6 -7 7 8 -10 10 11 -13 -14 -15
leaf_value=-0.011920037936636452 0.022868982734469783 -0.0053661621218043087 -0.02491629905334207 0.032471101997944229 0.067949321420372175 -0.0094684648403379687 0.013990492837533074 -0.0024719019669646493 -0.031621394907992352 0.01188766823889117 -0.0036722720987373845 -0.068088296711391147 0.027844984289915411 -0.04305159720694008
leaf_weight=884 1233 885 1148 1196 1003 1578 1371 1505 914 1597 1249 902 1324 1102
leaf_count=884 1233 885 1148 1196 1003 1578 1371 1505 914 1597 1249 902 1324 1102
internal_value=6.55001e-06 -0.000131772 0.000134967 0.00101922 0.00158659 0.000774076 -0.000276549 1.05284e-05 -0.00032172 8.31823e-05 -0.000725852 -0.00214193 0.00115582 -0.00210236
internal_weight=17891 16658 14671 4661 3777 2774 10010 8862 7491 6577 3748 2151 2829 1987
internal_count=17891 16658 14671 4661 3777 2774 10010 8862 7491 6577 3748 2151 2829 1987
is_linear=0
shrinkage=0.0477671


Tree=257
num_leaves=14
num_cat=1
split_feature=0 28 6 38 46 7 44 41 35 40 40 44 16
split_gain=2.31581 3.33178 8.00144 6.08328 7.64261 6.04352 6.28544 5.29569 6.58956 4.73105 3.72 3.55377 2.9193
threshold=9.506362547973648 0 283.27658192107714 0.6078576107927941 0.3529115998950883 301.9403161436681 27699.500000000004 -0.67168186667784702 0.22916666666666671 0.62587949062545845 0.3504237462291826 31345.500000000004 182.77392932752713
decision_type=2 1 2 2 2 2 2 2 2 2 2 2 2
left_child=-1 2 10 4 -4 6 7 -3 -9 12 -2 -11 -8
right_child=1 5 3 -5 -6 -7 9 8 -10 11 -12 -13 -14
leaf_value=-0.018727014120170565 0.12021670240165777 -0.025384275078000122 0.0047061286359299202 0.023059051094097258 -0.045983521027562195 0.040088946187037233 -0.036137939621455194 -0.005489593429689907 0.060595576692708958 0.016313818558341676 0.02283344093830331 -0.050884480083179917 -0.011712211583326269
leaf_weight=1319 903 1348 1638 1160 1254 1626 1348 1648 1367 1080 1309 1043 884
leaf_count=1319 903 1348 1638 1160 1254 1626 1348 1648 1367 1080 1309 1043 884
internal_value=-9.20139e-06 0.000143673 0.00101224 -0.000247008 -0.00141969 -0.000382696 -0.000881884 0.000399099 0.00151228 -0.00216573 0.00332455 -0.000550194 -0.00370138
internal_weight=17927 16608 6264 4052 2892 10344 8718 4363 3015 4355 2212 2123 2232
internal_count=17927 16608 6264 4052 2892 10344 8718 4363 3015 4355 2212 2123 2232
cat_boundaries=0 1
cat_threshold=4682
is_linear=0
shrinkage=0.0477671


Tree=258
num_leaves=15
num_cat=2
split_feature=44 28 9 9 40 6 28 45 45 24 25 46 6 44
split_gain=2.10367 4.28593 6.81577 5.6215 7.65679 5.39866 4.25215 6.44792 5.1894 3.52093 2.48753 2.3598 1.49899 2.61928
threshold=27699.500000000004 0 1012.8249078956853 1006.1323425135096 -0.30983472475487867 285.93977296142089 1 0.11077631698179569 0.4739400639339571 3.3544466219645357 704.13687684588228 0.25790389450448498 286.02196600195697 31473.500000000004
decision_type=2 1 2 2 2 2 1 2 2 2 2 2 2 2
left_child=1 2 -1 -3 -5 -6 10 -8 -9 -10 -2 -4 -11 -14
right_child=6 3 11 4 5 -7 7 8 9 12 -12 -13 13 -15
leaf_value=-0.07836097418381148 -0.0055626402224599469 0.064094665015685337 0.021271727803640228 0.03707503344625597 -0.074112486603824287 0.007392551861138962 0.047644035961023679 -0.044154360970028839 -0.031161110765428251 0.039297442444810864 -0.035502455920788926 -0.013601946529034452 0.020397884415766818 -0.015618213430545369
leaf_weight=907 1401 875 1263 1690 886 1139 1605 1250 905 1033 1427 1133 1090 1285
leaf_count=907 1401 875 1263 1690 886 1139 1605 1250 905 1033 1427 1133 1090 1285
internal_value=7.33056e-05 0.000656341 -0.000655349 0.00159867 0.00079016 -0.00119013 -0.000386845 0.000232602 -0.000536259 0.000248673 -0.00195164 0.000676899 0.000952444 0.000290691
internal_weight=17889 7893 3303 4590 3715 2025 9996 7168 5563 4313 2828 2396 3408 2375
internal_count=17889 7893 3303 4590 3715 2025 9996 7168 5563 4313 2828 2396 3408 2375
cat_boundaries=0 1 2
cat_threshold=654 3120
is_linear=0
shrinkage=0.0477671


Tree=259
num_leaves=16
num_cat=0
split_feature=26 5 9 29 14 16 23 40 10 5 8 2 16 41 37
split_gain=2.2104 5.68349 2.89947 8.23096 3.23569 3.27552 2.16073 2.25515 6.23734 7.39719 8.16925 5.67064 3.7651 1.86781 1.3421
threshold=23.836455770733703 281.95969192625853 1014.4208101770372 110.50000000000001 1.842798891548235 188.44821328545117 1.9383247257655525 -0.78326540922535159 998.42846422827631 292.49144676357156 290.17038780307797 0.81557833946489844 152.27105676548652 -0.19337245081799007 -0.60355339059327384
decision_type=2 2 2 2 2 2 2 2 2 2 2 2 2 2 2
left_child=2 -2 3 -1 5 -4 -3 -8 -9 10 12 14 -10 -6 -11
right_child=1 6 4 -5 13 -7 7 8 9 11 -12 -13 -14 -15 -16
leaf_value=-0.096540730468977154 0.063670530863082789 -0.017958356901305449 -0.025165828676031551 0.0052678042599002125 -0.0017025138629395697 0.0080884995600905493 -0.0089260428090469565 0.057219481861255722 0.034407121751487718 0.066380500509754845 -0.095685029625230081 -0.014455980050733043 -0.019899110927569626 0.036366626635840012 0.020867219507198418
leaf_weight=1170 957 952 1515 1441 937 1104 1675 884 880 874 1019 879 1391 1249 875
leaf_count=1170 957 952 1515 1441 937 1104 1675 884 880 874 1019 879 1391 1249 875
internal_value=-9.11049e-05 0.000358521 -0.0007211 -0.0020024 -2.43884e-05 -0.0011573 2.29632e-06 0.000244855 0.000631697 7.22663e-05 -0.00143669 0.00196218 0.000156769 0.00133191 0.00353551
internal_weight=17802 10386 7416 2611 4805 2619 9429 8477 6802 5918 3290 2628 2271 2186 1749
internal_count=17802 10386 7416 2611 4805 2619 9429 8477 6802 5918 3290 2628 2271 2186 1749
is_linear=0
shrinkage=0.0477671


Tree=260
num_leaves=17
num_cat=0
split_feature=52 42 0 52 29 9 0 10 9 46 0 9 9 11 29 39
split_gain=3.01293 7.94863 4.96759 2.41895 2.46493 8.08073 8.01762 5.06765 6.86264 5.44115 3.95584 2.9082 6.57766 3.2256 2.25082 2.24291
threshold=0.23184395843844199 0.68301270189221941 14.89703437938036 0.077737566926842624 106.50000000000001 1018.6713765299753 10.931324521953263 1013.585616589254 995.41358351354449 0.40503147202717421 11.392509279963926 1019.1881624086396 1024.4352128873968 56.035447862184022 195.50000000000003 -0.22252093395631442
decision_type=2 2 2 2 2 2 2 2 2 2 2 2 2 2 2 2
left_child=2 14 3 4 5 6 -1 8 -6 11 -7 13 -13 -9 -2 -11
right_child=1 -3 -4 -5 7 10 -8 9 -10 15 -12 12 -14 -15 -16 -17
leaf_value=-0.0025538170691479086 -0.079944595929314841 0.030377060030308701 0.04553811469792516 0.035973456513209309 -0.0053971576076015503 -0.017896688803860739 -0.11789948849587771 0.041742011802760944 0.056755602836382354 -0.0032946740276240919 0.030798294065835109 -0.02792023825892637 0.018464080231331892 -0.0025711411392860197 -0.0094911849479055645 -0.040677520339225323
leaf_weight=1132 911 1015 920 1010 991 1092 1129 1268 1078 1155 877 1101 969 967 875 1452
leaf_count=1132 911 1015 920 1010 991 1092 1129 1268 1078 1155 877 1101 969 967 875 1452
internal_value=1.58495e-05 -0.00142318 0.000282209 6.19829e-05 -0.00011011 -0.00106096 -0.00300954 0.000337488 0.00241152 -0.000283018 0.00117546 0.000759539 -0.000529667 0.00195457 -0.00334191 -0.00200547
internal_weight=17942 2801 15141 14221 13211 4230 2261 8981 2069 6912 1969 4305 2070 2235 1786 2607
internal_count=17942 2801 15141 14221 13211 4230 2261 8981 2069 6912 1969 4305 2070 2235 1786 2607
is_linear=0
shrinkage=0.0477671


Tree=261
num_leaves=16
num_cat=0
split_feature=7 1 0 16 36 11 45 14 29 6 6 36 16 36 7
split_gain=2.0673 4.95318 4.9243 4.71773 3.78701 3.65409 3.29899 2.80184 4.62238 10.1457 5.33589 5.39373 4.97825 2.61886 1.66057
threshold=287.05262035149474 0.25937366492730901 10.890212336370732 121.10123250361943 0.37940952255126054 70.292330302715854 0.4739400639339571 4.361203081677739 205.50000000000003 290.67821825734467 289.5061954999004 -1.0000000180025095e-35 183.42810654742377 -0.25881904510252113 281.11759217332389
decision_type=2 2 2 2 2 2 2 2 2 2 2 2 2 2 2
left_child=1 -1 4 13 6 7 -3 8 10 -10 -5 -12 -11 -2 -6
right_child=3 2 -4 5 14 -7 -8 -9 9 12 11 -13 -14 -15 -16
leaf_value=0.04739067447364876 -0.038980835403219394 0.007755955610674211 -0.042019469679241042 -0.038126076717101519 0.010780511709507851 -0.020193597199805007 0.058565002422228132 0.052564863676876517 0.035029944462610207 -0.0073827459224802428 0.009881204204300548 0.056776827957544504 -0.054420835936058481 -0.0068600527823787644 -0.030109037980138774
leaf_weight=1294 903 1173 1192 897 879 1694 1009 930 877 1112 1634 1087 888 1400 892
leaf_count=1294 903 1173 1192 897 879 1694 1009 930 877 1112 1634 1087 888 1400 892
internal_value=6.80717e-05 0.000752621 8.77659e-05 -0.000317638 0.000899675 0.000169997 0.0022319 0.000626944 0.000275448 -0.00115314 0.00141206 0.00246565 -0.00303209 -0.00224946 -0.000740465
internal_weight=17861 6439 5145 11422 3953 9119 2182 7425 6495 2877 3618 2721 2000 2303 1771
internal_count=17861 6439 5145 11422 3953 9119 2182 7425 6495 2877 3618 2721 2000 2303 1771
is_linear=0
shrinkage=0.0477671


Tree=262
num_leaves=16
num_cat=1
split_feature=44 5 11 16 36 14 45 27 0 6 27 31 35 16 23
split_gain=2.40518 5.13923 4.9772 3.37063 3.31754 3.86153 3.26235 2.36668 2.59096 4.49583 2.95224 2.31948 4.83015 3.81257 2.58508
threshold=27830.500000000004 279.62909029475179 75.105290057937722 165.66327929042822 -0.70710678118654735 3.3886079097113044 0.16289618911388162 0.77698501658161789 13.165505060466311 288.25155042993487 0.30260271137637451 0 0.062500000000000014 160.70248668939755 10.624612524870933
decision_type=2 2 2 2 2 2 2 2 2 2 2 1 2 2 2
left_child=4 -2 6 -4 -1 11 -3 8 9 -8 -10 -6 -13 -14 -15
right_child=1 2 3 -5 5 -7 7 -9 10 -11 -12 12 13 14 -16
leaf_value=0.061815056260435659 0.059729420413290039 0.024891803080184571 -0.049573776502644128 -0.011158116508202644 -0.0077462703214393044 -0.037229287773670225 0.0055761546949541236 -0.034709256859317132 -0.0088302604834650383 -0.023984379096052947 0.029008816506546711 0.047621808260117506 0.023961749469185112 0.009014955442286917 -0.03151157937682119
leaf_weight=913 905 1701 876 874 1438 1054 1157 929 1366 875 1255 904 1504 993 1157
leaf_count=913 905 1701 876 874 1438 1054 1157 929 1366 875 1255 904 1504 993 1157
internal_value=4.3904e-05 -0.000451587 -0.000795607 -0.00308311 0.000662568 0.000311355 -0.000245645 -0.00080399 -0.000363959 -0.00164442 0.000627903 0.000780344 0.00130662 0.000535364 -0.000754348
internal_weight=17901 9938 9033 1750 7963 7050 7283 5582 4653 2032 2621 5996 4558 3654 2150
internal_count=17901 9938 9033 1750 7963 7050 7283 5582 4653 2032 2621 5996 4558 3654 2150
cat_boundaries=0 1
cat_threshold=5
is_linear=0
shrinkage=0.0477671


Tree=263
num_leaves=16
num_cat=1
split_feature=51 37 32 4 32 26 1 16 27 41 9 28 12 30 45
split_gain=1.74443 2.12004 5.57797 4.49966 4.34388 4.23754 3.70247 3.24625 2.89041 4.64617 4.19221 3.45064 4.36987 1.82941 2.06677
threshold=1.0000000180025095e-35 0.60355339059327384 1.0000000180025095e-35 301.55440132369836 1.0000000180025095e-35 152.14137475817509 0.23393914586899056 103.6729240628996 0.55352779189194934 -0.35042475891464198 1015.3109054080687 0 61.687799818149003 0.6420260095824778 0.56192977791787302
decision_type=2 2 2 2 2 2 2 2 2 2 2 1 2 2 2
left_child=1 2 3 7 13 -4 -7 -1 11 -10 -11 -9 -13 14 -3
right_child=-2 4 5 -5 -6 6 -8 8 9 10 -12 12 -14 -15 -16
leaf_value=-0.0076550094599856771 0.017513639299958313 0.0055393915782907871 -0.057474315448348919 -0.026956379778556264 0.016446826504962205 0.016288732890065768 -0.037098274057451371 -0.020509747906737999 0.069040575653260744 -0.0031077452436320042 0.037295659509338532 0.035094759373052592 -0.006045813613017645 -0.034954198655252317 -0.025776641721483026
leaf_weight=1081 910 953 901 1006 1407 1200 1313 972 1077 1214 1205 1081 1103 978 1517
leaf_count=1081 910 953 901 1006 1407 1200 1313 972 1077 1214 1205 1081 1103 978 1517
internal_value=-4.51953e-05 -0.000154337 0.000182584 0.000822373 -0.000998172 -0.00145447 -0.0004458 0.0012135 0.00160818 0.00255441 0.00139121 0.0005593 0.00161009 -0.00191114 -0.00121745
internal_weight=17918 17008 12153 8739 4855 3414 2513 7733 6652 3496 2419 3156 2184 3448 2470
internal_count=17918 17008 12153 8739 4855 3414 2513 7733 6652 3496 2419 3156 2184 3448 2470
cat_boundaries=0 1
cat_threshold=1076
is_linear=0
shrinkage=0.0477671


Tree=264
num_leaves=16
num_cat=3
split_feature=1 1 6 8 41 36 44 28 12 24 45 45 28 28 40
split_gain=1.63825 5.13679 2.60704 8.55107 6.4201 3.58177 6.4653 4.6229 7.11033 4.12838 3.28544 5.08345 4.87178 4.55128 3.51348
threshold=0.19759453614336106 0.19499775022681537 300.55739434529556 301.16734146376126 -0.75013812021657655 -0.5 27539.500000000004 0 56.421252891826768 2.6575169950741131 0.68012715015986502 0.13683625304783867 1 2 0.41398981800788198
decision_type=2 2 2 2 2 2 2 1 2 2 2 2 1 1 2
left_child=1 -1 3 4 -2 6 -6 -8 -9 -7 11 12 -11 -13 -12
right_child=2 -3 -4 -5 5 9 7 8 -10 10 14 13 -14 -15 -16
leaf_value=-0.0094552922506156434 -0.038267688227263875 0.043113961204398157 -0.025686232739328164 0.076367873894559415 0.074024512644863788 0.023837970017643664 0.047165697940731208 0.01815878250358121 -0.037157007800413713 0.0060333173999717188 -0.0066324765704140892 0.043963171937291788 -0.081568066263694658 -0.0045795196640082483 -0.068641842246604995
leaf_weight=962 1313 981 1091 906 1011 887 887 884 1208 1009 1171 1301 1436 1735 1040
leaf_count=962 1313 981 1091 906 1011 887 887 884 1208 1009 1171 1301 1436 1735 1040
internal_value=2.93573e-05 0.00133869 -0.000130716 3.53805e-05 -0.000257909 7.393e-05 0.00125647 0.000135545 -0.00108972 -0.000475796 -0.000831846 -0.000204396 -0.00182576 0.00110061 -0.00238626
internal_weight=17822 1943 15879 14788 13882 12569 3990 2979 2092 8579 7692 5481 2445 3036 2211
internal_count=17822 1943 15879 14788 13882 12569 3990 2979 2092 8579 7692 5481 2445 3036 2211
cat_boundaries=0 1 2 3
cat_threshold=12 5896 564
is_linear=0
shrinkage=0.0477671


Tree=265
num_leaves=16
num_cat=0
split_feature=7 41 41 36 41 44 26 35 18 36 10 45 29 0 35
split_gain=1.87915 4.52196 3.82507 3.46306 3.10444 4.44006 2.64262 2.44726 2.77871 2.69501 2.49541 3.28541 2.32058 2.21756 1.84059
threshold=306.04236561951313 -0.94137724084408114 -0.83375966452616657 -0.5 -0.46800559042974538 27539.500000000004 155.87652124444216 0.52083333333333337 0.072000908856279563 0.12940952255126045 1007.005027843381 0.86316374695216147 227.50000000000003 11.994246512835991 0.72916666666666685
decision_type=2 2 2 2 2 2 2 2 2 2 2 2 2 2 2
left_child=1 -1 -3 4 -4 -6 -7 8 9 -5 -11 12 13 -12 -8
right_child=-2 2 3 7 5 6 14 -9 -10 10 11 -13 -14 -15 -16
leaf_value=-0.027997089922466887 0.028782837895511025 0.025709717030722678 -0.012991538379790633 0.023683760884281237 0.064762052046585944 -0.016674017669012869 0.00088964262173601397 -0.027866656458437652 0.020700484031442316 0.013648005848418347 -0.048430613393829938 0.0071707424555813096 -0.0078060487019994424 -0.078011956895934834 0.039378806111020612
leaf_weight=1724 878 1294 931 924 877 874 1033 1690 1452 917 880 921 1628 901 897
leaf_count=1724 878 1294 931 924 877 874 1033 1690 1452 917 880 921 1628 901 897
internal_value=-8.96676e-05 -0.000201447 6.1057e-05 -0.00016964 0.000900586 0.00152415 0.000595441 -0.000699879 -0.000334948 -0.000777566 -0.00119671 -0.0016763 -0.00236038 -0.00355245 0.00158283
internal_weight=17821 16943 15219 13925 4612 3681 2804 9313 7623 6171 5247 4330 3409 1781 1930
internal_count=17821 16943 15219 13925 4612 3681 2804 9313 7623 6171 5247 4330 3409 1781 1930
is_linear=0
shrinkage=0.0477671


Tree=266
num_leaves=15
num_cat=2
split_feature=26 29 44 28 9 9 28 46 12 18 44 44 27 9
split_gain=1.68068 3.63524 3.72824 3.16791 5.60886 5.95091 2.6236 3.9902 3.53621 5.66834 2.29787 3.09276 2.60152 1.13699
threshold=152.14137475817509 44.500000000000007 34688.500000000007 0 1010.9059216367908 1018.4664769901457 1 0.3529115998950883 59.495115508086748 0.0052119872132085935 27462.000000000004 23852.500000000004 0.61262647801294545 1017.5026534476278
decision_type=2 2 2 1 2 2 1 2 2 2 2 2 2 2
left_child=3 -2 6 4 -1 -6 7 -3 9 13 11 12 -5 -8
right_child=1 2 -4 10 5 -7 8 -9 -10 -11 -12 -13 -14 -15
leaf_value=-0.082117863210847228 0.077944252775228623 -0.021472415983793833 -0.032144779898854288 0.010381706261572889 0.020692194276788922 -0.059160705266800728 0.011386473206073968 0.0090920929987449352 0.032339771889815537 -0.035621366278085091 -0.014754435993698158 0.024015304573859739 -0.018919370283638805 0.023327810863494242
leaf_weight=877 998 1261 1101 1170 1235 1095 882 1314 1741 1214 1455 1624 1071 875
leaf_count=877 998 1261 1101 1170 1235 1095 882 1314 1741 1214 1455 1624 1071 875
internal_value=-0.000105207 0.000335648 1.11233e-05 -0.000590735 -0.00177368 -0.000552566 0.000402833 -0.000821433 0.00107181 7.15989e-05 0.000125048 0.000734776 -0.000414648 0.00180665
internal_weight=17913 9386 8388 8527 3207 2330 7287 2575 4712 2971 5320 3865 2241 1757
internal_count=17913 9386 8388 8527 3207 2330 7287 2575 4712 2971 5320 3865 2241 1757
cat_boundaries=0 1 2
cat_threshold=390 5280
is_linear=0
shrinkage=0.0477671


Tree=267
num_leaves=15
num_cat=3
split_feature=25 5 8 0 28 40 45 28 11 31 14 29 18 0
split_gain=1.96459 3.25541 7.02385 4.29648 4.14603 6.99755 4.09425 5.29685 4.28618 3.65215 2.91731 4.52745 4.18934 2.2977
threshold=858.46468663504913 296.02197253513486 298.27353100134991 14.423699852531417 0 -0.66528616069191604 0.23184395843844199 1 74.684813337548164 2 1.6164733664836095 134.50000000000003 0.0052119872132086248 11.348975741552261
decision_type=2 2 2 2 1 2 2 1 2 1 2 2 2 2
left_child=1 2 4 -3 5 -1 7 -6 -9 13 11 -11 -12 -8
right_child=-2 3 -4 -5 6 -7 9 8 -10 10 12 -13 -14 -15
leaf_value=0.0061733961877196075 0.023319556964626197 -0.023566815433294419 0.060361059044634437 0.006616352931222317 0.014791057599063471 -0.052203007897072107 0.0064672238722537799 -0.0059676888135307077 -0.095368288882574051 0.064548522723423304 -0.027273386599230426 -0.0023653195694451883 0.019957826489682241 0.044859012593533767
leaf_weight=925 1233 1395 1068 1347 1461 948 936 1252 1154 920 1664 909 1646 1172
leaf_count=925 1233 1395 1068 1347 1461 948 936 1252 1154 920 1664 909 1646 1172
internal_value=0.000230366 9.5134e-05 0.000388979 -0.00141025 8.25847e-05 -0.00199017 0.000433499 -0.000820864 -0.00219367 0.00110373 0.000412391 0.00194446 -0.00043226 0.00277296
internal_weight=18030 16797 14055 2742 12987 1873 11114 3867 2406 7247 5139 1829 3310 2108
internal_count=18030 16797 14055 2742 12987 1873 11114 3867 2406 7247 5139 1829 3310 2108
cat_boundaries=0 1 2 3
cat_threshold=2432 5192 18
is_linear=0
shrinkage=0.0477671


Tree=268
num_leaves=16
num_cat=0
split_feature=10 1 7 5 0 13 1 10 20 0 1 29 16 10 24
split_gain=2.17089 3.6513 2.47271 5.90425 3.21435 4.90206 3.42134 8.16775 7.0064 2.52269 3.96194 3.84438 5.94178 5.06296 3.47958
threshold=986.70972867993351 0.19522102932758698 300.44383100716169 299.72037453252523 13.800775831750039 2.4543230934728331 0.24067927717215606 1017.7109288497221 0.00016142352194219441 12.207019328223923 0.26495809935293463 70.500000000000014 230.05958631039343 1025.9534281187593 12.195076051542332
decision_type=2 2 2 2 2 2 2 2 2 2 2 2 2 2 2
left_child=-1 -2 4 -4 6 -6 7 -3 9 10 -8 12 14 -13 -12
right_child=1 2 3 -5 5 -7 8 -9 -10 -11 11 13 -14 -15 -16
leaf_value=0.024103483389129998 -0.023555837641260218 -0.0045153169119605393 0.07232274740601928 -0.006160626123897537 0.0016381881713126152 -0.061897842504649102 0.034381685883767325 0.050922705355827616 -0.053180579413381154 -0.020074557593430343 0.0039411854520491401 -0.023911423372710874 -0.032012507582748824 0.011936355021583083 0.088439754426241135
leaf_weight=1231 921 1336 1113 1428 1574 1047 1020 895 894 904 874 1553 1043 885 1238
leaf_count=1231 921 1336 1113 1428 1574 1047 1020 895 894 904 874 1553 1043 885 1238
internal_value=0.000138208 -4.15062e-06 0.000166095 0.0015312 -9.52723e-05 -0.00159381 0.000273591 0.00193666 -0.000167269 0.000307898 0.000631693 0.000131979 0.00123321 -0.0012922 0.00269036
internal_weight=17956 16725 15804 2541 13263 2621 10642 2231 8411 7517 6613 5593 3155 2438 2112
internal_count=17956 16725 15804 2541 13263 2621 10642 2231 8411 7517 6613 5593 3155 2438 2112
is_linear=0
shrinkage=0.0477671


Tree=269
num_leaves=14
num_cat=2
split_feature=45 45 5 28 3 24 8 2 1 28 16 29 45
split_gain=2.58068 4.54607 4.47658 6.75027 8.1377 4.52462 4.08975 3.92535 5.29336 3.8769 4.27973 3.79169 3.27005
threshold=0.68012715015986502 0.71603616942947224 279.98700819854758 0 288.83458169598151 50.907914426550775 295.38716266887542 0.78668478865228597 0.27572754583184683 1 166.36950433289283 200.50000000000003 0.88922368301820442
decision_type=2 2 2 1 2 2 2 2 2 1 2 2 2
left_child=2 -2 -1 4 -4 7 -6 8 -5 10 -3 -9 -11
right_child=1 9 3 5 6 -7 -8 11 -10 12 -12 -13 -14
leaf_value=0.043370764563449599 -0.030850138903577826 -0.0061555652001536905 -0.063666874627076625 -0.036909010651087856 0.023335627542793492 0.052938010421464142 -0.015762418410919701 0.0075364279027193681 0.01936014035531412 0.0034649225779573301 0.034301674030917495 0.060316445187168798 -0.025087869472730003
leaf_weight=1309 1531 1400 1346 1465 976 1088 948 1405 1308 1173 1578 955 1410
leaf_count=1309 1531 1400 1346 1465 976 1088 948 1405 1308 1173 1578 955 1410
internal_value=3.4582e-05 -0.00067322 0.000499579 0.000138169 -0.00161583 0.00106139 0.000371245 0.000469512 -0.000748517 -3.82522e-05 0.00113428 0.00190164 -0.00138997
internal_weight=17892 7092 10800 9491 3270 6221 1924 5133 2773 5561 2978 2360 2583
internal_count=17892 7092 10800 9491 3270 6221 1924 5133 2773 5561 2978 2360 2583
cat_boundaries=0 1 2
cat_threshold=1570 4218
is_linear=0
shrinkage=0.0477671


Tree=270
num_leaves=16
num_cat=1
split_feature=7 44 38 30 16 11 8 9 24 40 40 36 27 15 31
split_gain=2.45092 2.29274 3.85917 4.22015 3.34408 3.91011 3.40055 2.80816 2.43973 2.61983 4.7685 3.93398 3.6589 4.86154 1.50515
threshold=306.04236561951313 27769.500000000004 -0.60785761079279388 0.12183436002737852 208.4323476025863 76.301402940339983 296.9207150845719 1015.9622379785889 3.9082500015700878 -0.27694604220087021 0.23537774960157334 0.12940952255126045 0.51625003028025629 188.67550944848668 0
decision_type=2 2 2 2 2 2 2 2 2 2 2 2 2 2 1
left_child=1 8 7 -4 5 6 14 -3 -1 11 -11 -10 -12 -14 -5
right_child=-2 2 3 4 -6 -7 -8 -9 9 10 12 -13 13 -15 -16
leaf_value=0.02192281150417701 0.032387096295026348 -0.08069219780514704 0.062502223235045409 0.013693720895452736 0.011681057712275232 -0.03552278667515428 -0.021280234530241634 -0.011058057074874027 0.03951105287094487 -0.050330198229149546 -0.032512180183282051 -0.0025035891303050476 0.064011399154433227 -0.018694749798619278 -0.0047585552141782162
leaf_weight=1332 900 888 1044 1301 1641 938 1525 958 987 941 1191 1419 886 1048 907
leaf_count=1332 900 888 1044 1301 1641 938 1525 958 987 941 1191 1419 886 1048 907
internal_value=-0.000149264 -0.000277944 -0.000788781 -0.000298403 -0.00076398 -0.00141587 -0.00072237 -0.00274165 0.000324119 -5.86998e-05 -0.00079831 0.00119027 9.86414e-05 0.00138197 0.000474929
internal_weight=17906 17006 9202 7356 6312 4671 3733 1846 7804 6472 4066 2406 3125 1934 2208
internal_count=17906 17006 9202 7356 6312 4671 3733 1846 7804 6472 4066 2406 3125 1934 2208
cat_boundaries=0 1
cat_threshold=19
is_linear=0
shrinkage=0.0477671


Tree=271
num_leaves=17
num_cat=2
split_feature=2 2 9 0 9 15 31 4 18 2 5 9 9 31 29 12
split_gain=2.29265 6.58443 3.4474 6.7666 8.88515 3.14316 4.16197 3.91222 3.6539 4.97003 6.29007 4.01712 3.81699 3.68123 3.18195 1.89647
threshold=0.69980586642454445 0.70528941114895616 1025.6518111480989 10.569162159519083 1010.4768365760373 106.88653793645067 0 284.06367302149562 0.18058722313752504 0.80994774824053029 294.149290801262 1016.6588028966167 1016.0744351498597 1 106.50000000000001 64.966154150279209
decision_type=2 2 2 2 2 2 1 2 2 2 2 2 2 1 2 2
left_child=-1 -2 3 4 -3 6 -5 -7 9 10 13 -11 -12 -9 -15 -16
right_child=1 2 -4 5 -6 7 -8 8 -10 11 12 -13 -14 14 15 -17
leaf_value=0.016969638160671232 -0.046095086261141276 -0.012939215881529237 -0.029385207560458409 0.0089117594127936101 0.13904126933838298 -0.042539079476709721 -0.030483649203451493 0.046250581909332761 -0.0230683748398566 0.013216379191912922 -0.0004882075278033956 0.078863985403203038 -0.038268467288153772 -0.033765212891872183 0.030066683124023261 -0.0038895004049170688
leaf_weight=1141 879 876 920 1082 1209 1337 1550 1182 880 1308 922 902 894 922 1094 913
leaf_count=1141 879 876 920 1082 1209 1337 1550 1182 880 1308 922 902 894 922 1094 913
internal_value=-4.36358e-05 -0.000183914 3.71995e-05 0.000210622 0.00273666 -0.000194781 -0.00166882 0.000179707 0.000537443 0.000853862 0.000132601 0.0027872 -0.00220826 0.0011672 0.00025116 0.0013198
internal_weight=18011 16870 15991 15071 2085 12986 2632 10354 9017 8137 5927 2210 1816 4111 2929 2007
internal_count=18011 16870 15991 15071 2085 12986 2632 10354 9017 8137 5927 2210 1816 4111 2929 2007
cat_boundaries=0 1 2
cat_threshold=104 3
is_linear=0
shrinkage=0.0477671


Tree=272
num_leaves=14
num_cat=0
split_feature=35 6 8 18 10 38 0 0 40 24 14 13 43
split_gain=2.77698 2.29881 5.50519 2.55849 4.82218 4.80564 4.33428 6.97038 3.66047 5.13564 2.79303 5.42987 2.41853
threshold=0.89583333333333337 299.18698999101713 299.79011515195106 0.0052119872132086248 1020.4461729693961 -0.60785761079279388 10.648803461100565 13.55168500429008 -0.88622299073327826 7.591367744464347 1.4509695862615464 2.5047356825229543 -0.5
decision_type=2 2 2 2 2 2 2 2 2 2 2 2 2
left_child=1 2 3 8 5 -5 -7 -8 -1 12 -11 -12 -10
right_child=-2 -3 -4 4 -6 6 7 -9 9 10 11 -13 -14
leaf_value=0.016400876537806461 -0.022421848342474741 -0.015548773119423613 0.042301518715688644 -0.035370878612622079 0.045602571161605897 0.055635751162484343 -0.0220172315386068 0.032871631824551668 -0.012394168759486507 -0.00076027635084907196 -0.06532262340576829 -0.010916530081611956 0.012919111392442881
leaf_weight=881 1531 1713 1196 1669 1202 1002 1706 1099 974 875 1290 1075 1725
leaf_count=881 1531 1713 1196 1669 1202 1002 1706 1099 974 875 1290 1075 1725
internal_value=-0.000127695 5.37246e-05 0.000246908 -2.81453e-05 0.000636274 3.44844e-05 0.00097182 7.71908e-06 -0.000679058 -0.00110553 -0.00238767 -0.00324075 0.000432776
internal_weight=17938 16407 14694 13498 6678 5476 3807 2805 6820 5939 3240 2365 2699
internal_count=17938 16407 14694 13498 6678 5476 3807 2805 6820 5939 3240 2365 2699
is_linear=0
shrinkage=0.0477671


Tree=273
num_leaves=16
num_cat=5
split_feature=6 0 8 13 28 9 44 31 31 27 28 9 23 40 31
split_gain=2.95417 4.19195 4.06681 3.29151 3.28599 6.85686 5.37715 3.49201 3.32354 2.88397 5.64616 4.46211 2.79835 2.83858 2.05788
threshold=299.59257876808482 14.522391077058993 301.31868186132414 5.0168431494696257 0 991.78097901974525 28034.500000000004 1 2 1.3514100730225203 3 1017.662422022733 22.069519131589175 0.38243310158943505 4
decision_type=2 2 2 2 1 2 2 1 1 2 1 2 2 2 1
left_child=2 -2 3 4 6 -6 8 -8 -1 10 11 -7 13 14 -12
right_child=1 -3 -4 -5 5 9 7 -9 -10 -11 12 -13 -14 -15 -16
leaf_value=0.032242181918629549 -0.032304126252156305 0.0074489507422633473 0.061493217723547967 -0.046333461392298353 0.0766214500511085 -0.046244157128038303 -0.0072926443436354821 -0.041362387866285828 -0.010962298972235886 0.030982499367873378 0.034929845157090481 0.00098598617043247792 -0.0092080405457945699 -0.0085605749776453445 0.010258778146093033
leaf_weight=980 891 890 876 1190 894 1268 936 922 1312 1558 1067 1153 1560 1059 1374
leaf_count=980 891 890 876 1190 894 1268 936 922 1312 1558 1067 1153 1560 1059 1374
internal_value=6.38136e-05 -0.0017823 0.000267551 8.58615e-05 0.000289843 0.000761224 -0.000837684 -0.00274965 0.000707613 0.00036703 -2.20496e-05 -0.00191487 0.000885182 0.00163709 0.00253323
internal_weight=17930 1781 16149 15273 14083 9933 4150 1858 2292 9039 7481 2421 5060 3500 2441
internal_count=17930 1781 16149 15273 14083 9933 4150 1858 2292 9039 7481 2421 5060 3500 2441
cat_boundaries=0 1 2 3 4 5
cat_threshold=1440 25 88 84 44
is_linear=0
shrinkage=0.0477671


Tree=274
num_leaves=15
num_cat=2
split_feature=1 28 9 29 9 29 14 36 31 41 10 29 8 6
split_gain=2.52055 2.95387 6.32946 5.97009 5.81817 3.68754 2.64693 3.03082 3.81747 3.27106 2.83814 2.8263 3.50736 4.4775
threshold=0.30984687486324053 0 1022.7090181780229 44.500000000000007 1023.4747853690588 104.50000000000001 4.1434144455413469 -0.25881904510252113 1 -0.58481178939031186 1019.2438943539561 155.50000000000003 298.27353100134991 290.79869170117371
decision_type=2 1 2 2 2 2 2 2 1 2 2 2 2 2
left_child=1 4 3 -3 -1 -5 7 8 9 -7 11 -9 13 -13
right_child=-2 2 -4 5 -6 6 -8 10 -10 -11 -12 12 -14 -15
leaf_value=-0.001499183759188285 -0.030343435811142447 0.088341448473418904 -0.028954327187863234 -0.038457326037301169 0.045460972311593954 -0.015161868271919746 0.042676850751408181 0.041320285475965557 -0.023664853117742895 0.021696538058659325 -0.015956205456050102 0.0077710593867219794 0.033249356669054556 -0.019538392122104998
leaf_weight=1576 1166 1120 1524 1248 937 1033 1111 1226 1440 924 1126 1334 1132 947
leaf_count=1576 1166 1120 1524 1248 937 1033 1111 1226 1440 924 1126 1334 1132 947
internal_value=1.86134e-05 0.000168847 -9.9252e-05 0.00025111 0.00167466 -7.23628e-05 0.000225297 -4.14653e-05 -0.00117348 0.000205281 0.000625183 0.00114762 0.000440208 -0.000637731
internal_weight=17844 16678 14165 12641 2513 11521 10273 9162 3397 1957 5765 4639 3413 2281
internal_count=17844 16678 14165 12641 2513 11521 10273 9162 3397 1957 5765 4639 3413 2281
cat_boundaries=0 1 2
cat_threshold=4104 101
is_linear=0
shrinkage=0.0477671


Tree=275
num_leaves=15
num_cat=0
split_feature=52 40 2 4 36 27 23 23 16 14 30 15 46 16
split_gain=1.811 9.88393 3.18466 2.78868 2.91751 2.46937 4.51658 3.70198 3.11393 8.60864 5.63162 4.95921 2.71673 4.06989
threshold=0.23184395843844199 0.26866988313759588 0.8173988071535474 302.69252693347784 -0.9159756150367534 0.31837132296756682 10.733813969470924 6.8599233857184263 182.77392932752713 1.8327828557227293 0.42847364818617389 227.11343312908247 0.11077631698179569 180.89683048210455
decision_type=2 2 2 2 2 2 2 2 2 2 2 2 2 2
left_child=2 -2 3 4 -1 7 -7 12 9 -8 11 -10 13 -6
right_child=1 -3 -4 -5 5 6 8 -9 10 -11 -12 -13 -14 -15
leaf_value=0.034646164286279042 -0.042181494593957099 0.031356130359522581 0.036882982279284139 -0.025516132027498147 -0.023511397509287532 0.040790838096804144 -0.015928831183267701 -0.034894981667049754 -0.10847651277320781 0.044745653940875749 0.015581146541759747 -0.013242470445867087 0.024135761485601436 0.0088024122373983136
leaf_weight=1373 1336 1481 904 925 1371 1216 1458 967 929 1634 1169 914 986 1158
leaf_count=1373 1336 1481 904 925 1371 1216 1458 967 929 1634 1169 914 986 1158
internal_value=5.21422e-05 -0.001059 0.000260908 8.45351e-05 0.000262686 2.00478e-05 0.000560893 -0.000862763 3.09366e-05 0.00109613 -0.00106181 -0.00270723 -0.000142055 -0.000971836
internal_weight=17821 2817 15004 14100 13175 11802 7320 4482 6104 3092 3012 1843 3515 2529
internal_count=17821 2817 15004 14100 13175 11802 7320 4482 6104 3092 3012 1843 3515 2529
is_linear=0
shrinkage=0.0477671


Tree=276
num_leaves=15
num_cat=4
split_feature=44 28 28 10 10 1 7 46 18 31 31 44 44 6
split_gain=2.48874 8.10455 3.4638 15.1218 13.3827 5.51188 5.35783 6.22751 4.26933 4.37235 3.48493 3.54546 2.73233 2.93504
threshold=33577.500000000007 0 1 1003.545566427206 994.50665898968725 0.19598897204287505 300.133079306159 0.13683625304783867 0.041342104688639712 2 3 30757.500000000004 23911.500000000004 284.66738189329413
decision_type=2 1 1 2 2 2 2 2 2 1 1 2 2 2
left_child=2 -2 4 -4 -1 -6 7 -7 9 -9 -5 12 -12 -14
right_child=1 -3 3 10 5 6 -8 8 -10 -11 11 -13 13 -15
leaf_value=0.065467703024559273 0.014758657571932132 -0.047461770711434169 -0.058372361435803308 -0.015730163823140311 -0.032930581528705989 0.02350777975059969 0.044086959630743494 0.00037660328147785257 0.014383688878139875 -0.063705058881566176 -0.003578882982575447 -0.01539713400876286 0.059906823340376836 0.010527216622026171
leaf_weight=1268 1573 1155 927 1501 927 1693 909 1097 1302 1371 971 968 889 1437
leaf_count=1268 1573 1155 927 1501 927 1693 909 1097 1302 1371 971 968 889 1437
internal_value=-1.84644e-05 -0.00134745 0.000218969 -0.000594707 0.000854613 6.84098e-05 0.000569376 3.96339e-06 -0.00107638 -0.00224423 0.000314415 0.00101069 0.00175962 0.0026482
internal_weight=17988 2728 15260 6693 8567 7299 6372 5463 3770 2468 5766 4265 3297 2326
internal_count=17988 2728 15260 6693 8567 7299 6372 5463 3770 2468 5766 4265 3297 2326
cat_boundaries=0 1 2 3 4
cat_threshold=6282 380 11 3
is_linear=0
shrinkage=0.0477671


Tree=277
num_leaves=14
num_cat=3
split_feature=52 40 2 6 31 40 2 0 37 31 44 28 37
split_gain=1.92854 5.73053 4.72785 3.14071 2.18756 5.83143 4.56322 9.4287 4.83712 5.05759 4.55562 5.08579 2.80394
threshold=0.23184395843844199 0.25206111083856975 0.8173988071535474 299.18698999101713 0 0.81925054981890411 0.7998031174944219 13.429823362182072 0.37940952255126048 1 27769.500000000004 2 0.37940952255126048
decision_type=2 2 2 2 1 2 2 2 2 1 2 1 2
left_child=2 -2 3 4 5 12 7 8 10 -10 -6 -12 -1
right_child=1 -3 -4 -5 6 -7 -8 -9 9 -11 11 -13 -14
leaf_value=-0.0070939753854931398 -0.032022065698039982 0.015013566165481008 0.04546178677460929 -0.016187206778108615 0.058044047221662856 -0.052374989128069989 -0.019257082481549337 0.074747507637149394 0.0054962801081968587 -0.049322842996013028 0.022834560216207486 -0.011824646876838499 0.035658624639512214
leaf_weight=1698 1301 1475 882 1412 886 921 1713 1050 1463 1002 1664 1430 1075
leaf_count=1698 1301 1475 882 1412 886 921 1713 1050 1463 1002 1664 1430 1075
internal_value=7.42959e-05 -0.00108325 0.000285902 7.65971e-05 0.00031082 -0.000669994 0.000704501 0.0012138 0.000529576 -0.00113272 0.00155967 0.000694016 0.000421227
internal_weight=17972 2776 15196 14314 12902 3694 9208 7495 6445 2465 3980 3094 2773
internal_count=17972 2776 15196 14314 12902 3694 9208 7495 6445 2465 3980 3094 2773
cat_boundaries=0 1 2 3
cat_threshold=72 50 4618
is_linear=0
shrinkage=0.0477671


Tree=278
num_leaves=15
num_cat=3
split_feature=17 28 18 41 28 41 2 29 0 29 10 10 28 18
split_gain=1.8479 5.91034 2.57384 6.42256 7.8028 4.45963 9.03426 3.40293 4.35112 6.39639 3.89278 3.61235 3.17375 1.90893
threshold=0.13293158037815481 0 0.0052119872132086248 -0.96687281075841669 1 0.6174544326165855 0.75955469042288593 70.500000000000014 13.429823362182072 247.50000000000003 1016.8699211537022 1018.5706129341903 2 0.031006578516479751
decision_type=2 1 2 2 1 2 2 2 2 2 2 2 1 2
left_child=2 -2 3 -1 -5 6 -4 -6 9 -9 -10 -11 -8 -14
right_child=1 -3 5 4 7 -7 12 8 10 11 -12 -13 13 -15
leaf_value=0.051287080552013864 -0.061181086425587783 0.005311220072724619 -0.048812206978689571 -0.050432219031142062 0.027745431130643806 0.051348534109479621 0.037684764578680002 -0.041060965104078501 0.040408168812656887 -0.016878659730839605 -0.0086718423351634117 0.010391559280970157 -0.018324288819440853 0.028331402531755649
leaf_weight=981 878 1491 1187 1575 1157 1703 1104 1386 987 922 1064 1554 898 916
leaf_count=981 878 1491 1187 1575 1157 1703 1104 1386 987 922 1064 1554 898 916
internal_value=-0.000138054 -0.00138025 5.24691e-05 -0.000426526 -0.000842365 0.000846725 -5.27455e-06 -0.000161607 -0.000625692 -0.00157022 0.00115175 -0.000114851 0.00142341 0.000182093
internal_weight=17803 2369 15434 9626 8645 5808 4105 7070 5913 3862 2051 2476 2918 1814
internal_count=17803 2369 15434 9626 8645 5808 4105 7070 5913 3862 2051 2476 2918 1814
cat_boundaries=0 1 2 3
cat_threshold=7202 196 584
is_linear=0
shrinkage=0.0477671


Tree=279
num_leaves=16
num_cat=2
split_feature=44 25 28 28 23 24 4 32 35 35 23 44 0 11 35
split_gain=1.99036 7.50777 6.55485 4.13859 6.09159 3.82695 2.57538 2.4913 6.15716 8.88106 4.40853 2.74287 2.20073 5.21571 4.60599
threshold=33488.000000000007 557.72065309027516 0 1 37.396741859396144 53.49484724744746 281.38694645471293 1.0000000180025095e-35 0.14583333333333334 0.68750000000000011 10.733813969470924 30566.000000000004 9.5938434878608341 69.373529987023616 0.52083333333333337
decision_type=2 2 1 1 2 2 2 2 2 2 2 2 2 2 2
left_child=3 -2 -3 4 12 6 -5 8 -8 11 -9 -10 -1 14 -14
right_child=1 2 -4 5 -6 -7 7 10 9 -11 -12 -13 13 -15 -16
leaf_value=0.024035917799538693 0.032412028277623024 0.0025884581590128429 -0.054894430474400575 -0.023056948051292481 -0.061763270167880871 0.039473503612819413 -0.020658387089134103 0.017121679933958862 0.064334853156160568 -0.0081612415873557574 -0.04549917594983402 0.021305039651596823 0.023859138551148913 -0.041997473711526796 -0.011634188495882453
leaf_weight=1013 948 881 912 917 1047 989 932 916 1329 1573 1209 1035 1533 891 1657
leaf_count=1013 948 881 912 917 1047 989 932 916 1329 1573 1209 1035 1533 891 1657
internal_value=0.000112697 -0.00107094 -0.00288929 0.000328546 -0.000624779 0.000986185 0.000636733 0.000949012 0.00154469 0.00237141 -0.000414804 0.00422212 5.58247e-05 -0.000438381 0.000463495
internal_weight=17782 2741 1793 15041 6141 8900 7911 6994 4869 3937 2125 2364 5094 4081 3190
internal_count=17782 2741 1793 15041 6141 8900 7911 6994 4869 3937 2125 2364 5094 4081 3190
cat_boundaries=0 1 2
cat_threshold=5258 4770
is_linear=0
shrinkage=0.0477671


Tree=280
num_leaves=16
num_cat=1
split_feature=10 2 1 10 27 4 15 30 10 28 10 10 14 15 1
split_gain=2.94908 4.70106 4.16161 7.57725 2.74108 2.27992 4.84043 6.35099 3.18144 7.99526 7.00824 4.51378 4.44188 1.8895 1.60483
threshold=1026.1921366486401 0.70528941114895616 0.29403088672726913 1013.3915569325139 2.3497056310510049 284.40118756916416 108.03985726560167 0.55441478439425063 994.50665898968725 0 1016.1440447733088 1017.1993331066427 2.0293840352919754 201.39999515515905 0.22504042766213797
decision_type=2 2 2 2 2 2 2 2 2 1 2 2 2 2 2
left_child=1 -1 4 -4 5 -3 7 -7 -8 10 13 14 -12 -10 -11
right_child=-2 2 3 -5 -6 6 8 -9 9 11 12 -13 -14 -15 -16
leaf_value=-0.027112167773786205 -0.016778619711729763 -0.022020371387464294 -0.0084842908209433274 0.27981007107583239 0.033025238488739769 -0.043146476980842362 0.031133110240128634 0.0041196443516025557 -0.029592269700583609 0.099742925991530354 -0.013244954081213657 0.00054309441763851279 0.034797945240194729 -0.071838643148715797 0.019052913278557248
leaf_weight=1026 1703 1742 952 875 911 1136 1153 1056 906 1048 959 1673 962 876 887
leaf_count=1026 1703 1742 952 875 911 1136 1153 1056 906 1048 959 1673 962 876 887
internal_value=-1.21198e-06 0.000197882 0.000410114 0.00254792 0.000116477 -6.91705e-05 0.000192544 -0.00180768 0.000710825 0.000342708 -0.00121512 0.00194017 0.000782109 -0.00337622 0.00351658
internal_weight=17865 16162 15136 1827 13309 12398 10656 2192 8464 7311 3703 3608 1921 1782 1935
internal_count=17865 16162 15136 1827 13309 12398 10656 2192 8464 7311 3703 3608 1921 1782 1935
cat_boundaries=0 1
cat_threshold=624
is_linear=0
shrinkage=0.0477671


Tree=281
num_leaves=16
num_cat=1
split_feature=51 16 41 28 5 8 12 8 6 8 11 12 26 13 15
split_gain=2.01453 2.2073 3.35594 3.23602 5.55281 4.67842 4.14249 4.05974 5.95397 5.40588 6.95024 5.38578 3.52923 2.93937 2.89988
threshold=1.0000000180025095e-35 90.62455355936811 0.95178258287705175 0 283.74581042072072 302.20270692920184 70.962790499805166 289.56772136970636 285.53146230908118 285.20989127729501 74.931711293533667 64.147942826689572 304.52443204119737 2.2440274624726695 182.11032188884204
decision_type=2 2 2 1 2 2 2 2 2 2 2 2 2 2 2
left_child=1 -1 3 4 -3 7 12 8 9 10 -5 13 -6 -9 -14
right_child=-2 2 -4 5 6 -7 -8 11 -10 -11 -12 -13 14 -15 -16
leaf_value=0.014325283830005935 0.020909498673797378 0.045259169781133708 -0.034668408279251807 -0.041452872705346262 -0.022224918386858122 0.035439965703000488 0.023846492535360336 0.006099722195433469 0.051177512685634245 -0.07123481154383704 0.039712158473034317 -0.072674487873292656 0.015042881535167429 -0.034753408603309131 -0.010896488591633568
leaf_weight=1319 906 1298 1321 904 1166 1486 990 1265 882 881 1203 877 1019 1389 1098
leaf_count=1319 906 1298 1321 904 1166 1486 990 1265 882 881 1203 877 1019 1389 1098
internal_value=0.000174983 5.85377e-05 -9.82444e-05 0.000112177 0.00101383 -0.000453421 0.000183928 -0.00094523 0.000122853 -0.000894486 0.000418348 -0.00211649 -0.000632238 -0.00104305 0.00052919
internal_weight=18004 17098 15779 14458 5571 8887 4273 7401 3870 2988 2107 3531 3283 2654 2117
internal_count=18004 17098 15779 14458 5571 8887 4273 7401 3870 2988 2107 3531 3283 2654 2117
cat_boundaries=0 1
cat_threshold=5704
is_linear=0
shrinkage=0.0477671


Tree=282
num_leaves=15
num_cat=5
split_feature=12 35 31 14 37 44 28 18 28 11 28 36 36 28
split_gain=2.77969 2.51707 2.36906 4.86555 3.57795 4.88843 3.94637 4.47999 4.34173 2.94838 2.15163 3.00471 2.25293 2.10383
threshold=41.569265874006824 0.89583333333333337 0 2.0924644130978582 0.1294095225512602 27699.500000000004 1 0.010423974426417223 2 60.97786004869365 3 0.60355339059327384 0.12940952255126045 4
decision_type=2 2 1 2 2 2 1 2 1 2 1 2 2 1
left_child=13 2 3 -2 5 -4 -7 8 -8 -9 11 -6 -12 -1
right_child=1 -3 4 -5 10 6 7 9 -10 -11 12 -13 -14 -15
leaf_value=0.0014619224121061533 0.0092654425239346166 -0.023143887787586099 0.056961626150088762 -0.068739551125112874 -0.008664670197778758 -0.023968913686576804 -0.038420642776238141 0.0048967552246247928 0.011093186059358219 0.03945239557861898 0.0010456816873809977 0.031451810639044106 -0.029212536358557702 0.019491146639039929
leaf_weight=1056 992 1407 1175 1031 1687 970 1160 910 1568 1330 985 950 1616 1048
leaf_count=1056 992 1407 1175 1031 1687 970 1160 910 1568 1330 985 950 1616 1048
internal_value=2.52477e-05 -0.000192065 -3.16791e-06 -0.00151439 0.000245205 0.000943209 0.000385751 0.000930328 -0.00036689 0.00251531 -0.000701763 0.00026082 -0.0016731 0.00165626
internal_weight=17885 15781 14374 2023 12351 7113 5938 4968 2728 2240 5238 2637 2601 2104
internal_count=17885 15781 14374 2023 12351 7113 5938 4968 2728 2240 5238 2637 2601 2104
cat_boundaries=0 1 2 3 4 5
cat_threshold=64 2080 4244 5240 392
is_linear=0
shrinkage=0.0477671


Tree=283
num_leaves=16
num_cat=1
split_feature=1 24 30 27 40 31 24 5 3 7 40 12 1 46 23
split_gain=1.9304 2.42072 4.15615 4.77244 4.61198 7.15551 6.1162 4.18757 3.56001 4.17649 3.37171 2.71566 3.2759 2.16325 3.96833
threshold=0.31030311174989583 18.563189062741589 0.17659137577002057 0.89142763706638306 -0.14250824554987665 0 6.8829295018815637 286.44818084109136 292.83941539890844 283.45029672700292 0.91939013254733981 82.065251609239866 0.27572754583184683 0.11077631698179569 10.884067291850529
decision_type=2 2 2 2 2 1 2 2 2 2 2 2 2 2 2
left_child=1 2 -1 4 7 -6 -7 -4 9 -3 11 12 -11 -9 -15
right_child=-2 8 3 -5 5 6 -8 13 -10 10 -12 -13 -14 14 -16
leaf_value=-0.067211165448990681 -0.027330545275061884 0.033473802835017934 0.019443314798807922 -0.038457025408428012 -0.01362675404162088 0.046027010399991242 0.0014217045173312004 -0.025264547801319363 0.030681326837191002 -0.0066262107800948164 -0.061276412930498264 -0.016937125551353502 0.049310582337332293 0.0080102109726655265 -0.033038068215331021
leaf_weight=1030 1077 1497 897 916 1082 1478 1068 901 1612 1206 952 1062 903 1395 915
leaf_count=1030 1077 1497 897 916 1082 1478 1068 901 1612 1206 952 1062 903 1395 915
internal_value=-9.94405e-05 2.52851e-05 -0.000468461 -0.000126723 0.000259047 0.00150033 0.00287711 -0.00083666 0.000686607 0.000118596 -0.000665626 8.21468e-05 0.00107478 -0.00164311 -0.000867526
internal_weight=17991 16914 9682 8652 7736 3628 2546 4108 7232 5620 4123 3171 2109 3211 2310
internal_count=17991 16914 9682 8652 7736 3628 2546 4108 7232 5620 4123 3171 2109 3211 2310
cat_boundaries=0 1
cat_threshold=12
is_linear=0
shrinkage=0.0477671


Tree=284
num_leaves=15
num_cat=1
split_feature=13 7 3 7 1 16 41 1 11 10 2 1 5 31
split_gain=1.93703 2.13697 5.02574 4.87915 4.84846 4.7166 3.17794 2.9905 4.19813 2.66064 5.90944 6.74986 4.70568 4.44836
threshold=5.5562828466012695 287.05262035149474 287.70616329140256 290.39839099922756 0.25937366492730901 115.37170890999154 0.63089349388778826 0.29927490341096752 83.977000463250548 1015.2798377406932 0.81119774824053037 0.22125901603971335 293.5391508693948 0
decision_type=2 2 2 2 2 2 2 2 2 2 2 2 2 1
left_child=1 4 -3 -4 -1 -5 -6 -8 -9 13 11 -11 -13 -7
right_child=-2 2 3 5 6 9 7 8 -10 10 -12 12 -14 -15
leaf_value=0.046167689206416077 -0.042391479239830818 -0.034058688518087313 0.02867885849605948 -0.021134313882783921 -0.023372885822833891 0.048143353461896764 0.029979395449008361 0.020654802716742283 -0.036867223950917426 -0.07852442550357773 0.025501845575901697 0.021418351464475873 -0.024224895998467062 -0.0029839345703692472
leaf_weight=1273 882 1341 1080 1506 1228 1122 1170 1516 944 920 1381 1088 889 1512
leaf_count=1273 882 1341 1080 1506 1228 1122 1170 1516 944 920 1381 1088 889 1512
internal_value=1.86051e-05 0.000132164 -0.000270822 0.000115436 0.000844968 -0.000272106 0.000156863 0.000867878 -7.67629e-05 0.000255375 -0.000479606 -0.00170579 -0.000131759 0.00144994
internal_weight=17852 16970 10839 9498 6131 8418 4858 3630 2460 6912 4278 2897 1977 2634
internal_count=17852 16970 10839 9498 6131 8418 4858 3630 2460 6912 4278 2897 1977 2634
cat_boundaries=0 1
cat_threshold=69
is_linear=0
shrinkage=0.0477671


Tree=285
num_leaves=16
num_cat=1
split_feature=13 29 24 36 52 1 1 14 45 24 5 28 24 16 11
split_gain=1.87872 2.20081 6.87777 3.59062 3.03809 3.09543 5.45105 7.20458 5.07246 4.99364 4.26008 2.42408 2.0524 3.97881 3.61061
threshold=5.5562828466012695 116.50000000000001 2.3470050309586337 -0.70710678118654735 0.19593493916883467 0.19871784236801476 0.20434552575322079 3.3886079097113044 0.16289618911388162 21.618939425431773 296.15787367406125 0 21.40937814671674 183.42810654742377 73.879397627762515
decision_type=2 2 2 2 2 2 2 2 2 2 2 1 2 2 2
left_child=1 3 -3 -1 5 -4 -7 8 -8 10 11 -10 14 -14 -5
right_child=-2 2 4 12 -6 6 7 -9 9 -11 -12 -13 13 -15 -16
leaf_value=0.05126242856396343 -0.042764306906793961 -0.026887923212694391 0.02769621562108554 -0.035516845507424934 -0.018234462948981147 -0.040893459761911111 0.026220577656718938 0.05224289580362354 -0.0038625712596157985 -0.035985330911985962 -0.023785189526118338 0.022594473131967066 0.059124967361551171 -0.011619971682798434 0.018870369547968259
leaf_weight=1361 899 1192 1465 1379 1541 897 1041 924 1218 884 897 1292 985 1004 927
leaf_count=1361 899 1192 1465 1379 1541 897 1041 924 1218 884 897 1292 985 1004 927
internal_value=-2.12166e-05 9.11506e-05 -0.000292272 0.000861034 0.000110276 0.000459786 4.97723e-05 0.000549392 -0.000125001 -0.000851072 -2.03754e-05 0.000988708 0.000182986 0.00130773 -0.000786174
internal_weight=17906 17007 11351 5656 10159 8618 7153 6256 5332 4291 3407 2510 4295 1989 2306
internal_count=17906 17007 11351 5656 10159 8618 7153 6256 5332 4291 3407 2510 4295 1989 2306
cat_boundaries=0 1
cat_threshold=1792
is_linear=0
shrinkage=0.0477671


Tree=286
num_leaves=16
num_cat=3
split_feature=11 13 45 28 35 28 25 28 7 4 11 44 36 24 2
split_gain=2.05751 1.87664 3.22507 8.19924 3.89155 5.32061 2.7933 2.34716 2.8584 3.22318 2.31222 1.92504 1.90663 1.16707 0.842039
threshold=37.574146926681117 5.2648015125473906 0.11077631698179569 0 0.52083333333333337 1 87.598106116778027 2 297.82415544851722 290.2779492854807 73.383435443839787 29442.500000000004 0.60355339059327384 39.882562574959216 0.72683208374940667
decision_type=2 2 2 1 2 1 2 1 2 2 2 2 2 2 2
left_child=-1 2 3 -2 7 11 -7 10 9 12 -4 -6 -9 -5 -14
right_child=1 -3 4 13 5 6 -8 8 -10 -11 -12 -13 14 -15 -16
leaf_value=0.015377498100611097 -0.029300752728196485 -0.040824734735427547 0.0050628777611662137 0.060435004833548092 0.028487114462389301 -0.016061747221885317 -0.057639657663242042 0.016711021710516784 0.02463929425931723 -0.026701448496990715 0.033902206121835539 -0.013206874814797051 -0.019785505160474573 0.018441740206960672 0.00051320907278214927
leaf_weight=1272 1325 1044 1616 875 895 1646 1101 1318 1068 881 908 1210 893 1027 924
leaf_count=1272 1325 1044 1616 875 895 1646 1101 1318 1068 881 908 1210 893 1027 924
internal_value=0.00013652 -4.14913e-06 0.000126226 0.00147214 -0.000222172 -0.00127937 -0.00265869 0.000451761 -0.000140219 -0.00072499 0.00163911 0.00052969 -6.90654e-06 0.00347144 -0.0010109
internal_weight=18003 16731 15687 3227 12460 4852 2747 7608 5084 4016 2524 2105 3135 1902 1817
internal_count=18003 16731 15687 3227 12460 4852 2747 7608 5084 4016 2524 2105 3135 1902 1817
cat_boundaries=0 1 2 3
cat_threshold=2098 2318 1136
is_linear=0
shrinkage=0.0477671


Tree=287
num_leaves=14
num_cat=1
split_feature=1 45 14 35 31 10 45 0 8 3 14 11 30
split_gain=2.36805 1.77166 4.26244 4.40244 4.48383 3.23531 3.21314 2.97391 5.9901 4.07548 2.88031 2.23436 1.79871
threshold=0.31030311174989583 0.077737566926842624 4.1434144455413469 0.52083333333333337 0 1019.0414583061062 0.23184395843844199 12.831024258447746 290.46172983252706 296.74725931375821 2.9449156284900178 75.309246797694712 0.45311430527036284
decision_type=2 2 2 2 1 2 2 2 2 2 2 2 2
left_child=1 10 3 6 -5 12 -3 11 -9 -10 -1 -8 -6
right_child=-2 2 -4 4 5 -7 7 8 9 -11 -12 -13 -14
leaf_value=0.034149973268897987 -0.034785500481672005 -0.022701475320160182 0.036505468726345768 0.011376743468071906 -0.019550709860980769 -0.0039742343784379044 -0.015050811130185837 0.068955475448120113 -0.0096715498064187649 0.031903909571200588 -0.003247753728378351 0.010862123575639622 -0.038915420983968246
leaf_weight=1248 1040 1065 1589 1516 1057 1400 1395 876 1672 1181 1146 1462 1329
leaf_count=1248 1040 1065 1589 1516 1057 1400 1395 876 1672 1181 1146 1462 1329
internal_value=5.56785e-05 0.000191659 -6.41608e-06 -0.000293002 -0.00135097 -0.0022267 0.000439857 0.000833736 0.0017223 0.000660557 0.00139577 -0.000325246 -0.00330232
internal_weight=17976 16936 14542 12953 5302 3786 7651 6586 3729 2853 2394 2857 2386
internal_count=17976 16936 14542 12953 5302 3786 7651 6586 3729 2853 2394 2857 2386
cat_boundaries=0 1
cat_threshold=65
is_linear=0
shrinkage=0.0477671


Tree=288
num_leaves=16
num_cat=1
split_feature=1 1 9 24 7 5 11 0 1 41 31 0 16 9 5
split_gain=1.70433 4.48915 4.53754 1.97846 4.28468 6.92243 7.56704 4.44595 7.6272 10.1117 6.56527 4.54393 4.01514 3.87525 3.82254
threshold=0.19499775022681537 0.19759453614336106 988.20986550183136 3.4809793387469949 294.24436036464812 299.53203035277926 48.564065321017075 12.424839892211262 0.26495809935293463 0.53312596302726967 0 10.031140039679849 170.64055601428691 1017.1305573989545 282.04056456752471
decision_type=2 2 2 2 2 2 2 2 2 2 1 2 2 2 2
left_child=-1 -2 -3 12 7 6 -6 8 -5 -10 -9 14 -4 -8 -11
right_child=1 2 3 4 5 -7 13 10 9 11 -12 -13 -14 -15 -16
leaf_value=-0.018186360738275547 0.034345444647526653 -0.027069906958065555 -0.0046917383658036963 0.035192372973085605 0.058536906194931931 -0.015923132498642207 0.03367639668962822 -0.004574335211785044 -0.07743115189094954 0.0049569518981644337 -0.10780560541096432 0.033521569195754677 0.036809218182430298 -0.020237773237032342 -0.035895664216745345
leaf_weight=952 952 1246 1085 1140 1022 1152 1109 1307 895 1509 946 1592 978 874 1116
leaf_count=952 952 1246 1085 1140 1022 1152 1109 1307 895 1509 946 1592 978 874 1116
internal_value=1.19004e-05 0.000122652 -6.71547e-05 0.000166912 -5.64109e-05 0.00120025 0.00240748 -0.000670892 -1.49236e-05 -0.000803157 -0.00249019 0.000175043 0.00153867 0.000685391 -0.00104548
internal_weight=17875 16923 15971 14725 12662 4157 3005 8505 6252 5112 2253 4217 2063 1983 2625
internal_count=17875 16923 15971 14725 12662 4157 3005 8505 6252 5112 2253 4217 2063 1983 2625
cat_boundaries=0 1
cat_threshold=54
is_linear=0
shrinkage=0.0477671


Tree=289
num_leaves=16
num_cat=2
split_feature=45 16 45 1 2 1 32 15 28 15 37 1 1 28 45
split_gain=2.81946 4.76701 4.30357 5.76408 4.1625 3.54652 2.44197 4.03259 3.37483 5.40301 3.34501 4.36481 2.95402 2.63219 0.539371
threshold=0.83710381088611852 156.1577257170041 0.71603616942947224 0.30922614659118097 0.75250962413703781 0.30263963204280137 1.0000000180025095e-35 106.88653793645067 0 180.42227903113948 0.37940952255126048 0.20567059505637814 0.25756405554535422 1 0.28396383057052793
decision_type=2 2 2 2 2 2 2 2 1 2 2 2 2 1 2
left_child=2 -2 3 5 -3 6 7 -1 -8 -10 11 -9 14 -12 -13
right_child=1 4 -4 -5 -6 -7 8 10 9 -11 13 12 -14 -15 -16
leaf_value=-0.014549711580779424 -0.024437695538927037 -0.027594750746934266 0.02897557241923842 -0.076995472831890871 0.014852525727458632 0.046534239459449192 -0.076753345233850884 -0.0096533272414540718 0.035722732593332314 -0.029906329819820582 -0.031661830217089924 0.070628794352254734 0.0078300612511287577 0.012030103325039921 0.039507168050819254
leaf_weight=1438 1689 877 1535 891 1462 922 984 892 914 1123 928 913 1195 1220 874
leaf_count=1438 1689 877 1535 891 1462 922 984 892 914 1123 928 913 1195 1220 874
internal_value=-4.93621e-05 -0.0011616 0.000274441 -2.31309e-05 0.000233899 0.000265805 1.57383e-05 0.000479933 -0.0011298 -1.05774e-05 0.00102287 0.00186128 0.00273841 -0.000488196 0.0039682
internal_weight=17857 4028 13829 12294 2339 11403 10481 7460 3021 2037 6022 3874 2982 2148 1787
internal_count=17857 4028 13829 12294 2339 11403 10481 7460 3021 2037 6022 3874 2982 2148 1787
cat_boundaries=0 1 2
cat_threshold=4208 1556
is_linear=0
shrinkage=0.0477671


Tree=290
num_leaves=17
num_cat=4
split_feature=4 28 10 44 10 28 40 37 1 14 3 28 4 30 0 28
split_gain=1.90551 3.08919 9.5403 6.40874 4.78607 11.0347 7.87969 4.85112 4.66426 6.66208 4.32928 4.00482 3.74364 3.53059 3.46426 3.02757
threshold=278.17712816476035 0 998.42846422827631 34366.500000000007 1018.3767247160362 1 0.88220160189607266 -0.60355339059327384 0.25937366492730901 2.0059353289492514 295.16830499432825 2 291.71808627360855 0.84188911704312119 13.510679762590831 3
decision_type=2 1 2 2 2 1 2 2 2 2 2 1 2 2 2 1
left_child=-1 10 14 4 5 12 7 -6 9 -7 13 -9 -4 -2 -3 -11
right_child=1 2 3 -5 6 8 -8 11 -10 15 -12 -13 -14 -15 -16 -17
leaf_value=0.025731332451115571 -0.071142636288826597 0.0079122140411024798 -0.13966342482629174 -0.043442952858821236 0.023804005987781075 -0.011783737028409262 0.045053183998651082 0.0054345980134594537 -0.036992130811186394 0.074499551532479419 0.013581817729309572 -0.059645381957064002 -0.017961921398342656 -0.001224197082988822 0.068107049209589668 0.014044744589868942
leaf_weight=926 1544 963 933 910 974 1071 1116 1297 994 1003 1387 892 877 954 999 1002
leaf_count=926 1544 963 933 910 974 1071 1116 1297 994 1003 1387 892 877 954 999 1002
internal_value=2.55215e-06 -0.000112819 0.000239745 -0.000304034 3.97469e-05 -0.00084448 0.00125533 3.70491e-05 0.000538003 0.001459 -0.00129325 -0.00121007 -0.00393562 -0.00248498 0.00330993 0.00308409
internal_weight=17842 16916 13031 11069 10159 5880 4279 3163 4070 3076 3885 2189 1810 2498 1962 2005
internal_count=17842 16916 13031 11069 10159 5880 4279 3163 4070 3076 3885 2189 1810 2498 1962 2005
cat_boundaries=0 1 2 3 4
cat_threshold=2178 4176 5696 1288
is_linear=0
shrinkage=0.0477671


Tree=291
num_leaves=14
num_cat=1
split_feature=45 24 18 29 0 31 17 0 0 41 1 2 24
split_gain=2.15332 3.67976 3.92386 3.56872 4.04293 3.54372 4.7894 3.12647 4.12836 3.63813 3.92179 2.83154 2.8059
threshold=0.83710381088611852 5.4850847433465431 0.0052119872132086248 197.50000000000003 12.385789577490991 0 0.085321821552544252 10.727568896180744 12.338727314854554 -0.52765736634565841 0.20434552575322079 0.76296986390532673 21.099571475809345
decision_type=2 2 2 2 2 1 2 2 2 2 2 2 2
left_child=1 -1 7 4 -2 11 12 -3 -9 10 -10 -4 -7
right_child=3 2 5 -5 -6 6 -8 8 9 -11 -12 -13 -14
leaf_value=0.027737967323314475 -0.050903781666323797 -0.02592333903243987 0.004369454082610396 -0.020290551037918166 0.014024435733880633 0.04251267231112657 -0.036636992347949204 0.025073237880309511 -0.031114228148202975 -0.036393309548080267 0.028293632570017609 0.045520304461156895 -0.0024165258717002568
leaf_weight=1140 1048 1541 1506 1381 1595 885 1505 896 1026 1057 1217 1437 1631
leaf_count=1140 1048 1541 1506 1381 1595 885 1505 896 1026 1057 1217 1437 1631
internal_value=-0.000118858 0.000163767 -6.94008e-05 -0.00109154 -6.24114e-05 0.000692453 -0.00023052 -0.000994585 -0.000318219 -0.00109941 -9.65315e-06 0.00194843 0.00104331
internal_weight=17865 13841 12701 4024 2643 6964 4021 5737 4196 3300 2243 2943 2516
internal_count=17865 13841 12701 4024 2643 6964 4021 5737 4196 3300 2243 2943 2516
cat_boundaries=0 1
cat_threshold=28
is_linear=0
shrinkage=0.0477671


Tree=292
num_leaves=16
num_cat=1
split_feature=26 25 6 1 8 13 27 28 27 7 10 2 2 4 44
split_gain=2.16068 2.12385 1.96275 5.25694 2.88085 2.99123 2.60012 4.69283 4.79584 2.81136 5.30405 8.03424 8.87637 5.28697 0.904955
threshold=858.25202104854225 857.33953108985884 295.09160430055408 0.21016391331911588 297.35683141739543 4.770099809705413 0.31837132296756682 0 0.20803724725705744 282.71116427734268 1002.1694091606772 0.75599248676441289 0.72408566763578464 288.29681986549787 26046.000000000004
decision_type=2 2 2 2 2 2 2 1 2 2 2 2 2 2 2
left_child=1 2 4 -4 5 6 7 -1 -9 14 -11 12 -12 -13 -8
right_child=-2 -3 3 -5 -6 -7 9 8 -10 10 11 13 -14 -15 -16
leaf_value=-0.045483731425464392 -0.030904964822197026 0.031107001483987512 0.0086913808751238556 -0.02119557629699341 0.053513088781577553 -0.035622775404507527 0.047695496679804571 0.018945348588314495 -0.01898745431476058 0.032527409141980976 -0.012044767275048562 -0.10216381977102744 0.073226409181587446 -0.0020176350907419082 0.017274870253448042
leaf_weight=1119 992 1022 1439 1371 897 1072 885 1628 959 940 1467 1068 943 1310 876
leaf_count=1119 992 1022 1439 1371 897 1072 885 1628 959 940 1467 1068 943 1310 876
internal_value=5.03304e-05 0.00017693 4.17245e-05 -0.00110414 0.000286491 9.52198e-05 0.000326213 -0.000708299 0.000412987 0.000838448 0.00032484 -0.000318779 0.00162434 -0.00228899 0.00250779
internal_weight=17988 16996 15974 2810 13164 12267 11195 3706 2587 7489 5728 4788 2410 2378 1761
internal_count=17988 16996 15974 2810 13164 12267 11195 3706 2587 7489 5728 4788 2410 2378 1761
cat_boundaries=0 1
cat_threshold=396
is_linear=0
shrinkage=0.0477671


Tree=293
num_leaves=17
num_cat=2
split_feature=51 0 41 44 37 30 6 6 31 8 46 28 11 36 2 40
split_gain=2.48899 2.61923 2.72058 3.22311 2.16489 4.32015 3.76177 2.45383 4.52015 1.823 2.76698 2.17961 2.11749 2.20849 1.60792 4.4418
threshold=1.0000000180025095e-35 9.506362547973648 0.84658398682345093 34688.500000000007 -0.60355339059327384 0.68309377138945937 293.63991337281033 295.33379584617688 0 296.70763344920084 1.0000000180025095e-35 1 69.373529987023616 -0.37940952255126059 0.73233766922924881 0.80926549319045582
decision_type=2 2 2 2 2 2 2 2 1 2 2 1 2 2 2 2
left_child=1 -1 3 4 5 6 -3 9 -9 10 -6 -12 13 -13 -14 -16
right_child=-2 2 -4 -5 7 -7 -8 8 -10 -11 11 12 14 -15 15 -17
leaf_value=-0.026577531819888166 0.021764338270166744 0.0069427094445518147 0.046311339097361882 -0.03197231662843654 0.017331945470419361 -0.011398423545463944 0.037896834864801394 0.001031299603944436 -0.038503182418326447 0.033167999928570564 -0.047247196582320114 0.0042061074782222463 -0.005126057028697545 -0.029401303697455285 0.038837563134358023 -0.0077337477049136604
leaf_weight=1069 891 1698 1472 1171 969 874 1033 1264 954 896 876 921 910 883 883 1162
leaf_count=1069 891 1698 1472 1171 969 874 1033 1264 954 896 876 921 910 883 883 1162
internal_value=2.9187e-05 -9.9413e-05 5.37126e-05 -0.000144854 6.61607e-05 0.00106602 0.00200187 -0.00030452 -0.00170035 0.000107975 -0.000166022 -0.000571792 -0.000164799 -0.00145508 0.000621591 0.00136535
internal_weight=17926 17035 15966 14494 13323 3605 2731 9718 2218 7500 6604 5635 4759 1804 2955 2045
internal_count=17926 17035 15966 14494 13323 3605 2731 9718 2218 7500 6604 5635 4759 1804 2955 2045
cat_boundaries=0 1 2
cat_threshold=108 160
is_linear=0
shrinkage=0.0477671


Tree=294
num_leaves=16
num_cat=4
split_feature=24 28 28 9 9 5 13 9 10 28 12 28 27 2 45
split_gain=2.15186 5.88675 5.14591 9.42261 6.60312 4.68963 4.00258 3.99505 5.28987 3.88894 3.41145 7.63134 3.33007 4.8443 1.10672
threshold=14.359288871051369 0 1 1015.195060550045 1019.3086130057663 279.75049663596872 3.0618232362760165 1023.7700448566482 1015.861787901834 2 76.058133830059134 3 0.63776275411863825 0.76296986390532673 0.83710381088611852
decision_type=2 1 1 2 2 2 2 2 2 1 2 1 2 2 2
left_child=2 6 3 -1 -5 -3 -2 8 14 -10 12 -12 -7 -14 -4
right_child=1 5 7 4 -6 10 -8 -9 9 -11 11 -13 13 -15 -16
leaf_value=-0.082863923468826858 0.063529982254619213 0.040952287132829869 0.031793910162561334 0.024113074362228867 -0.034042608980697109 -0.021231057369013859 0.011835346109829819 0.022792303035704918 0.0089341469997049304 -0.030466866073044944 0.0037964347863943429 -0.093750487349346157 -0.012320158913156269 0.035661445664369393 0.0062996358160207393
leaf_weight=906 1051 881 888 1192 914 963 963 1365 921 1712 1166 1190 1170 1697 906
leaf_count=906 1051 881 888 1192 914 963 963 1365 921 1712 1166 1190 1170 1697 906
internal_value=4.39433e-05 0.000559956 -0.000488052 -0.00208571 -0.000339162 -9.08046e-05 0.00283094 0.000345396 -0.000350169 -0.00171354 -0.000555609 -0.00198597 0.000323685 0.0011405 0.00164957
internal_weight=17885 9081 8804 3012 2106 7067 2014 5792 4427 2633 6186 2356 3830 2867 1794
internal_count=17885 9081 8804 3012 2106 7067 2014 5792 4427 2633 6186 2356 3830 2867 1794
cat_boundaries=0 1 2 3 4
cat_threshold=196 660 1090 3848
is_linear=0
shrinkage=0.0477671


Tree=295
num_leaves=17
num_cat=2
split_feature=35 38 35 37 44 15 5 14 8 12 28 14 40 28 8 3
split_gain=2.13827 3.26434 7.52688 5.4746 9.84233 3.91619 3.89865 3.55714 5.41941 3.62692 3.27753 2.94927 3.07034 2.81797 2.49308 1.30533
threshold=0.062500000000000014 -0.60785761079279388 0.77083333333333337 0.37940952255126048 26664.500000000004 228.78436951123629 285.88536738399222 4.1434144455413469 295.38716266887542 83.041375814214931 0 2.6008217388612773 0.048362692321690152 1 301.31868186132414 281.90843114927708
decision_type=2 2 2 2 2 2 2 2 2 2 1 2 2 1 2 2
left_child=-1 2 5 4 -3 10 15 8 9 11 -2 12 -6 -8 -10 -5
right_child=1 3 -4 6 7 -7 13 -9 14 -11 -12 -13 -14 -15 -16 -17
leaf_value=0.021750048272706313 -0.038580632854120479 0.08288141066181659 0.037101591184690814 -0.018196610893252304 0.0054036249987688984 -0.074412114096887916 0.017055213294976296 0.040490222977129418 -0.025069431271628938 -0.013719017011707912 0.0016790858484044338 -0.0052135326666999503 0.061341912850587439 -0.011138341212334858 -0.0012728575840523469 -0.050226898118846106
leaf_weight=1488 1155 878 1045 902 885 919 898 1073 1142 961 1617 875 1165 883 1024 1035
leaf_count=1488 1155 878 1045 902 885 919 898 1073 1142 961 1617 875 1165 883 1024 1035
internal_value=0.000126314 -3.03411e-05 -0.00108881 0.000397155 0.00110094 -0.00210239 -0.00111713 0.000512554 6.27735e-05 0.0011303 -0.00120543 0.00196708 0.00295814 0.000494924 -0.00185143 -0.00260051
internal_weight=17945 16457 4736 11721 8003 3691 3718 7125 6052 3886 2772 2925 2050 1781 2166 1937
internal_count=17945 16457 4736 11721 8003 3691 3718 7125 6052 3886 2772 2925 2050 1781 2166 1937
cat_boundaries=0 1 2
cat_threshold=3154 632
is_linear=0
shrinkage=0.0477671


Tree=296
num_leaves=16
num_cat=1
split_feature=51 14 1 45 10 40 14 11 39 29 6 29 6 12 31
split_gain=2.67569 2.93858 2.87837 3.45239 4.95999 4.25627 3.93462 3.72474 3.58941 3.36723 4.18968 2.82556 3.26401 5.61052 2.33556
threshold=1.0000000180025095e-35 1.1705985641526231 0.30965907852171354 0.56192977791787302 1020.5355952510191 0.58481550752069722 1.9961189434378774 37.243984621517733 1.0000000180025095e-35 216.50000000000003 289.5061954999004 183.50000000000003 285.85835367316707 52.024057875313936 0
decision_type=2 2 2 2 2 2 2 2 2 2 2 2 2 2 1
left_child=1 -1 3 4 5 6 -3 -5 -7 11 -11 12 -9 -14 -8
right_child=-2 2 -4 7 -6 8 14 9 -10 10 -12 -13 13 -15 -16
leaf_value=0.013684171668161101 0.024343777447871903 -0.010305364576390743 -0.059970784818938146 0.015775419762313451 0.056483696641259046 0.0025235107774822562 0.059593560690044275 -0.056537628734908724 -0.083876417393911079 0.021198734323461345 -0.011461027749759593 -0.070275109183230447 -0.025442818363999396 0.026087837758210553 0.0083590278869779475
leaf_weight=1540 924 890 939 905 939 1464 919 1488 1086 1110 1511 980 1026 989 1150
leaf_count=1540 924 890 939 905 939 1464 919 1488 1086 1110 1511 980 1026 989 1150
internal_value=-2.39458e-05 -0.000160634 -0.000359753 -0.000193134 0.000629338 8.19669e-05 0.0013149 -0.00085558 -0.00134784 -0.00122345 0.000135834 -0.00201865 -0.00138342 -0.000129274 0.00245769
internal_weight=17860 16936 15396 14457 6448 5509 2959 8009 2550 7104 2621 4483 3503 2015 2069
internal_count=17860 16936 15396 14457 6448 5509 2959 8009 2550 7104 2621 4483 3503 2015 2069
cat_boundaries=0 1
cat_threshold=73
is_linear=0
shrinkage=0.0477671


Tree=297
num_leaves=15
num_cat=0
split_feature=6 29 24 27 26 23 13 16 25 26 8 5 5 7
split_gain=1.93344 2.56133 2.69032 2.1472 3.02125 1.95689 3.18454 3.18478 2.96128 2.68642 3.02741 4.03774 4.11465 1.85784
threshold=277.03095284262577 24.500000000000004 50.907914426550775 1.6694719392492832 844.80435270494525 30.784728537877836 3.61142969761912 231.6710681448815 820.75080921821893 702.9329641919395 298.51010545603862 290.7980529750464 286.81526974982984 285.21379945289192
decision_type=2 2 2 2 2 2 2 2 2 2 2 2 2 2
left_child=-1 -2 3 4 5 6 7 8 9 10 11 12 13 -3
right_child=1 2 -4 -5 -6 -7 -8 -9 -10 -11 -12 -13 -14 -15
leaf_value=0.026475763208044577 -0.061555298503147969 -0.003010154089357515 0.019796681453439793 0.028855840206534557 -0.02942797290007242 -0.020272455879977506 0.033991654996260209 0.01720390258868967 0.016181460069758312 -0.025766020981697793 0.01411584699861218 -0.024290272395770918 0.019210799421977523 -0.031739150684950958
leaf_weight=878 911 1196 1724 945 1663 1711 1266 1311 1092 887 1271 1072 941 1083
leaf_count=878 911 1196 1724 945 1663 1711 1266 1311 1092 887 1271 1072 941 1083
internal_value=-0.00012095 -0.000233487 -9.44385e-05 -0.000307529 -0.000461823 -0.000193625 5.87861e-05 -0.000261434 -0.000639385 -0.00102905 -0.000639298 -0.00124596 -0.000399838 -0.00149764
internal_weight=17951 17073 16162 14438 13493 11830 10119 8853 7542 6450 5563 4292 3220 2279
internal_count=17951 17073 16162 14438 13493 11830 10119 8853 7542 6450 5563 4292 3220 2279
is_linear=0
shrinkage=0.0477671


Tree=298
num_leaves=15
num_cat=1
split_feature=8 41 11 13 35 35 28 41 45 18 7 14 18 26
split_gain=2.19684 4.45088 2.98593 2.5894 1.73659 3.07835 3.08456 4.9321 2.77529 2.44971 2.74726 2.03912 3.97495 3.17809
threshold=305.89114570647399 -0.94137724084408114 40.61538467289698 5.0168431494696257 0.062500000000000014 0.14583333333333334 0 -0.35042475891464198 0.59496852797282596 0.11819737224199206 290.29933568922297 1.7314633493262932 0.010423974426417211 11.27137606927583
decision_type=2 2 2 2 2 2 1 2 2 2 2 2 2 2
left_child=1 -1 -3 4 -4 -6 8 -8 -7 10 11 13 -13 -9
right_child=-2 2 3 -5 5 6 7 9 -10 -11 -12 12 -14 -15
leaf_value=-0.025970385599920858 0.038727212950941219 0.018673642903432992 0.028047373559013006 -0.029658145974395627 -0.024568099998326237 -0.02540513364119441 0.050254892892178216 -0.00099438195357889024 0.0041303627138096115 0.031809092335215124 -0.014947240784331151 -0.04742176078505371 0.031434722493483849 0.045153518856283707
leaf_weight=1717 907 1097 1261 1088 1251 1572 906 1024 1567 913 1288 1249 1119 881
leaf_count=1717 907 1097 1261 1088 1251 1572 906 1024 1567 913 1288 1249 1119 881
internal_value=5.07479e-05 -7.18023e-05 0.000188209 1.53354e-06 0.00018861 7.92716e-06 0.00027452 0.000807666 -0.00097769 0.000346435 -2.96625e-05 0.000552829 -0.000382324 0.00171644
internal_weight=17840 16933 15216 14119 13031 11770 10519 7380 3139 6474 5561 4273 2368 1905
internal_count=17840 16933 15216 14119 13031 11770 10519 7380 3139 6474 5561 4273 2368 1905
cat_boundaries=0 1
cat_threshold=2400
is_linear=0
shrinkage=0.0477671


Tree=299
num_leaves=16
num_cat=0
split_feature=2 2 46 5 46 24 5 2 2 0 6 5 1 2 4
split_gain=1.57398 3.09267 2.39811 5.90781 2.76253 3.37911 2.88038 3.33601 4.41291 6.10088 4.73513 3.52624 6.1764 2.67806 1.85668
threshold=0.70012165971392115 0.70602187110499981 1.0000000180025095e-35 290.25864319630313 0.11077631698179569 6.0753451525521802 280.10341974977001 0.72323061768906294 0.75250962413703781 12.831024258447746 286.79243561995128 299.31064304482715 0.20434552575322079 0.79243796986733217 286.26239735641155
decision_type=2 2 2 2 2 2 2 2 2 2 2 2 2 2 2
left_child=-1 -2 3 -3 -4 -6 -7 -8 14 -10 -11 12 -12 -14 -9
right_child=1 2 4 -5 5 6 7 8 9 10 11 -13 13 -15 -16
leaf_value=0.016140419226692144 -0.027086320719043343 0.040475300766057869 -0.021139335376400954 -0.010777480032996539 0.025511077601460187 0.044248747054858081 -0.027892522786291798 0.0055787921845046849 -0.038677536629759708 -0.047548606201982535 -0.0126541851275305 -0.017368390802210171 0.026528450997660016 0.070270097535553064 0.031617554503208051
leaf_weight=1161 902 1253 1740 1003 1278 1044 966 874 1395 914 1263 1090 947 921 908
leaf_count=1161 902 1253 1740 1003 1278 1044 966 874 1395 914 1263 1090 947 921 908
internal_value=8.77852e-05 -3.17133e-05 0.000125431 0.00156584 -0.000117997 0.00014805 -0.000138615 -0.000406485 -9.74265e-05 -0.00067264 8.79368e-05 0.000763337 0.0015783 0.00332307 0.00200915
internal_weight=17659 16498 15596 2256 13340 11600 10322 9278 8312 6530 5135 4221 3131 1868 1782
internal_count=17659 16498 15596 2256 13340 11600 10322 9278 8312 6530 5135 4221 3131 1868 1782
is_linear=0
shrinkage=0.0477671


Tree=300
num_leaves=15
num_cat=0
split_feature=8 41 13 11 8 14 6 42 14 8 6 2 1 13
split_gain=1.65711 4.9384 3.41116 2.59267 3.6956 4.83833 2.38147 4.81179 5.62429 4.72354 3.33781 5.70838 5.14282 2.66067
threshold=305.89114570647399 -0.94137724084408114 4.9563576276189441 40.299511882271567 296.11578303822677 2.2528819077986895 287.03125016137011 -0.5 2.2403128850140801 286.86425801286612 282.15551144638545 0.73506773549989457 0.29485354602110464 1.9106415436739987
decision_type=2 2 2 2 2 2 2 2 2 2 2 2 2 2
left_child=1 -1 3 -3 6 -6 9 -8 -9 10 12 -12 -5 -14
right_child=-2 2 -4 4 5 -7 7 8 -10 -11 11 -13 13 -15
leaf_value=-0.028558703433852143 0.032539801084534747 0.019872384520300171 -0.035402807209097248 -0.024204018440799835 -0.031808971723204488 0.0047875635095219653 -0.0038486364619769557 0.067095054822489369 0.0095267473754829558 -0.020922093996858914 -0.0071674524813512891 0.062050939715609904 -0.0018297654979786842 0.062509350218561049
leaf_weight=1745 884 944 1271 1489 1200 1182 1469 885 918 1723 944 1174 1140 903
leaf_count=1745 884 944 1271 1489 1200 1182 1469 885 918 1723 944 1174 1140 903
internal_value=-7.33794e-05 -0.000178429 9.70048e-05 0.00031268 0.000137333 -0.00156322 0.000518071 0.00159058 0.00324417 4.18086e-05 0.00070977 0.00220913 -0.000188705 0.00136669
internal_weight=17871 16987 15242 13971 13027 2382 10645 3272 1803 7373 5650 2118 3532 2043
internal_count=17871 16987 15242 13971 13027 2382 10645 3272 1803 7373 5650 2118 3532 2043
is_linear=0
shrinkage=0.0477671


Tree=301
num_leaves=16
num_cat=2
split_feature=1 8 14 12 8 35 11 14 28 31 12 2 44 2 40
split_gain=2.14354 7.25952 3.46491 3.12852 4.12872 3.24912 3.58799 3.49852 3.43651 2.60268 2.17015 2.1178 3.23813 2.87252 3.1734
threshold=0.25937366492730901 285.84338837705707 4.6758707679541489 75.0841478597616 289.87897957799845 0.52083333333333337 63.729747667523093 4.1434144455413469 0 1 42.228140994641869 0.69869222256107866 32853.500000000007 0.71076988009093367 0.60555468348150676
decision_type=2 2 2 2 2 2 2 2 1 1 2 2 2 2 2
left_child=1 -1 11 4 -3 6 8 9 -6 -7 -11 -2 13 -13 -15
right_child=2 3 -4 -5 5 7 -8 -9 -10 10 -12 12 -14 14 -16
leaf_value=0.067889067167013747 -0.022359879079939114 0.048960620475706443 -0.07070219694633724 -0.037048232514290298 0.035183690283360346 0.0035507394071702778 -0.013154125942940725 0.03556318313077473 0.00137556935190525 -0.0072765105824776164 -0.042058549367586899 0.0078569120597489338 0.035797604343588287 -0.02915948426178052 0.0021268845890994358
leaf_weight=903 883 878 927 889 1327 1020 1010 933 1343 993 1337 1368 1195 1452 1300
leaf_count=903 883 878 927 889 1327 1020 1010 933 1343 993 1337 1368 1195 1452 1300
internal_value=-5.90519e-05 0.000370408 -0.000700271 -9.58917e-06 0.000261788 -8.07012e-05 0.000959927 -0.000975342 0.00187764 -0.00169613 -0.00257112 -0.0002925 6.69843e-05 -0.000567562 -0.0014572
internal_weight=17758 10633 7125 9730 8841 7963 3680 4283 2670 3350 2330 6198 5315 4120 2752
internal_count=17758 10633 7125 9730 8841 7963 3680 4283 2670 3350 2330 6198 5315 4120 2752
cat_boundaries=0 1 2
cat_threshold=672 65
is_linear=0
shrinkage=0.0477671


Tree=302
num_leaves=17
num_cat=0
split_feature=45 5 1 10 40 52 40 5 2 2 14 15 5 15 7 15
split_gain=2.09517 2.85591 5.89782 2.8956 5.25917 3.61966 3.35754 4.32453 5.60519 5.40447 4.03696 2.84018 2.22497 1.95611 1.26278 1.18504
threshold=0.83710381088611852 279.75049663596872 0.30549090809142282 1022.4741477889831 0.92602006027323147 0.19593493916883467 -0.84315017450793706 284.94320102830255 0.80055070748510004 0.80972855660050269 2.5267634099665561 169.32288472598091 289.81717669583645 235.61929807824302 290.96040622496275 173.25832265923154
decision_type=2 2 2 2 2 2 2 2 2 2 2 2 2 2 2 2
left_child=1 -1 3 4 5 6 12 -8 -9 -10 -11 14 -3 -13 -2 -7
right_child=11 2 -4 -5 -6 15 7 8 9 10 -12 13 -14 -15 -16 -17
leaf_value=0.02588866536393996 -0.0078368337877253499 0.0053022810796061722 -0.060477570582881626 0.030269226192293042 -0.041576192642505387 -0.019733242414478842 -0.024054013736826852 0.063291576122468107 -0.031549081254471971 0.055267304620905323 0.0010945054594537714 0.013918389542428957 -0.016821335274459552 -0.010694650832837931 -0.024386603905162268 -0.001592593042667727
leaf_weight=1606 898 879 906 1165 1460 885 948 1595 891 874 876 1126 996 877 1113 877
leaf_count=1606 898 879 906 1165 1460 885 948 1595 891 874 876 1126 996 877 1113 877
internal_value=-6.10066e-05 0.000215439 -3.07566e-05 0.00026272 6.75217e-06 0.000446497 0.000930123 0.00155679 0.00220966 0.000858275 0.00240073 -0.00102285 -0.000801297 0.000249287 -0.00229104 -0.00148976
internal_weight=17972 13958 12352 11446 10281 8821 7059 5184 4236 2641 1750 4014 1875 2003 2011 1762
internal_count=17972 13958 12352 11446 10281 8821 7059 5184 4236 2641 1750 4014 1875 2003 2011 1762
is_linear=0
shrinkage=0.0477671


Tree=303
num_leaves=16
num_cat=3
split_feature=45 45 15 6 23 28 10 38 37 28 7 28 6 45 30
split_gain=1.51067 2.09634 4.07407 3.47467 3.234 5.16967 3.28328 4.70781 9.52212 8.3072 6.27382 7.13869 3.76085 2.59739 2.40966
threshold=0.97394006393395716 0.83710381088611852 174.13401099300401 300.55739434529556 8.7513042939945223 0 1025.7385872344023 -1.0000000180025095e-35 0.37940952255126048 1 285.70038030351208 2 286.69967685062244 0.23184395843844199 0.30800821355236147
decision_type=2 2 2 2 2 1 2 2 2 1 2 1 2 2 2
left_child=1 3 -3 4 5 -1 7 10 9 -9 -6 -12 -10 -13 -11
right_child=-2 2 -4 -5 6 -7 -8 8 12 14 11 13 -14 -15 -16
leaf_value=0.054305973115565016 0.013580469194879182 -0.027372793164366978 0.0053416312551848449 -0.034868794064873386 0.02487102127350678 -0.001540741279529835 -0.037248266968597045 -0.00096506996734141686 -0.053547955979281622 0.049354384659134359 0.007458762748309972 -0.10971664915253582 0.0090758470063026942 -0.02575265791523439 0.065611279963267766
leaf_weight=926 1117 1522 1397 971 1281 1153 900 1490 1136 1078 1050 994 879 946 988
leaf_count=926 1117 1522 1397 971 1281 1153 900 1490 1136 1078 1050 994 879 946 988
internal_value=-5.61407e-05 -0.000169943 -0.00133292 7.60328e-05 0.000284841 0.00200933 -4.87066e-05 0.000203616 0.00111854 0.00260534 -0.000989266 -0.00218791 -0.00150421 -0.00389371 0.00455474
internal_weight=17828 16711 2919 13792 12821 2079 10742 9842 5571 3556 4271 2990 2015 1940 2066
internal_count=17828 16711 2919 13792 12821 2079 10742 9842 5571 3556 4271 2990 2015 1940 2066
cat_boundaries=0 1 2 3
cat_threshold=4874 3368 3456
is_linear=0
shrinkage=0.0477671


Tree=304
num_leaves=17
num_cat=2
split_feature=7 41 16 16 38 14 44 28 14 9 17 23 40 7 24 28
split_gain=1.4341 1.98633 3.59477 3.07779 4.11058 7.03627 6.89754 3.88823 3.6379 4.70755 3.14919 4.99466 3.58783 2.77347 3.05432 1.20527
threshold=306.04236561951313 -0.94137724084408114 169.94593865255007 107.77407808707336 -0.60785761079279388 3.3886079097113044 27830.500000000004 0 4.1066037973783844 1007.9117093526066 0.033232895094538702 31.725704094458852 0.65233619298682533 296.25023437621036 8.1878300485610591 1
decision_type=2 2 2 2 2 2 2 1 2 2 2 2 2 2 2 1
left_child=1 2 -1 7 5 6 15 -3 9 -6 11 12 13 14 -11 -5
right_child=-2 3 -4 4 8 -7 -8 -9 -10 10 -12 -13 -14 -15 -16 -17
leaf_value=-0.051100591814460826 0.027593331848079779 -0.0021842815269296255 0.0060446536376378545 0.029079865470072696 0.025690364172903692 -0.13477515459381992 -0.052215073905756033 0.031740328356570854 0.035704941495667171 0.030504822399784894 0.01723333193757895 -0.058697138179085742 -0.036940183637371636 -0.013233628300751388 -0.0055162758910533649 0.00091653024685681573
leaf_weight=877 898 1115 874 903 1485 912 905 1038 1333 1029 1134 890 1304 1189 1014 1079
leaf_count=877 898 1115 874 903 1485 912 905 1038 1333 1029 1134 890 1304 1189 1014 1079
internal_value=-5.43408e-05 -0.000152279 -0.00167644 2.16659e-05 -0.000251771 -0.0015774 -0.000421139 0.00169621 0.000284999 -9.76911e-05 -0.000647719 -0.00112642 -0.000483918 0.000368795 0.00143683 0.0011557
internal_weight=17979 17081 1751 15330 13177 3799 2887 2153 9378 8045 6560 5426 4536 3232 2043 1982
internal_count=17979 17081 1751 15330 13177 3799 2887 2153 9378 8045 6560 5426 4536 3232 2043 1982
cat_boundaries=0 1 2
cat_threshold=3352 3124
is_linear=0
shrinkage=0.0477671


Tree=305
num_leaves=15
num_cat=0
split_feature=26 44 13 8 6 0 10 44 26 44 10 9 9 2
split_gain=2.28434 4.68433 2.40464 2.14234 2.31749 2.31546 3.59202 3.05186 2.11166 3.28585 3.72501 3.16156 1.92545 1.88935
threshold=285.52643167166792 27177.500000000004 1.0000391774177777 298.65011712825492 291.25900952011256 11.479216874820377 1017.8650166244838 23852.500000000004 683.03506178911459 33029.500000000007 1013.0201298656633 1017.1305573989545 1020.9167583797058 0.76648162271319287
decision_type=2 2 2 2 2 2 2 2 2 2 2 2 2 2
left_child=2 -2 -1 4 5 7 -7 -4 11 10 -10 -3 -9 -12
right_child=1 8 3 -5 -6 6 -8 12 9 -11 13 -13 -14 -15
leaf_value=0.013353492753914363 0.045826090697823132 0.034642017045913145 -0.039712742675564502 0.012857275388506168 -0.022748277610628708 -0.01463999512889548 0.032508471759921387 0.0037930780739134922 -0.016704455205946902 -0.027949691112246294 -0.0023809931797228977 -0.0051489311186840598 -0.027871433843682129 0.027405255006549629
leaf_weight=1120 1314 1175 1089 926 1041 1710 1004 1533 972 1642 894 1073 946 1448
leaf_count=1120 1314 1175 1089 926 1041 1710 1004 1533 972 1642 894 1073 946 1448
internal_value=-2.79154e-05 0.000538085 -0.000542743 -0.000824897 -0.0010988 -0.000752421 0.000298382 -0.00155234 5.93659e-05 -0.0004911 0.000374083 0.00127393 -0.000625332 0.00140636
internal_weight=17887 8518 9369 8249 7323 6282 2714 3568 7204 4956 3314 2248 2479 2342
internal_count=17887 8518 9369 8249 7323 6282 2714 3568 7204 4956 3314 2248 2479 2342
is_linear=0
shrinkage=0.0477671


Tree=306
num_leaves=16
num_cat=2
split_feature=17 0 9 40 9 14 0 28 40 40 29 14 0 31 4
split_gain=1.97795 4.70693 2.21531 2.42628 5.75545 4.7934 4.65787 4.1872 3.90289 4.88146 4.02518 3.40142 4.6994 2.99943 1.43685
threshold=0.43270909900013854 14.886690304456389 988.76326664001022 0.60555468348150676 1021.4995969361465 2.5267634099665561 14.091895796741577 0 -0.78326540922535159 0.21862473630160603 317.50000000000006 3.7176160511375955 12.255394788745496 1 287.5942716977849
decision_type=2 2 2 2 2 2 2 1 2 2 2 2 2 1 2
left_child=1 2 -1 5 11 7 13 -4 -9 10 -10 12 -5 -7 -14
right_child=-2 -3 3 4 -6 6 -8 8 9 -11 -12 -13 14 -15 -16
leaf_value=-0.015182785357322395 -0.025130696577794435 0.035885205795556624 0.019596366441744215 0.025997858060396124 0.030929456131712479 0.068494169366805135 -0.011468093606794526 -0.021495152841038447 0.030531165002721589 -0.049536611424252072 -0.0082098330267962524 -0.074573777521364487 -0.07590865100638311 0.012779822784391569 -0.011583132805901541
leaf_weight=1383 896 1088 1517 1011 1068 919 944 1388 1251 907 1451 999 902 1207 932
leaf_count=1383 896 1088 1517 1011 1068 919 944 1388 1251 907 1451 999 902 1207 932
internal_value=3.88619e-06 0.000119518 -8.86011e-05 8.5521e-05 -0.000777511 0.000528076 0.00208422 -0.000204981 -0.00087247 -4.57061e-05 0.000971487 -0.0016397 -0.000796733 0.00332422 -0.00223868
internal_weight=17863 16967 15879 14496 4912 9584 3070 6514 4997 3609 2702 3844 2845 2126 1834
internal_count=17863 16967 15879 14496 4912 9584 3070 6514 4997 3609 2702 3844 2845 2126 1834
cat_boundaries=0 1 2
cat_threshold=1184 73
is_linear=0
shrinkage=0.0477671


Tree=307
num_leaves=18
num_cat=4
split_feature=31 37 44 36 28 13 1 5 45 28 16 9 28 9 9 13 3
split_gain=1.95892 6.25558 6.12818 4.86727 3.66412 5.76292 4.55198 7.10462 3.71625 2.65305 2.33026 4.06842 6.25033 2.00338 1.58104 3.04012 1.2725
threshold=0 0.37940952255126048 27539.500000000004 0.91597561503675362 1 3.7756707039344595 0.23663910368971527 284.07159565278704 0.52605993606604307 2 222.58204232277629 1018.9189208385883 3 1017.0343626327586 1017.5026534476278 2.7775237060760589 286.32816177817477
decision_type=1 2 2 2 1 2 2 2 2 1 2 2 1 2 2 2 2
left_child=1 2 -1 4 8 6 -6 -8 -2 16 11 12 -3 -10 15 -11 -4
right_child=3 10 9 -5 5 -7 7 -9 13 14 -12 -13 -14 -15 -16 -17 -18
leaf_value=0.081530685395568112 0.052279878365646383 0.023154385975335135 0.020820583572102092 -0.041585422008079485 0.036886603668893528 -0.098545370644840966 0.018275124566374215 -0.045938478639201044 -0.014054870347609423 0.023179805740302199 0.012617010665010895 -0.041302316991829527 -0.050107983457250593 0.012950450709489414 -0.0099244777125546413 -0.0090021759077037865 0.022691622006023007
leaf_weight=880 890 938 1068 946 918 916 1181 966 905 1050 932 946 979 945 1426 1082 882
leaf_count=880 890 938 1068 946 918 916 1181 966 905 1050 932 946 979 945 1426 1082 882
internal_value=5.07195e-05 0.000484809 0.00139797 -0.000525477 -7.42929e-05 -0.000998827 -7.06428e-06 -0.00121149 0.00126719 0.00080612 -0.00105041 -0.00172604 -0.000459812 5.04339e-05 2.61498e-05 0.000850337 0.00221662
internal_weight=17850 10183 6388 7667 6721 3981 3065 2147 2740 5508 3795 2863 1917 1850 3558 2132 1950
internal_count=17850 10183 6388 7667 6721 3981 3065 2147 2740 5508 3795 2863 1917 1850 3558 2132 1950
cat_boundaries=0 1 2 3 4
cat_threshold=23 5568 526 4460
is_linear=0
shrinkage=0.0477671


Tree=308
num_leaves=16
num_cat=2
split_feature=32 35 9 14 4 28 35 35 44 28 10 44 44 5 14
split_gain=1.38565 5.08637 5.80179 4.80896 5.01456 4.42027 3.42018 3.51955 5.75103 4.00349 4.51782 3.73812 3.40836 1.93186 1.91725
threshold=1.0000000180025095e-35 0.77083333333333337 1017.6094176680585 4.361203081677739 301.71936272653994 0 0.85416666666666685 0.14583333333333334 26852.500000000004 1 1012.7765495042562 31473.500000000004 31609.500000000004 286.62989647292591 1.8024978395099573
decision_type=2 2 2 2 2 1 2 2 2 1 2 2 2 2 2
left_child=3 2 5 4 6 -2 7 14 -9 12 -11 -12 -10 -4 -1
right_child=1 -3 13 -5 -6 -7 -8 8 9 10 11 -13 -14 -15 -16
leaf_value=-0.032446939553480068 -0.012706902769441216 0.028438936840778847 0.030442459676946025 0.038615445642288547 -0.038054309442230726 -0.087781837028342011 -0.029348237141841097 0.04969087803200968 -0.022905994645998705 0.062034460491823727 0.026093710516929842 -0.013296038870068519 0.0053713143769693397 -0.0099843128142812453 0.00091190748271163531
leaf_weight=994 1219 1064 882 1528 944 1055 1240 1203 1196 882 1183 1480 1163 893 1021
leaf_count=994 1219 1064 882 1528 944 1055 1240 1203 1196 882 1183 1480 1163 893 1021
internal_value=-3.04836e-05 -0.000695563 -0.00146821 0.000234307 -0.000105426 -0.00306586 0.000198007 0.000518166 0.00101794 0.000404154 0.00141693 0.000438626 -0.00111813 0.00057733 -0.00124344
internal_weight=17947 5113 4049 12834 11306 2274 10362 9122 7107 5904 3545 2663 2359 1775 2015
internal_count=17947 5113 4049 12834 11306 2274 10362 9122 7107 5904 3545 2663 2359 1775 2015
cat_boundaries=0 1 2
cat_threshold=3432 7328
is_linear=0
shrinkage=0.0477671


Tree=309
num_leaves=16
num_cat=3
split_feature=6 11 28 11 13 26 28 9 13 23 23 39 15 28 10
split_gain=1.35512 2.29715 3.88752 2.58339 2.68881 2.28746 9.17147 2.96024 2.34053 1.71134 1.75426 2.29805 2.89903 4.23475 1.57828
threshold=300.55739434529556 46.246226855790923 0 51.964040438870832 4.7198090145742997 369.54290702705151 1 1016.1852013734228 1.0000391774177777 52.300470906580408 2.9844328081864657 -0.56174490092936669 121.71284074260048 2 1016.6005585623146
decision_type=2 2 1 2 2 2 1 2 2 2 2 2 2 1 2
left_child=1 2 -1 -3 5 8 -7 -8 -5 10 -10 -12 -13 -14 -15
right_child=-2 3 -4 4 -6 6 7 -9 9 -11 11 12 13 14 -16
leaf_value=-0.0039828253303342675 -0.018444226519033748 -0.021225536395595483 0.037397359221236597 0.015759056146944766 -0.032603777639384136 -0.0097699639055106556 0.088682670505987632 0.026177184916514318 0.008067334562138994 0.015683526955307094 0.0049683752871563193 0.012906603919683539 -0.063712659386806453 0.005821802446795683 -0.022622762747327
leaf_weight=1162 1379 1496 1018 1156 1073 1281 932 884 993 886 1627 903 1318 896 888
leaf_count=1162 1379 1496 1018 1156 1073 1281 932 884 993 886 1627 903 1318 896 888
internal_value=-3.19122e-05 8.80921e-05 0.00153278 -0.000131485 8.72708e-05 0.000296223 0.00141054 0.00358262 -0.000101703 -0.000409898 -0.00067381 -0.00100041 -0.00161553 -0.0023091 -0.000770911
internal_weight=17892 16513 2180 14333 12837 11764 3097 1816 8667 7511 6625 5632 4005 3102 1784
internal_count=17892 16513 2180 14333 12837 11764 3097 1816 8667 7511 6625 5632 4005 3102 1784
cat_boundaries=0 1 2 3
cat_threshold=604 7328 5266
is_linear=0
shrinkage=0.0477671


Tree=310
num_leaves=16
num_cat=1
split_feature=26 9 31 29 9 41 40 1 40 40 16 1 6 40 1
split_gain=2.0614 4.78077 3.10784 5.32601 2.42837 5.72894 4.56523 3.92624 5.39738 6.92429 4.42667 3.1805 6.02474 3.07948 2.98951
threshold=776.05803378850658 1011.7532311650079 0 174.50000000000003 1018.9189208385883 -0.43733099657705293 0.81925054981890411 0.22905478074652227 0.81925054981890411 0.3504237462291826 156.80231147263331 0.28792661373079781 288.44405787690113 -0.30983472475487867 0.20619472167908834
decision_type=2 2 1 2 2 2 2 2 2 2 2 2 2 2 2
left_child=4 -2 -3 -4 7 -6 13 10 9 11 -1 12 -9 -7 -12
right_child=1 2 3 -5 5 6 -8 8 -10 -11 14 -13 -14 -15 -16
leaf_value=-0.0016338951654315103 -0.042140884773531596 0.024178000724484072 -0.042511003580169369 0.0098509707694274685 -0.036895944312926879 0.014262710156144548 0.034690098257413267 0.018408166682500532 -0.059993399325363621 0.070840294467288428 0.01560498086467991 -0.036984512800923679 -0.01380703663902408 -0.030123256809726259 0.09209643417435058
leaf_weight=1393 1114 906 1075 1206 1095 1367 924 874 1145 1027 1233 971 894 1619 1093
leaf_count=1393 1114 906 1075 1206 1095 1367 924 874 1145 1027 1233 971 894 1619 1093
internal_value=-3.71603e-05 -0.000949048 -6.79385e-06 -0.000947696 0.00025032 -0.000586502 0.000268195 0.000735897 -0.000150307 0.000722382 0.00190674 -0.000531093 0.000674177 -0.000639133 0.00318214
internal_weight=17936 4301 3187 2281 13635 5005 3910 8630 4911 3766 3719 2739 1768 2986 2326
internal_count=17936 4301 3187 2281 13635 5005 3910 8630 4911 3766 3719 2739 1768 2986 2326
cat_boundaries=0 1
cat_threshold=3
is_linear=0
shrinkage=0.0477671


Tree=311
num_leaves=18
num_cat=1
split_feature=32 36 25 0 37 44 14 14 31 16 39 10 38 16 6 24 2
split_gain=1.71648 6.33726 7.04604 4.21635 3.56704 9.06288 3.88529 3.9451 3.38361 2.12936 1.90393 1.82549 1.63687 1.56586 1.43689 1.26519 1.15782
threshold=1.0000000180025095e-35 0.78656609248549325 323.16414053326201 13.125966672129577 0.37940952255126048 26664.500000000004 4.1434144455413469 3.0901400856858978 0 180.89683048210455 -0.22252093395631442 1017.3601693411487 -0.8783796973249266 198.04412433935462 288.25155042993487 11.095324015687318 0.76488034666457139
decision_type=2 2 2 2 2 2 2 2 1 2 2 2 2 2 2 2 2
left_child=4 2 12 -4 5 -1 7 8 11 15 16 -7 -2 14 -12 -10 -6
right_child=1 -3 3 -5 10 6 -8 -9 9 -11 13 -13 -14 -15 -16 -17 -18
leaf_value=0.086264905893966487 0.011913096587163084 -0.045983200463525574 -0.051535393187222764 0.003304014544375288 -0.0058043143695768939 0.031564187384002303 0.04825869214703056 -0.029730392353005852 -0.0012422721924074663 0.012592756662753449 -0.049288133891408611 0.0065064035895739687 0.045290532413182559 -6.4049990593081246e-05 -0.011298959829154687 -0.021623790384212967 0.015790652783071232
leaf_weight=875 1047 1087 1054 936 903 901 1077 1082 877 1090 877 1000 1062 1094 900 1041 999
leaf_count=875 1047 1087 1054 936 903 901 1077 1082 877 1090 877 1000 1062 1094 900 1041 999
internal_value=8.79277e-05 -0.000644324 0.000215043 -0.00182315 0.000386739 0.00100702 0.000438968 -3.55066e-05 0.000539589 -0.000458255 -0.000645034 0.00211098 0.00213929 -0.00142175 -0.00229705 -0.0014184 0.000526224
internal_weight=17902 5186 4099 1990 12716 7943 7068 5991 4909 3008 4773 1901 2109 2871 1777 1918 1902
internal_count=17902 5186 4099 1990 12716 7943 7068 5991 4909 3008 4773 1901 2109 2871 1777 1918 1902
cat_boundaries=0 1
cat_threshold=5
is_linear=0
shrinkage=0.0477671


Tree=312
num_leaves=16
num_cat=3
split_feature=38 9 28 28 45 9 10 45 24 0 16 2 28 16 13
split_gain=1.82669 3.66333 6.57852 3.55746 4.88764 5.06207 3.92238 4.29791 3.75319 3.96728 3.89273 3.5968 3.17299 3.09971 2.56521
threshold=0.87837969732492682 1011.451057012713 0 1 0.23184395843844199 1016.6588028966167 1015.0899914258279 0.11077631698179569 10.441581410923364 11.479216874820377 157.48050078609043 0.75505169347503609 2 207.11316237624098 1.9479976601212468
decision_type=2 2 1 1 2 2 2 2 2 2 2 2 1 2 2
left_child=1 2 13 4 -3 -6 -5 -8 9 -9 -11 -10 -2 -1 -7
right_child=12 3 -4 6 5 14 7 8 11 10 -12 -13 -14 -15 -16
leaf_value=0.012938798514415702 0.031409004544485829 -0.02267416778070163 -0.078948846074866089 0.023044668048964028 -0.0010025222672461773 0.033965517167626955 0.025665492187753106 -0.023301150047490102 -0.0070512398054724144 -0.0079175298785715102 0.02440184717543575 -0.037394696429051438 0.00013193315022290111 -0.029528467375173235 0.084026593766320185
leaf_weight=1701 960 1017 1161 1485 961 918 896 924 1020 1009 1208 1243 1606 949 892
leaf_count=1701 960 1017 1161 1485 961 918 896 924 1020 1009 1208 1243 1606 949 892
internal_value=0.000159543 -3.71148e-05 -0.00132175 0.000385725 0.0015841 0.00262802 -0.000198871 -0.000719943 -0.00122824 -0.000158969 0.000936237 -0.00271137 0.00133944 0 0.00411571
internal_weight=17950 15384 3811 11573 3788 2771 7785 6300 5404 3141 2217 2263 2566 2650 1810
internal_count=17950 15384 3811 11573 3788 2771 7785 6300 5404 3141 2217 2263 2566 2650 1810
cat_boundaries=0 1 2 3
cat_threshold=3180 1170 6788
is_linear=0
shrinkage=0.0477671


Tree=313
num_leaves=17
num_cat=1
split_feature=8 5 1 7 36 5 7 13 23 5 7 23 26 28 10 7
split_gain=1.55556 2.52704 2.02794 4.45575 4.35524 2.97419 4.9392 4.02404 2.51855 2.05897 3.94916 4.17768 2.29415 2.22741 2.13983 0.547571
threshold=305.89114570647399 299.31064304482715 0.20434552575322079 299.14978009087366 -1.0000000180025095e-35 293.5391508693948 294.24436036464812 5.0778311740395479 1.9383247257655525 285.81121581762824 285.94609994899463 50.171008531406095 79.909467656840505 0 1015.4440519059914 281.58296676528812
decision_type=2 2 2 2 2 2 2 2 2 2 2 2 2 1 2 2
left_child=1 2 4 5 -1 6 7 8 -4 10 11 12 14 -11 -10 -16
right_child=-2 -3 3 -5 -6 -7 -8 -9 9 13 -12 -13 -14 -15 15 -17
leaf_value=-0.043768043868084763 0.030193786941491992 -0.017713871420819066 0.02126440583108782 0.037591768203547059 0.0016791480122624429 -0.017302219496131505 0.035658265491536258 -0.05609710358396116 -0.050654902623065053 -0.0043769074436031154 -0.031299049874056198 0.037247051557200726 0.011169690263635753 0.02162592800168885 0.0035091163636411142 -0.020735515525432961
leaf_weight=918 923 995 903 1001 1713 950 1010 973 875 993 1308 884 997 1670 878 928
leaf_count=918 923 995 903 1001 1713 950 1010 973 875 993 1308 884 997 1670 878 928
internal_value=-0.000126497 -0.000230329 -8.49403e-05 0.000153459 -0.00129727 -9.44346e-05 0.000119024 -0.00019023 0.000111132 -0.000142486 -0.000642482 2.04521e-05 -0.000687717 0.000958809 -0.00141561 -0.000474848
internal_weight=17919 16996 16001 13370 2631 12369 11419 10409 9436 8533 5870 4562 3678 2663 2681 1806
internal_count=17919 16996 16001 13370 2631 12369 11419 10409 9436 8533 5870 4562 3678 2663 2681 1806
cat_boundaries=0 1
cat_threshold=3330
is_linear=0
shrinkage=0.0477671


Tree=314
num_leaves=15
num_cat=3
split_feature=35 26 36 28 44 6 28 23 35 10 10 16 28 0
split_gain=2.03396 1.43756 3.78277 6.56098 6.30482 5.80023 5.70019 4.38593 2.73006 2.91512 2.78405 2.62529 2.22379 1.76639
threshold=0.89583333333333337 818.37901714538759 1.0000000180025095e-35 0 27539.500000000004 284.81377334365465 1 19.292892842584841 0.27083333333333343 1018.8588908663684 1016.5480630156305 188.44821328545117 2 10.306570918752319
decision_type=2 2 2 1 2 2 1 2 2 2 2 2 1 2
left_child=1 2 4 5 -1 -4 13 -7 10 -10 -5 12 -3 -6
right_child=-2 11 3 8 6 7 -8 -9 9 -11 -12 -13 -14 -15
leaf_value=0.056397024066162794 -0.020508955276339041 0.013100273567503399 -0.028102893567908616 -0.047779773572853373 0.0064054144126251215 0.01214115658111131 -0.0097149676474719091 0.047366250761845419 0.018695454021984612 -0.015465640478776856 -0.0089544214073128854 -0.039411379191641525 -0.013259254996675742 0.047766843958094399
leaf_weight=1504 1446 1021 888 990 891 1702 1677 876 1244 1128 1507 960 1098 896
leaf_count=1504 1446 1021 888 990 891 1702 1677 876 1244 1128 1507 960 1098 896
internal_value=0.000165993 0.000317689 0.000533051 -8.85613e-05 0.0015764 0.00149723 0.000454412 0.00264874 -0.00121844 -5.94729e-05 -0.00232338 -0.000612071 0.00032581 0.00232465
internal_weight=17828 16382 13303 8335 4968 3466 3464 2578 4869 2372 2497 3079 2119 1787
internal_count=17828 16382 13303 8335 4968 3466 3464 2578 4869 2372 2497 3079 2119 1787
cat_boundaries=0 1 2 3
cat_threshold=1264 2126 840
is_linear=0
shrinkage=0.0477671


Tree=315
num_leaves=16
num_cat=4
split_feature=44 11 36 11 15 28 5 28 11 8 1 31 44 1 28
split_gain=1.78476 3.61418 3.37005 6.05034 4.39536 4.53811 2.33141 3.17119 6.25819 3.72496 2.12844 3.11766 2.21941 2.4836 1.81339
threshold=27618.000000000004 85.048047738431237 0.12940952255126045 73.160418142673407 148.31510613940046 0 281.12247497355531 1 60.110525103005216 303.57372909772613 0.24035512469409467 2 32049.500000000004 0.219683359798028 3
decision_type=2 2 2 2 2 1 2 1 2 2 2 1 2 2 1
left_child=2 6 3 14 -4 -6 -2 8 9 -8 12 -12 13 -9 -1
right_child=1 -3 4 -5 5 -7 7 10 -10 -11 11 -13 -14 -15 -16
leaf_value=0.022747781951992323 0.02659338950743452 -0.028840690824549663 0.014746883074232829 0.080430063350490105 0.0072596640787440919 -0.047015340590337185 -0.026418715201750903 -0.015009964176291695 0.035814198042490343 0.023336053160648275 -0.0032326955001233024 -0.049745936882543848 -0.020740084564998422 0.028651303157051312 -0.010060103626179916
leaf_weight=892 1015 882 1657 924 1323 1504 1532 922 1300 895 892 936 882 879 1529
leaf_count=892 1015 882 1657 924 1323 1504 1532 922 1300 895 892 936 882 879 1529
internal_value=-6.90109e-05 -0.000487584 0.000472566 0.00162013 -0.000383003 -0.00152837 -0.000208833 -0.000475197 0.000555429 -0.000874909 -0.00132549 -0.00258573 -0.000470964 0.000489428 0.000364089
internal_weight=17964 10135 7829 3345 4484 2827 9253 8238 3727 2427 4511 1828 2683 1801 2421
internal_count=17964 10135 7829 3345 4484 2827 9253 8238 3727 2427 4511 1828 2683 1801 2421
cat_boundaries=0 1 2 3 4
cat_threshold=1904 4300 13 5892
is_linear=0
shrinkage=0.0477671


Tree=316
num_leaves=16
num_cat=3
split_feature=6 29 24 7 18 28 45 28 41 41 5 8 8 8 31
split_gain=1.71231 2.05917 1.99045 1.76929 5.26995 3.84325 4.12581 6.97957 5.7796 5.67525 3.44258 3.14197 2.93256 2.38044 2.18645
threshold=277.19269392497819 24.500000000000004 50.907914426550775 300.44383100716169 0.12630665660215756 0 0.23184395843844199 1 -0.074115882986646633 0.3484035575467645 301.44503736127535 283.40224058015895 295.38716266887542 302.55174515448613 2
decision_type=2 2 2 2 2 1 2 1 2 2 2 2 2 2 1
left_child=-1 -2 3 4 5 -3 7 -7 12 -10 13 -11 14 -5 -8
right_child=1 2 -4 10 -6 6 8 -9 9 11 -12 -13 -14 -15 -16
leaf_value=0.02481726197523133 -0.060874498212713922 -0.027060296684540727 0.014562477412425133 0.0044355775840589917 0.031319964145857311 -0.077596556474401904 0.047851252543189206 0.0053006168354424151 -0.041994719209889925 -0.03231457370647068 -0.01742979828519358 0.010594588122320081 -0.0038835673815139776 0.060429666540089834 0.01611432201174564
leaf_weight=934 902 1320 1714 882 1194 1042 879 1099 1170 887 1121 1742 1046 941 1131
leaf_count=934 902 1320 1714 882 1194 1042 879 1099 1170 887 1121 1742 1046 941 1131
internal_value=-5.02857e-05 -0.000159373 -3.5315e-05 -0.00021796 -0.000485362 -0.000833253 -0.000477105 -0.00230811 9.37453e-05 -0.0011499 0.000826729 8.0913e-05 0.00164048 0.00210807 0.00270807
internal_weight=18004 17070 16168 14454 11510 10316 8996 2141 6855 3799 2944 2629 3056 1823 2010
internal_count=18004 17070 16168 14454 11510 10316 8996 2141 6855 3799 2944 2629 3056 1823 2010
cat_boundaries=0 1 2 3
cat_threshold=384 2100 22
is_linear=0
shrinkage=0.0477671


Tree=317
num_leaves=15
num_cat=0
split_feature=41 18 41 9 30 2 9 23 42 35 40 2 7 41
split_gain=1.3869 3.23308 5.15657 5.73193 5.37763 4.11707 4.63577 4.06279 2.94426 3.04384 2.33461 3.992 1.73296 3.03814
threshold=-0.99052477729077237 0.0052119872132086248 -0.80417042486635371 1014.4986704350758 0.29705681040383308 0.81213854152990717 1013.8147622902701 8.7513042939945223 0.68301270189221941 0.52083333333333337 0.534952257794027 0.72323061768906294 296.56760567211256 0.44312301391210612
decision_type=2 2 2 2 2 2 2 2 2 2 2 2 2 2
left_child=-1 5 -3 8 -5 6 -2 12 9 -4 11 -9 13 -8
right_child=1 2 3 4 -6 -7 7 10 -10 -11 -12 -13 -14 -15
leaf_value=0.015890609461892583 0.015104333236557197 0.04646733073529407 -0.0046770336568493706 0.069333834407813863 -0.0030545016447203386 -0.035851305954113163 0.022555863025494709 -0.03947975245242602 0.0040307066837787535 -0.044864394501758061 -0.07985870077348621 0.0050474218574666635 -0.01117069464653651 -0.010224512669210819
leaf_weight=890 1725 1097 944 1521 1687 1165 1130 1008 1524 939 884 1325 969 1084
leaf_count=890 1725 1097 944 1521 1687 1165 1130 1008 1524 939 884 1325 969 1084
internal_value=-6.92886e-05 -0.000165629 0.000557158 5.38203e-05 0.00150319 -0.000765884 -0.000384801 -0.000977384 -0.00131024 -0.00257362 -0.00217459 -0.00138107 0.000231906 0.000969868
internal_weight=17892 17002 7712 6615 3208 9290 8125 6400 3407 1883 3217 2333 3183 2214
internal_count=17892 17002 7712 6615 3208 9290 8125 6400 3407 1883 3217 2333 3183 2214
is_linear=0
shrinkage=0.0477671


Tree=318
num_leaves=17
num_cat=2
split_feature=7 12 28 12 28 40 52 0 5 7 2 40 26 5 8 13
split_gain=2.38899 4.53969 6.83497 4.16584 11.4943 2.61882 2.48028 2.71823 6.18342 5.76293 5.82778 3.66625 2.55653 2.39534 1.71514 1.68893
threshold=284.06983020060414 79.066688413622629 0 77.572334298214329 1 0.38243310158943505 0.23184395843844199 13.472505314371864 293.75424670760168 302.66087543741895 0.7998031174944219 0.93845596220871974 152.14137475817509 292.49144676357156 288.92915455481346 2.2440274624726695
decision_type=2 2 1 2 1 2 2 2 2 2 2 2 2 2 2 2
left_child=1 2 -1 6 -5 -3 7 8 11 10 -9 12 -2 -12 -14 -15
right_child=3 5 -4 4 -6 -7 -8 9 -10 -11 13 -13 14 15 -16 -17
leaf_value=-0.055766009401340952 -0.0056226483133920407 0.0076495492760996287 0.027875777971534378 -0.13571425181009814 0.0036795393988823641 0.08018913156207523 -0.02320773276882368 0.033774815181059722 -0.020069614501992027 0.063566181812175687 -0.037330203944924471 -0.023752032906264021 0.0063554422625615248 0.0099162239435689366 0.042540463010161435 -0.017813768627412973
leaf_weight=1007 1138 1063 978 910 1436 914 1424 1086 995 1449 913 990 902 879 938 874
leaf_count=1007 1138 1063 978 910 1436 914 1424 1086 995 1449 913 990 902 879 938 874
internal_value=1.3221e-05 0.00104834 -0.00056438 -0.000280944 -0.0021166 0.00266871 9.0494e-05 0.000352253 -0.000447096 0.00111545 0.000126716 0.000396694 0.00123433 -0.00107419 0.00233522 -3.96002e-05
internal_weight=17896 3962 1985 13934 2346 1977 11588 10164 4963 5201 3752 3968 2978 2666 1840 1753
internal_count=17896 3962 1985 13934 2346 1977 11588 10164 4963 5201 3752 3968 2978 2666 1840 1753
cat_boundaries=0 1 2
cat_threshold=2060 186
is_linear=0
shrinkage=0.0477671


Tree=319
num_leaves=13
num_cat=2
split_feature=8 1 41 16 4 31 8 9 28 5 9 36
split_gain=2.16458 6.85751 7.65844 3.02028 3.52369 2.71406 2.71808 4.41313 5.09017 4.40979 3.04346 2.56991
threshold=286.32375747982144 0.2584328716379321 0.71952396275653763 103.6729240628996 286.95222561781446 0 295.02742355987351 1017.436142229578 1 290.69854519145048 1018.2937317178282 0.37940952255126054
decision_type=2 2 2 2 2 1 2 2 1 2 2 2
left_child=1 -1 -3 -2 -5 -6 9 8 -8 10 -7 -4
right_child=3 2 11 4 5 6 7 -9 -10 -11 -12 -13
leaf_value=0.060746191688545753 -0.018639200166985469 -0.033182164142306604 0.039004885142137354 -0.03211820376639013 -0.021924607559053792 -0.0067981499745853264 -0.010690069414204964 -0.020493305210462741 0.044359169307234138 0.033243357015086197 0.023700591085439669 -0.0036274213033179832
leaf_weight=1056 1467 1602 1743 1279 1300 1509 1406 1676 1521 889 891 1421
leaf_count=1056 1467 1602 1743 1279 1300 1509 1406 1676 1521 889 891 1421
internal_value=-0.000123595 0.00063137 -0.000139846 -0.000491968 -0.000207351 0.000119279 0.000453088 -0.000295271 0.000823371 0.00150248 0.000436935 0.00122216
internal_weight=17760 5822 4766 11938 10471 9192 7892 4603 2927 3289 2400 3164
internal_count=17760 5822 4766 11938 10471 9192 7892 4603 2927 3289 2400 3164
cat_boundaries=0 1 2
cat_threshold=32 608
is_linear=0
shrinkage=0.0477671


Tree=320
num_leaves=15
num_cat=3
split_feature=24 28 28 8 41 35 4 31 40 45 18 23 40 44
split_gain=1.99897 4.70577 2.26119 3.18503 6.79541 4.99586 3.83343 4.5493 3.32628 2.33513 4.57565 3.6489 3.85558 2.81266
threshold=50.907914426550775 0 1 298.16826474905173 -0.46039597980994923 0.64583333333333337 282.47385459212927 2 0.93845596220871974 0.11077631698179569 0.028851461661607004 10.624612524870933 0.25206111083856975 27315.500000000004
decision_type=2 1 1 2 2 2 2 1 2 2 2 2 2 2
left_child=2 -2 9 4 -4 -5 -6 -8 -9 -1 11 12 -11 -13
right_child=1 -3 3 5 6 -7 7 8 -10 10 -12 13 -14 -15
leaf_value=0.028600199471562917 -0.0054858140820803793 0.046614154460445298 -0.038850759537811905 0.031444422209063794 -0.031901044944058161 -0.024324538893328126 -0.024061865315581289 0.033640017253668851 -0.00766233763596871 0.023477290876192894 -0.028504476646350928 0.0097998705857460164 -0.00206989570149214 -0.025146582820338974
leaf_weight=1214 923 1065 904 1398 1511 1099 940 1303 1088 1705 1313 909 1374 1191
leaf_count=1214 923 1065 904 1398 1511 1099 940 1303 1088 1705 1313 909 1374 1191
internal_value=-0.000131696 0.00129637 -0.000309841 -0.000859224 -0.00147934 0.000563435 -0.000769021 0.000135562 0.00124249 0.00027829 -8.05925e-05 0.000557574 0.00160496 -0.000977025
internal_weight=17937 1988 15949 8243 5746 2497 4842 3331 2391 7706 6492 5179 3079 2100
internal_count=17937 1988 15949 8243 5746 2497 4842 3331 2391 7706 6492 5179 3079 2100
cat_boundaries=0 1 2 3
cat_threshold=5922 5730 72
is_linear=0
shrinkage=0.0477671


Tree=321
num_leaves=16
num_cat=0
split_feature=0 6 12 18 44 24 10 29 0 6 13 2 10 39 10
split_gain=1.70961 1.83633 4.02132 2.38586 4.08699 2.94106 3.87652 9.49377 4.98959 4.69661 2.17671 2.39153 4.86024 1.30625 1.93952
threshold=9.474994185443169 300.76542773266732 43.93248783880118 0.0052119872132086248 22807.500000000004 12.589937743793447 1015.0899914258279 108.50000000000001 13.331648913963104 285.04665569591106 1.9106415436739987 0.74528573119441599 1016.6005585623146 -0.56174490092936669 1017.2636098411681
decision_type=2 2 2 2 2 2 2 2 2 2 2 2 2 2 2
left_child=-1 2 -2 4 -4 -5 8 -8 9 -7 13 -12 -13 -6 -15
right_child=1 -3 3 5 10 6 7 -9 -10 -11 11 12 -14 14 -16
leaf_value=-0.020442976501907968 0.021860009422279069 -0.013605981871939954 0.02689257473504085 -0.010643585893185299 0.0093960902477016172 0.010791382133062362 0.1358931082836744 -0.00063227091008947404 0.051905170067725222 -0.02641086077824158 -0.036813755600083632 -0.05209887595180434 0.016914453902050392 -0.023173327152038528 0.0023032040477534862
leaf_weight=1118 1508 1322 953 1553 1000 1418 985 1134 1005 958 901 931 899 936 1271
leaf_count=1118 1508 1322 953 1553 1000 1418 985 1134 1005 958 901 931 899 936 1271
internal_value=0.000144042 0.000264702 0.000411001 0.000157419 -0.000474505 0.000775145 0.00129365 0.00289563 0.000288966 -0.00090374 -0.000940808 -0.0019319 -0.000938461 -9.61193e-05 -0.000745688
internal_weight=17892 16774 15452 13944 6891 7053 5500 2119 3381 2376 5938 2731 1830 3207 2207
internal_count=17892 16774 15452 13944 6891 7053 5500 2119 3381 2376 5938 2731 1830 3207 2207
is_linear=0
shrinkage=0.0477671


Tree=322
num_leaves=16
num_cat=4
split_feature=28 31 31 23 14 18 11 28 11 7 26 36 11 46 6
split_gain=1.20851 3.94802 2.32937 3.6663 2.17269 1.94413 3.40049 2.75949 2.5813 2.40112 1.89616 2.16603 1.8285 1.63507 1.70377
threshold=0 1 2 46.63812073403529 1.894184112330928 0.0052119872132086248 74.931711293533667 3 64.370701885869309 296.91058964630571 763.6981264005218 -0.70710678118654735 66.326115218094117 0.11077631698179569 283.74347377490568
decision_type=1 1 1 2 2 2 2 1 2 2 2 2 2 2 2
left_child=1 4 5 10 -1 7 8 12 -7 -9 11 -4 -2 -13 -15
right_child=2 -3 3 -5 -6 6 -8 9 -10 -11 -12 13 -14 14 -16
leaf_value=0.0043197872253579617 0.018160105322492414 -0.0057222015007221284 0.03448059636128948 -0.055826028975398775 0.034606412301457383 0.011566530142826678 -0.0110898370475784 -0.027631919641308209 0.054609346389695924 0.0058892777909617588 -0.015153990409270707 -0.025339973131784523 -0.0030755456915921076 0.035460610081608002 -0.0072880432255731462
leaf_weight=983 945 1613 879 881 1169 1431 1250 1369 882 1218 1375 905 929 904 1095
leaf_count=983 945 1613 879 881 1169 1431 1250 1369 882 1218 1375 905 929 904 1095
internal_value=0.000157955 0.00091679 -4.56636e-05 -0.000753765 0.00225255 0.000487263 0.00131991 -0.000176177 0.00240494 -0.0011855 -0.00026813 0.000283512 0.00121581 -0.000344655 0.000417055
internal_weight=17828 3765 14063 6039 2152 8024 3563 4461 2313 2587 5158 3783 1874 2904 1999
internal_count=17828 3765 14063 6039 2152 8024 3563 4461 2313 2587 5158 3783 1874 2904 1999
cat_boundaries=0 1 2 3 4
cat_threshold=3136 78 53 4642
is_linear=0
shrinkage=0.0477671


Tree=323
num_leaves=16
num_cat=0
split_feature=4 44 30 10 46 30 10 41 2 1 10 26 2 10 44
split_gain=2.61262 2.00842 2.88677 5.55714 3.98701 4.00862 2.88684 4.57778 4.11504 3.48176 2.85878 4.72623 3.80832 3.4882 2.45834
threshold=278.17712816476035 30359.500000000004 0.17111567419575638 1023.0607689600013 1.0000000180025095e-35 0.28610540725530464 1015.2232378859786 -0.28519997588938989 0.80827431072791356 0.22588033125030099 1019.2438943539561 680.66257358719633 0.74697134651015462 1015.4440519059914 33029.500000000007
decision_type=2 2 2 2 2 2 2 2 2 2 2 2 2 2 2
left_child=-1 2 -2 4 -4 -6 9 8 -8 -7 11 14 -12 -13 -3
right_child=1 10 3 -5 5 6 7 -9 -10 -11 12 13 -14 -15 -16
leaf_value=0.029342212643768864 -0.042069021927756203 0.0013149430611549295 0.023455994726839791 0.037212705477858939 -0.058363070008341261 0.040216263260831407 -0.033089402845310339 0.022372243012923419 0.0075378949781665624 -0.0043449841488686263 -0.040477066247930453 -0.029317085410808789 -5.2429950069380781e-05 0.0032526686345142304 0.036334828457539686
leaf_weight=902 1267 1208 1000 1292 890 1647 1406 889 928 1036 1017 1389 954 1062 958
leaf_count=902 1267 1208 1000 1292 890 1647 1406 889 928 1036 1017 1389 954 1062 958
internal_value=0.000140406 6.91649e-06 0.000421869 0.000719835 0.000238672 -0.000175389 0.00027461 -0.00068847 -0.00180003 0.00143236 -0.000644966 4.68963e-06 -0.0021679 -0.00143152 0.0016309
internal_weight=17845 16943 10355 9088 7796 6796 5906 3223 2334 2683 6588 4617 1971 2451 2166
internal_count=17845 16943 10355 9088 7796 6796 5906 3223 2334 2683 6588 4617 1971 2451 2166
is_linear=0
shrinkage=0.0477671


Tree=324
num_leaves=17
num_cat=3
split_feature=17 0 10 28 10 0 46 10 31 30 10 0 2 31 18 10
split_gain=1.92219 4.28371 2.40337 3.27979 3.27813 9.58783 3.66272 5.11009 5.05763 4.95185 3.11823 2.35554 3.78522 3.62072 4.05135 4.83164
threshold=0.43270909900013854 14.886690304456389 988.62848607990463 0 1022.8984211799701 9.6866592376612832 0.25790389450448498 1015.0332473972188 1 0.52429842573579755 1022.7504050077713 14.194381159041477 0.79243796986733217 2 0.031881356423885329 1016.4025375751811
decision_type=2 2 2 1 2 2 2 2 1 2 2 2 2 1 2 2
left_child=1 2 -1 10 6 -6 7 -5 -8 -10 11 12 13 -4 15 -15
right_child=-2 -3 3 4 5 -7 8 -9 9 -11 -12 -13 -14 14 -16 -17
leaf_value=-0.015881528671163981 -0.026853943364365543 0.036229850543882558 0.013947150572618753 0.0031509493729659317 0.025571036983835071 -0.048337923037315031 0.02868058945690179 0.07514173891036284 -0.043276019349323916 0.014358626696621088 0.014987846728446108 -0.037153449233519174 0.038542833143600234 -0.069312534058241296 0.015934793407116253 -0.0072951477854964883
leaf_weight=1319 900 1079 1232 881 1208 899 965 1127 1092 1139 876 915 919 988 875 1420
leaf_count=1319 900 1079 1232 881 1208 899 965 1127 1092 1139 876 915 919 988 875 1420
internal_value=0.000136475 0.000250918 5.25823e-05 0.000229875 0.000942509 -0.000645055 0.00158752 0.00318653 0.000582192 -0.000670429 -0.000491557 -0.000861096 -0.000483062 -0.00105218 -0.0018778 -0.00289525
internal_weight=17834 16934 15855 14536 7311 2107 5204 2008 3196 2231 7225 6349 5434 4515 3283 2408
internal_count=17834 16934 15855 14536 7311 2107 5204 2008 3196 2231 7225 6349 5434 4515 3283 2408
cat_boundaries=0 1 2 3
cat_threshold=824 3 3
is_linear=0
shrinkage=0.0477671


Tree=325
num_leaves=16
num_cat=3
split_feature=51 6 12 31 37 37 18 40 44 28 5 31 24 16 11
split_gain=2.28882 1.86866 3.22418 1.8003 5.02531 4.42793 3.49948 6.44807 4.28053 2.92098 3.64078 2.56238 1.97813 3.7568 1.88404
threshold=1.0000000180025095e-35 300.33069621959856 40.998749462805826 0 0.1294095225512602 0.1294095225512602 0.010423974426417223 0.25206111083856975 30508.439353423197 1 281.22599115876341 2 20.845388140048609 163.10204937271774 65.018761123321255
decision_type=2 2 2 1 2 2 2 2 2 1 2 1 2 2 2
left_child=1 2 -1 5 6 -4 7 11 -8 10 -6 -5 13 -11 -10
right_child=-2 -3 3 4 9 -7 8 -9 14 12 -12 -13 -14 -15 -16
leaf_value=0.023724439814844556 0.025185080348187849 -0.01977805815378586 -0.051974229797260935 0.023756039816091055 0.00065829316591277268 0.013048375167055837 0.050228476961468142 -0.043036821837402019 -0.0071141178677986616 -0.032296733334838477 -0.031870357901229135 -0.00064080125342452689 0.016250149206047764 0.0053754342478646916 0.018500091448103845
leaf_weight=875 918 1464 1098 1055 882 979 1150 1575 884 973 1357 986 1427 1312 956
leaf_count=875 918 1464 1098 1055 882 979 1150 1575 884 973 1357 986 1427 1312 956
internal_value=-3.59188e-05 -0.000161691 -7.55601e-06 -0.00017611 3.97329e-05 -0.0014752 0.000946905 -5.22226e-05 0.00215596 -0.000966846 -0.00232471 0.00171908 -0.000140571 -0.0010129 0.000725678
internal_weight=17891 16973 15509 14634 12557 2077 6606 3616 2990 5951 2239 2041 3712 2285 1840
internal_count=17891 16973 15509 14634 12557 2077 6606 3616 2990 5951 2239 2041 3712 2285 1840
cat_boundaries=0 1 2 3
cat_threshold=64 7682 28
is_linear=0
shrinkage=0.0477671


Tree=326
num_leaves=16
num_cat=3
split_feature=8 41 1 1 6 52 27 28 45 29 23 27 31 6 28
split_gain=2.10755 5.02996 5.01164 3.65708 4.35842 3.53265 3.65185 2.56166 2.8349 5.21764 4.4682 3.15193 3.9157 2.48018 2.88269
threshold=285.44700370777377 0.2499757677084001 0.28667661373079784 0.2985886002536664 280.26238953164449 0.23184395843844199 1.786349839985669 0 0.83710381088611852 157.50000000000003 8.7513042939945223 0.79562389738746442 1 293.63991337281033 2
decision_type=2 2 2 2 2 2 2 1 2 2 2 2 1 2 1
left_child=1 -1 -3 -4 -5 7 -7 -2 10 -10 -9 13 -13 14 -12
right_child=5 2 3 4 -6 6 -8 8 9 -11 11 12 -14 -15 -16
leaf_value=0.05283043115413126 -0.030657014891597403 -0.034793495901611467 0.032108650477140108 0.02128032801783063 -0.052233737465178738 -0.04654416373716911 -0.0011772632622005085 0.031130336586040155 0.011838237032698691 -0.019831449540794445 0.017342401500085976 0.04053426568656765 -0.0029462294197214675 -0.020716097879027316 -0.018030043361072161
leaf_weight=921 913 932 893 1416 912 908 983 1623 897 1728 898 1005 1435 1459 936
leaf_count=921 913 932 893 1416 912 908 983 1623 897 1728 898 1005 1435 1459 936
internal_value=-5.20313e-05 0.000771515 6.27227e-05 0.000955835 -4.00784e-05 -0.000379048 -0.00228487 -4.8027e-05 0.000174284 -0.00117286 0.000655552 2.87726e-05 0.0013303 -0.000934936 0.000233191
internal_weight=17859 5074 4153 3221 2328 12785 1891 10894 9981 2625 7356 5733 2440 3293 1834
internal_count=17859 5074 4153 3221 2328 12785 1891 10894 9981 2625 7356 5733 2440 3293 1834
cat_boundaries=0 1 2 3
cat_threshold=16 13 3008
is_linear=0
shrinkage=0.0477671


Tree=327
num_leaves=15
num_cat=3
split_feature=5 8 2 1 31 1 31 1 31 37 25 1 9 8
split_gain=1.68441 2.92152 2.6366 4.20414 4.62722 3.62571 4.52058 2.86037 3.07014 4.83459 3.77287 3.3486 2.39896 1.98369
threshold=301.44503736127535 302.93573910491472 0.79680361532426203 0.19759453614336106 0 0.24067927717215606 1 0.24834954404912474 2 1.0000000180025095e-35 764.14853626854074 0.30463295030553911 1020.2630426408811 283.12821714350474
decision_type=2 2 2 2 1 2 1 2 1 2 2 2 2 2
left_child=1 2 5 -4 -5 6 -1 -7 -9 10 12 13 -10 -11
right_child=-2 -3 3 4 -6 7 -8 8 9 11 -12 -13 -14 -15
leaf_value=0.044110293453646372 -0.01963931650951261 0.036310903325519478 0.0067403309252052667 -0.0041106775053291579 -0.066048630675123968 -0.022115097388772383 0.00058860113066519471 -0.027575963977211283 0.047924714584717115 -0.018012435593132502 -0.0015955778183822588 -0.050806765330791523 0.0075182537893184491 0.008854457402250486
leaf_weight=1261 1113 902 1485 1262 957 937 1683 1185 1183 898 1388 978 875 1674
leaf_count=1261 1113 902 1485 1262 957 937 1683 1185 1183 898 1388 978 875 1674
internal_value=-6.56916e-05 5.43162e-05 -9.68105e-05 -0.00121163 -0.00252835 0.000245343 0.00170289 -0.000225022 6.10344e-05 0.000442853 0.00171819 -0.000793247 0.00301627 0.000110564
internal_weight=17781 16668 15766 3704 2219 12062 2944 9118 8181 6996 3446 3550 2058 2572
internal_count=17781 16668 15766 3704 2219 12062 2944 9118 8181 6996 3446 3550 2058 2572
cat_boundaries=0 1 2 3
cat_threshold=57 38 64
is_linear=0
shrinkage=0.0477671


Tree=328
num_leaves=17
num_cat=4
split_feature=9 1 28 24 1 23 28 10 28 28 15 6 1 10 41 36
split_gain=2.44094 5.21273 2.37855 6.32191 5.25947 4.27598 2.63322 2.39081 8.35037 4.05846 7.15743 4.63028 6.07181 3.89983 2.68627 1.99334
threshold=986.71953350162687 0.19522102932758698 0 7.3531441971216269 0.25937366492730901 45.590163537308122 1 1019.2994553342049 2 3 190.24923043289854 291.87066409511289 0.2242616103162316 1008.7941742332417 -0.091258822863740666 1.0000000180025095e-35
decision_type=2 2 1 2 2 2 1 2 1 1 2 2 2 2 2 2
left_child=-1 -2 3 -3 -5 7 -7 9 -9 10 -4 13 -13 -11 -10 -16
right_child=1 2 5 4 -6 6 -8 8 14 11 -12 12 -14 -15 15 -17
leaf_value=0.017151212784221975 -0.032097199648275301 0.037987597983656626 -0.039008445747805105 0.016274879127965037 -0.020367106454234542 -0.0075346295481724295 -0.10982162681137221 -0.058243004187315033 0.021986556461613471 0.0086570494222799593 0.034274716987433534 0.033712923717403087 -0.019636157371900803 0.065652586939785651 0.0093641480069263355 -0.017186615740627673
leaf_weight=1282 899 891 1478 1083 1004 892 942 1040 880 877 1044 916 885 1487 1094 1048
leaf_count=1282 899 891 1478 1083 1004 892 942 1040 880 877 1044 916 885 1487 1094 1048
internal_value=2.56654e-06 -0.000153671 5.05061e-05 0.00126217 -0.00017059 -0.000236894 -0.00236891 0.000126442 -0.000787337 0.000681849 -0.000829194 0.00159552 -0.000224202 0.00298955 0.000487648 -0.000422662
internal_weight=17742 16460 15561 2978 2087 12583 1834 10749 4062 6687 2522 4165 1801 2364 3022 2142
internal_count=17742 16460 15561 2978 2087 12583 1834 10749 4062 6687 2522 4165 1801 2364 3022 2142
cat_boundaries=0 1 2 3 4
cat_threshold=1096 6532 388 2192
is_linear=0
shrinkage=0.0477671


Tree=329
num_leaves=14
num_cat=0
split_feature=4 12 9 1 23 7 45 5 8 9 2 0 2
split_gain=2.58535 2.5323 5.17681 2.07365 2.77496 3.52668 2.04349 2.80553 1.84532 3.40125 4.20763 7.11423 6.09026
threshold=278.17712816476035 82.294953868839812 1011.9222652741836 0.19499775022681537 2.9053883304528463 293.29339454231661 0.83710381088611852 281.22599115876341 301.4927301399153 1020.5340168397103 0.75250962413703781 13.206613215410306 0.7998031174944219
decision_type=2 2 2 2 2 2 2 2 2 2 2 2 2
left_child=-1 3 -3 -2 5 -5 7 -6 9 10 -9 -12 -13
right_child=1 2 -4 4 6 -7 -8 8 -10 -11 11 12 -14
leaf_value=0.027826623461066728 -0.020269067212231814 0.011538228739467814 -0.03137306576981453 0.03761740139971096 0.043097203519349273 -0.0014104416334760998 -0.015611788266268797 0.010378723689879122 0.019044431992589324 0.013695594384090322 -0.047703678512821632 0.029278996116932535 -0.024825849076730425
leaf_weight=917 924 1174 1603 900 1103 940 1332 1724 1666 1555 1439 1245 1522
leaf_count=917 924 1174 1603 900 1103 940 1332 1724 1666 1555 1439 1245 1522
internal_value=-0.000103119 -0.00023554 -0.00155588 1.98168e-05 0.000170608 0.00189389 -0.000102878 0.000125559 -0.000148523 -0.000468757 -0.000990408 -0.00180521 -0.000387614
internal_weight=18044 17127 2777 14350 13426 1840 11586 10254 9151 7485 5930 4206 2767
internal_count=18044 17127 2777 14350 13426 1840 11586 10254 9151 7485 5930 4206 2767
is_linear=0
shrinkage=0.0477671


Tree=330
num_leaves=15
num_cat=0
split_feature=49 0 2 9 41 41 14 27 36 14 9 14 0 2
split_gain=1.72291 4.11101 2.43392 4.22921 4.5764 2.90102 5.81809 5.33836 3.80924 3.6902 3.83096 3.03116 3.50222 2.78329
threshold=1.0000000180025095e-35 9.506362547973648 0.71076988009093367 1024.6409912275483 0.73136292505298039 0.21652257995689159 2.164268619915148 1.7662877871428091 -1.0000000180025095e-35 3.6661864691566559 1017.0856944705712 1.8327828557227293 13.429823362182072 0.80055070748510004
decision_type=2 2 2 2 2 2 2 2 2 2 2 2 2 2
left_child=1 -1 -3 4 5 7 -7 8 9 10 -4 12 -10 -13
right_child=-2 2 3 -5 -6 6 -8 -9 11 -11 -12 13 -14 -15
leaf_value=-0.037770141308958054 0.016438736230311345 0.020549557107118439 -0.037576966439815576 -0.031150195524083879 0.065819689214348706 0.0041154869722251118 -0.051367522213991219 0.06208987318036293 -0.017359927117181019 0.010813829538050582 -0.00071438602308222451 0.038675734179301438 0.0099520127425368875 0.0010032608136248081
leaf_weight=1052 899 1259 1707 918 1270 1092 1196 945 986 1356 1178 1223 1721 1058
leaf_count=1052 899 1259 1707 918 1270 1092 1196 945 986 1356 1178 1223 1721 1058
internal_value=5.22411e-06 -0.000102663 8.8434e-05 -8.4622e-05 0.000125064 -0.000153142 -0.00169008 0.000192276 -0.000157619 -0.00121026 -0.00217648 0.000736935 -0.000343268 0.00201986
internal_weight=17860 16961 15909 14650 13732 12462 2288 10174 9229 4241 2885 4988 2707 2281
internal_count=17860 16961 15909 14650 13732 12462 2288 10174 9229 4241 2885 4988 2707 2281
is_linear=0
shrinkage=0.0477671


Tree=331
num_leaves=15
num_cat=2
split_feature=52 39 41 6 12 44 26 31 44 27 45 13 31 9
split_gain=2.34431 4.10291 3.51644 4.90022 4.403 2.45823 4.56624 3.76282 3.47587 2.19095 2.98209 1.58587 1.53316 1.66267
threshold=0.23184395843844199 1.0000000180025095e-35 -0.96687281075841669 299.18698999101713 43.664274576278295 28562.500000000004 152.14137475817509 0 31522.500000000004 0.93564219413875926 0.62102846403886891 2.2942159776276014 1 1019.9645303808913
decision_type=2 2 2 2 2 2 2 1 2 2 2 2 1 2
left_child=2 -2 -1 4 -4 6 11 9 -9 10 -7 12 -6 -14
right_child=1 -3 3 -5 5 7 -8 8 -10 -11 -12 -13 13 -15
leaf_value=0.032152304325124628 0.0033240469980084964 -0.03924791068568443 0.033036468534131058 -0.024245572378194295 -0.010453263767995467 -0.02533003700150634 0.045691718011039689 -0.051607209949624068 -0.0028240010966353517 0.025115150513590954 0.0051566193109460166 -0.019294190756548341 0.0018746178762926939 0.025599952536448461
leaf_weight=1246 1625 1154 960 1201 937 1219 1280 960 884 908 1452 1426 1544 941
leaf_count=1246 1625 1154 960 1201 937 1219 1280 960 884 908 1452 1426 1544 941
internal_value=-2.27653e-05 -0.00129694 0.00021381 -6.80445e-06 0.000272809 1.42804e-05 0.000669996 -0.000726268 -0.00247217 0.000179054 -0.000508847 0 0.000557701 0.00117653
internal_weight=17737 2779 14958 13712 12511 11551 6128 5423 1844 3579 2671 4848 3422 2485
internal_count=17737 2779 14958 13712 12511 11551 6128 5423 1844 3579 2671 4848 3422 2485
cat_boundaries=0 1 2
cat_threshold=23 5
is_linear=0
shrinkage=0.0477671


Tree=332
num_leaves=16
num_cat=3
split_feature=35 5 28 28 11 7 12 35 11 18 46 46 31 6 11
split_gain=1.68198 6.11558 4.7494 3.15675 10.5962 4.09245 4.7001 3.54071 3.29998 5.1124 4.12222 3.43813 2.89743 2.20115 1.93293
threshold=0.27083333333333343 279.62909029475179 0 1 75.105290057937722 290.22678908463314 41.569265874006824 0.52083333333333337 59.429770516032391 0.0052119872132086248 0.37897153596113126 0.16289618911388162 2 286.4405393866187 75.833295750924933
decision_type=2 2 1 1 2 2 2 2 2 2 2 2 1 2 2
left_child=2 -2 14 8 5 -5 -7 -8 10 -10 11 -3 -4 -14 -1
right_child=1 3 12 4 -6 6 7 -9 9 -11 -12 -13 13 -15 -16
leaf_value=-0.049727640710948359 0.051593055179790313 -0.0048914363027683727 0.022662576231608857 0.033319934500545892 -0.082054726404369824 0.015147723462970232 0.0011943370452363498 -0.048120089052432612 -0.0039436100626482028 0.043877748774710588 -0.02596037160632993 0.035113302734487109 -0.027301199710936357 0.0064822857445665577 -0.017295085108900085
leaf_weight=878 1044 1088 1423 1321 921 1069 1152 1382 1027 1687 1176 882 885 1032 1031
leaf_count=878 1044 1088 1423 1321 921 1069 1152 1382 1027 1687 1176 882 885 1032 1031
internal_value=8.74587e-05 0.000383865 -0.00063204 7.12253e-05 -0.000713474 0.000164462 -0.000668889 -0.00178991 0.000854057 0.00207601 -0.000196675 0.00113849 0.000455616 -0.000754885 -0.00252534
internal_weight=17998 12749 5249 11705 5845 4924 3603 2534 5860 2714 3146 1970 3340 1917 1909
internal_count=17998 12749 5249 11705 5845 4924 3603 2534 5860 2714 3146 1970 3340 1917 1909
cat_boundaries=0 1 2 3
cat_threshold=270 3404 26
is_linear=0
shrinkage=0.0477671


Tree=333
num_leaves=16
num_cat=2
split_feature=2 2 45 15 28 28 13 6 1 24 24 10 37 13 24
split_gain=1.98702 4.37314 1.99327 1.69189 5.48594 2.51727 4.50681 4.82285 4.08309 3.35541 5.02186 2.50641 2.18356 2.13543 1.43126
threshold=0.69980586642454445 0.70602187110499981 0.97394006393395716 106.88653793645067 0 1 3.6593263338340667 297.51843457505811 0.26495809935293463 39.882562574959216 15.468688346034096 1019.2994553342049 1.0000000180025095e-35 2.0866993264773854 14.570927624555528
decision_type=2 2 2 2 1 1 2 2 2 2 2 2 2 2 2
left_child=-1 -2 3 4 -3 6 7 8 13 10 11 -7 -12 -5 -6
right_child=1 2 -4 5 14 9 -8 -9 -10 -11 12 -13 -14 -15 -16
leaf_value=0.019770103956442311 -0.033408296592293149 0.016645374092911572 0.016193733286484064 0.0073455081351075594 -0.030573472102921054 -0.00030667626329683955 0.042292947045876252 -0.028039275695509992 -0.012373559693339595 -0.043631462866058478 0.06281300072554466 -0.047119955953259782 0.0047203177172964106 0.042992207790670124 -0.0092060305730731953
leaf_weight=1120 950 1027 966 1663 923 1443 1271 1109 920 1648 976 887 990 1051 911
leaf_count=1120 950 1027 966 1663 923 1443 1271 1109 920 1648 976 887 990 1051 911
internal_value=1.19138e-05 -0.000118321 7.09721e-05 -6.59284e-05 -0.0011095 0.000183564 0.00087187 0.000195915 0.0010378 -0.000513077 0.000188503 -0.0013111 0.00196689 0.00197041 -0.00266691
internal_weight=17855 16735 15785 14819 2861 11958 6014 4743 3634 5944 4296 2330 1966 2714 1834
internal_count=17855 16735 15785 14819 2861 11958 6014 4743 3634 5944 4296 2330 1966 2714 1834
cat_boundaries=0 1 2
cat_threshold=2598 3528
is_linear=0
shrinkage=0.0477671


Tree=334
num_leaves=16
num_cat=0
split_feature=7 41 44 0 41 10 46 3 27 0 14 6 6 9 14
split_gain=1.52693 2.44748 2.51448 2.7361 3.59066 3.82375 3.31751 4.87676 4.53208 3.21935 3.11522 2.79718 2.57051 3.7306 1.25379
threshold=306.04236561951313 -0.96234030595689413 34366.500000000007 10.165654931285504 0.63089349388778826 1023.0607689600013 1.0000000180025095e-35 288.93654872074518 1.0566706581776282 9.662608922941013 2.9632447285687813 294.55807060239221 285.70308953116597 1015.195060550045 1.7314633493262932
decision_type=2 2 2 2 2 2 2 2 2 2 2 2 2 2 2
left_child=1 -1 3 9 5 6 -5 12 10 -3 11 14 13 -8 -9
right_child=-2 2 -4 4 -6 -7 7 8 -10 -11 -12 -13 -14 -15 -16
leaf_value=-0.026289768773675223 0.028344511089180114 0.0041191405435756457 -0.017744354826840135 0.022932723845075789 0.047196069569471977 0.026802078848951385 -0.071495955807179268 -0.0085705738930999652 0.038923137060122903 -0.038143730831005675 0.020088891367813902 -0.022346756015807726 0.00067009580037053081 -0.010409537312329112 0.010609594013193899
leaf_weight=1372 908 1713 1536 1075 956 894 999 900 952 1142 1179 1104 1178 996 920
leaf_count=1372 908 1713 1536 1075 956 894 999 900 952 1142 1179 1104 1178 996 920
internal_value=8.83125e-05 -1.3987e-05 0.000156581 0.000357889 0.00069577 0.00043309 0.000146096 -0.000179697 0.000741342 -0.000961252 5.18451e-05 -0.000783375 -0.00164774 -0.00269251 0.000366213
internal_weight=17824 16916 15544 14008 11153 10197 9303 8228 5055 2855 4103 2924 3173 1995 1820
internal_count=17824 16916 15544 14008 11153 10197 9303 8228 5055 2855 4103 2924 3173 1995 1820
is_linear=0
shrinkage=0.0477671


Tree=335
num_leaves=17
num_cat=0
split_feature=9 41 1 41 1 41 41 1 29 18 15 18 14 1 36 44
split_gain=2.10872 9.81335 15.9423 15.5853 5.59195 4.08623 8.47007 7.93442 10.1032 4.92619 4.08372 4.03293 3.22062 3.05119 2.76739 2.49283
threshold=1015.2579038945046 -0.29342786347392819 0.2095239675516776 0.14888728888808325 0.19830117570134809 -0.29342786347392819 -0.056951011027366626 0.21085989516152917 223.50000000000003 0.0052119872132086126 225.16161582026001 0.048419221099103023 2.0605494717578177 0.19688360853350953 1.0000000180025095e-35 29399.500000000004
decision_type=2 2 2 2 2 2 2 2 2 2 2 2 2 2 2 2
left_child=1 2 4 -3 -1 7 -7 13 -9 12 14 -11 15 -2 -5 -8
right_child=5 3 -4 10 -6 6 9 8 -10 11 -12 -13 -14 -15 -16 -17
leaf_value=0.01175193743909657 -0.0084629030237777774 -0.081925727342611068 0.081649493040672719 0.021944835937136371 -0.063326668156327606 0.061325299166630161 0.016056988141780693 -0.11530225032704204 -0.00012260999922689942 0.060009123714809522 -0.047632179600015957 -0.00021398012903071711 -0.033140624319806987 0.035317452219732794 -0.0057289116563946016 -0.0081968163562404304
leaf_weight=987 932 886 1303 943 1021 878 1210 914 1341 1090 1052 888 978 1500 990 952
leaf_count=987 932 886 1303 943 1021 878 1210 914 1341 1090 1052 888 978 1500 990 952
internal_value=1.45809e-05 -0.000618227 0.00129052 -0.00225142 -0.00137862 0.000440216 0.0012663 -0.000616103 -0.00265744 0.000522221 -0.000599341 0.00238964 -0.000653424 0.00127575 0.00070312 0.000374565
internal_weight=17865 7182 3311 3871 2008 10683 5996 4687 2255 5118 2985 1978 3140 2432 1933 2162
internal_count=17865 7182 3311 3871 2008 10683 5996 4687 2255 5118 2985 1978 3140 2432 1933 2162
is_linear=0
shrinkage=0.0477671


Tree=336
num_leaves=17
num_cat=0
split_feature=8 41 11 26 26 27 17 23 46 23 18 18 17 0 24 16
split_gain=1.81172 3.28029 3.07038 3.05067 2.34508 2.19024 2.0454 1.96879 3.18262 4.31968 3.96852 2.86175 3.72894 2.14112 4.53029 2.08754
threshold=305.89114570647399 -0.94137724084408114 40.299511882271567 844.80435270494525 215.9969958849446 2.1885922387441936 0.097604831741962592 3.7278652823181551 0.077737566926842624 8.6417062901886315 0.0052119872132086248 0.024213528291329275 0.023321270078052781 10.689398870374488 20.449032347687325 172.72004176133296
decision_type=2 2 2 2 2 2 2 2 2 2 2 2 2 2 2 2
left_child=1 4 -3 5 -1 6 7 15 -9 -10 13 -12 -13 -11 -15 -4
right_child=-2 2 3 -5 -6 -7 -8 8 9 10 11 12 -14 14 -16 -17
leaf_value=-0.0037882071634048201 0.032712461676250158 0.018797965852015652 2.05922973873289e-05 -0.034924245039433317 -0.045794574463169459 -0.018984811045498311 0.028127644794067826 -0.024625027456436688 0.028603185528970884 -0.028730941881887392 0.028869282637765978 -0.022503715671426162 0.021931881026358149 -0.023230542069053606 0.016131287551324754 0.027478952628982041
leaf_weight=876 900 1029 947 903 890 1122 931 1141 1326 1282 1295 1180 1016 1233 890 889
leaf_count=876 900 1029 947 903 890 1122 931 1141 1326 1282 1295 1180 1016 1233 890 889
internal_value=3.19873e-05 -7.87756e-05 0.00014771 -3.52754e-05 -0.00202735 0.000147617 0.00033454 0.000155484 -0.000124753 0.000203067 -0.000276748 0.000854543 -0.000194751 -0.00143727 -0.000505194 0.00158582
internal_weight=17850 16950 15184 14155 1766 13252 12130 11199 9363 8222 6896 3491 2196 3405 2123 1836
internal_count=17850 16950 15184 14155 1766 13252 12130 11199 9363 8222 6896 3491 2196 3405 2123 1836
is_linear=0
shrinkage=0.0477671


Tree=337
num_leaves=15
num_cat=0
split_feature=12 4 40 9 1 36 7 9 14 27 15 12 7 25
split_gain=1.55649 3.14522 1.9558 3.54574 5.74197 6.60006 3.96399 11.5875 2.87841 1.79496 6.27876 4.90776 4.32457 1.18321
threshold=41.569265874006824 302.50224288972237 -0.95754239937548935 986.71953350162687 0.20434552575322079 0.25881904510252091 293.99866434911809 1017.1305573989545 4.2323009784684702 0.42172658468916613 158.56841139757816 75.331835943516339 282.71116427734268 68.043060826229166
decision_type=2 2 2 2 2 2 2 2 2 2 2 2 2 2
left_child=1 -1 -2 -4 5 -5 8 -8 9 10 -6 13 -13 -11
right_child=2 -3 3 4 6 -7 7 -9 -10 11 -12 12 -14 -15
leaf_value=0.023657895085295196 -0.0094138518327895708 -0.0035723894983576486 0.033346760639050115 -0.067657054892921731 -0.027592757600801231 0.00095879582475350824 0.058910376794770659 -0.015747010268884202 -0.034210747949311102 0.074565150668525218 0.010670078406623516 0.028457366481775125 -0.019437786269855307 0.027860150893304302
leaf_weight=1088 1228 1027 1054 1016 1268 1314 1295 1066 1292 906 1693 1049 1727 894
leaf_count=1088 1228 1027 1054 1016 1268 1314 1295 1066 1292 906 1693 1049 1727 894
internal_value=0.000283807 0.00150084 0.000120773 0.000275161 6.69632e-05 -0.00209013 0.000516317 0.00225489 5.11446e-05 0.000408484 -0.000507407 0.00100162 -0.000257304 0.0029444
internal_weight=17917 2115 15802 14574 13520 2330 11190 2361 8829 7537 2961 4576 2776 1800
internal_count=17917 2115 15802 14574 13520 2330 11190 2361 8829 7537 2961 4576 2776 1800
is_linear=0
shrinkage=0.0477671


Tree=338
num_leaves=15
num_cat=2
split_feature=0 0 24 46 13 44 28 26 28 45 5 37 24 16
split_gain=1.52613 1.75882 2.32916 2.03783 2.53181 2.61325 4.39356 3.72611 3.21784 5.68705 4.07369 3.79636 4.72272 3.82532
threshold=9.506362547973648 9.712250224522494 50.907914426550775 0.86316374695216147 4.4449467560948559 31436.500000000004 0 680.66257358719633 1 0.56192977791787302 286.9897778950691 0.60355339059327384 5.3954145374537612 156.80231147263331
decision_type=2 2 2 2 2 2 1 2 1 2 2 2 2 2
left_child=-1 -2 3 4 5 8 -7 -8 -3 10 -10 12 -11 -13
right_child=1 2 -4 -5 -6 6 7 -9 9 11 -12 13 -14 -15
leaf_value=-0.016851390805034835 0.03214289162974631 -0.017163357024291521 0.021119409192883885 -0.028272286290176599 0.034253212182434926 -0.030422412234656016 0.023847331923591692 -0.019390883701605979 0.012570638988464656 0.02489569196651828 0.073741364932829262 -0.042409125906588345 -0.0053070248562358743 -0.00097667914795780881
leaf_weight=1308 880 1170 1620 1263 1169 1076 1033 1064 975 1225 997 887 1743 1424
leaf_count=1308 880 1170 1620 1263 1169 1076 1033 1064 975 1225 997 887 1743 1424
internal_value=7.48708e-05 0.000199304 8.22881e-05 -0.000115632 6.5321e-05 -0.000148127 -0.00131654 -3.29469e-05 0.000291862 0.000667419 0.00285714 -0.000148878 0.000980984 -0.00160092
internal_weight=17834 16526 15646 14026 12763 11594 3173 2097 8421 7251 1972 5279 2968 2311
internal_count=17834 16526 15646 14026 12763 11594 3173 2097 8421 7251 1972 5279 2968 2311
cat_boundaries=0 1 2
cat_threshold=2832 514
is_linear=0
shrinkage=0.0477671


Tree=339
num_leaves=15
num_cat=3
split_feature=52 31 2 6 7 9 9 0 31 52 0 2 31 2
split_gain=2.03558 5.32481 3.55464 3.32156 2.52269 2.07255 2.91188 3.72086 3.07785 2.36618 2.83795 5.18295 4.49127 4.68749
threshold=0.23184395843844199 0 0.81720541958765225 300.76542773266732 301.42203916665147 1016.2299074426029 1008.5954527877725 13.371495650259904 1 1.0000000180025095e-35 11.096690999780789 0.71155276857366001 2 0.781363404138541
decision_type=2 1 2 2 2 2 2 2 1 2 2 2 1 2
left_child=2 -2 3 4 5 6 7 -1 -8 10 11 -7 13 -12
right_child=1 -3 -4 -5 -6 9 8 -9 -10 -11 12 -13 -14 -15
leaf_value=-0.007704970385675608 0.0086106452296725571 -0.039549270851650317 0.02819855324663954 -0.02959238869428233 0.026177151977191584 0.0022361747531545501 -0.00030282176864495074 0.031375684531064124 -0.039555254686820474 0.033155347897909956 0.049037391250494437 -0.087957065815242888 -0.0052866592132281157 -0.00088749258762247491
leaf_weight=1608 1217 1583 919 1005 987 1663 1224 923 1571 1209 990 891 1231 888
leaf_count=1608 1217 1583 919 1005 987 1663 1224 923 1571 1209 990 891 1231 888
internal_value=-0.000163909 -0.00134692 5.51785e-05 -0.000131126 7.0476e-05 -0.000117296 -0.000824698 0.000348265 -0.00188767 0.000430636 2.06933e-05 -0.0011587 0.000990269 0.00245295
internal_weight=17909 2800 15109 14190 13185 12198 5326 2531 2795 6872 5663 2554 3109 1878
internal_count=17909 2800 15109 14190 13185 12198 5326 2531 2795 6872 5663 2554 3109 1878
cat_boundaries=0 1 2 3
cat_threshold=56 19 99
is_linear=0
shrinkage=0.0477671


Tree=340
num_leaves=15
num_cat=0
split_feature=52 40 2 6 8 9 38 40 9 17 1 2 14 40
split_gain=2.08392 4.3273 3.43488 3.51755 3.83528 2.19832 3.55072 3.70921 5.47766 3.0695 3.6732 6.12552 3.03088 2.73396
threshold=0.23184395843844199 0.25206111083856975 0.8173988071535474 300.76542773266732 301.31868186132414 1016.2299074426029 -0.60785761079279388 0.065536893917732264 1007.9117093526066 1.0000000180025095e-35 0.2857249621347267 0.75701262108488765 1.8524857822359622 0.83376496542330847
decision_type=2 2 2 2 2 2 2 2 2 2 2 2 2 2
left_child=2 -2 3 4 5 6 -1 -8 -9 10 11 -7 -12 -13
right_child=1 -3 -4 -5 -6 9 7 8 -10 -11 12 13 -14 -15
leaf_value=-0.034130202936268873 -0.023792776982763532 0.01612912851624668 0.043027360835556798 -0.026039414200490552 0.042047368892693282 0.03712643675484175 -0.012164034608376284 0.036501075315348082 -0.017115657318049152 0.043261885223194005 0.0023901701774327344 0.0070802244744921066 -0.056480836618664092 -0.02063067772913528
leaf_weight=1547 1344 1507 875 1014 880 1105 1247 1333 1148 1261 1167 1586 879 983
leaf_count=1547 1344 1507 875 1014 880 1105 1247 1333 1148 1261 1167 1586 879 983
internal_value=0.000170892 -0.00101286 0.000395659 0.000215891 0.000425283 0.000206382 -0.000529316 0.000268476 0.00133719 0.000762612 0.000291891 0.00119552 -0.00132966 -8.28028e-05
internal_weight=17876 2851 15025 14150 13136 12256 5275 3728 2481 6981 5720 3674 2046 2569
internal_count=17876 2851 15025 14150 13136 12256 5275 3728 2481 6981 5720 3674 2046 2569
is_linear=0
shrinkage=0.0477671


Tree=341
num_leaves=15
num_cat=1
split_feature=11 41 25 12 38 5 28 40 14 8 10 40 10 24
split_gain=1.51838 2.78883 3.23594 2.60193 1.6927 3.65141 4.11655 3.82243 3.08461 2.87076 3.78257 3.58245 5.02319 2.26104
threshold=46.246226855790923 -0.64580103137750788 817.33334963552932 51.075136729686491 1.0000000180025095e-35 284.23269808886079 0 0.67802080537253973 4.189492920600733 290.46172983252706 1015.6678485686139 0.082691702092476851 1013.2890416176825 26.377336526741484
decision_type=2 2 2 2 2 2 1 2 2 2 2 2 2 2
left_child=1 2 -1 -2 8 7 -7 -6 9 11 -11 -5 -13 -8
right_child=3 -3 -4 4 5 6 13 -9 -10 10 -12 12 -14 -15
leaf_value=0.0031691762475387873 -0.016646574924540192 -0.0060417564562861058 0.041263109695737259 -0.0057995913419205377 0.012295463716390453 -0.0019465423301702936 0.015980814990596004 -0.041514493176840417 -0.079693157993096161 0.0095627238101685195 -0.024304650479625031 -0.0098991594845369967 0.065105594200191949 0.048610998379469347
leaf_weight=1093 1687 1247 1022 1593 1622 1022 1056 900 898 932 1262 1069 1574 882
leaf_count=1093 1687 1247 1022 1593 1622 1022 1056 900 898 932 1262 1069 1574 882
internal_value=0.000207163 0.00112176 0.00217839 -4.78851e-06 0.000227288 0.000862223 0.0020003 -0.000472619 -0.000247396 0.000118513 -0.00128351 0.000845208 0.00192394 0.00328468
internal_weight=17859 3362 2115 14497 12810 5482 2960 2522 7328 6430 2194 4236 2643 1938
internal_count=17859 3362 2115 14497 12810 5482 2960 2522 7328 6430 2194 4236 2643 1938
cat_boundaries=0 1
cat_threshold=4994
is_linear=0
shrinkage=0.0477671


Tree=342
num_leaves=16
num_cat=0
split_feature=18 18 40 40 40 30 40 2 44 9 11 4 8 2 10
split_gain=1.52385 5.00019 4.43616 4.21547 5.58225 7.57505 4.86033 3.66819 3.49425 2.16803 3.03304 1.84148 1.68757 1.66314 1.26418
threshold=0.0052119872132085857 0.010423974426417223 0.95242846126021108 0.7090011537757156 0.26866988313759588 0.54072553045859018 -0.83377653105606597 0.81615289461429152 27315.500000000004 1012.6279629417517 66.326115218094117 282.39962994947615 295.02742355987351 0.76488034666457139 1017.0922522768511
decision_type=2 2 2 2 2 2 2 2 2 2 2 2 2 2 2
left_child=7 -2 3 4 5 -3 -7 8 11 -10 12 -1 -11 -13 -15
right_child=1 2 -4 -5 -6 6 -8 -9 9 10 -12 13 -14 14 -16
leaf_value=-0.0040053326359587582 -0.055279503238712314 -0.061703330888186095 0.045367773398586463 -0.054704681896317289 0.040025420899749052 -0.0096748346955114368 0.024883471868235595 0.046434429594230303 -0.025269693934829283 0.013274500623204387 -0.020046119258877285 0.037513277820187575 -0.0043868235033534177 0.017936967559103512 -0.0015279844801031521
leaf_weight=877 1077 907 1055 1347 1600 1197 1248 922 874 1135 1174 925 1747 880 910
leaf_count=877 1077 907 1055 1347 1600 1197 1248 922 874 1135 1174 925 1747 880 910
internal_value=-1.7245e-05 -0.000484148 -3.86689e-05 -0.0005191 0.000124948 -0.000982606 0.000399588 0.00039934 8.94205e-05 -0.000735916 -0.000270318 0.00122281 0.000562751 0.00183773 0.000986118
internal_weight=17875 8431 7354 6299 4952 3352 2445 9444 8522 4930 4056 3592 2882 2715 1790
internal_count=17875 8431 7354 6299 4952 3352 2445 9444 8522 4930 4056 3592 2882 2715 1790
is_linear=0
shrinkage=0.0477671


Tree=343
num_leaves=15
num_cat=1
split_feature=12 1 36 37 44 38 29 16 31 29 11 1 42 14
split_gain=2.71803 2.83069 7.58381 2.00353 5.42069 8.31816 2.80897 5.05169 3.26834 2.60087 2.38231 1.97749 1.81558 1.7526
threshold=41.569265874006824 0.20434552575322079 1.0000000180025095e-35 1.0000000180025095e-35 28034.500000000004 -0.60785761079279388 64.500000000000014 207.11316237624098 0 66.500000000000014 68.498627070758317 0.2088774352054856 -0.5 1.9850808555111914
decision_type=2 2 2 2 2 2 2 2 1 2 2 2 2 2
left_child=11 2 -2 4 -3 -6 -5 8 12 -7 13 -1 -8 -11
right_child=1 3 -4 6 5 9 7 -9 -10 10 -12 -13 -14 -15
leaf_value=0.028349408633171053 -0.061767354321008432 0.046806901839075682 0.0032736474701437778 -0.04699832202234961 -0.060297080680811334 0.050927271779312826 -0.0083251085194929689 0.024541363169573647 -0.019622366718034207 -0.0022079845367758274 -0.010720528473863893 0.0020061220111866093 0.023014297109659184 0.025705447251569279
leaf_weight=999 968 1382 1642 1687 932 1050 991 1545 1542 916 949 1097 1010 1084
leaf_count=999 968 1382 1642 1687 932 1050 991 1545 1542 916 949 1097 1010 1084
internal_value=2.40346e-05 -0.000191559 -0.00162798 9.47213e-05 0.000707111 -3.34523e-05 -0.000475579 8.40551e-05 -0.000909412 0.000913216 0.000185517 0.00163979 0.00036706 0.00112141
internal_weight=17794 15698 2610 13088 6313 4931 6775 5088 3543 3999 2949 2096 2001 2000
internal_count=17794 15698 2610 13088 6313 4931 6775 5088 3543 3999 2949 2096 2001 2000
cat_boundaries=0 1
cat_threshold=114
is_linear=0
shrinkage=0.0477671


end of trees

feature_importances:
month=392
pressure=272
pressure_rolling3h=265
sunrise_day_fraction_utc=208
day_of_year_sin=204
day_of_year=186
sunset_day_fraction_utc=183
wind_speed_rolling3h=180
total_load_actual=178
daylight_length_hr=171
wind_speed=169
day_of_week=162
temp_min_rolling3h=160
temp_min=149
day_of_year_cos=140
wind_deg_rolling3h=132
clouds_all_rolling3h=126
utc_time_day_fraction=124
day_hour_sin=119
wx_clear=116
temp_max=105
rain_1h_rolling3h=104
solar_flux_Wm2_rolling3h=99
humidity=97
severity=97
temp_max_rolling3h=96
wx_clouds=90
clouds_all=86
humidity_rolling3h=74
day_hour_cos=69
wind_deg=65
temp_rolling3h=59
rain_1h=53
date_fraction_of_year=51
solar_flux_Wm2=50
is_weekend=46
wx_rain=45
day_of_week_sin=33
temp=31
day_of_week_cos=22
wx_fog=19
rain_3h_rolling3h=18
wx_mist=14
month_sin=13
month_cos=10
season=1

parameters:
[boosting: gbdt]
[objective: quantile]
[metric: quantile]
[tree_learner: serial]
[device_type: cpu]
[data_sample_strategy: bagging]
[data: ]
[valid: ]
[num_iterations: 1080]
[learning_rate: 0.0477671]
[num_leaves: 509]
[num_threads: -1]
[seed: 42]
[deterministic: 0]
[force_col_wise: 0]
[force_row_wise: 0]
[histogram_pool_size: -1]
[max_depth: 15]
[min_data_in_leaf: 874]
[min_sum_hessian_in_leaf: 0.001]
[bagging_fraction: 0.750601]
[pos_bagging_fraction: 1]
[neg_bagging_fraction: 1]
[bagging_freq: 1]
[bagging_seed: 400]
[bagging_by_query: 0]
[feature_fraction: 0.631132]
[feature_fraction_bynode: 1]
[feature_fraction_seed: 30056]
[extra_trees: 0]
[extra_seed: 12879]
[early_stopping_round: 0]
[early_stopping_min_delta: 0]
[first_metric_only: 0]
[max_delta_step: 0]
[lambda_l1: 0.0467169]
[lambda_l2: 2.65466e-06]
[linear_lambda: 0]
[min_gain_to_split: 0]
[drop_rate: 0.1]
[max_drop: 50]
[skip_drop: 0.5]
[xgboost_dart_mode: 0]
[uniform_drop: 0]
[drop_seed: 17869]
[top_rate: 0.2]
[other_rate: 0.1]
[min_data_per_group: 100]
[max_cat_threshold: 32]
[cat_l2: 10]
[cat_smooth: 10]
[max_cat_to_onehot: 4]
[top_k: 20]
[monotone_constraints: ]
[monotone_constraints_method: basic]
[monotone_penalty: 0]
[feature_contri: ]
[forcedsplits_filename: ]
[refit_decay_rate: 0.9]
[cegb_tradeoff: 1]
[cegb_penalty_split: 0]
[cegb_penalty_feature_lazy: ]
[cegb_penalty_feature_coupled: ]
[path_smooth: 0]
[interaction_constraints: ]
[verbosity: -1]
[saved_feature_importance_type: 0]
[use_quantized_grad: 0]
[num_grad_quant_bins: 4]
[quant_train_renew_leaf: 0]
[stochastic_rounding: 1]
[linear_tree: 0]
[max_bin: 255]
[max_bin_by_feature: ]
[min_data_in_bin: 3]
[bin_construct_sample_cnt: 200000]
[data_random_seed: 175]
[is_enable_sparse: 1]
[enable_bundle: 1]
[use_missing: 1]
[zero_as_missing: 0]
[feature_pre_filter: 1]
[pre_partition: 0]
[two_round: 0]
[header: 0]
[label_column: ]
[weight_column: ]
[group_column: ]
[ignore_column: ]
[categorical_feature: 28,31]
[forcedbins_filename: ]
[precise_float_parser: 0]
[parser_config_file: ]
[objective_seed: 16083]
[num_class: 1]
[is_unbalance: 0]
[scale_pos_weight: 1]
[sigmoid: 1]
[boost_from_average: 1]
[reg_sqrt: 0]
[alpha: 0.5]
[fair_c: 1]
[poisson_max_delta_step: 0.7]
[tweedie_variance_power: 1.5]
[lambdarank_truncation_level: 30]
[lambdarank_norm: 1]
[label_gain: ]
[lambdarank_position_bias_regularization: 0]
[eval_at: ]
[multi_error_top_k: 1]
[auc_mu_weights: ]
[num_machines: 1]
[local_listen_port: 12400]
[time_out: 120]
[machine_list_filename: ]
[machines: ]
[gpu_platform_id: -1]
[gpu_device_id: -1]
[gpu_use_dp: 0]
[num_gpu: 1]

end of parameters

pandas_categorical:[]
