tree
version=v4
num_class=1
num_tree_per_iteration=1
label_index=0
max_feature_idx=55
objective=regression
feature_names=daylight_length_hr sunrise_day_fraction_utc sunset_day_fraction_utc temp temp_rolling3h temp_min temp_min_rolling3h temp_max temp_max_rolling3h pressure pressure_rolling3h humidity humidity_rolling3h wind_speed wind_speed_rolling3h wind_deg wind_deg_rolling3h rain_1h rain_1h_rolling3h rain_3h rain_3h_rolling3h snow_3h snow_3h_rolling3h clouds_all clouds_all_rolling3h solar_flux_Wm2 solar_flux_Wm2_rolling3h severity month day_of_year date_fraction_of_year day_of_week is_weekend season is_holiday utc_time_day_fraction day_hour_sin day_hour_cos day_of_week_sin day_of_week_cos day_of_year_sin day_of_year_cos month_sin month_cos wx_clear wx_clouds wx_drizzle wx_dust wx_fog wx_haze wx_mist wx_rain wx_smoke wx_snow wx_squall wx_thunderstorm
feature_infos=[9.3596828722609828:14.968733129411385] [0.19410002162982243:0.31163495189900325] [0.69654878201595027:0.81871011031084839] [269.72646691159127:309.90396711280073] [270.65299242019148:309.71861066259777] [268.89369968804601:308.92749021087911] [269.32665650944762:308.62831380393885] [269.72646691159127:313.73456373403258] [270.65299242019148:312.96198277559341] [766.84632627970336:244890.38201182318] [836.29636365775127:243203.46984729479] [19.249089573633061:99.999999999999986] [21.277255594968899:99.313404638227439] [0:19.886087171848004] [0.27367250609567723:11.315541801258044] [0:344.88001392443181] [14.526704245087544:339.7524872426664] [0:4.405107912851479] [0:3.163355462094652] [0:0.12065750398577889] [0:0.04212472235621962] [0:1.1205772508398473] [0:1.1205772508398473] [0:96.351263531536162] [0:94.622869702986307] [0:875.66486422107903] [0:872.68927008715661] [0:4.5344590809815166] -1:1:3:5:7:8:4:6:2:9:12:10:11 [1:366] [0.0027378507871321013:1.0020533880903491] -1:0:3:4:5:6:1:2 [0:1] [0:3] [0:1] [0:0.95833333333333337] [-1:1] [-1:1] [-0.97492791218182362:0.97492791218182362] [-0.90096886790241903:1] [-0.9999994220246925:0.99998555065071859] [-0.99997919295908233:0.9999907524084426] [-1:1] [-1:1] [0:1] [0:1] [0:0.72632749390432283] [0:0.24213528291329262] [0:0.82968275562592209] [0:0.58754747271262941] [0:0.84452486614631483] [0:1] none [0:0.48419221099103016] none [0:0.84452486614631483]
tree_sizes=3094 3131 3188 3131 3165 3153 3157 3135 3152 3155 3172 3151 3152 3151 3158 3118 3117 3154 3151 3145 3155 3144 3160 3146 3100 3142 3155 3145 3133 3199 3149 3175 3153 3089 3131 3121 3169 3133 3130 3155 3158 3125 3177 3127 3154 3128 3127 3158 3136 3110 3138 3129 3138 3150 3133 3134 3130 3141 3159 3135 3143 3148 3154 3161 3158 3127 3152 3098 3151 3113 3108 3085 3152 3156 3170 3157 3123 3134 3138 3133 3100 3174 3122 3175 3113 3132 3157 3144 3137 3114 3139 3094 3155 3129 3131 3167 3157 3138 3147 3172 3153 3144 3117 3122 3161 3154 3138 3146 3130 3121 3165 3133 3123 3146 3101 3126 3117 3129 3164 3094 3131 3138 3158 3136 3149 3129 3133 3137 3120 3186 3117 3145 3131 3176 3127 3180 3146 3116 3155 3175 3138 3132 3135 3187 3149 3150 3092 3187 3116 3155 3151 3113

Tree=0
num_leaves=34
num_cat=5
split_feature=35 35 31 28 1 35 35 1 3 35 35 28 29 28 29 1 40 2 31 29 40 3 35 1 41 40 35 35 5 35 1 1 25
split_gain=1.43482e+11 2.67153e+10 2.39608e+10 6.90355e+09 5.50447e+09 3.99235e+09 3.70152e+09 3.67641e+09 2.39607e+09 1.88273e+09 1.78191e+09 1.71413e+09 1.64849e+09 1.63588e+09 1.62199e+09 1.93718e+09 1.96475e+09 1.11299e+09 1.09778e+09 9.46849e+08 1.0952e+09 9.15908e+08 1.06086e+09 8.9914e+08 1.56488e+09 8.67802e+08 8.5569e+08 7.7511e+08 7.73182e+08 7.35092e+08 6.2671e+08 5.60135e+08 5.51124e+08
threshold=0.22916666666666671 0.89583333333333337 0 1 0.3112836758503818 0.31250000000000006 0.18750000000000003 0.30311331381490464 301.64493828016526 0.85416666666666685 0.27083333333333343 2 104.50000000000001 3 42.500000000000007 0.20103124197199387 -0.62588817255938378 0.81528407852171358 4 224.50000000000003 0.94978112945126536 285.79172622857845 0.52083333333333337 0.20685520443833297 -0.43733099657705293 -0.091260668982868151 0.35416666666666669 0.27083333333333343 293.34641839799957 0.93750000000000011 0.30129284612625568 0.22288611248639137 414.51029897737334
decision_type=2 2 1 1 2 2 2 2 2 2 2 1 2 1 2 2 2 2 1 2 2 2 2 2 2 2 2 2 2 2 2 2 2
left_child=6 2 5 4 7 -2 28 14 9 10 -5 19 -13 29 30 -16 -17 31 -8 20 -7 26 -23 -14 -25 -26 -12 -18 -1 -3 -4 -10 -24
right_child=1 13 3 8 -6 11 18 -9 17 -11 21 12 23 -15 15 16 27 -19 -20 -21 -22 22 32 24 25 -27 -28 -29 -30 -31 -32 -33 -34
leaf_value=28352.430263868104 28451.158859971798 28554.308073003802 28601.471885300201 28570.44900128472 28557.126538680379 28624.70153656647 28381.983485321402 28839.610779939401 28653.44602574129 28561.426596327889 28643.423211554651 28675.226846558133 28451.949735393518 28433.002941011142 28639.088599541657 28677.784955994324 28660.14607819818 28797.703013269689 28489.680540269212 28518.945463202741 28512.278739468493 28676.682848517001 28661.645831895788 28653.780180722883 28542.965027206803 28447.62617499215 28729.946657316959 28789.552490633101 28401.710382927522 28476.455734943334 28718.636161495146 28733.428331116094 28619.28517604218
leaf_weight=3160 435 361 194 352 243 1268 220 518 269 353 261 127 185 747 244 359 73 204 516 176 142 1489 691 161 686 177 475 1040 551 354 103 248 1312
leaf_count=3160 435 361 194 352 243 1268 220 518 269 353 261 127 185 747 244 359 73 204 516 176 142 1489 691 161 686 177 475 1040 551 354 103 248 1312
internal_value=28564 28627.4 28646.6 28681 28731 28559.7 28375.3 28748.4 28656.2 28646.9 28653.4 28575.8 28543.8 28472.6 28724.9 28739.3 28755.9 28721.8 28454 28602.7 28613.4 28660.3 28652.1 28529.8 28543.9 28523.4 28699.3 28781.1 28359.7 28516.4 28642.1 28691.8 28633.9
internal_weight=17694 13247 11785 8428 2774 3357 4447 2531 5654 4933 4580 2922 1336 1462 2013 1716 1472 721 736 1586 1410 4228 3492 1209 1024 863 736 1113 3711 715 297 517 2003
internal_count=17694 13247 11785 8428 2774 3357 4447 2531 5654 4933 4580 2922 1336 1462 2013 1716 1472 721 736 1586 1410 4228 3492 1209 1024 863 736 1113 3711 715 297 517 2003
cat_boundaries=0 1 2 3 4 5
cat_threshold=96 2182 462 6286 96
is_linear=0
shrinkage=1


Tree=1
num_leaves=34
num_cat=4
split_feature=35 35 28 35 35 35 1 1 35 7 28 28 1 0 0 29 9 40 35 3 35 39 39 40 35 39 28 3 39 39 0 0 39
split_gain=1.32697e+11 2.47138e+10 7.39058e+09 3.89086e+09 3.41264e+09 3.02513e+09 2.6826e+09 3.94326e+09 1.8978e+09 1.63687e+09 1.5153e+09 1.22492e+09 1.04902e+09 1.02101e+09 9.53204e+08 9.26192e+08 9.03956e+08 8.64981e+08 8.39405e+08 8.2736e+08 6.79737e+08 6.63949e+08 8.82683e+08 6.62395e+08 6.60036e+08 6.53365e+08 6.45324e+08 6.34632e+08 6.21911e+08 6.32412e+08 5.46023e+08 1.03904e+09 5.45333e+08
threshold=0.22916666666666671 0.89583333333333337 0 0.31250000000000006 0.18750000000000003 0.27083333333333343 0.3112836758503818 0.30491484917840578 0.85416666666666685 306.25061281630911 1 2 0.31005520819657384 9.383286198812538 9.3968193454500248 102.50000000000001 1024.1202375886094 -0.97876850416056738 0.52083333333333337 286.80599346567027 0.93750000000000011 -0.56174490092936669 -0.22252093395631442 -0.96689237009891416 0.27083333333333343 -0.56174490092936669 3 293.1528165850122 1.0000000180025095e-35 0.81174490092936691 9.5542763968319555 9.493419996423194 0.81174490092936691
decision_type=2 2 1 2 2 2 2 2 2 2 1 1 2 2 2 2 2 2 2 2 2 2 2 2 2 2 1 2 2 2 2 2 2
left_child=4 2 3 24 27 -4 7 9 11 18 20 12 14 -14 -7 -13 -9 -17 25 -20 -3 -19 -23 -16 -2 -5 -10 -1 -24 -30 31 -8 -27
right_child=1 10 5 6 -6 8 30 16 26 -11 -12 15 13 -15 23 17 -18 21 19 -21 -22 22 28 -25 -26 32 -28 -29 29 -31 -32 -33 -34
leaf_value=-205.30973369400147 -14.25795221548367 -9.9154110481934445 -44.994339592012665 183.87366029251382 -106.51792612201511 161.84439232320673 -19.262337554437529 259.77590630002652 58.240525803805617 184.8455853937194 -126.63055012514222 100.91409901329919 -132.81692685359241 65.93765107899074 29.618474709571018 102.44506824878998 137.822567121562 62.275221270159982 130.18961234656692 76.426610561424624 -84.779104395117969 -47.492755555990939 77.997640620120947 86.06984751743299 64.769398649546162 102.45514134260915 -44.151254463183541 -166.6518916013695 -12.18171427207958 59.096738106391626 -79.454916448256867 134.44024058142935 184.22129568013443
leaf_weight=2914 313 361 437 315 736 223 152 418 115 511 747 368 65 92 346 249 114 547 642 1230 354 288 275 2671 310 622 328 797 555 274 63 113 149
leaf_count=2914 313 361 437 315 736 223 152 418 115 511 747 368 65 92 346 249 114 547 642 1230 354 288 275 2671 310 622 328 797 555 274 63 113 149
internal_value=-0.585422 60.3256 78.7937 114.533 -182.031 52.6483 127.673 136.325 59.402 121.401 -88.5435 65.1063 80.3244 -16.3492 85.2568 44.3932 233.643 35.0898 110.44 94.8646 -46.3328 26.4403 12.3585 79.5958 25.0654 137.289 -17.2529 -197.007 27.9719 11.3771 22.1286 46.2787 118.257
internal_weight=17694 13247 11785 4952 4447 6833 4329 4001 6396 3469 1462 5953 3397 157 3240 2556 532 2188 2958 1872 715 1939 1392 3017 623 1086 443 3711 1104 829 328 265 771
internal_count=17694 13247 11785 4952 4447 6833 4329 4001 6396 3469 1462 5953 3397 157 3240 2556 532 2188 2958 1872 715 1939 1392 3017 623 1086 443 3711 1104 829 328 265 771
cat_boundaries=0 1 2 3 4
cat_threshold=2246 6286 4872 4104
is_linear=0
shrinkage=0.0383886


Tree=2
num_leaves=34
num_cat=1
split_feature=26 32 37 36 28 32 37 41 41 0 36 36 29 7 7 29 5 32 7 36 36 0 40 29 29 5 41 0 37 36 2 10 40
split_gain=1.13708e+11 1.7311e+10 1.35514e+10 1.65787e+10 6.09519e+09 4.8724e+09 3.89577e+09 3.07574e+09 2.919e+09 2.75529e+09 2.43896e+09 2.07023e+09 1.92351e+09 1.76298e+09 1.67814e+09 1.44084e+09 2.0691e+09 1.27591e+09 1.19734e+09 1.16461e+09 9.44343e+08 9.40053e+08 8.03197e+08 1.42143e+09 9.32157e+08 7.10667e+08 7.0759e+08 6.94873e+08 8.20745e+08 6.50727e+08 6.27878e+08 6.30542e+08 5.90217e+08
threshold=1.0000000180025095e-35 1.0000000180025095e-35 0.25881904510252057 -0.37940952255126059 0 1.0000000180025095e-35 0.60355339059327384 0.98174098242282837 0.50370931781787076 14.778180654549983 0.91597561503675362 -1.0000000180025095e-35 30.500000000000004 303.41850546973575 305.13280627454759 104.50000000000001 298.43461964083633 1.0000000180025095e-35 286.65686817254993 0.98296291314453421 -0.60355339059327362 14.899352818964744 0.8697513045430848 128.50000000000003 152.50000000000003 281.95969192625853 -0.86974577485258975 10.569162159519083 0.60355339059327384 1.0000000180025095e-35 0.729461768728077 1014.1520911968543 -0.75015329512557205
decision_type=2 2 2 2 1 2 2 2 2 2 2 2 2 2 2 2 2 2 2 2 2 2 2 2 2 2 2 2 2 2 2 2 2
left_child=2 4 5 8 7 19 13 9 -4 12 11 -5 25 18 27 -3 22 -12 -6 -1 -10 -15 23 -17 -25 -2 -13 30 -29 -20 31 -14 -33
right_child=1 15 3 10 6 -7 -8 -9 20 -11 17 26 14 21 -16 16 -18 -19 29 -21 -22 -23 -24 24 -26 -27 -28 28 -30 -31 -32 32 -34
leaf_value=104.19167927139006 328.97448830184607 44.870010726261796 -76.800779167177836 -118.27329915904663 141.16559451879994 -118.85106950704987 -27.95531458815158 1.9944262032856299 100.90880255074624 59.761144957673572 -69.425205903120556 -153.40325599290344 228.12368363423312 126.50392134750892 268.32711811719179 143.98198293135161 45.942985227544419 -179.83724353516169 65.518558803713688 11.274156518171591 -0.0022632506116688315 225.25940704900114 -115.57761494011058 -104.11230480190758 -21.482447407734075 223.55092900070363 -197.24099632626923 198.89666843324611 55.873352397189493 98.727563891583642 56.552030880377529 54.026296996035931 158.66672555733714
leaf_weight=385 169 823 366 719 537 332 394 159 353 259 516 660 111 546 232 67 594 220 2041 411 223 192 176 249 1048 213 3051 568 66 1515 144 120 235
leaf_count=385 169 823 366 719 537 332 394 159 353 259 516 660 111 546 232 67 594 220 2041 411 223 192 176 249 1048 213 3051 568 66 1515 144 120 235
internal_value=-0.565391 80.3835 -117.559 -140.135 111.394 4.68876 87.9481 164.11 7.97366 177.062 -167.142 -177.893 193.413 97.5828 173.542 1.71988 -14.9214 -102.429 87.7356 56.2154 61.8408 152.196 -38.3977 -28.439 -37.3459 270.191 -189.444 155.865 184.008 79.6669 126.615 148.265 123.295
internal_weight=17694 10458 7236 6108 7501 1128 5225 2276 942 2117 5166 4430 1858 4831 1476 2957 2134 736 4093 796 576 738 1540 1364 1297 382 3711 1244 634 3556 610 466 355
internal_count=17694 10458 7236 6108 7501 1128 5225 2276 942 2117 5166 4430 1858 4831 1476 2957 2134 736 4093 796 576 738 1540 1364 1297 382 3711 1244 634 3556 610 466 355
cat_boundaries=0 1
cat_threshold=2182
is_linear=0
shrinkage=0.0383886


Tree=3
num_leaves=34
num_cat=4
split_feature=35 35 32 28 0 35 28 35 7 28 26 40 40 28 0 32 0 0 0 3 40 0 40 0 2 2 0 5 0 2 0 0 34
split_gain=1.13698e+11 2.22558e+10 2.01363e+10 5.71136e+09 4.2448e+09 3.17985e+09 3.12461e+09 2.83376e+09 2.68012e+09 1.54182e+09 1.50658e+09 1.45744e+09 1.48034e+09 1.20655e+09 1.12426e+09 1.05724e+09 1.01931e+09 1.08565e+09 1.65082e+09 9.61582e+08 1.02705e+09 1.00308e+09 8.3493e+08 8.31165e+08 7.50265e+08 1.35742e+09 7.34076e+08 7.21058e+08 7.11538e+08 6.76786e+08 6.72953e+08 6.41681e+08 5.76535e+08
threshold=0.22916666666666671 0.89583333333333337 1.0000000180025095e-35 0 9.5938434878608341 0.31250000000000006 1 0.18750000000000003 306.25061281630911 2 266.07514131604347 0.67167992559793654 0.31799963745711152 3 14.270395245566151 1.0000000180025095e-35 13.897120305775262 13.227464801632175 12.916517146251097 285.38935938716355 -0.71504373327588355 12.979431386883583 -0.66528616069191604 9.493419996423194 0.69980586642454445 0.6969150038320101 14.922006068462391 293.34641839799957 9.5542763968319555 0.81663086443825927 10.273140293585405 14.904943805825953 1.0000000180025095e-35
decision_type=2 2 2 1 2 2 1 2 2 1 2 2 2 1 2 2 2 2 2 2 2 2 2 2 2 2 2 2 2 2 2 2 2
left_child=7 2 3 4 23 -4 -6 27 11 -3 24 12 -8 22 16 -9 17 18 -15 -12 21 -21 -7 -2 25 -5 -24 -1 -25 -10 -14 -31 -22
right_child=1 9 5 10 6 13 8 15 29 -11 19 -13 30 14 -16 -17 -18 -19 -20 20 32 -23 26 28 -26 -27 -28 -29 -30 31 -32 -33 -34
leaf_value=-188.95505265069724 -80.626489820605954 -40.697478108267553 -103.44694060646442 -32.170643213006201 244.42440666323708 -42.920197141335237 129.91748906746429 -70.693086614631653 274.54522315759351 -119.84801112413462 155.9614971028123 185.12788590499497 150.0745450711311 -10.978172241572379 -101.24208839673869 -174.30510343988342 125.27324915691938 -105.50670360171732 158.39601294589869 88.029276829572865 72.207923050971999 163.00025050329359 59.860896079404135 108.04375884938214 29.597113510303341 191.19244450113732 -30.477817711012932 -141.10280473345901 -61.119691227668653 97.161456225768831 39.533258961707759 245.09015170675727 -34.154057538434749
leaf_weight=3158 114 740 428 61 510 172 1399 529 222 777 302 446 97 1084 191 200 87 156 92 791 2022 394 992 114 1082 117 153 544 54 84 497 89 78
leaf_count=3158 114 740 428 61 510 172 1399 529 222 777 302 446 97 1084 191 200 87 156 92 791 2022 394 992 114 1082 117 153 544 54 84 497 89 78
internal_value=0.188818 56.1329 73.8872 105.406 142.018 -5.71211 154.471 -168.3 136.938 -82.2963 77.5634 122.397 108.359 8.57915 -13.7194 -99.1189 -2.03534 -10.3506 2.27219 90.4082 84.3816 112.956 35.6719 -0.620207 41.6121 114.647 47.7894 -181.923 53.6697 230.187 57.5847 173.264 68.2573
internal_weight=17776 13345 11828 8473 3626 3355 3344 4431 2834 1517 4847 2439 1993 2927 1610 729 1419 1332 1176 3587 3285 1185 1317 282 1260 178 1145 3702 168 395 594 173 2100
internal_count=17776 13345 11828 8473 3626 3355 3344 4431 2834 1517 4847 2439 1993 2927 1610 729 1419 1332 1176 3587 3285 1185 1317 282 1260 178 1145 3702 168 395 594 173 2100
cat_boundaries=0 1 2 3 4
cat_threshold=2246 2 6286 454
is_linear=0
shrinkage=0.0383886


Tree=4
num_leaves=34
num_cat=3
split_feature=26 38 37 28 38 37 28 41 41 12 37 30 5 5 30 5 37 41 8 37 4 28 30 12 41 30 41 30 38 5 5 15 41
split_gain=9.78427e+10 1.48235e+10 1.15375e+10 5.39962e+09 4.21864e+09 3.46528e+09 3.01474e+09 2.87573e+09 2.58688e+09 1.88313e+09 1.66896e+09 1.5999e+09 1.53949e+09 1.23674e+09 1.10326e+09 1.33558e+09 1.03434e+09 9.91665e+08 8.63572e+08 8.59692e+08 1.00859e+09 1.02261e+09 7.85866e+08 7.4151e+08 7.22545e+08 8.46917e+08 6.73229e+08 6.34039e+08 6.16577e+08 6.02696e+08 5.71424e+08 5.60382e+08 5.58861e+08
threshold=1.0000000180025095e-35 -0.60785761079279388 0.25881904510252057 0 -0.60785761079279388 0.60355339059327384 1 0.98174098242282837 -0.98521978256641018 84.95108166059218 0.37940952255126048 0.083504449007529111 298.98349446417109 301.44503736127535 0.19849418206707739 297.34582472445715 1.0000000180025095e-35 -0.9292178835113839 287.02187871396688 0.78656609248549303 280.37151983179052 2 0.44763860369609859 48.421120032530219 0.98174098242282837 0.083504449007529111 0.99138911339924218 0.11635865845311431 -0.60785761079279388 280.67199145760338 285.34484833404758 212.61272838415883 0.99611390731392835
decision_type=2 2 2 1 2 2 1 2 2 2 2 2 2 2 2 2 2 2 2 2 2 1 2 2 2 2 2 2 2 2 2 2 2
left_child=2 14 4 7 -1 12 9 8 -3 19 28 29 18 27 -2 31 24 -14 -5 20 -4 -22 -20 -12 25 -6 -11 -13 -8 -10 -29 -16 -9
right_child=1 3 6 5 16 -7 10 32 11 26 23 13 17 -15 15 -17 -18 -19 22 -21 21 -23 -24 -25 -26 -27 -28 30 -30 -31 -32 -33 -34
leaf_value=-111.35130536524386 51.91457614815431 56.031744584647413 -114.08430194968432 118.08022224073267 247.52194011906744 -30.583025239312946 -158.43087906906473 65.559432935130062 323.22676332032268 -131.87777305307978 -101.33641650728775 92.228683293499131 202.14175099662438 246.52502426029844 -13.43621132220315 34.887334097492619 9.820421739385587 111.01190889608962 53.260793974663272 -99.958062966007958 29.613490617042309 -68.162519530402449 91.060310567245324 -168.86834147206278 -25.149801516498343 90.025650075918776 -230.56949391153464 201.84936978995347 -55.489800123841711 218.86490642981045 141.84739125643708 -62.295741264057256 -69.328641637636167
leaf_weight=326 541 276 242 720 62 377 117 106 123 644 262 232 243 229 1219 726 407 638 1670 1011 297 318 1575 2804 60 267 121 356 321 242 682 483 79
leaf_count=326 541 276 242 720 62 377 117 106 123 644 262 232 243 229 1219 726 407 638 1670 1011 297 318 1575 2804 60 267 121 356 321 242 682 483 79
internal_value=0.183382 75.0076 -108.224 103.592 4.96491 81.3682 -128.917 152.509 165.718 -96.3906 -152.648 181.959 90.2454 164.409 2.33964 -8.7065 52.602 136.148 80.0462 -75.9807 -47.6947 -21.5707 71.6073 -163.098 97.3631 119.706 -147.488 149.603 -82.9878 254.034 162.426 -27.3018 7.95849
internal_weight=17776 10517 7259 7548 1122 5223 6137 2325 2140 2633 3504 1864 4846 1499 2969 2428 796 881 3965 1868 857 615 3245 3066 389 329 765 1270 438 365 1038 1702 185
internal_count=17776 10517 7259 7548 1122 5223 6137 2325 2140 2633 3504 1864 4846 1499 2969 2428 796 881 3965 1868 857 615 3245 3066 389 329 765 1270 438 365 1038 1702 185
cat_boundaries=0 1 2 3
cat_threshold=2182 6278 6146
is_linear=0
shrinkage=0.0383886


Tree=5
num_leaves=34
num_cat=3
split_feature=35 35 32 28 35 2 2 35 2 7 28 35 35 28 2 2 2 2 32 3 35 35 35 3 2 2 2 2 35 7 25 25 4
split_gain=9.85082e+10 1.87553e+10 1.72364e+10 4.93096e+09 2.77346e+09 2.49281e+09 2.84485e+09 2.49022e+09 2.38379e+09 2.32723e+09 1.40312e+09 1.25172e+09 1.30063e+09 1.03642e+09 1.04016e+09 9.36904e+08 9.88125e+08 1.52029e+09 9.32543e+08 8.4027e+08 7.90751e+08 7.52699e+08 6.81907e+08 6.17676e+08 5.82335e+08 5.66856e+08 1.40278e+09 6.77559e+08 5.01913e+08 4.9902e+08 4.97492e+08 4.84288e+08 4.68717e+08
threshold=0.22916666666666671 0.89583333333333337 1.0000000180025095e-35 0 0.31250000000000006 0.71076988009093367 0.72683208374940667 0.18750000000000003 0.7035626372704944 306.25061281630911 1 0.85416666666666685 0.31250000000000006 2 0.80012318251173908 0.7928546365339989 0.78084586409458456 0.77128006022580964 1.0000000180025095e-35 285.47610289851588 0.52083333333333337 0.27083333333333343 0.52083333333333337 293.51619415453496 0.81663086443825927 0.70670817426230081 0.70602187110499981 0.70936197528428313 0.93750000000000011 302.12160235892918 414.51029897737334 553.37635672001602 299.06109356925623
decision_type=2 2 2 1 2 2 2 2 2 2 1 2 2 1 2 2 2 2 2 2 2 2 2 2 2 2 2 2 2 2 2 2 2
left_child=7 2 3 5 31 8 -7 23 -2 21 28 12 -5 -6 15 16 17 -15 -9 -14 -21 -8 -23 -1 -11 26 -10 -27 -3 30 -22 -4 -12
right_child=1 10 4 11 13 6 9 18 25 24 32 -13 19 14 -16 -17 -18 -19 -20 20 29 22 -24 -25 -26 27 -28 -29 -30 -31 -32 -33 -34
leaf_value=-177.23689408669512 151.88033049064143 -4.4925976501601133 -120.83165721805344 24.531508394510055 33.357781414613321 226.41037115484437 25.542049214193099 -65.105632648804928 30.940194591254041 255.69872614515572 -128.10484988168935 -4.7828391590628074 130.54976741555342 -15.96528981185388 -96.601260119208121 120.87668228532327 -99.930685594859625 103.91453211216383 -162.41590381029229 103.15703303091551 83.66967253958363 147.09514060565147 98.989501864019502 -137.947186079397 161.74994534215958 98.987437656900056 -192.46686657989281 -34.916387240643346 -67.727510523630542 100.90094447524309 40.864135411619657 -28.194928806961322 -56.72873403261363
leaf_weight=2966 307 374 315 605 1317 555 137 529 139 222 602 294 518 991 191 87 156 185 200 1204 607 741 1049 736 173 158 59 86 366 445 1174 113 175
leaf_count=2966 307 374 315 605 1317 555 137 529 139 222 602 294 518 991 191 87 156 185 200 1204 607 741 1049 736 173 158 59 86 366 445 1174 113 175
internal_value=0.175509 52.2486 68.5469 97.7076 -5.09789 131.725 148.329 -156.655 69.7058 129.666 -74.8288 71.8395 76.945 8.24892 -12.4205 -1.1771 -9.1491 2.89335 -91.8026 84.9769 78.0945 112.266 118.904 -169.426 214.552 12.6297 -35.6306 51.7918 -35.2914 64.5386 55.4531 -96.3739 -110.606
internal_weight=17776 13345 11828 8473 3355 3626 2877 4431 749 2322 1517 4847 4553 2927 1610 1419 1332 1176 729 3948 3430 1927 1790 3702 395 442 198 244 740 2226 1781 428 777
internal_count=17776 13345 11828 8473 3355 3626 2877 4431 749 2322 1517 4847 4553 2927 1610 1419 1332 1176 729 3948 3430 1927 1790 3702 395 442 198 244 740 2226 1781 428 777
cat_boundaries=0 1 2 3
cat_threshold=2246 6286 454
is_linear=0
shrinkage=0.0383886


Tree=6
num_leaves=34
num_cat=3
split_feature=35 35 32 28 1 35 1 35 5 29 0 40 35 35 28 32 28 0 0 29 0 29 0 1 0 0 0 1 35 0 5 34 0
split_gain=9.02855e+10 1.67981e+10 1.62925e+10 4.84111e+09 3.58981e+09 2.68617e+09 2.40483e+09 2.29047e+09 1.60963e+09 1.31185e+09 1.48277e+09 1.43815e+09 1.28557e+09 1.34365e+09 1.16643e+09 9.30334e+08 8.82405e+08 9.78528e+08 1.14196e+09 8.72505e+08 8.41629e+08 7.52631e+08 6.70672e+08 7.96644e+08 6.45706e+08 6.29953e+08 1.7527e+09 7.40562e+08 6.24368e+08 6.0787e+08 5.93803e+08 5.73816e+08 6.05523e+08
threshold=0.22916666666666671 0.89583333333333337 1.0000000180025095e-35 0 0.3112836758503818 0.31250000000000006 0.30311331381490464 0.18750000000000003 298.98349446417109 42.500000000000007 14.778180654549983 -0.62588817255938378 0.85416666666666685 0.27083333333333343 1 1.0000000180025095e-35 2 14.270395245566151 13.897120305775262 72.500000000000014 14.899352818964744 224.50000000000003 13.147335034660054 0.23393914586899056 14.922006068462391 13.227464801632175 12.599358814455455 0.25258308877353658 0.52083333333333337 14.791974400548128 293.01277484266978 1.0000000180025095e-35 9.3968193454500248
decision_type=2 2 2 1 2 2 2 2 2 2 2 2 2 2 1 2 1 2 2 2 2 2 2 2 2 2 2 2 2 2 2 2 2
left_child=7 2 3 4 6 -4 9 30 12 -2 11 -11 13 -5 -3 -9 21 18 19 -18 -10 24 23 -15 29 26 27 -21 -24 -7 -1 32 -25
right_child=1 14 5 8 -6 16 -8 15 20 10 -12 -13 -14 22 -16 -17 17 -19 -20 25 -22 -23 28 31 -26 -27 -28 -29 -30 -31 -32 -33 -34
leaf_value=-169.11442744693957 55.478429678496944 -111.89135781103739 -96.496630880733662 -2.0278749555655113 -4.5071600076931899 38.677947965240058 223.5018704801804 -61.388936437181641 96.726714381812684 90.382092342410871 57.993285565115926 179.26201192475526 -9.2003962931125951 195.55448783649089 -41.457032922397744 -156.17171757571089 98.250068521240863 -92.73840898431807 125.7004884924731 -107.85030485079851 179.6872507978766 -42.604161469623598 80.381776986730301 144.55323793547763 -29.139638030026287 -93.374801261984061 80.557626785907601 -17.731543436124831 33.505239719140398 116.48422911831877 -127.67835374171298 -12.903038060308491 80.641711268844531
leaf_weight=3099 295 623 426 358 246 811 511 532 639 353 257 1118 330 98 864 214 100 197 97 169 251 183 832 245 165 150 246 656 843 181 610 87 2017
leaf_count=3099 295 623 426 358 246 811 511 532 639 353 257 1118 330 98 864 214 100 197 97 169 251 183 832 245 165 150 246 656 843 181 610 87 2017
internal_value=-0.314364 49.6293 64.8776 93.2869 135.015 -6.37677 149.092 -149.955 72.5713 130.297 143.07 157.933 63.9235 69.3099 -71.9978 -88.5787 6.61512 -12.4918 -1.43135 -10.7666 120.123 29.5162 75.5057 88.317 41.1784 -19.6951 -9.37574 -36.1923 56.7896 52.8745 -162.3 83.8431 87.5641
internal_weight=17803 13348 11861 8480 2780 3381 2534 4455 5700 2023 1728 1471 4810 4480 1487 746 2955 1615 1418 1321 890 1340 4122 2447 1157 1221 1071 825 1675 992 3709 2349 2262
internal_count=17803 13348 11861 8480 2780 3381 2534 4455 5700 2023 1728 1471 4810 4480 1487 746 2955 1615 1418 1321 890 1340 4122 2447 1157 1221 1071 825 1675 992 3709 2349 2262
cat_boundaries=0 1 2 3
cat_threshold=2182 1840 454
is_linear=0
shrinkage=0.0383886


Tree=7
num_leaves=34
num_cat=4
split_feature=35 35 38 28 1 35 41 35 3 0 0 35 35 28 38 38 2 2 2 10 0 0 40 31 35 35 35 3 28 35 5 17 3
split_gain=8.34828e+10 1.55425e+10 1.50656e+10 4.47656e+09 3.31948e+09 2.48389e+09 2.27731e+09 2.11799e+09 1.7773e+09 1.30138e+09 1.95097e+09 1.18971e+09 1.24584e+09 1.0802e+09 8.60277e+08 8.40061e+08 8.33096e+08 7.47679e+08 1.80365e+09 7.20535e+08 6.59724e+08 6.40625e+08 6.20834e+08 6.19168e+08 6.0066e+08 5.79089e+08 5.55532e+08 5.36089e+08 5.32375e+08 5.15149e+08 5.05162e+08 4.14261e+08 4.12815e+08
threshold=0.22916666666666671 0.89583333333333337 -0.60785761079279388 0 0.3112836758503818 0.31250000000000006 0.85561368268953431 0.18750000000000003 301.64493828016526 10.569162159519083 14.760010628743727 0.85416666666666685 0.27083333333333343 1 -0.60785761079279388 -0.8783796973249266 0.729461768728077 0.69980586642454445 0.6969150038320101 1014.7523824954102 14.899352818964744 10.418609292883497 -0.90163369914317015 2 0.52083333333333337 0.72916666666666685 0.72916666666666685 303.18351102313471 3 0.93750000000000011 293.34641839799957 1.0000000180025095e-35 284.30076432601209
decision_type=2 2 2 1 2 2 2 2 2 2 2 2 2 1 2 2 2 2 2 2 2 2 2 1 2 2 2 2 1 2 2 2 2
left_child=7 2 5 4 6 -2 9 23 11 16 27 12 -5 -3 -9 22 19 18 -14 -4 -10 -18 -7 -1 -19 -17 -26 -11 -24 -15 -25 -22 -13
right_child=1 13 3 8 -6 15 -8 14 20 10 -12 32 17 29 -16 25 21 24 -20 -21 31 -23 28 30 26 -27 -28 -29 -30 -31 -32 -33 -34
leaf_value=-185.74409983555734 -92.792258569007245 -107.6638596936105 181.65038242631215 -1.950027365122988 -4.3341347845494678 -39.705735217467009 212.81085087319099 -150.17650005999326 102.46579170280312 159.64790251743003 59.517453122730565 82.151193236893818 5.2797508373874615 -10.908137736616098 -59.03229921226351 -29.628879170849508 -73.038893072363024 83.90691150882229 187.57052629524145 83.35791626234959 223.67133028355218 70.300355248685108 70.026495293480806 -150.53220071525843 37.516645170669271 23.48882219936916 77.701152965761452 228.68266777814446 17.749461036657184 -70.194286024153328 -103.56642882220596 112.54459319113809 -27.360129711437725
leaf_weight=1060 426 623 148 358 246 182 546 214 507 724 277 62 121 435 532 1043 73 1820 236 427 135 124 438 2252 1252 426 852 215 866 429 397 78 279
leaf_count=1060 426 623 148 358 246 182 546 214 507 724 277 62 121 435 532 1043 73 1820 236 427 135 124 438 2252 1252 426 852 215 866 429 397 78 279
internal_value=-0.305602 47.7197 62.387 89.7058 129.832 -6.13198 143.369 -144.198 69.7854 124.297 149.045 61.7571 66.8442 -69.2735 -85.1783 6.36118 85.3155 72.5971 125.786 108.658 126.284 17.1847 26.7119 -156.069 67.7581 -14.2251 53.7891 175.455 35.9819 -39.8838 -142.954 182.977 -7.44891
internal_weight=17803 13348 11861 8480 2780 3381 2534 4455 5700 1988 1216 4980 4639 1487 746 2955 772 4281 357 575 720 197 1486 3709 3924 1469 2104 939 1304 864 2649 213 341
internal_count=17803 13348 11861 8480 2780 3381 2534 4455 5700 1988 1216 4980 4639 1487 746 2955 772 4281 357 575 720 197 1486 3709 3924 1469 2104 939 1304 864 2649 213 341
cat_boundaries=0 1 2 3 4
cat_threshold=2182 1840 65 646
is_linear=0
shrinkage=0.0383886


Tree=8
num_leaves=34
num_cat=3
split_feature=35 35 32 28 41 35 41 35 7 0 0 35 35 28 32 28 0 41 29 40 29 7 7 0 0 0 9 40 0 0 41 0 35
split_gain=7.72092e+10 1.43791e+10 1.39281e+10 4.13946e+09 3.06951e+09 2.29739e+09 2.10582e+09 1.9596e+09 1.80112e+09 1.20338e+09 1.80406e+09 1.06717e+09 1.13039e+09 1.01069e+09 7.95495e+08 7.82105e+08 9.10923e+08 1.14293e+09 8.58484e+08 7.70361e+08 6.82837e+08 6.60249e+08 6.404e+08 5.92843e+08 5.92384e+08 5.83502e+08 5.74256e+08 5.69158e+08 7.62135e+08 5.66224e+08 5.34752e+08 5.09797e+08 5.03307e+08
threshold=0.22916666666666671 0.89583333333333337 1.0000000180025095e-35 0 0.98174098242282837 0.31250000000000006 0.85561368268953431 0.18750000000000003 303.41850546973575 10.569162159519083 14.760010628743727 0.85416666666666685 0.27083333333333343 1 1.0000000180025095e-35 2 14.270395245566151 -0.43733099657705293 72.500000000000014 0.56369777965491019 224.50000000000003 286.81127880773846 306.25061281630911 14.899352818964744 10.418609292883497 14.922006068462391 1015.6043725287947 0.97696484778429815 12.599358814455455 14.791974400548128 -0.86974577485258975 11.863492633897799 0.52083333333333337
decision_type=2 2 2 1 2 2 2 2 2 2 2 2 2 1 2 1 2 2 2 2 2 2 2 2 2 2 2 2 2 2 2 2 2
left_child=7 2 3 4 6 -4 9 30 11 19 22 12 -5 -3 -9 20 17 -17 -19 26 25 -14 -11 -10 -21 29 -2 31 -29 -7 -1 -20 -23
right_child=1 13 5 8 -6 15 -8 14 23 10 -12 -13 21 -15 -16 16 -18 18 27 24 -22 32 -24 -25 -26 -27 -28 28 -30 -31 -32 -33 -34
leaf_value=-119.33278939694988 164.45087612336857 -97.113612727176303 -89.230089152189123 -1.8751697006480148 -4.1677542745586651 36.21110615481345 204.6413342570097 -56.766130270519632 100.93690268008748 152.64646075162955 57.232662508035702 -6.5657364896750749 102.65510023915725 -32.382587924054789 -144.41143263661218 94.778568334887581 -89.282780243422408 94.343768791430023 -13.208985209743314 -70.235034237900848 -41.009105516311529 79.617037616850396 231.25181851395169 176.19456945691425 67.601622715958925 -28.051008174578708 79.942019988716822 -45.198979760753105 97.908764917960909 111.30476040873111 -157.00361947001196 -71.258717831264377 50.12702992098388
leaf_weight=680 167 767 426 358 246 811 546 532 546 747 277 343 720 720 214 162 197 100 568 73 183 1453 192 215 124 165 408 101 120 181 3029 367 2065
leaf_count=680 167 767 426 358 246 811 546 532 546 747 277 343 720 720 214 162 197 100 568 73 183 1453 192 215 124 165 408 101 120 181 3029 367 2065
internal_value=-0.298305 45.8873 59.9949 86.2621 124.848 -5.88661 137.865 -138.679 67.1064 119.525 143.323 58.7536 63.6284 -66.642 -81.9084 6.12838 -11.859 -1.18629 -13.5639 82.0403 27.6891 69.1618 168.719 122.199 16.525 38.7943 104.486 -22.8985 32.5065 49.9127 -150.097 -35.9943 62.307
internal_weight=17803 13348 11861 8480 2780 3381 2534 4455 5700 1988 1216 4939 4596 1487 746 2955 1615 1418 1256 772 1340 4238 939 761 197 1157 575 1156 221 992 3709 935 3518
internal_count=17803 13348 11861 8480 2780 3381 2534 4455 5700 1988 1216 4939 4596 1487 746 2955 1615 1418 1256 772 1340 4238 939 761 197 1157 575 1156 221 992 3709 935 3518
cat_boundaries=0 1 2 3
cat_threshold=2182 1904 454
is_linear=0
shrinkage=0.0383886


Tree=9
num_leaves=34
num_cat=3
split_feature=35 35 31 7 30 2 35 35 2 35 35 2 2 2 39 41 30 31 41 41 10 35 30 31 35 2 2 41 2 41 5 30 44
split_gain=7.31894e+10 1.2883e+10 1.21479e+10 2.79046e+09 2.54639e+09 3.26707e+09 1.9615e+09 1.70074e+09 1.62519e+09 1.36399e+09 1.42139e+09 1.15413e+09 1.02353e+09 1.93502e+09 9.8949e+08 8.61941e+08 8.48467e+08 7.2509e+08 7.0934e+08 7.15624e+08 6.90065e+08 6.27546e+08 5.81607e+08 5.49739e+08 5.45525e+08 5.43092e+08 5.40461e+08 7.96089e+08 4.94884e+08 4.73698e+08 4.59167e+08 4.19854e+08 4.14822e+08
threshold=0.22916666666666671 0.89583333333333337 0 305.13280627454759 0.17111567419575638 0.71076988009093367 0.27083333333333343 0.18750000000000003 0.72683208374940667 0.27083333333333343 0.85416666666666685 0.73603742496976221 0.69980586642454445 0.6969150038320101 1.0000000180025095e-35 -0.90161545992537195 0.23134839151266259 1 -0.85225707553516283 -0.98801846520836312 1027.0343860345367 0.72916666666666685 0.67761806981519512 2 0.93750000000000011 0.729461768728077 0.77966125471262993 -0.46800559042974538 0.73233766922924881 -0.86974577485258975 299.53203035277926 0.53251197809719375 0.43807022208212731
decision_type=2 2 1 2 2 2 2 2 2 2 2 2 2 2 2 2 2 1 2 2 2 2 2 1 2 2 2 2 2 2 2 2 2
left_child=7 2 6 4 5 -4 -2 23 -7 -6 12 25 13 32 22 31 -3 -9 19 -5 26 30 -8 -1 -18 -10 27 -17 -27 -25 -16 -14 -11
right_child=1 16 3 18 9 8 14 17 11 10 -12 -13 15 -15 21 20 24 -19 -20 -21 -22 -23 -24 29 -26 28 -28 -29 -30 -31 -32 -33 -34
leaf_value=-172.59230530683152 -118.44125323133412 -12.941625589164429 -2.375912304274503 115.85657997808822 -0.6632911392964489 195.56609213570061 38.759436310084148 -139.78762443692477 123.65622315043132 61.140906035502248 2.0069062526747605 145.56694262865625 92.502434368083271 170.13651111721575 -42.202059711918189 189.26825469581007 -53.618248925817461 -53.34201589912086 101.9876227621982 207.13919596036189 -0.22903512077999569 22.746012503428407 -15.028083167691202 -99.002080552888316 -108.26967491264963 -48.11583845838063 49.191247089369746 73.850397740789646 68.274329448868457 -140.91350879803622 22.719337313128889 163.97771781514049 -79.579842677868896
leaf_weight=1076 204 375 276 197 445 523 1213 219 108 66 429 507 554 377 980 92 558 524 311 354 245 428 392 488 520 94 1575 2061 126 2141 192 155 58
leaf_count=1076 204 375 276 197 445 523 1213 219 108 66 429 507 554 377 980 92 558 524 311 354 245 428 392 488 520 94 1575 2061 126 2141 192 155 58
internal_value=0.517774 45.262 58.3733 82.7467 75.5026 118.031 -3.01212 -134.429 142.502 64.0298 69.1596 109.266 74.7178 126.869 4.32561 69.1374 -62.6788 -81.4213 148.34 174.503 62.1793 -17.0379 25.6225 -145.059 -79.9807 53.1541 66.2807 78.7823 18.5439 -132.629 -31.5665 108.128 -4.67997
internal_weight=17863 13415 11962 8553 7691 1634 3409 4448 1358 6057 5612 835 5183 501 3205 4682 1453 743 862 551 3973 1600 1605 3705 1078 328 3728 2153 220 2629 1172 709 124
internal_count=17863 13415 11962 8553 7691 1634 3409 4448 1358 6057 5612 835 5183 501 3205 4682 1453 743 862 551 3973 1600 1605 3705 1078 328 3728 2153 220 2629 1172 709 124
cat_boundaries=0 1 2 3
cat_threshold=96 96 65
is_linear=0
shrinkage=0.0383886


Tree=10
num_leaves=34
num_cat=2
split_feature=26 32 37 28 32 28 37 1 1 7 7 1 32 37 37 29 3 7 29 3 42 29 29 1 32 1 1 1 1 1 29 1 11
split_gain=6.25335e+10 9.44555e+09 6.7505e+09 3.48214e+09 2.21625e+09 2.05482e+09 2.02062e+09 1.55455e+09 1.4292e+09 1.31864e+09 1.12153e+09 9.49393e+08 9.27636e+08 1.10944e+09 9.06922e+08 9.0234e+08 1.27703e+09 7.85005e+08 6.81721e+08 4.99297e+08 4.78939e+08 1.59464e+09 6.75735e+08 4.7641e+08 4.70367e+08 4.65677e+08 6.43101e+08 4.47722e+08 7.7101e+08 4.42528e+08 4.37091e+08 4.35674e+08 4.23336e+08
threshold=1.0000000180025095e-35 1.0000000180025095e-35 0.25881904510252057 0 1.0000000180025095e-35 1 0.60355339059327384 0.3112836758503818 0.30311331381490464 302.12160235892918 306.25061281630911 0.20103124197199387 1.0000000180025095e-35 0.37940952255126048 1.0000000180025095e-35 104.50000000000001 300.68075069831508 287.23307177877939 357.50000000000006 282.09065194438125 0.68301270189221941 128.50000000000003 152.50000000000003 0.20163042157393737 1.0000000180025095e-35 0.2985886002536664 0.30129284612625568 0.24805837521229826 0.26537476601960136 0.19499775022681537 162.50000000000003 0.19499775022681537 87.30797517647035
decision_type=2 2 2 1 2 1 2 2 2 2 2 2 2 2 2 2 2 2 2 2 2 2 2 2 2 2 2 2 2 2 2 2 2
left_child=2 3 4 7 14 18 9 8 10 17 11 -2 13 -7 -1 27 20 -5 24 -10 21 -17 -23 -12 32 -13 -27 -3 -29 -11 -24 -32 -4
right_child=1 15 5 6 -6 12 -8 -9 19 29 23 25 -14 -15 -16 16 -18 -19 -20 -21 -22 22 30 -25 -26 26 -28 28 -30 -31 31 -33 -34
leaf_value=75.974445588399703 23.909455490940577 99.20394673078296 -49.424244364600838 100.24960155313786 -87.769861971896844 -43.389403115956164 -20.589204257459564 17.006406685540661 255.3229807685816 161.76992218863728 113.51162429292589 123.80098280513988 -154.05119150033789 -119.97135612861911 -5.1636700550066958 158.73055770470503 37.730770207446589 53.790393237320892 -163.23903150414179 164.98345874258021 -90.763972198288954 -85.194590103619049 73.662932868500292 219.15007297109611 -97.576099732891507 -32.162371330170096 125.65375903995611 -49.148419238229231 45.329754077763333 98.090789606234452 -104.22706349533736 -15.784870820384976 -91.503852799914256
leaf_weight=383 193 138 1281 642 309 320 378 190 143 202 92 1125 990 2164 432 69 589 3245 126 244 163 267 73 199 733 71 82 165 557 789 90 933 486
leaf_count=383 193 138 1281 642 309 320 378 190 143 202 92 1125 990 2164 432 69 589 3245 126 244 163 267 73 199 733 71 82 165 557 789 90 933 486
internal_value=0.490039 59.6762 -86.6752 82.5756 -0.225429 -102.605 64.7927 121.738 131.564 71.5419 116.893 103.27 -122.277 -110.106 32.9663 2.54052 -10.5751 61.4639 -75.825 198.365 -28.4134 -21.3162 -30.4309 185.752 -71.7227 115.255 52.4187 35.8481 23.7385 111.071 -17.0897 -23.5657 -60.9979
internal_weight=17863 10639 7224 7595 1124 6100 5256 2339 2149 4878 1762 1471 3474 2484 815 3044 2184 3887 2626 387 1595 1432 1363 291 2500 1278 153 860 722 991 1096 1023 1767
internal_count=17863 10639 7224 7595 1124 6100 5256 2339 2149 4878 1762 1471 3474 2484 815 3044 2184 3887 2626 387 1595 1432 1363 291 2500 1278 153 860 722 991 1096 1023 1767
cat_boundaries=0 1 2
cat_threshold=2182 6278
is_linear=0
shrinkage=0.0383886


Tree=11
num_leaves=34
num_cat=2
split_feature=26 36 37 28 37 7 1 2 37 36 36 0 36 0 2 26 28 2 10 7 1 36 36 25 26 25 0 2 26 1 0 0 8
split_gain=5.78245e+10 7.30536e+09 8.94182e+09 3.68485e+09 2.22206e+09 1.67191e+09 1.64172e+09 1.28119e+09 1.31825e+09 1.15386e+09 1.22716e+09 1.04071e+09 9.30285e+08 8.80792e+08 8.6147e+08 8.00199e+08 6.61201e+08 6.33884e+08 5.95091e+08 5.7801e+08 5.38019e+08 5.15316e+08 4.72291e+08 4.58274e+08 4.17951e+08 5.64171e+08 4.04594e+08 3.98481e+08 3.94164e+08 3.63266e+08 6.18092e+08 3.95902e+08 3.61772e+08
threshold=1.0000000180025095e-35 -0.37940952255126059 0.25881904510252057 0 0.60355339059327384 302.12160235892918 0.27473203596392254 0.71076988009093367 0.60355339059327384 0.91597561503675362 0.12940952255126045 13.147335034660054 0.98296291314453421 10.031140039679849 0.77595491239336256 760.72125026481467 1 0.69980586642454445 1023.6983973345799 307.42660222928481 0.19499775022681537 -0.60355339059327362 0.78656609248549325 839.43643584348763 851.79866762857637 764.14853626854074 14.760010628743727 0.77743069061214387 738.31618005057123 0.30965907852171354 9.3968193454500248 9.383286198812538 287.1130694493001
decision_type=2 2 2 1 2 2 2 2 2 2 2 2 2 2 2 2 1 2 2 2 2 2 2 2 2 2 2 2 2 2 2 2 2
left_child=1 6 12 7 5 11 -1 17 13 10 16 14 -3 18 15 29 -4 -2 28 -15 -7 -8 -12 -17 25 -13 -21 -16 -9 30 -5 -31 -11
right_child=3 2 9 4 -6 20 21 8 -10 32 22 24 -14 19 27 23 -18 -19 -20 26 -22 -23 -24 -25 -26 -27 -28 -29 -30 31 -32 -33 -34
leaf_value=-50.71811495702115 120.1395622218906 36.756057045602972 -130.0451545801331 143.8391947946977 -32.882481722022753 135.67390085074999 84.134710573111377 216.54095706915959 -10.289317469518062 -99.730672694549042 -150.12763323672087 9.3267463813197597 -33.206032569055303 92.044809345007394 181.51377082606595 2.7273111800951262 -73.070369724358585 30.621276092913458 77.69653689285434 188.36325078352854 74.376890821714838 11.886496845842782 -114.51610752828719 51.427554062785674 -10.295098837692681 52.142076364231066 92.052743980808927 78.179346762866274 128.49014174391641 -71.904750677708108 61.65479379129382 68.747839436899213 -45.895852853173004
leaf_weight=344 144 530 608 149 539 261 354 215 139 408 2230 1029 594 1687 103 676 846 612 97 171 1102 247 728 492 537 811 103 118 115 58 1421 60 335
leaf_count=344 144 530 608 149 539 261 354 215 139 408 2230 1029 594 1687 103 676 846 612 97 171 1102 247 728 492 537 811 103 118 115 58 1421 60 335
internal_value=0.471227 -83.3479 -98.3242 57.3853 42.095 48.085 16.1615 91.2392 104.634 -119.716 -127.169 38.5811 -0.216777 111.324 53.3198 47.6695 -98.2917 47.6724 161.286 100.444 86.1146 54.4421 -141.363 23.2415 19.5019 28.1981 152.159 126.34 185.857 64.5722 69.4545 -0.386353 -75.4579
internal_weight=17863 7224 6279 10639 7356 6817 945 3283 2527 5155 4412 5454 1124 2388 3077 2856 1454 756 427 1961 1363 601 2958 1168 2377 1840 274 221 330 1688 1570 118 743
internal_count=17863 7224 6279 10639 7356 6817 945 3283 2527 5155 4412 5454 1124 2388 3077 2856 1454 756 427 1961 1363 601 2958 1168 2377 1840 274 221 330 1688 1570 118 743
cat_boundaries=0 1 2
cat_threshold=2182 1840
is_linear=0
shrinkage=0.0383886


Tree=12
num_leaves=34
num_cat=2
split_feature=35 32 35 35 7 26 7 35 35 7 29 29 26 29 31 29 32 2 2 29 29 31 5 35 5 11 25 2 9 25 5 23 26
split_gain=5.74964e+10 1.12412e+10 9.00101e+09 2.64068e+09 2.22217e+09 2.1539e+09 1.76403e+09 1.57564e+09 1.23855e+09 9.9691e+08 9.01237e+08 1.15807e+09 8.53523e+08 8.00458e+08 7.87619e+08 7.16499e+08 7.05838e+08 6.72182e+08 7.08011e+08 6.34839e+08 7.79643e+08 5.63808e+08 4.34654e+08 4.21196e+08 4.21987e+08 4.25424e+08 4.17947e+08 4.03096e+08 3.92871e+08 3.92579e+08 4.43861e+08 3.83684e+08 3.7241e+08
threshold=0.22916666666666671 1.0000000180025095e-35 0.85416666666666685 0.31250000000000006 285.55802405287847 36.433922671963423 303.66833226517554 0.18750000000000003 0.93750000000000011 285.55802405287847 10.500000000000002 34.500000000000007 824.19584155044174 72.500000000000014 0 42.500000000000007 1.0000000180025095e-35 0.80513963204280137 0.79364839964734346 193.50000000000003 183.50000000000003 1 293.75424670760168 0.52083333333333337 283.50813559384437 36.889168804726893 768.79326538217413 0.69704050166185028 1023.2773909215456 414.51029897737334 299.53203035277926 59.647842789695325 760.72125026481467
decision_type=2 2 2 2 2 2 2 2 2 2 2 2 2 2 1 2 2 2 2 2 2 1 2 2 2 2 2 2 2 2 2 2 2
left_child=7 2 3 28 10 13 12 21 9 -4 -5 -12 26 -3 23 -13 -9 18 -8 20 -19 -1 -23 -7 -25 -26 32 -17 -2 -16 31 -31 -6
right_child=1 5 8 4 6 14 17 16 -10 -11 11 15 -14 -15 29 27 -18 19 -20 -21 -22 22 -24 24 25 -27 -28 -29 -30 30 -32 -33 -34
leaf_value=-157.29411738295906 32.415572146404969 -13.323076488059723 55.901850051007997 35.526256237967971 75.858203022418252 46.885233439930005 122.11734880632906 -44.515501579422519 -69.715288371750603 -23.201958447568419 203.06813489390933 21.651156581142757 40.515245357017683 -89.911099912918601 15.380812925455201 32.318496135260389 -129.04927600481912 150.95421644687119 22.769207400390464 187.10514869654577 39.909585888719214 -124.55908083451608 -77.940939814123652 70.451944185864619 59.78720958646791 -18.261881656605375 93.599651131188509 141.74712165688823 -32.333159442393935 -51.099184243836532 19.316160730558266 39.184113888278986 37.017790997608444
leaf_weight=1059 904 291 347 123 1350 554 267 521 522 726 348 98 1323 651 354 54 202 271 175 287 142 2303 338 123 122 658 1332 610 163 795 207 76 498
leaf_count=1059 904 291 347 123 1350 554 267 521 522 726 348 98 1323 651 354 54 202 271 175 287 142 2303 338 123 122 658 1332 610 163 795 207 76 498
internal_value=0.0137622 39.7021 62.0074 78.7147 87.4317 -15.8429 77.2338 -119.966 -21.2151 2.3796 134.12 145.046 66.4268 -66.2518 0.593697 118.547 -68.1336 119.847 82.7827 143.25 112.774 -130.095 -118.145 20.3938 4.36691 -6.05418 77.207 132.848 22.5242 -19.5579 -31.2128 -43.2214 65.3915
internal_weight=17794 13371 9540 7945 6878 3831 5645 4423 1595 1073 1233 1110 4503 942 2889 762 723 1142 442 700 413 3700 2641 1457 903 780 3180 664 1067 1432 1078 871 1848
internal_count=17794 13371 9540 7945 6878 3831 5645 4423 1595 1073 1233 1110 4503 942 2889 762 723 1142 442 700 413 3700 2641 1457 903 780 3180 664 1067 1432 1078 871 1848
cat_boundaries=0 1 2
cat_threshold=32 65
is_linear=0
shrinkage=0.0383886


Tree=13
num_leaves=34
num_cat=4
split_feature=37 36 32 28 36 28 41 36 36 36 36 36 41 38 41 0 0 32 28 41 25 36 51 6 41 37 0 0 40 10 7 0 28
split_gain=4.49135e+10 1.65576e+10 1.05281e+10 2.73352e+09 2.48729e+09 2.21365e+09 1.93271e+09 1.56053e+09 1.1403e+09 1.03485e+09 9.01773e+08 8.53053e+08 8.50609e+08 8.0434e+08 7.84065e+08 6.80926e+08 9.58031e+08 6.52686e+08 6.44806e+08 6.30368e+08 5.92059e+08 8.33399e+08 5.1587e+08 4.82641e+08 4.72202e+08 4.36066e+08 4.43122e+08 9.97202e+08 4.26458e+08 4.28426e+08 4.02504e+08 3.82818e+08 3.77298e+08
threshold=0.25881904510252057 -0.37940952255126059 1.0000000180025095e-35 0 0.91597561503675362 1 0.98174098242282837 0.91597561503675362 0.91597561503675362 0.12940952255126045 -0.78656609248549292 -0.60355339059327362 0.86439018870140905 -0.8783796973249266 -0.94703994556331683 10.569162159519083 14.760010628743727 1.0000000180025095e-35 2 0.98005052076767474 82.00043822520216 1.0000000180025095e-35 1.0000000180025095e-35 296.66668740627455 -0.86974577485258975 -0.12940952255126037 14.778180654549983 14.936749891514443 0.56369777965491019 1014.7523824954102 282.61334122663601 10.418609292883497 3
decision_type=2 2 2 1 2 1 2 2 2 2 2 2 2 2 2 2 2 2 1 2 2 2 2 2 2 2 2 2 2 2 2 2 1
left_child=2 3 4 11 5 6 12 13 9 18 -5 -2 15 32 22 28 -17 -10 -3 -6 -16 -22 -7 -12 -11 26 -15 -28 29 -1 -14 -30 -4
right_child=1 8 7 10 19 14 -8 -9 17 24 23 -13 30 25 20 16 -18 -19 -20 -21 21 -23 -24 -25 -26 -27 27 -29 31 -31 -32 -33 -34
leaf_value=169.79094814629266 94.57805498581304 -122.67500567541019 55.287930173983327 25.816844918637223 28.472120762932267 168.71512096571951 4.4067347547502456 -77.015928777160838 -42.806612138737535 -98.104933463350392 -62.977819620400055 14.100838216822071 235.91058360136333 -38.796855480549333 107.25244457899242 159.71687237166199 65.960102317078508 -124.09525261226493 -67.026848572085001 -106.13863123156024 41.026894677670157 78.585775705099621 75.731078468634621 -6.0462497244936317 -137.80219468458193 31.567666619344063 140.6779607330582 -76.51754164909066 -45.61169706082152 83.23494678334653 152.63517279416308 80.432213206632539 9.4937160135430538
leaf_weight=111 587 601 373 440 1013 181 199 432 521 540 567 290 132 935 412 705 208 202 865 54 1861 1636 171 358 2423 204 66 59 60 350 243 87 908
leaf_count=111 587 601 373 440 1013 181 199 432 521 540 567 290 132 935 412 705 208 202 865 54 1861 1636 171 358 2423 204 66 59 60 350 243 87 908
internal_value=0.00984076 -72.3223 51.4352 14.7605 75.8954 85.0001 117.657 -9.55505 -110.218 -117.515 -19.2826 67.2002 130.164 1.89607 68.5069 117.397 138.357 -65.518 -91.1343 21.6596 63.7261 58.5981 123.544 -40.9438 -130.567 -19.8299 -29.7216 38.1616 85.921 104.076 181.948 28.9856 23.3337
internal_weight=17794 7394 10400 2242 7423 6356 2095 2977 5152 4429 1365 877 1896 2545 4261 1521 913 723 1466 1067 3909 3497 352 925 2963 1264 1060 125 608 461 375 147 1281
internal_count=17794 7394 10400 2242 7423 6356 2095 2977 5152 4429 1365 877 1896 2545 4261 1521 913 723 1466 1067 3909 3497 352 925 2963 1264 1060 125 608 461 375 147 1281
cat_boundaries=0 1 2 3 4
cat_threshold=6158 2182 1840 386
is_linear=0
shrinkage=0.0383886


Tree=14
num_leaves=34
num_cat=0
split_feature=35 32 35 35 3 26 3 1 35 29 35 4 36 29 26 35 5 32 29 5 9 26 1 5 14 29 1 35 35 5 1 29 32
split_gain=4.92436e+10 9.69487e+09 7.63399e+09 2.26231e+09 1.90118e+09 1.89413e+09 1.60179e+09 1.36265e+09 1.35272e+09 1.0952e+09 1.03848e+09 9.75541e+08 9.41741e+08 7.07356e+08 6.90889e+08 6.04539e+08 6.32949e+08 6.03536e+08 5.33042e+08 7.56012e+08 5.07507e+08 4.61589e+08 4.37655e+08 4.31877e+08 4.08967e+08 3.88605e+08 3.59962e+08 3.54651e+08 3.38383e+08 3.253e+08 3.24415e+08 3.0101e+08 2.99235e+08
threshold=0.22916666666666671 1.0000000180025095e-35 0.85416666666666685 0.31250000000000006 285.38935938716355 36.433922671963423 300.31656110095872 0.31112149931579086 0.18750000000000003 34.500000000000007 0.93750000000000011 285.92421338568755 -0.60355339059327362 42.500000000000007 824.19584155044174 0.52083333333333337 303.39153456151047 1.0000000180025095e-35 72.500000000000014 299.53203035277926 1026.0507511297903 823.19332278386503 0.28278775847625376 292.70260603697096 1.9063596413182793 72.500000000000014 0.30965907852171354 0.27083333333333343 0.81250000000000011 279.04117729846729 0.26815408119534795 357.50000000000006 1.0000000180025095e-35
decision_type=2 2 2 2 2 2 2 2 2 2 2 2 2 2 2 2 2 2 2 2 2 2 2 2 2 2 2 2 2 2 2 2 2
left_child=8 2 3 27 7 12 14 9 23 29 11 -4 -3 -11 26 -8 -17 30 -7 21 22 -20 -15 31 -9 -14 28 -2 -6 -5 -10 32 -1
right_child=1 5 10 4 6 18 15 24 17 13 -12 -13 25 20 -16 16 -18 -19 19 -21 -22 -23 -24 -25 -26 -27 -28 -29 -30 -31 -32 -33 -34
leaf_value=-116.85779438919523 -1.2004382026499363 28.238678033973997 56.624604664905469 249.62805723929466 75.347742411757551 34.571692203439923 144.46946176493759 57.927690025116583 -18.967481929480822 22.215663029150843 -63.602440586450953 -22.301709136206121 -36.325043935061338 106.59020644665361 31.956145365215122 69.907564283588329 135.60102999242307 -119.33140740000728 -7.4865435762423722 35.409080867246509 69.680906250684288 -51.662969751338281 170.11203721944244 -91.789629722904081 -68.000277737903161 -95.47047429353573 5.5033900698918279 43.064035503371571 30.447290965653536 167.0131356457496 -82.506009729274979 -211.56000989653154 -143.42963634934168
leaf_weight=2111 536 144 336 93 2383 550 405 123 339 118 522 737 230 310 1122 736 306 202 1392 482 203 465 330 642 55 568 131 531 276 287 182 60 887
leaf_count=2111 536 144 336 93 2383 550 405 123 339 118 522 737 230 310 1122 736 306 202 1392 482 203 465 330 642 55 568 131 531 276 287 182 60 887
internal_value=0.00676848 36.7365 57.4509 72.8373 80.9057 -14.8469 70.1603 118.815 -111.029 132.062 -19.1918 2.41332 -62.1185 110.246 57.3959 104.669 89.1995 -63.0029 0.566647 -7.4294 122.568 -18.5485 139.344 -120.414 19.0173 -78.4236 67.6266 20.8281 70.6872 187.232 -41.1633 -126.423 -124.719
internal_weight=17794 13371 9540 7945 6878 3831 5359 1519 4423 1341 1595 1073 942 961 3912 1447 1042 723 2889 2339 843 1857 640 3700 178 798 2790 1067 2659 380 521 3058 2998
internal_count=17794 13371 9540 7945 6878 3831 5359 1519 4423 1341 1595 1073 942 961 3912 1447 1042 723 2889 2339 843 1857 640 3700 178 798 2790 1067 2659 380 521 3058 2998
is_linear=0
shrinkage=0.0383886


Tree=15
num_leaves=34
num_cat=4
split_feature=35 35 31 28 41 35 35 1 35 41 28 7 41 35 41 0 29 0 1 1 9 29 0 0 29 5 31 0 0 0 29 0 10
split_gain=4.61315e+10 8.25403e+09 7.81893e+09 2.19267e+09 2.47193e+09 1.43459e+09 1.37659e+09 1.25204e+09 1.23504e+09 1.08567e+09 9.16282e+08 8.88585e+08 8.34317e+08 7.36364e+08 7.02797e+08 6.47014e+08 6.36209e+08 1.13017e+09 5.97748e+08 8.55913e+08 9.45945e+08 5.75584e+08 5.09029e+08 4.97465e+08 4.94937e+08 4.94453e+08 4.91831e+08 4.78533e+08 1.1036e+09 9.89072e+08 1.06694e+09 6.65054e+08 5.07914e+08
threshold=0.22916666666666671 0.89583333333333337 0 1 0.99349222267034787 0.31250000000000006 0.27083333333333343 0.303813383118062 0.18750000000000003 0.98174098242282837 2 305.13280627454759 -0.98801846520836312 0.81250000000000011 0.99748108949426018 9.5372141341955174 231.50000000000003 12.979431386883583 0.2985886002536664 0.28278775847625376 1026.9042434377079 255.50000000000003 14.904943805825953 11.950196198115718 34.500000000000007 282.3668562933438 3 13.125966672129577 13.839048379026865 14.270395245566151 152.50000000000003 12.916517146251097 987.33285323551149
decision_type=2 2 1 1 2 2 2 2 2 2 1 2 2 2 2 2 2 2 2 2 2 2 2 2 2 2 1 2 2 2 2 2 2
left_child=8 2 5 13 6 -2 -5 11 26 25 -3 18 22 16 -6 -11 -4 -18 19 20 -8 27 -13 -23 -20 -9 -1 31 -29 -30 -31 -7 -32
right_child=1 10 3 4 14 21 7 9 -10 15 -12 12 -14 -15 -16 -17 17 -19 24 -21 -22 23 -24 -25 -26 -27 -28 28 29 30 32 -33 -34
leaf_value=-140.42015688467762 -69.996352938195116 -17.522566016831718 34.324065795434507 6.3943722744227403 -110.83924619687592 25.003574024889904 74.295412461308786 195.81171048764736 -61.795617131193424 104.31539031525524 -78.404141590497304 14.09006126279519 169.21526348983718 -3.2940309391164586 17.556329810465389 -51.234631487131352 49.072006136496043 130.9601778924455 97.377060376409318 117.09320745860551 -73.562269743909013 -10.467393638715663 135.05960288352003 -99.842590709312546 -6.6626934536785756 126.00705739852576 -104.63488467168112 -62.709901811479817 90.415321522941085 -79.280301602303425 -82.836408268070045 133.10451869224238 39.46940343506725
leaf_weight=1076 415 722 1765 276 100 949 1883 325 757 133 769 110 325 447 169 56 995 331 99 770 66 554 96 110 211 277 2677 316 225 192 56 92 470
leaf_count=1076 415 722 1765 276 100 949 1883 325 757 133 769 110 325 447 169 56 995 331 99 770 66 554 96 110 211 277 2677 316 225 192 56 92 470
internal_value=-0.423388 35.5447 46.2872 66.0149 82.7855 -3.13929 89.5316 94.8053 -106.525 138.493 -49.5663 85.0983 130.905 42.6392 -30.1743 58.2264 49.4198 69.5132 77.0682 82.8264 69.2884 6.21101 70.4643 -25.2736 26.5629 163.692 -115.548 15.3005 -0.621866 20.1839 -1.82458 34.5572 26.4482
internal_weight=17814 13304 11813 8434 4896 3379 4627 4351 4510 791 1491 3560 531 3538 269 189 3091 1326 3029 2719 1949 2964 206 664 310 602 3753 2300 1259 943 718 1041 526
internal_count=17814 13304 11813 8434 4896 3379 4627 4351 4510 791 1491 3560 531 3538 269 189 3091 1326 3029 2719 1949 2964 206 664 310 602 3753 2300 1259 943 718 1041 526
cat_boundaries=0 1 2 3 4
cat_threshold=96 1840 6286 65
is_linear=0
shrinkage=0.0383886


Tree=16
num_leaves=34
num_cat=5
split_feature=35 35 35 28 35 30 5 35 28 30 30 35 5 5 30 23 36 28 10 28 0 7 35 35 0 0 26 10 0 0 28 10 30
split_gain=4.26689e+10 7.63657e+09 2.76977e+09 2.61856e+09 1.14314e+09 9.81752e+08 1.21443e+09 9.75553e+08 8.55681e+08 7.92967e+08 8.47541e+08 7.79581e+08 7.35905e+08 6.77659e+08 5.59292e+08 7.18211e+08 5.31276e+08 5.22652e+08 4.79696e+08 4.71091e+08 4.66527e+08 4.53317e+08 4.36015e+08 4.28573e+08 4.17357e+08 6.75595e+08 4.13811e+08 3.71631e+08 3.52005e+08 3.39361e+08 3.37963e+08 2.85983e+08 2.70756e+08
threshold=0.22916666666666671 0.89583333333333337 0.31250000000000006 0 0.18750000000000003 0.97878165639972636 283.28508651289269 0.52083333333333337 1 0.034223134839151272 0.078028747433264892 0.85416666666666685 303.17817675378018 298.43461964083633 0.28062970568104045 3.9047518469460907 -0.9159756150367534 2 1029.4114146497027 3 9.383286198812538 295.65257363111567 0.27083333333333343 0.93750000000000011 14.303924361565102 11.306136103246555 716.48484264703768 1023.5190269914465 12.979431386883583 13.929108357859096 4 1019.4383324266702 0.98151950718685843
decision_type=2 2 2 1 2 2 2 2 1 2 2 2 2 2 2 2 2 1 2 1 2 2 2 2 2 2 2 2 2 2 1 2 2
left_child=4 2 18 11 19 6 9 13 -3 -5 27 14 16 31 15 -4 26 21 22 -1 -7 -16 -2 -10 25 -19 -9 -11 -27 -30 -6 -8 -21
right_child=1 8 3 5 30 20 7 12 23 10 -12 -13 -14 -15 17 -17 -18 24 -20 32 -22 -23 -24 -25 -26 28 -28 -29 29 -31 -32 -33 -34
leaf_value=-93.568444184402296 -21.78892530267597 -88.549931987032778 203.87257643096208 27.211593868726627 -22.306806507024053 -89.992587670122532 80.883532339978842 85.571969573962249 -1.0555021559653015 174.91385205280258 89.206743505658281 -43.21383162233117 92.210830835767226 120.079782781049 0.81530118866382773 51.097050146981445 28.665085629631189 -5.8477210578399639 -98.960668370396917 -123.46159849276361 35.799836919233123 -116.39123549467659 21.371866388387385 -51.421514009061752 1.4477959620691745 38.961949054376369 35.897866494375492 72.35249051394446 132.7681567406843 59.42845627770167 -78.394190160325323 40.851305303478668 -209.07144503002675
leaf_weight=1739 680 495 54 214 274 84 724 541 493 300 1067 238 456 497 489 283 2036 370 76 1958 90 54 700 503 530 937 455 63 129 333 483 413 56
leaf_count=1739 680 495 54 214 274 84 724 541 493 300 1067 238 456 497 489 283 2036 370 76 1958 90 54 700 503 530 937 455 63 129 333 483 413 56
internal_value=-0.414482 34.1775 44.5103 51.4799 -102.457 65.0146 67.4237 58.2095 -47.6882 96.131 106.445 23.731 46.7426 82.6873 28.8176 75.5775 39.9044 23.2728 -5.06675 -111.137 -24.9275 -10.6446 0.104218 -26.228 31.1944 40.2829 62.8795 157.114 52.4833 79.9065 -59.4234 66.3424 -125.22
internal_weight=17814 13304 11813 10357 4510 6940 6766 5122 1491 1644 1430 3417 3488 1634 3179 337 3032 2842 1456 3753 174 543 1380 996 2299 1769 996 363 1399 462 757 1137 2014
internal_count=17814 13304 11813 10357 4510 6940 6766 5122 1491 1644 1430 3417 3488 1634 3179 337 3032 2842 1456 3753 174 543 1380 996 2299 1769 996 363 1399 462 757 1137 2014
cat_boundaries=0 1 2 3 4 5
cat_threshold=1584 1584 16 454 720
is_linear=0
shrinkage=0.0383886


Tree=17
num_leaves=34
num_cat=0
split_feature=35 35 35 7 7 41 35 35 36 1 29 26 1 35 1 41 9 6 35 41 41 35 29 6 0 41 6 35 29 35 10 6 35
split_gain=3.94642e+10 7.06514e+09 2.5612e+09 1.82705e+09 1.90453e+09 1.21823e+09 1.09632e+09 1.0553e+09 9.48175e+08 7.76774e+08 7.70283e+08 6.26932e+08 5.44915e+08 5.41069e+08 5.12082e+08 4.83387e+08 4.49583e+08 4.19693e+08 3.77886e+08 3.67451e+08 3.42499e+08 3.36467e+08 3.27644e+08 3.1818e+08 3.05137e+08 2.92357e+08 2.86702e+08 2.83929e+08 2.62913e+08 2.53069e+08 2.33259e+08 2.2707e+08 2.2704e+08
threshold=0.22916666666666671 0.89583333333333337 0.31250000000000006 285.70038030351208 302.12160235892918 0.99349222267034787 0.52083333333333337 0.18750000000000003 -0.9159756150367534 0.30491484917840578 84.500000000000014 680.66257358719633 0.30965907852171354 0.52083333333333337 0.27031614624750627 0.99349222267034787 1026.0507511297903 292.29925618382646 0.27083333333333343 0.99748108949426018 0.063390085881955341 0.93750000000000011 62.500000000000007 302.96895373092133 9.5938434878608341 -0.90892157495189674 295.20245435409811 1.0000000180025095e-35 102.50000000000001 0.14583333333333334 1022.3394921629714 293.22794458306907 1.0000000180025095e-35
decision_type=2 2 2 2 2 2 2 2 2 2 2 2 2 2 2 2 2 2 2 2 2 2 2 2 2 2 2 2 2 2 2 2 2
left_child=7 2 16 5 6 9 25 17 11 -4 -3 -8 30 26 -10 -16 18 22 -2 -7 -9 -12 27 -15 -14 31 -6 -1 -27 32 -11 -5 -24
right_child=1 10 3 4 13 19 8 20 14 12 21 -13 24 23 15 -17 -18 -19 -20 -21 -22 -23 29 -25 -26 28 -28 -29 -30 -31 -32 -33 -34
leaf_value=-43.777494729248865 -18.569598182566452 1.6348239272889358 73.505659981709783 51.738589130009125 70.557755259963173 -70.640476525913058 75.019102637314901 -34.977091065339913 -4.9459046436037823 171.71521489784479 -40.25947964050026 22.028375807056108 25.277926700170863 45.948641417625616 38.515248602767556 -74.419586595541915 -66.897970978266642 -84.561674783197262 22.798870389316338 34.720258820020895 -87.205699225978066 -82.449951544809963 -103.91903630259357 83.245769851610689 113.52534214549901 72.394842003302017 122.22835102807632 -103.98280741317274 39.698288186458491 -97.059105047951292 106.48753154465493 125.85657787045808 -137.27967180131856
leaf_weight=144 640 376 1160 111 261 80 597 435 1878 290 543 733 91 897 808 60 154 933 662 125 322 572 398 540 158 485 402 582 1434 467 112 135 1229
leaf_count=144 640 376 1160 111 261 80 597 435 1878 290 543 733 91 897 808 60 154 933 662 125 322 572 398 540 158 485 402 582 1434 467 112 135 1229
internal_value=-0.404666 32.8629 42.8016 49.5037 41.5769 82.3 30.9361 -98.5403 19.21 92.3401 -45.8803 45.8145 125.901 73.2 6.32436 30.7087 -4.87224 -106.88 2.46413 -6.39606 -57.1933 -61.9034 -114.264 59.9643 81.2744 53.0127 101.887 -92.0413 47.9619 -121.969 153.542 92.4132 -129.119
internal_weight=17814 13304 11813 10357 8341 2016 6241 4510 4076 1811 1491 1330 651 2100 2746 868 1456 3753 1302 205 757 1115 2820 1437 249 2165 663 726 1919 2094 402 246 1627
internal_count=17814 13304 11813 10357 8341 2016 6241 4510 4076 1811 1491 1330 651 2100 2746 868 1456 3753 1302 205 757 1115 2820 1437 249 2165 663 726 1919 2094 402 246 1627
is_linear=0
shrinkage=0.0383886


Tree=18
num_leaves=34
num_cat=0
split_feature=35 32 35 26 35 7 7 35 41 1 1 32 35 41 8 0 0 38 41 26 41 41 1 35 29 0 51 1 29 5 41 35 0
split_gain=3.56732e+10 8.74801e+09 5.5935e+09 1.59442e+09 1.39137e+09 1.23191e+09 1.58156e+09 1.15975e+09 9.35891e+08 1.30148e+09 8.68891e+08 7.77052e+08 7.63988e+08 7.33478e+08 7.07285e+08 6.42274e+08 9.81401e+08 6.32616e+08 5.7171e+08 5.33662e+08 5.1405e+08 5.01474e+08 4.72444e+08 4.68322e+08 4.46925e+08 4.30548e+08 3.91611e+08 3.43532e+08 4.35701e+08 3.37351e+08 3.26842e+08 3.20652e+08 2.94569e+08
threshold=0.22916666666666671 1.0000000180025095e-35 0.85416666666666685 36.433922671963423 0.27083333333333343 286.01691654044367 301.24992983055319 0.14583333333333334 0.99024581825578073 0.303813383118062 0.29954025184973748 1.0000000180025095e-35 0.93750000000000011 -0.86974577485258975 286.41023927525674 14.791974400548128 14.899352818964744 -0.8783796973249266 0.11478523713130605 824.19584155044174 -0.99628250747696534 0.99349222267034787 0.30195332888550025 1.0000000180025095e-35 70.500000000000014 13.569524642595786 1.0000000180025095e-35 0.28278775847625376 42.500000000000007 282.1996065240719 -0.98521978256641018 0.72916666666666685 12.979431386883583
decision_type=2 2 2 2 2 2 2 2 2 2 2 2 2 2 2 2 2 2 2 2 2 2 2 2 2 2 2 2 2 2 2 2 2
left_child=7 2 4 24 -2 8 19 23 9 10 27 18 14 15 -4 -8 20 29 -9 21 -17 -7 -12 -1 -3 32 -18 -6 -29 -5 -19 -32 -15
right_child=1 3 12 17 5 6 13 11 -10 -11 22 -13 -14 25 -16 16 26 30 -20 -21 -22 -23 -24 -25 -26 -27 -28 28 -30 -31 31 -33 -34
leaf_value=-82.317194979435556 4.7375224347946752 -20.085913070613138 51.846973815964262 67.85940311321869 70.485919729102321 57.921973999679174 151.26125419973496 -25.593648438907671 14.670647366451911 156.0144402126177 -74.437327214800973 -111.33170055930771 -53.596668194545835 49.838744731936188 -17.806845462896202 -74.665248993748122 166.19836113491442 47.903782368580636 -82.586167548825372 23.667441430789051 59.738056919869429 -38.917738268771764 67.995911747881905 -117.40690519802739 -80.004731792934095 36.315100456481346 78.85074764562107 40.583944769607314 141.34742700106816 7.3786991439656449 -37.452028369307847 5.832704883623741 121.70784349601351
leaf_weight=751 545 257 309 152 390 2906 397 618 178 528 74 417 526 136 705 59 179 92 447 1067 145 81 64 2210 641 403 131 79 317 1284 1030 334 220
leaf_count=751 545 257 309 152 390 2906 397 618 178 528 74 417 526 136 705 59 179 92 447 1067 145 81 64 2210 641 403 131 79 317 1284 1030 334 220
internal_value=-0.517009 31.0916 50.8727 -18.1732 63.9211 68.3071 59.9227 -94.6315 97.7505 107.935 80.4613 -66.9084 -16.0552 91.3625 3.41901 114.585 86.2563 -4.29854 -49.5145 46.9714 20.8664 55.2959 -8.38122 -108.507 -62.8565 63.4899 129.287 96.0596 121.246 13.7806 -22.1293 -26.853 94.2523
internal_weight=17672 13229 9439 3790 7899 7354 5724 4443 1630 1452 924 1482 1540 1670 1014 911 514 2892 1065 4054 204 2987 138 2961 898 759 310 786 396 1436 1456 1364 356
internal_count=17672 13229 9439 3790 7899 7354 5724 4443 1630 1452 924 1482 1540 1670 1014 911 514 2892 1065 4054 204 2987 138 2961 898 759 310 786 396 1436 1456 1364 356
is_linear=0
shrinkage=0.0383886


Tree=19
num_leaves=34
num_cat=0
split_feature=35 32 35 26 35 7 7 35 32 29 36 1 29 29 26 0 1 0 29 29 35 35 29 15 0 0 0 0 29 0 26 25 1
split_gain=3.29869e+10 8.08925e+09 5.17229e+09 1.47435e+09 1.28878e+09 1.51094e+09 1.38286e+09 1.07241e+09 7.18537e+08 7.162e+08 7.01705e+08 6.18277e+08 8.2171e+08 7.18391e+08 5.6587e+08 5.28982e+08 5.0517e+08 4.54525e+08 4.35866e+08 6.615e+08 4.33056e+08 4.27399e+08 4.06915e+08 4.42579e+08 3.92782e+08 6.92134e+08 7.19225e+08 6.29002e+08 6.2417e+08 3.66456e+08 3.32402e+08 3.28505e+08 3.2418e+08
threshold=0.22916666666666671 1.0000000180025095e-35 0.85416666666666685 36.433922671963423 0.31250000000000006 286.01691654044367 303.41850546973575 0.14583333333333334 1.0000000180025095e-35 84.500000000000014 -0.60355339059327362 0.31112149931579086 34.500000000000007 42.500000000000007 824.19584155044174 14.194381159041477 0.26815408119534795 13.688392990920709 193.50000000000003 183.50000000000003 1.0000000180025095e-35 0.93750000000000011 72.500000000000014 211.77596745044431 12.599358814455455 13.125966672129577 13.839048379026865 14.270395245566151 152.50000000000003 13.915058043138824 768.58771566497455 789.56754173536808 0.31078108157386364
decision_type=2 2 2 2 2 2 2 2 2 2 2 2 2 2 2 2 2 2 2 2 2 2 2 2 2 2 2 2 2 2 2 2 2
left_child=7 2 4 10 32 11 14 20 16 -4 -3 12 -6 -14 31 17 -9 -8 19 -17 -1 -11 -5 24 30 -26 -27 -28 -29 -19 -24 -7 -2
right_child=1 3 9 22 5 6 15 8 -10 21 -12 -13 13 -15 -16 18 -18 29 -20 -21 -22 -23 23 -25 25 26 27 28 -30 -31 -32 -33 -34
leaf_value=-79.157150368320984 27.530560195561247 22.409731009057602 29.13329857478913 25.952978206328236 158.24711941109075 48.442830327107259 94.428029225594187 -28.442319230653325 -107.05782937202709 -14.02390984362418 -74.34220310084109 30.723492397338102 -2.441270504743958 104.38772758721085 26.645246638851688 123.66775817164256 -84.075773576778602 -64.967938864505342 151.234805621455 20.883151433200581 -112.89981398659627 -63.575646877949239 -5.9517471202807153 -38.829929934220416 76.407154244704131 -63.646506383941798 74.862771525707402 -78.045916615386304 16.984691014293393 51.966714274094443 -68.914363519421528 75.657379306134729 -65.76390068140627
leaf_weight=751 1023 129 395 539 392 2000 280 698 417 757 769 154 106 743 1261 287 367 56 298 136 2210 388 350 621 200 217 196 132 446 134 191 971 58
leaf_count=751 1023 129 395 539 392 2000 280 698 417 757 769 154 106 743 1261 287 367 56 298 136 2210 388 350 621 200 217 196 132 446 134 191 971 58
internal_value=-0.497161 29.8981 48.9198 -17.4756 61.4672 67.6416 58.4759 -90.9987 -64.3399 -15.4388 -60.4435 103.273 112.276 91.0498 48.192 95.0176 -47.6137 63.3302 115.674 90.6212 -104.342 -30.8153 -4.13352 -11.0254 -1.05624 11.2648 -1.88201 15.4344 -4.71778 17.5017 -28.1807 57.3373 22.5249
internal_weight=17672 13229 9439 3790 7899 6818 5423 4443 1482 1540 898 1395 1241 849 4232 1191 1065 470 721 423 2961 1145 2892 2353 1732 1191 991 774 578 190 541 2971 1081
internal_count=17672 13229 9439 3790 7899 6818 5423 4443 1482 1540 898 1395 1241 849 4232 1191 1065 470 721 423 2961 1145 2892 2353 1732 1191 991 774 578 190 541 2971 1081
is_linear=0
shrinkage=0.0383886


Tree=20
num_leaves=34
num_cat=3
split_feature=35 32 35 28 1 26 35 41 0 0 7 32 36 2 2 2 31 2 28 26 35 0 35 0 35 25 0 51 24 40 35 41 25
split_gain=3.05029e+10 7.4801e+09 4.82399e+09 2.12191e+09 1.53326e+09 1.36333e+09 9.91657e+08 9.35219e+08 8.79748e+08 8.95006e+08 7.99073e+08 6.64429e+08 6.48864e+08 6.21489e+08 6.05878e+08 1.39364e+09 5.79048e+08 5.05823e+08 4.91291e+08 4.27836e+08 4.67047e+08 4.89409e+08 4.3009e+08 4.20278e+08 4.00445e+08 3.61733e+08 3.5346e+08 3.38313e+08 3.26125e+08 3.00181e+08 2.99786e+08 2.98708e+08 3.43061e+08
threshold=0.22916666666666671 1.0000000180025095e-35 0.89583333333333337 0 0.3112836758503818 36.433922671963423 0.14583333333333334 0.85561368268953431 10.569162159519083 14.760010628743727 301.24992983055319 1.0000000180025095e-35 -0.60355339059327362 0.729461768728077 0.69980586642454445 0.6969150038320101 1 0.71076988009093367 2 134.0725986226432 0.52083333333333337 13.147335034660054 0.72916666666666685 14.899352818964744 1.0000000180025095e-35 853.20845070588541 13.531787525760651 1.0000000180025095e-35 18.353866013629958 -0.90163369914317015 0.39583333333333343 -0.98521978256641018 414.51029897737334
decision_type=2 2 2 1 2 2 2 2 2 2 2 2 2 2 2 2 1 2 1 2 2 2 2 2 2 2 2 2 2 2 2 2 2
left_child=6 2 3 4 7 12 24 8 13 25 14 17 -3 -2 15 28 29 -8 -4 -16 -21 22 -22 26 -1 -10 -12 -25 -5 -7 -6 -18 -33
right_child=1 5 18 10 30 16 11 -9 9 -11 23 -13 -14 -15 19 -17 31 -19 -20 20 21 -23 -24 27 -26 -27 -28 -29 -30 -31 -32 32 -34
leaf_value=-76.11841581164451 69.497402592249657 21.549452646304051 -68.637763549146939 -88.169043405509797 -75.041829870941825 -32.542261215159115 -109.88941724732776 137.04066759114244 110.27151431989481 39.503241761381013 88.362570103382097 -102.94802508629959 -71.488307495789286 -9.9655534641547838 5.2002621225040278 132.36430949839863 45.855308416391537 -34.867090163899796 -12.055057417440276 54.910958841939141 24.497775562691537 5.3253478616238672 75.33352873466238 146.92289243409897 -108.56574462756171 181.27122693304386 38.528275352627695 62.827030047427833 31.087293336006233 20.092218622908256 19.974169794726198 7.9309329442271723 -36.661723805841945
leaf_weight=751 550 129 333 57 65 183 155 572 794 264 345 417 769 197 761 264 92 910 707 1312 658 942 391 167 2210 122 535 122 83 1253 198 338 1026
leaf_count=751 550 129 333 57 65 183 155 572 794 264 345 417 769 197 761 264 92 910 707 1312 658 942 391 167 2210 122 535 122 83 1253 198 338 1026
internal_value=-0.478076 28.7503 47.0418 56.6989 84.3522 -16.8047 -87.5054 93.9365 81.1416 101.779 42.9236 -61.87 -58.1232 48.5413 35.6067 80.4425 -3.97484 -45.7859 -30.9483 31.1496 37.1283 25.4101 43.4461 71.2565 -100.336 119.728 58.0656 111.422 -17.467 13.292 -3.50883 -20.9519 -25.6116
internal_weight=17672 13229 9439 8399 2762 3790 4443 2499 1927 1180 5637 1482 898 747 4468 404 2892 1065 1040 4064 3303 1991 1049 1169 2961 916 880 289 140 1436 263 1456 1364
internal_count=17672 13229 9439 8399 2762 3790 4443 2499 1927 1180 5637 1482 898 747 4468 404 2892 1065 1040 4064 3303 1991 1049 1169 2961 916 880 289 140 1436 263 1456 1364
cat_boundaries=0 1 2 3
cat_threshold=2182 32 1584
is_linear=0
shrinkage=0.0383886


Tree=21
num_leaves=34
num_cat=2
split_feature=37 32 37 28 34 28 0 12 0 38 4 29 7 7 45 2 2 0 0 0 0 0 0 0 0 0 42 10 4 0 4 29 12
split_gain=2.51263e+10 6.43849e+09 1.97234e+09 1.5257e+09 1.3777e+09 1.12179e+09 1.93414e+09 1.0701e+09 1.05676e+09 1.01917e+09 5.92749e+08 7.31991e+08 5.84109e+08 5.99045e+08 5.15174e+08 4.96759e+08 8.24466e+08 4.75549e+08 4.72794e+08 1.23885e+09 7.23118e+08 1.29872e+09 7.07554e+08 1.04941e+09 8.10008e+08 1.05773e+09 4.7884e+08 4.603e+08 4.27738e+08 4.10662e+08 4.11846e+08 3.85679e+08 3.65039e+08
threshold=0.25881904510252057 1.0000000180025095e-35 0.60355339059327384 0 1.0000000180025095e-35 1 9.5938434878608341 68.505914269841114 14.760010628743727 -0.8783796973249266 300.21607040256742 84.500000000000014 303.41850546973575 289.1323849294194 0.16289618911388162 0.6969150038320101 0.69938919975787772 9.474994185443169 14.760010628743727 14.936749891514443 14.303924361565102 13.897120305775262 13.268576987214706 12.599358814455455 11.818925934643097 11.348975741552261 -0.6830127018922193 1019.9627207430671 294.41623335121739 11.950196198115718 297.44789814399729 247.50000000000003 53.817526092608837
decision_type=2 2 2 1 2 1 2 2 2 2 2 2 2 2 2 2 2 2 2 2 2 2 2 2 2 2 2 2 2 2 2 2 2
left_child=1 4 7 32 5 6 17 29 -8 31 11 -5 13 15 -6 -7 -17 -1 20 -20 21 22 23 24 25 26 -11 -18 -25 -2 -31 -3 -4
right_child=2 9 3 10 14 12 8 -9 -10 18 -12 -13 -14 -15 -16 16 27 -19 19 -21 -22 -23 -24 28 -26 -27 -28 -29 -30 30 -32 -33 -34
leaf_value=69.708993957582678 54.126242473848066 26.083583520283366 -62.202731748530667 -35.299949533453386 -129.04810649269126 -40.386985101798899 132.82937591612085 -47.676107546517876 41.578285282836127 -154.4342269660923 -7.7076757735598678 -72.979620153387344 87.005556222053016 39.163259560765894 1.5756250891317785 128.24550973444235 72.829783672674225 -64.427195973543519 111.76116719886927 -86.149460511780191 -114.3841205036494 90.674039047226685 -127.78758861626069 116.08505957398087 -128.45692210015733 95.892686362276294 -36.518500004869132 30.497685793820136 -14.037113351881091 -24.991560946673626 33.362994075573667 -18.815065484967452 -106.20435714517555
leaf_weight=57 209 1101 352 1324 64 63 887 1164 237 57 408 1783 703 3142 146 296 1147 123 108 82 162 122 124 89 150 86 463 565 64 553 263 379 1319
leaf_count=57 209 1101 352 1324 64 63 887 1164 237 57 408 1783 703 3142 146 296 1147 123 108 82 162 122 124 89 150 86 463 565 64 553 263 379 1319
internal_value=1.17248 39.5577 -53.0457 -65.9436 58.6935 61.5127 94.1572 -22.489 113.589 -8.04153 -51.0651 -56.923 54.0667 49.7284 -38.2335 65.7573 69.0875 -21.9506 -30.2635 26.347 -38.4306 -27.7774 -41.7668 -30.0324 -48.5881 -28.8186 -49.4439 58.8592 61.6548 6.11368 -6.18364 14.5859 -96.3587
internal_weight=17792 10417 7375 5186 7430 7220 1304 2189 1124 2987 3515 3107 5916 5213 210 2071 2008 180 1507 190 1317 1155 1033 909 756 606 520 1712 153 1025 816 1480 1671
internal_count=17792 10417 7375 5186 7430 7220 1304 2189 1124 2987 3515 3107 5916 5213 210 2071 2008 180 1507 190 1317 1155 1033 909 756 606 520 1712 153 1025 816 1480 1671
cat_boundaries=0 1 2
cat_threshold=1584 130
is_linear=0
shrinkage=0.0383886


Tree=22
num_leaves=34
num_cat=1
split_feature=35 32 35 34 35 3 7 35 35 1 35 35 38 1 31 10 35 29 29 25 0 35 0 2 0 0 0 6 7 32 6 29 0
split_gain=2.75323e+10 6.13186e+09 4.30153e+09 1.2761e+09 9.59213e+08 1.31906e+09 1.27574e+09 9.4598e+08 8.50551e+08 8.46297e+08 8.39651e+08 6.79003e+08 6.35985e+08 6.0561e+08 5.02347e+08 5.01461e+08 4.98687e+08 4.68808e+08 5.34235e+08 4.67311e+08 4.3165e+08 4.13304e+08 4.05478e+08 3.62966e+08 3.82985e+08 8.04009e+08 3.35066e+08 3.27565e+08 3.79044e+08 3.25643e+08 2.90621e+08 2.89071e+08 2.89065e+08
threshold=0.22916666666666671 1.0000000180025095e-35 0.85416666666666685 1.0000000180025095e-35 0.31250000000000006 285.38935938716355 303.41850546973575 0.89583333333333337 0.31250000000000006 0.31112149931579086 0.18750000000000003 0.93750000000000011 -0.8783796973249266 0.27473203596392254 0 1016.2986853434292 0.52083333333333337 34.500000000000007 42.500000000000007 414.51029897737334 9.474994185443169 0.72916666666666685 12.599358814455455 0.80735504978472872 14.791974400548128 14.899352818964744 14.860661594437168 283.66577720446202 298.74223360776472 1.0000000180025095e-35 296.48835190838889 76.500000000000014 14.760010628743727
decision_type=2 2 2 2 2 2 2 2 2 2 2 2 2 2 1 2 2 2 2 2 2 2 2 2 2 2 2 2 2 2 2 2 2
left_child=10 2 3 4 -2 9 16 8 22 17 14 13 27 -4 -1 -5 -7 -6 -19 -18 -11 32 -3 -8 -25 26 -26 -10 -29 -12 -16 -9 -14
right_child=1 7 11 15 5 6 23 31 12 20 29 -13 21 -15 30 -17 19 18 -20 -21 -22 -23 -24 24 25 -27 -28 28 -30 -31 -32 -33 -34
leaf_value=-113.20272832153033 24.364849425629608 -93.44070124142911 -14.171180843401626 44.351145806160496 141.95104553853236 63.177402035779537 65.611016692313171 -11.532220710352068 52.012299513393977 83.499326946140584 -27.735841240367307 -48.514291957253505 -36.012213476026922 48.966475541114299 -83.063733327068533 -75.715458042630544 57.958230063543226 14.315216911120221 102.22240724652551 23.580758920706568 -54.496581963169291 16.124123267456902 -18.709823741346469 140.8438996204587 75.67502530210713 128.55759072152034 -39.774119728311142 -7.5393690870139389 38.536542332847041 -84.10943893733112 -36.070899548127358 -84.391249177602006 23.834583251058614
leaf_weight=1075 1013 215 740 79 380 1467 492 107 349 59 513 523 948 321 2399 146 880 116 837 1725 77 426 213 305 69 226 80 713 417 214 211 321 136
leaf_count=1075 1013 215 740 79 380 1467 492 107 349 59 513 523 948 321 2399 146 880 116 837 1725 77 426 213 305 69 226 80 713 417 214 211 321 136
internal_value=1.12747 28.5496 45.0524 56.561 59.1855 64.44 55.4335 -12.3748 -5.63584 96.5911 -82.034 -12.7155 1.61167 4.93078 -89.4724 -33.5587 45.2754 105.898 91.5223 35.1939 5.36919 -15.9134 -56.2499 90.7267 108.899 82.9165 13.6888 19.504 9.46385 -44.33 -78.9622 -66.1765 -28.5037
internal_weight=17792 13380 9535 7951 7726 6713 5244 3845 3417 1469 4412 1584 2989 1061 3685 225 4072 1333 953 2605 136 1510 428 1172 680 375 149 1479 1130 727 2610 428 1084
internal_count=17792 13380 9535 7951 7726 6713 5244 3845 3417 1469 4412 1584 2989 1061 3685 225 4072 1333 953 2605 136 1510 428 1172 680 375 149 1479 1130 727 2610 428 1084
cat_boundaries=0 1
cat_threshold=65
is_linear=0
shrinkage=0.0383886


Tree=23
num_leaves=34
num_cat=2
split_feature=37 31 37 41 1 29 4 5 12 39 1 41 10 41 29 40 1 41 24 40 12 0 0 10 29 6 39 41 29 6 31 29 45
split_gain=2.1531e+10 5.48455e+09 1.71497e+09 1.44222e+09 1.11565e+09 1.02382e+09 1.42502e+09 9.58436e+08 9.36092e+08 8.83862e+08 8.01582e+08 5.9517e+08 5.30743e+08 6.03815e+08 5.79883e+08 4.98604e+08 4.5834e+08 4.51848e+08 4.71338e+08 4.4968e+08 4.39708e+08 4.32173e+08 9.39215e+08 4.32118e+08 4.26609e+08 4.17542e+08 3.94543e+08 5.108e+08 3.4702e+08 3.40972e+08 3.38282e+08 3.00272e+08 2.87143e+08
threshold=0.25881904510252057 0 0.60355339059327384 0.99349222267034787 0.303813383118062 84.500000000000014 299.06109356925623 297.49916877586719 70.277616939358452 1.0000000180025095e-35 0.3112836758503818 -0.86974577485258975 1030.8804520286478 0.4736964939522646 70.500000000000014 0.67167992559793654 0.25258308877353658 -0.98521978256641018 63.870838533313126 0.56369777965491019 77.572334298214329 14.791974400548128 14.899352818964744 1027.9058767522301 82.500000000000014 297.34777125950615 -0.22252093395631442 0.99748108949426018 247.50000000000003 280.26238953164449 1 169.50000000000003 0.40503147202717421
decision_type=2 1 2 2 2 2 2 2 2 2 2 2 2 2 2 2 2 2 2 2 2 2 2 2 2 2 2 2 2 2 1 2 2
left_child=1 9 8 4 7 -4 30 12 16 28 23 21 13 14 -3 19 25 -11 20 -15 -19 -9 32 -6 -16 -2 -5 -28 -1 -18 -7 -26 -23
right_child=2 3 5 26 10 6 -8 11 -10 17 -12 -13 -14 15 24 -17 29 18 -20 -21 -22 22 -24 -25 31 -27 27 -29 -30 -31 -32 -33 -34
leaf_value=24.579645916242665 -23.484776676934409 -35.040712037599583 -32.003407051453074 -95.999307013063572 134.14597421127476 -68.594487970193029 -18.354887148174555 132.41415640507296 -46.263034213607 57.884115465824507 -5.6063364568968472 52.985982315668288 -36.448808330089413 65.630156236106345 88.570003537931029 100.80036879291335 -30.478462340756504 -27.309069959544097 66.946824424134135 -4.4635430556020479 -82.359519112538834 41.809283753742889 120.33280440893483 58.470035045619603 26.218963843108309 38.745412984492035 -91.715001595580745 55.869580362154885 -18.009359448691505 77.257669935009403 -96.648670999914643 50.209096205386608 -60.319662902741619
leaf_weight=1101 673 154 1324 99 500 1812 631 358 1071 85 89 725 118 625 258 457 57 1090 66 172 266 135 291 143 1681 208 54 96 379 180 1419 1417 58
leaf_count=1101 673 154 1324 99 500 1812 631 358 1071 85 89 725 118 625 258 457 57 1090 66 172 266 135 291 143 1681 208 54 96 379 180 1419 1417 58
internal_value=1.08174 36.6147 -49.1077 54.2359 57.4583 -61.1347 -71.1217 52.3605 -20.6143 -7.37378 102.371 78.4823 43.9761 45.9681 37.7992 68.8333 3.95607 -28.0928 -33.2321 50.5033 -38.1081 100.436 76.7822 117.316 41.1417 -8.7925 -36.5184 2.739 13.6734 51.3464 -81.4268 37.1919 11.1176
internal_weight=17792 10417 7375 7430 7181 5186 3862 6449 2189 2987 732 1567 4882 4764 3510 1254 1118 1507 1422 797 1356 842 484 643 3356 881 249 150 1480 237 3231 3098 193
internal_count=17792 10417 7375 7430 7181 5186 3862 6449 2189 2987 732 1567 4882 4764 3510 1254 1118 1507 1422 797 1356 842 484 643 3356 881 249 150 1480 237 3231 3098 193
cat_boundaries=0 1 2
cat_threshold=96 30
is_linear=0
shrinkage=0.0383886


Tree=24
num_leaves=34
num_cat=5
split_feature=35 35 38 35 28 0 38 0 2 2 38 31 28 3 2 2 0 35 9 29 0 1 0 35 28 28 0 0 29 2 0 0 38
split_gain=2.4276e+10 4.67325e+09 4.11748e+09 1.84218e+09 1.52515e+09 1.56827e+09 1.12911e+09 6.54879e+08 5.3961e+08 6.9702e+08 5.07897e+08 5.03364e+08 4.94948e+08 4.9088e+08 5.27037e+08 9.92213e+08 4.82082e+08 4.77986e+08 4.56715e+08 8.10591e+08 4.53041e+08 9.2131e+08 4.47448e+08 4.20681e+08 3.63908e+08 3.4698e+08 3.41969e+08 3.3044e+08 3.23599e+08 3.23515e+08 6.45428e+08 5.45385e+08 3.84435e+08
threshold=0.27083333333333343 0.89583333333333337 -0.60785761079279388 0.18750000000000003 0 9.493419996423194 -0.60785761079279388 14.791974400548128 0.71076988009093367 0.70936197528428313 -0.8783796973249266 1 2 301.64493828016526 0.69980586642454445 0.6969150038320101 9.5938434878608341 0.72916666666666685 1023.2773909215456 84.500000000000014 11.479216874820377 0.31078108157386364 10.131967737396463 0.52083333333333337 3 4 9.4614606470315064 11.434296319745153 193.50000000000003 0.72240155608367007 10.569162159519083 10.273140293585405 1.0000000180025095e-35
decision_type=2 2 2 2 1 2 2 2 2 2 2 1 1 2 2 2 2 2 2 2 2 2 2 2 1 1 2 2 2 2 2 2 2
left_child=3 2 10 11 5 26 -5 8 9 22 -2 -1 -3 14 15 -6 -8 -12 19 27 21 -20 -7 -21 28 -18 -4 -16 -13 -10 31 -31 -33
right_child=1 12 4 6 13 7 16 -9 29 -11 17 24 -14 -15 18 -17 25 -19 20 23 -22 -23 -24 -25 -26 -27 -28 -29 -30 30 -32 32 -34
leaf_value=-107.75064085275494 15.77312783468677 -7.9377598064256123 6.6433207922905089 -85.694502819745239 -4.2683540743567967 90.64373558802879 -95.02094892089589 20.966402396857621 129.36759489744136 -52.227426242885308 -27.818228574610163 -62.461261829811704 -54.527645370627177 69.40896687408339 155.71935944037628 126.84174422974706 19.08889248126615 19.566086764875344 -149.01109815548568 44.698991038102015 25.317862462102457 29.116164697448429 -5.8964559682336786 17.045036209867767 -83.234337409998787 -27.366945800198586 -124.65971992957803 68.651025584260324 -0.21220732462186881 93.784988313627863 108.68443156278842 76.668812236181296 -36.910421812234738
leaf_weight=1068 1593 571 57 424 133 399 92 227 420 75 1153 583 858 733 76 236 492 431 80 1451 282 92 86 1837 1925 439 60 415 156 201 887 68 124
leaf_count=1068 1593 571 57 424 133 399 92 227 420 75 1153 583 858 733 76 236 492 431 80 1451 282 92 86 1837 1925 439 60 415 156 201 887 68 124
internal_value=0.133275 29 37.4008 -69.7902 52.1807 76.368 -33.0211 83.123 89.3662 56.6833 0.467472 -84.0465 -36.3484 40.1564 35.5844 79.5852 -11.1897 -14.9251 31.7487 36.1193 -4.63115 -53.7337 73.5252 29.2488 -73.8618 -2.90561 -60.6915 82.1281 -48.6623 100.132 90.5394 49.5862 3.3155
internal_weight=17724 12545 11116 5179 7939 2604 1447 2487 2260 560 3177 3732 1429 5335 4602 369 1023 1584 4233 3779 454 172 485 3288 2664 931 117 491 739 1700 1280 393 192
internal_count=17724 12545 11116 5179 7939 2604 1447 2487 2260 560 3177 3732 1429 5335 4602 369 1023 1584 4233 3779 454 172 485 3288 2664 931 117 491 739 1700 1280 393 192
cat_boundaries=0 1 2 3 4 5
cat_threshold=2182 65 6278 194 1746
is_linear=0
shrinkage=0.0383886


Tree=25
num_leaves=34
num_cat=3
split_feature=26 36 32 25 28 0 31 36 0 32 34 24 36 36 29 0 10 29 3 1 1 25 26 0 0 1 0 0 0 18 26 29 28
split_gain=2.03063e+10 3.54756e+09 3.39487e+09 2.14471e+09 1.23364e+09 1.099e+09 1.0726e+09 8.736e+08 6.99705e+08 6.64683e+08 6.06551e+08 6.76712e+08 5.81052e+08 5.71102e+08 5.01704e+08 5.5582e+08 7.31519e+08 4.66592e+08 4.96125e+08 4.30849e+08 4.29821e+08 3.9965e+08 5.01527e+08 3.96783e+08 6.62208e+08 5.66416e+08 8.93458e+08 7.94716e+08 1.2029e+09 5.22152e+08 4.66477e+08 3.78511e+08 3.60833e+08
threshold=32.541682104644828 -0.60355339059327362 1.0000000180025095e-35 66.39085871809192 0 9.493419996423194 1 0.91597561503675362 14.760010628743727 1.0000000180025095e-35 1.0000000180025095e-35 14.765049910335554 -1.0000000180025095e-35 -0.37940952255126059 163.50000000000003 12.468270517378178 1023.370583331813 72.500000000000014 301.44291975462977 0.31092402428915172 0.27473203596392254 844.39411627179061 716.48484264703768 14.922006068462391 14.791974400548128 0.20619472167908834 13.897120305775262 13.227464801632175 12.599358814455455 0.069398832991453094 773.78323484068846 128.50000000000003 2
decision_type=2 2 2 2 1 2 1 2 2 2 2 2 2 2 2 2 2 2 2 2 2 2 2 2 2 2 2 2 2 2 2 2 1
left_child=1 20 4 6 5 -2 7 12 21 -5 14 -12 -3 -8 15 16 -6 -4 23 32 -1 22 -7 24 25 -19 27 28 30 -30 -27 -28 -9
right_child=2 3 17 9 10 8 13 19 -10 -11 11 -13 -14 -15 -16 -17 -18 18 -20 -21 -22 -23 -24 -25 -26 26 31 -29 29 -31 -32 -33 -34
leaf_value=-12.994562079827954 -61.398617714146624 -28.336085368964479 32.20774476832878 20.456444659344214 81.105256497364891 99.894197967858815 -24.718135990710078 56.045338014150829 22.738057912139926 -51.714278946198313 -131.93314459763062 41.985639726916496 -67.740706436961929 -87.558019639832622 52.901752749488033 18.03196564427893 -34.601345924734311 -72.778582170841929 26.69234338291411 -109.94346155411702 71.788476370893093 140.85860217681241 56.968037631745084 -81.853022124065731 76.896186940444636 -6.6101502559746814 142.72905367262831 -79.515518625197771 103.21448573600304 -30.107181063043612 -72.410524090312578 27.201849043659752 -14.396959450795189
leaf_weight=115 85 745 555 660 474 958 234 131 279 263 64 68 2123 2390 2546 1818 97 235 509 55 377 189 690 126 117 473 69 260 180 57 239 106 437
leaf_count=115 85 745 555 660 474 958 234 131 279 263 64 68 2123 2390 2546 1818 97 235 509 55 377 189 690 126 117 473 69 260 180 57 239 106 437
internal_value=0.12249 -47.6868 35.4377 -54.6535 49.4941 73.611 -62.8866 -48.4158 79.3823 -0.107898 38.7963 -42.3385 -57.5049 -81.643 41.0451 28.4092 61.4493 0.522743 -6.89403 -7.35144 51.9713 87.9853 81.9215 -16.0753 -11.3011 -17.6748 -8.31831 -20.0532 -3.7621 71.1497 -28.6977 72.7527 2.58264
internal_weight=17724 7530 10194 7038 7268 2201 6115 3491 2116 923 5067 132 2868 2624 4935 2389 571 2926 2371 623 492 1837 1648 1862 1736 1619 1384 1209 949 237 712 175 568
internal_count=17724 7530 10194 7038 7268 2201 6115 3491 2116 923 5067 132 2868 2624 4935 2389 571 2926 2371 623 492 1837 1648 1862 1736 1619 1384 1209 949 237 712 175 568
cat_boundaries=0 1 2 3
cat_threshold=2182 30 642
is_linear=0
shrinkage=0.0383886


Tree=26
num_leaves=34
num_cat=1
split_feature=35 35 32 35 7 7 32 29 29 29 38 31 35 35 36 0 29 0 0 0 25 6 0 0 0 18 29 0 6 35 29 18 0
split_gain=2.08926e+10 4.00894e+09 3.53313e+09 1.57019e+09 1.09843e+09 1.18238e+09 9.69065e+08 6.94325e+08 5.10865e+08 6.31505e+08 4.68519e+08 4.55765e+08 4.29213e+08 4.28192e+08 4.41089e+08 4.2304e+08 3.57456e+08 3.51912e+08 4.61595e+08 3.2945e+08 3.07429e+08 2.99523e+08 2.99474e+08 2.99242e+08 7.04252e+08 3.46857e+08 2.98507e+08 3.0222e+08 2.7194e+08 2.61022e+08 2.53217e+08 2.74896e+08 2.48671e+08
threshold=0.27083333333333343 0.89583333333333337 1.0000000180025095e-35 0.18750000000000003 286.57308290393939 303.41850546973575 1.0000000180025095e-35 6.5000000000000009 34.500000000000007 38.500000000000007 -0.8783796973249266 0 0.72916666666666685 0.52083333333333337 -0.9159756150367534 9.5938434878608341 62.500000000000007 14.194381159041477 13.688392990920709 13.915058043138824 82.00043822520216 291.77934303383148 9.6866592376612832 14.791974400548128 14.899352818964744 0.48104150174518956 357.50000000000006 12.831024258447746 287.22281904947613 0.93750000000000011 289.50000000000006 0.020847948852834381 9.4230300218645908
decision_type=2 2 2 2 2 2 2 2 2 2 2 1 2 2 2 2 2 2 2 2 2 2 2 2 2 2 2 2 2 2 2 2 2
left_child=3 2 4 11 7 13 15 -2 22 -10 -4 21 30 -6 20 -5 -3 18 -7 -20 -15 -1 -9 -19 -25 -26 27 32 -8 -18 -12 -32 -11
right_child=1 16 10 6 5 17 28 8 9 26 12 -13 -14 14 -16 -17 29 23 19 -21 -22 -23 -24 24 25 -27 -28 -29 -30 -31 31 -33 -34
leaf_value=-73.582856770586062 -13.668273180878197 6.9887779813259225 15.16725350369942 -89.108031381815337 45.785818526753701 78.473506277142945 -100.61313011458533 68.116034389839356 -60.387488058309124 131.27440822780412 -19.027342678532936 -94.176790363800251 18.367190048211778 70.020824148308705 11.735583602764295 -2.8176649875159043 -24.17889143687718 113.873935388134 -74.886100030237344 34.150337855286288 24.605722508570903 -40.513278167854949 128.63810652852996 6.0098044821088283 142.93560324312216 46.328569777592371 -1.9327095120896773 2.9881315336175254 -34.618560578956696 -60.481913243505403 -108.23521500358247 -8.2537997178981559 74.60549013944771
leaf_weight=1581 128 261 1593 92 1803 284 289 176 56 129 982 1609 431 387 1967 931 572 372 58 138 508 542 382 168 154 85 77 78 135 596 105 66 989
leaf_count=1581 128 261 1593 92 1803 284 289 176 56 129 982 1609 431 387 1967 931 572 372 58 138 508 542 382 168 154 85 77 78 135 596 105 66 989
internal_value=0.11869 26.8984 34.6792 -64.7494 48.3702 40.0422 -30.803 72.8538 78.7229 65.7801 0.466903 -77.9113 -14.317 31.1326 21.9014 -10.5779 -33.6273 73.0553 47.1996 1.88435 44.2433 -64.8348 109.549 88.987 66.2401 108.578 71.3303 76.0471 -79.6008 -42.7034 -26.5346 -69.646 81.1442
internal_weight=17724 12545 11116 5179 7939 5924 1447 2015 1887 1329 3177 3732 1584 4665 2862 1023 1429 1259 480 196 895 2123 558 779 407 239 1273 1196 424 1168 1153 171 1118
internal_count=17724 12545 11116 5179 7939 5924 1447 2015 1887 1329 3177 3732 1584 4665 2862 1023 1429 1259 480 196 895 2123 558 779 407 239 1273 1196 424 1168 1153 171 1118
cat_boundaries=0 1
cat_threshold=30
is_linear=0
shrinkage=0.0383886


Tree=27
num_leaves=34
num_cat=3
split_feature=26 36 32 37 32 28 28 0 0 41 1 37 41 28 29 0 25 26 5 5 51 10 0 0 0 0 0 0 29 37 7 9 0
split_gain=1.72893e+10 3.08431e+09 2.9877e+09 2.20967e+09 1.12977e+09 1.09148e+09 8.19728e+08 8.06291e+08 8.29534e+08 6.3373e+08 6.86877e+08 5.22202e+08 5.16305e+08 5.01846e+08 4.93996e+08 5.57726e+08 4.02925e+08 4.65407e+08 4.01669e+08 5.47356e+08 4.00018e+08 3.74945e+08 3.56159e+08 7.74021e+08 5.48191e+08 7.9756e+08 4.69928e+08 8.78506e+08 4.36349e+08 3.54466e+08 3.37635e+08 3.43991e+08 4.38654e+08
threshold=1.0000000180025095e-35 -0.37940952255126059 1.0000000180025095e-35 0.37940952255126048 1.0000000180025095e-35 0 1 9.493419996423194 14.760010628743727 0.98174098242282837 0.30463295030553911 0.37940952255126048 -0.94703994556331683 2 229.50000000000003 12.979431386883583 841.74443172021893 696.2664731434769 282.9931047378148 297.19085000118133 1.0000000180025095e-35 1028.8576297373152 13.125966672129577 12.599358814455455 11.818925934643097 11.434296319745153 13.839048379026865 14.256862098928663 181.50000000000003 1.0000000180025095e-35 290.62943236407608 1020.6265550219919 11.691138495760617
decision_type=2 2 2 2 2 1 1 2 2 2 2 2 2 1 2 2 2 2 2 2 2 2 2 2 2 2 2 2 2 2 2 2 2
left_child=1 6 5 4 9 7 -1 -2 16 10 21 12 20 -5 30 -16 17 -9 -4 22 -7 29 23 24 25 -20 -24 -28 -29 -3 31 -14 -33
right_child=2 3 18 13 -6 11 -8 8 -10 -11 -12 -13 14 -15 15 -17 -18 -19 19 -21 -22 -23 26 -25 -26 -27 27 28 -30 -31 -32 32 -34
leaf_value=-37.193331384000288 -58.141748393548326 46.402346571353398 33.96966015205426 -51.393647570778114 -66.482603564099151 116.23015349207509 41.145264138152598 92.68355422663862 10.56372935501814 -82.173316374433327 86.953631755233147 3.754212767172755 59.351311967854627 -79.779671822468373 39.706486335865165 93.602564460557971 132.94536354677757 51.937161829964815 -18.00941762444576 21.082488548559205 41.44884543527585 -98.931937097986705 -86.849346346732005 72.527169897342546 -71.713658201335377 101.40290231638697 70.739305568966486 -64.410490649338072 38.426615217410443 -9.4104345167814536 15.209429531886087 -87.774404009963263 38.885508493689407
leaf_weight=268 73 217 413 1616 535 217 678 940 285 125 145 696 612 2863 1247 366 196 737 583 735 205 56 212 165 213 96 123 341 74 738 1730 58 132
leaf_count=268 73 217 413 1616 535 217 678 940 285 125 145 696 612 2863 1247 366 196 737 583 735 205 56 212 165 213 96 123 341 74 738 1730 58 132
internal_value=-0.0466807 -45.6363 31.5462 -55.3488 -19.6296 44.4363 18.9938 67.0343 71.5794 -0.0618066 8.81703 34.6637 39.4502 -69.831 35.3317 51.9359 80.8636 74.7765 -1.14356 -6.84843 79.9028 -2.3895 -18.2094 -3.85318 -17.9819 -1.12634 -38.442 -19.367 -46.0732 3.27162 24.7541 45.3429 0.220791
internal_weight=17690 7241 10449 6295 1816 7494 946 2231 2158 1281 1156 5263 4567 4479 4145 1613 1873 1677 2955 2542 422 1011 1807 1057 892 679 750 538 415 955 2532 802 190
internal_count=17690 7241 10449 6295 1816 7494 946 2231 2158 1281 1156 5263 4567 4479 4145 1613 1873 1677 2955 2542 422 1011 1807 1057 892 679 750 538 415 955 2532 802 190
cat_boundaries=0 1 2 3
cat_threshold=2182 1808 198
is_linear=0
shrinkage=0.0383886


Tree=28
num_leaves=34
num_cat=0
split_feature=35 35 32 35 5 5 32 41 1 35 29 41 38 35 1 29 41 0 1 41 5 5 41 1 27 35 29 10 1 0 0 0 0
split_gain=1.76962e+10 3.52199e+09 2.97748e+09 1.21832e+09 8.73375e+08 8.22188e+08 7.14943e+08 5.96117e+08 5.98827e+08 4.79049e+08 4.69872e+08 4.61323e+08 4.28938e+08 4.54908e+08 3.64569e+08 9.72107e+08 3.61911e+08 4.36528e+08 4.82341e+08 3.51989e+08 3.41922e+08 3.3462e+08 3.30672e+08 3.14646e+08 4.69769e+08 2.96793e+08 2.93501e+08 2.80404e+08 3.08402e+08 2.77836e+08 8.20454e+08 3.36173e+08 8.50861e+08
threshold=0.27083333333333343 0.89583333333333337 1.0000000180025095e-35 0.18750000000000003 283.66651629811196 297.34582472445715 1.0000000180025095e-35 0.99349222267034787 0.30491484917840578 0.52083333333333337 84.500000000000014 0.98174098242282837 -0.8783796973249266 0.72916666666666685 0.29954025184973748 34.500000000000007 0.99349222267034787 13.147335034660054 0.23393914586899056 0.98174098242282837 303.39153456151047 292.70260603697096 0.99748108949426018 0.28278775847625376 0.46505665921896983 0.52083333333333337 42.500000000000007 1018.6809468354467 0.27473203596392254 14.778180654549983 14.936749891514443 14.303924361565102 13.897120305775262
decision_type=2 2 2 2 2 2 2 2 2 2 2 2 2 2 2 2 2 2 2 2 2 2 2 2 2 2 2 2 2 2 2 2 2
left_child=3 2 4 21 7 16 11 8 14 -7 -3 -5 -4 29 23 -16 17 18 -6 -10 -11 -1 -9 24 -2 -19 -25 28 -20 31 -31 32 -14
right_child=1 10 12 6 5 9 -8 22 19 20 -12 -13 13 -15 15 -17 -18 25 27 -21 -22 -23 -24 26 -26 -27 -28 -29 -30 30 -32 -33 -34
leaf_value=-76.67092805617763 -4.9600122781212734 5.4920935671049813 14.454204338058325 -5.6198001352501006 133.78687176730816 90.620399821516401 -71.534764417191255 -60.251393741039365 127.84199857835101 35.917267274400636 -43.595112879579851 -111.31648634789083 -38.147227127739086 20.175845863574494 105.04427371467762 -86.755736787378083 -54.661051847835125 32.215842623805479 35.884160764878914 52.96271599647536 82.511539983385035 -46.523416154709928 47.255522814141827 32.007201314239644 75.985814461123212 0.32662535977042517 109.85218869238972 22.771552625830136 73.757612614709231 118.73790482420816 -71.262899166074178 -92.861987562878227 87.154330291969842
leaf_weight=3071 164 389 1576 954 79 525 427 74 393 971 1100 65 778 418 75 81 75 818 936 121 305 659 98 91 297 907 331 1086 479 68 66 124 89
leaf_count=3071 164 389 1576 954 79 525 427 74 393 971 1100 65 778 418 75 81 75 818 936 121 305 659 98 91 297 907 331 1086 479 68 66 124 89
internal_value=-0.0476491 24.6456 32.13 -59.7484 44.6604 37.92 -29.8356 68.8128 76.323 59.7543 -30.7711 -12.362 0.367896 -14.0197 59.5565 5.45571 28.942 30.3985 40.394 110.215 47.0546 -71.3446 1.00245 69.1145 47.1894 15.4486 93.0658 37.444 48.7049 -26.7252 25.1553 -33.7404 -25.2846
internal_weight=17690 12514 11025 5176 7906 6181 1446 1725 1553 1801 1489 1019 3119 1543 1039 156 4380 4305 2580 514 1276 3730 172 883 461 1725 422 2501 1415 1125 134 991 867
internal_count=17690 12514 11025 5176 7906 6181 1446 1725 1553 1801 1489 1019 3119 1543 1039 156 4380 4305 2580 514 1276 3730 172 883 461 1725 422 2501 1415 1125 134 991 867
is_linear=0
shrinkage=0.0383886


Tree=29
num_leaves=34
num_cat=1
split_feature=37 36 32 30 34 31 36 5 41 36 30 36 10 39 30 17 37 41 36 36 37 36 8 16 5 43 30 41 41 30 32 36 24
split_gain=1.34253e+10 5.44256e+09 3.12777e+09 1.11618e+09 9.19638e+08 7.44724e+08 6.2647e+08 7.12085e+08 6.64972e+08 6.10466e+08 5.96527e+08 4.96253e+08 4.84935e+08 4.81565e+08 4.508e+08 4.54779e+08 3.95685e+08 3.79451e+08 3.98499e+08 3.21495e+08 4.96803e+08 3.04322e+08 2.69978e+08 2.8052e+08 2.58499e+08 2.55794e+08 2.53798e+08 2.52118e+08 3.37473e+08 4.76642e+08 2.39129e+08 2.29068e+08 2.28656e+08
threshold=0.25881904510252057 -0.37940952255126059 1.0000000180025095e-35 0.23134839151266259 1.0000000180025095e-35 0 0.91597561503675362 283.66651629811196 -0.9292178835113839 0.98296291314453421 0.52977412731006168 -0.78656609248549292 1016.2986853434292 1.0000000180025095e-35 0.50239561943874067 1.0000000180025095e-35 -0.12940952255126037 0.99349222267034787 0.78656609248549325 1.0000000180025095e-35 -0.12940952255126037 0.12940952255126045 282.08109709031413 170.64055601428691 303.17817675378018 0.6830127018922193 0.51334702258726905 0.99611390731392835 0.83730377313544024 0.10540725530458592 1.0000000180025095e-35 -0.60355339059327362 14.943710897971339
decision_type=2 2 2 2 2 1 2 2 2 2 2 2 2 2 2 2 2 2 2 2 2 2 2 2 2 2 2 2 2 2 2 2 2
left_child=2 3 4 31 6 17 7 27 10 13 14 25 -6 -4 15 -9 22 18 21 20 24 -3 -15 -24 -10 -5 -16 28 29 -1 -13 -2 -31
right_child=1 5 9 11 12 -7 -8 8 19 -11 -12 30 -14 16 26 -17 -18 -19 -20 -21 -22 -23 23 -25 -26 -27 -28 -29 -30 32 -32 -33 -34
leaf_value=-46.659117296150193 74.781241486898139 -36.123830547362864 15.722138728460967 12.147398547805546 37.302661163560082 -78.0895903823087 15.702135772501929 115.29616968839925 14.378561846043375 -66.754213278685285 128.22274002985421 -9.179851888711827 -84.796198307749179 -77.058818237915503 -50.543769945446762 37.728591562306264 31.703414947414874 -119.61109571275111 -22.286630858796613 50.107341570715072 56.185139342105906 -66.213078264374602 0.55721579927322606 -40.327043501154179 66.80033594031292 80.378453717073185 41.556169218348792 12.665338867022205 106.21001836025989 35.228625706689193 -49.489872449352902 23.717143210039492 91.093722457956886
leaf_weight=54 374 824 1371 466 77 2218 996 216 1828 220 218 776 127 133 75 230 210 105 799 1553 690 1242 522 470 150 98 107 84 459 158 301 198 341
leaf_count=54 374 824 1371 466 77 2218 996 216 1828 220 218 776 127 133 75 230 210 105 799 1553 690 1242 522 470 150 98 107 84 459 158 301 198 341
internal_value=-0.0458194 -39.4772 28.3176 10.9272 41.6603 -60.9777 43.9505 48.5157 42.4469 -5.25797 73.5105 -5.16893 -38.7098 -0.258268 54.518 75.295 -16.6696 -47.7748 -45.3088 36.2209 28.1379 -54.2123 -25.6993 -18.8133 18.3539 24.0032 3.6028 76.5728 81.8774 61.6808 -20.4457 57.1052 73.405
internal_weight=17690 7401 10289 2213 7363 5188 7159 6163 5067 2926 846 1641 204 2706 628 446 1335 2970 2865 4221 2668 2066 1125 992 1978 564 182 1096 1012 553 1077 572 499
internal_count=17690 7401 10289 2213 7363 5188 7159 6163 5067 2926 846 1641 204 2706 628 446 1335 2970 2865 4221 2668 2066 1125 992 1978 564 182 1096 1012 553 1077 572 499
cat_boundaries=0 1
cat_threshold=30
is_linear=0
shrinkage=0.0383886


Tree=30
num_leaves=34
num_cat=5
split_feature=26 32 36 36 32 28 28 41 41 36 5 5 5 28 36 25 30 5 25 28 36 5 36 40 28 40 36 1 38 25 38 41 26
split_gain=1.42065e+10 2.54198e+09 2.38242e+09 1.74659e+09 1.04353e+09 1.00603e+09 9.67078e+08 7.38171e+08 7.14179e+08 5.34494e+08 5.12574e+08 4.62863e+08 4.91627e+08 4.52086e+08 3.94683e+08 3.69482e+08 5.2265e+08 3.57117e+08 3.49451e+08 3.12008e+08 2.78003e+08 2.65192e+08 2.89581e+08 2.64266e+08 3.08763e+08 3.33383e+08 3.19163e+08 3.05495e+08 2.82449e+08 2.58282e+08 2.43735e+08 2.42689e+08 2.3388e+08
threshold=32.541682104644828 1.0000000180025095e-35 -0.37940952255126059 0.78656609248549325 1.0000000180025095e-35 0 1 0.99349222267034787 0.99349222267034787 0.12940952255126045 282.91233057653955 285.50205361145515 297.34582472445715 2 1.0000000180025095e-35 816.21067460226197 0.53251197809719375 297.34582472445715 102.44154968998423 3 -0.78656609248549292 303.39153456151047 -0.9159756150367534 0.98213580174693105 4 -0.98803845231459242 1.0000000180025095e-35 0.24151919708424316 -0.8783796973249266 253.20224118330043 -0.8783796973249266 0.99748108949426018 738.31618005057123
decision_type=2 2 2 2 2 1 1 2 2 2 2 2 2 1 2 2 2 2 2 1 2 2 2 2 1 2 2 2 2 2 2 2 2
left_child=2 6 5 9 8 20 7 10 18 13 -2 -3 23 -4 21 -12 -17 -16 19 -5 -1 22 29 24 -13 -26 32 -25 -28 -8 -6 -9 -27
right_child=1 11 3 4 30 -7 14 31 -10 -11 15 12 -14 -15 17 16 -18 -19 -20 -21 -22 -23 -24 27 25 26 28 -29 -30 -31 -32 -33 -34
leaf_value=89.11210367839017 98.060786720242206 25.723290523288501 -72.286637641872886 7.977516087167098 -40.987748300986119 -35.888632046445125 60.853002139136983 -75.589342433622093 -120.32535903481042 -76.930469441938826 46.981356760913748 10.10353062928661 16.373856190709894 -28.171442641756382 37.568225886611508 49.440809353129559 131.01062837388795 81.321872999806772 23.164439420790099 -28.723824342394984 29.085817863861081 68.520280928630271 10.683788552945982 88.448278533005563 40.225961861134785 -33.342076941307461 14.93044686094456 -23.595124256585287 -50.678741509522737 19.482593771553848 -83.661157777371344 18.190227488114726 -83.806660147296014
leaf_weight=143 589 752 616 551 396 383 392 61 83 2237 1384 253 727 865 1512 255 212 336 477 883 555 175 1765 65 75 234 198 80 189 514 393 122 321
leaf_count=143 589 752 616 551 396 383 392 61 83 2237 1384 253 727 865 1512 255 212 336 477 883 555 175 1765 65 75 234 198 80 189 514 393 122 321
internal_value=0.710115 30.2685 -39.0973 -47.8723 -24.8734 13.6739 42.3143 61.0596 -10.0865 -65.0874 66.8696 -0.187484 -9.28408 -47.1988 31.642 56.9443 86.4704 45.5234 -5.29854 -14.7664 40.799 22.7394 19.7399 -22.4667 -28.0723 -37.3019 -43.8706 26.6311 -17.1112 37.3824 -62.2434 -13.0696 -62.5297
internal_weight=17793 10211 7582 6501 2783 1081 7317 2623 1994 3718 2440 2894 2142 1481 4694 1851 467 1848 1911 1434 698 2846 2671 1415 1270 1017 942 145 387 906 789 183 555
internal_count=17793 10211 7582 6501 2783 1081 7317 2623 1994 3718 2440 2894 2142 1481 4694 1851 467 1848 1911 1434 698 2846 2671 1415 1270 1017 942 145 387 906 789 183 555
cat_boundaries=0 1 2 3 4 5
cat_threshold=6158 6278 1840 1730 6280
is_linear=0
shrinkage=0.0383886


Tree=31
num_leaves=34
num_cat=1
split_feature=37 36 32 29 34 38 36 31 2 7 7 45 36 25 36 36 34 36 7 36 24 6 29 29 29 6 0 29 0 0 18 0 7
split_gain=1.21969e+10 4.65277e+09 2.92296e+09 1.14577e+09 9.77082e+08 6.06977e+08 5.78058e+08 5.30041e+08 4.64127e+08 4.53782e+08 6.05333e+08 4.12558e+08 4.00354e+08 3.10756e+08 5.27585e+08 2.99905e+08 2.8823e+08 2.84885e+08 3.0609e+08 2.7165e+08 2.70435e+08 2.67668e+08 2.93387e+08 2.62492e+08 2.72413e+08 3.1445e+08 2.52354e+08 2.89453e+08 3.69655e+08 3.78753e+08 3.05027e+08 2.8056e+08 2.40406e+08
threshold=0.25881904510252057 -0.37940952255126059 1.0000000180025095e-35 84.500000000000014 1.0000000180025095e-35 -0.8783796973249266 0.98296291314453421 0 0.69980586642454445 285.70038030351208 302.12160235892918 0.23184395843844199 0.78656609248549325 82.00043822520216 1.0000000180025095e-35 -0.78656609248549292 1.0000000180025095e-35 0.78656609248549325 290.62943236407608 -0.78656609248549292 59.964513010242264 297.19646658196717 30.500000000000004 247.50000000000003 188.50000000000003 283.59360111983671 14.286605921980717 194.50000000000003 14.899352818964744 14.860661594437168 0.15031304551189778 13.531787525760651 282.11077807300541
decision_type=2 2 2 2 2 2 2 1 2 2 2 2 2 2 2 2 2 2 2 2 2 2 2 2 2 2 2 2 2 2 2 2 2
left_child=2 3 4 19 6 23 9 16 -5 -1 13 -6 20 -11 -15 -10 17 21 -19 -2 -7 22 -3 24 25 -4 31 28 29 -28 -30 -12 -14
right_child=1 7 5 8 11 12 -8 -9 15 10 26 -13 32 14 -16 -17 -18 18 -20 -21 -22 -23 -24 -25 -26 -27 27 -29 30 -31 -32 -33 -34
leaf_value=65.656430069503088 93.569777727652976 -7.1525237112767712 43.92267511854913 63.073111114816015 -124.81709117630412 -16.724622983423529 3.3426810927572981 -71.128571703181976 11.567052203501792 62.848911704807243 71.76673732294266 -5.2888610996316316 -123.63206674677009 14.578000321165124 44.251176580036663 -24.635433273163446 -119.38876848543431 -40.095940361189577 10.656938023002118 37.588051027653165 60.112183735005075 -6.0454278226582296 -60.319520511030142 -15.459927541529797 55.547889491298264 -5.6397821758343012 61.87543486755628 108.02451343579118 123.15934367165583 -32.916769838690414 35.892684910252157 18.983410146605728 -42.815791551258954
leaf_weight=1335 194 168 285 130 64 1081 513 2247 507 456 276 127 70 1795 1738 1007 76 574 252 374 72 176 1708 371 268 558 176 278 168 96 91 321 241
leaf_count=1335 194 168 285 130 64 1081 513 2247 507 456 276 127 70 1795 1738 1007 76 574 252 374 72 176 1708 371 268 558 176 278 168 96 91 321 241
internal_value=0.679684 -36.9304 27.5394 9.70463 40.3633 -4.82076 42.6233 -56.7644 -6.53518 45.6175 40.6589 -45.3403 -22.3525 33.0246 29.1752 -12.5121 -45.4435 -43.6487 -24.612 56.7086 -11.9265 -51.3116 -55.5583 12.4981 21.8342 11.1162 62.3181 76.2892 59.6744 28.4193 92.4982 43.3858 -61.006
internal_weight=17793 7413 10380 2212 7434 2946 7243 5201 1644 6730 5395 191 1464 3989 3533 1514 2954 2878 826 568 1153 2052 1876 1482 1111 843 1406 809 531 272 259 597 311
internal_count=17793 7413 10380 2212 7434 2946 7243 5201 1644 6730 5395 191 1464 3989 3533 1514 2954 2878 826 568 1153 2052 1876 1482 1111 843 1406 809 531 272 259 597 311
cat_boundaries=0 1
cat_threshold=30
is_linear=0
shrinkage=0.0383886


Tree=32
num_leaves=34
num_cat=2
split_feature=35 32 35 34 1 1 3 0 9 35 38 35 41 31 41 41 1 35 45 38 1 5 35 31 0 3 9 51 35 3 5 35 35
split_gain=1.34569e+10 2.8989e+09 1.92738e+09 9.01765e+08 5.558e+08 7.73893e+08 7.33475e+08 5.7207e+08 5.55684e+08 5.07113e+08 4.91081e+08 4.64644e+08 4.52635e+08 4.83184e+08 4.32422e+08 4.31178e+08 7.37175e+08 4.21825e+08 4.08188e+08 3.92298e+08 3.77374e+08 3.51502e+08 3.35764e+08 3.3037e+08 3.03805e+08 2.86704e+08 2.33079e+08 2.27696e+08 2.22118e+08 2.19202e+08 2.6124e+08 2.59058e+08 2.21539e+08
threshold=0.22916666666666671 1.0000000180025095e-35 0.85416666666666685 1.0000000180025095e-35 0.28278775847625376 0.31112149931579086 297.22874840860436 10.236078030948967 1027.9665734383691 0.89583333333333337 -0.8783796973249266 0.52083333333333337 0.99349222267034787 0 0.48877522411129354 0.83730377313544024 0.29485354602110464 0.35416666666666669 0.16289618911388162 1.0000000180025095e-35 0.31145223837260605 303.17817675378018 0.18750000000000003 1 9.506362547973648 297.75998144381055 1032.9315880790596 0.62102846403886891 0.72916666666666685 304.54089575576978 283.66651629811196 0.35416666666666669 0.52083333333333337
decision_type=2 2 2 2 2 2 2 2 2 2 2 2 2 1 2 2 2 2 2 2 2 2 2 1 2 2 2 2 2 2 2 2 2
left_child=12 2 3 4 6 8 7 -2 15 10 29 -8 13 -1 25 16 28 -12 -5 -18 -7 -13 -15 -10 -22 -4 -25 -9 -6 30 31 -3 -32
right_child=1 9 14 18 5 20 11 27 23 -11 17 21 -14 22 -16 -17 19 -19 -20 -21 24 -23 -24 26 -26 -27 -28 -29 -30 -31 32 -33 -34
leaf_value=-75.45358351731997 -84.276518644524259 -9.8706505249660879 -32.491983607655833 -127.32300840040752 68.879281871364427 -74.551826442250146 78.283932022997874 24.178769550175186 -19.943696815451375 -48.754250377232957 -58.664104476746132 28.534321749406793 -124.81242513622081 -51.75518373424319 21.954851057308147 100.72817365083537 59.068184104738542 -9.089780854013636 -6.86182759211371 -47.626851795112358 -20.139463425569222 72.84481175816255 -17.657389674322332 73.532328123262303 88.442098754209653 13.819300481233485 -11.658528806022817 66.652532306782078 128.25223905621033 68.616762894973505 18.687330559819252 55.593178868537187 -14.904044104666486
leaf_weight=1237 70 132 813 57 450 81 708 3332 144 410 311 1019 140 2597 500 654 87 1355 152 122 86 356 509 200 68 260 62 197 117 92 486 274 715
leaf_count=1237 70 132 813 57 450 81 708 3332 144 410 311 1019 140 2597 500 654 87 1355 152 122 86 356 509 200 68 260 62 197 117 92 486 274 715
internal_value=0.652057 20.0272 31.2999 38.9714 41.0926 58.1176 34.8872 24.3942 66.5132 -8.44568 -3.53438 53.0169 -56.8727 -54.6826 -7.53052 77.7664 58.4145 -18.3441 -39.715 -3.21305 -7.47502 40.0067 -46.0192 26.8775 27.8056 -21.2702 51.4104 26.5498 81.1309 10.9876 7.68839 34.3093 -1.31085
internal_weight=17793 13310 9535 7962 7753 2071 5682 3599 1836 3775 3365 2083 4483 4343 1573 1430 776 1666 209 209 235 1375 3106 406 154 1073 262 3529 567 1699 1607 406 1201
internal_count=17793 13310 9535 7962 7753 2071 5682 3599 1836 3775 3365 2083 4483 4343 1573 1430 776 1666 209 209 235 1375 3106 406 154 1073 262 3529 567 1699 1607 406 1201
cat_boundaries=0 1 2
cat_threshold=65 9
is_linear=0
shrinkage=0.0383886


Tree=33
num_leaves=34
num_cat=7
split_feature=35 31 35 28 0 35 28 30 5 31 0 30 0 18 31 0 0 28 0 0 0 0 0 5 9 35 26 28 9 35 26 3 0
split_gain=1.21626e+10 2.3052e+09 1.91059e+09 8.78567e+08 9.88886e+08 7.57368e+08 4.66738e+08 4.46533e+08 5.20917e+08 4.28763e+08 4.07173e+08 3.70685e+08 6.33156e+08 3.42377e+08 3.40278e+08 3.28041e+08 4.42375e+08 3.80024e+08 3.44861e+08 5.41508e+08 4.53583e+08 5.00289e+08 3.1196e+08 3.01754e+08 3.68497e+08 2.94167e+08 3.19985e+08 2.91241e+08 2.88591e+08 2.63618e+08 2.50252e+08 2.43556e+08 2.42574e+08
threshold=0.27083333333333343 0 0.85416666666666685 1 9.493419996423194 0.18750000000000003 2 0.19849418206707739 298.75611083979339 3 14.926749891514442 0.63655030800821366 12.979431386883583 0.010423974426417211 4 14.860661594437168 14.89703437938036 5 10.418609292883497 10.131967737396463 10.202358103729244 10.273140293585405 11.519011831879236 287.79721308438417 1026.3245984389446 0.85416666666666685 768.58771566497455 6 1023.2773909215456 0.52083333333333337 845.75294477756825 287.10613567932302 9.5938434878608341
decision_type=2 1 2 1 2 2 1 2 2 1 2 2 2 2 1 2 2 1 2 2 2 2 2 2 2 2 2 1 2 2 2 2 2
left_child=5 7 3 4 -3 14 -4 22 25 31 11 23 -13 -12 -1 17 -17 32 19 -19 -21 -22 -2 24 -5 26 -9 -16 -11 -28 -25 -7 -6
right_child=1 2 6 10 15 9 -8 8 -10 28 13 12 -14 -15 27 16 -18 18 -20 20 21 -23 -24 30 -26 -27 29 -29 -30 -31 -32 -33 -34
leaf_value=-78.511783991644435 11.283037186148901 -60.044251203418149 -37.682368380298911 42.698979836805911 33.736863592040969 -83.157459270943519 6.621421536978251 -1.5722244574095536 19.176351591086764 -5.1154035391701642 101.37549791623735 29.362072548564118 90.933215920091442 31.781927230702259 -29.087789100012785 -77.109066961213387 75.478203538396528 64.595333858420702 71.14818152096214 -107.92964873989294 83.765782187567154 -36.955338615417681 90.78451627166622 19.851390123447391 -59.973069167532138 -49.349864287535318 2.8272237897719079 -59.269719499180219 -60.886980432516538 -50.141908851160416 -8.5880534298023026 -24.137089295117239 89.671247367610945
leaf_weight=1058 713 100 502 813 129 264 1106 1075 579 907 203 1414 298 214 722 56 56 280 519 57 88 119 81 1188 55 452 193 1890 161 490 740 169 1000
leaf_count=1058 713 100 502 813 129 264 1106 1075 579 907 203 1414 298 214 722 56 56 280 519 57 88 119 81 1188 55 452 193 1890 161 490 740 169 1000
internal_value=-0.409843 20.0463 30.457 38.8051 57.8964 -49.9382 -7.40289 -5.98905 -13.2367 -26.9655 29.3092 26.0116 40.0795 65.6609 -59.3339 63.2666 -0.815291 66.5409 48.3078 27.4051 -12.039 14.3657 19.3934 17.3977 36.1932 -21.7286 -14.6269 -51.0697 -13.3975 -35.174 8.93583 -58.7647 82.549
internal_weight=17691 12520 8937 7329 2404 5171 1608 3583 2789 1501 4925 4508 1712 417 3670 2304 112 2192 1063 544 264 207 794 2796 868 2210 1758 2612 1068 683 1928 433 1129
internal_count=17691 12520 8937 7329 2404 5171 1608 3583 2789 1501 4925 4508 1712 417 3670 2304 112 2192 1063 544 264 207 794 2796 868 2210 1758 2612 1068 683 1928 433 1129
cat_boundaries=0 1 2 3 4 5 6 7
cat_threshold=96 2182 1584 96 65 130 194
is_linear=0
shrinkage=0.0383886


Tree=34
num_leaves=34
num_cat=5
split_feature=35 32 35 28 0 35 34 45 28 30 5 32 30 30 41 1 41 30 31 0 0 28 1 0 18 5 0 0 18 28 7 9 11
split_gain=1.12505e+10 2.1375e+09 1.76731e+09 8.12407e+08 9.1442e+08 7.01121e+08 4.59594e+08 5.64894e+08 4.39839e+08 4.21947e+08 5.65594e+08 4.19781e+08 3.71636e+08 7.30515e+08 3.58208e+08 3.75134e+08 4.60898e+08 3.26409e+08 3.15042e+08 3.03338e+08 4.09062e+08 3.51406e+08 3.19704e+08 3.4567e+08 2.98389e+08 2.89935e+08 2.70981e+08 4.94144e+08 2.84674e+08 2.69224e+08 2.67121e+08 2.66859e+08 2.64455e+08
threshold=0.27083333333333343 1.0000000180025095e-35 0.85416666666666685 0 9.493419996423194 0.18750000000000003 1.0000000180025095e-35 0.40503147202717421 1 0.28610540725530464 298.57113327125757 1.0000000180025095e-35 0.32991101984941823 0.35181382614647511 -0.94703994556331683 0.22362166454879331 -0.45273527932988084 0.41752224503764551 2 14.860661594437168 14.89703437938036 3 0.2985886002536664 10.273140293585405 0.010423974426417211 286.53822343348185 12.599358814455455 11.863492633897799 0.031006578516479779 4 282.9041414038615 1023.2773909215456 41.178845809347138
decision_type=2 2 2 1 2 2 2 2 1 2 2 2 2 2 2 2 2 2 1 2 2 1 2 2 2 2 2 2 2 1 2 2 2
left_child=5 2 3 4 -2 18 14 -8 -4 26 12 31 -11 -14 24 -16 -17 -15 -1 21 -21 30 25 -24 -5 -23 27 -3 -28 -20 -6 -7 -18
right_child=1 9 8 6 19 11 7 -9 -10 10 -12 -13 13 17 15 16 32 -19 29 20 -22 22 23 -25 -26 -27 28 -29 -30 -31 -32 -33 -34
leaf_value=-75.526044145804448 -57.739236525259884 17.834511817945064 12.832603005455061 97.483832497048141 115.46039890819297 -4.9190302524919964 -116.20658985857578 40.421356296001555 -27.106034769925266 -79.676336067970709 18.029350967872066 -57.813850434526678 93.578898561516453 -65.031006056516929 11.374240047201178 74.87462348613569 -6.3886173772204051 -17.796008075965677 -27.986403213821532 -74.148959078774908 72.580702920013252 70.35405673805964 48.321865398643659 -69.067643632543522 33.224386296683221 24.149223670263186 100.68998135369428 -58.204610855258935 -4.942190798276104 -57.006411013651352 70.227192678114577 -58.549614385898387 33.525313793297883
leaf_weight=1058 100 814 808 203 246 907 71 65 800 167 592 433 80 256 1499 373 275 1366 722 56 56 618 81 68 224 296 98 149 61 1890 883 161 2215
leaf_count=1058 100 814 808 203 246 907 71 65 800 167 592 433 80 256 1499 373 275 1366 722 56 56 618 81 68 224 296 98 149 61 1890 883 161 2215
internal_value=-0.398405 19.2758 29.3192 37.3154 55.6738 -48.0336 28.184 -41.3476 -7.12612 -5.77521 -14.6703 -25.9304 -25.0278 -19.6657 30.2175 26.9326 35.0786 -25.2511 -57.0736 60.8379 -0.783988 63.9865 46.4534 -5.25178 63.774 55.3906 13.7352 6.06935 60.1644 -49.1221 79.3801 -13.0038 29.1171
internal_weight=17691 12520 8937 7329 2404 5171 4925 136 1608 3583 2461 1501 1869 1702 4789 4362 2863 1622 3670 2304 112 2192 1063 149 427 914 1122 963 159 2612 1129 1068 2490
internal_count=17691 12520 8937 7329 2404 5171 4925 136 1608 3583 2461 1501 1869 1702 4789 4362 2863 1622 3670 2304 112 2192 1063 149 427 914 1122 963 159 2612 1129 1068 2490
cat_boundaries=0 1 2 3 4 5
cat_threshold=2182 6286 65 130 194
is_linear=0
shrinkage=0.0383886


Tree=35
num_leaves=34
num_cat=3
split_feature=35 31 35 35 7 7 30 3 26 2 4 31 31 0 2 0 0 42 30 35 33 30 10 1 0 0 3 1 1 1 30 1 1
split_gain=1.0407e+10 1.97087e+09 1.63448e+09 6.49051e+08 6.0162e+08 4.80184e+08 3.90173e+08 5.28504e+08 3.8124e+08 3.76396e+08 3.73694e+08 3.72938e+08 2.91678e+08 2.87035e+08 6.7231e+08 3.03422e+08 3.26554e+08 2.80112e+08 1.11032e+09 2.73485e+08 2.67252e+08 2.71211e+08 2.53335e+08 2.53055e+08 2.50575e+08 4.56933e+08 2.30204e+08 2.28834e+08 3.49466e+08 3.15604e+08 2.27495e+08 2.29199e+08 2.16566e+08
threshold=0.27083333333333343 0 0.85416666666666685 0.18750000000000003 284.1472032303127 302.12160235892918 0.28610540725530464 299.6003609428958 775.48706855114835 0.69869222256107866 285.27389852266248 1 2 14.899352818964744 0.81800327016174113 14.286605921980717 13.531787525760651 0.68301270189221941 0.35181382614647511 0.72916666666666685 1.5000000000000002 0.44490075290896652 1028.5533493003743 0.20163042157393737 12.599358814455455 11.863492633897799 297.75998144381055 0.3112836758503818 0.30463295030553911 0.29954025184973748 0.5188227241615333 0.19830117570134809 0.31112149931579086
decision_type=2 1 2 2 2 2 2 2 2 2 2 1 1 2 2 2 2 2 2 2 2 2 2 2 2 2 2 2 2 2 2 2 2
left_child=3 6 4 12 19 8 24 9 32 -8 -4 -5 -1 14 15 16 -7 18 -11 27 -20 -22 -13 30 25 -2 -12 28 29 -3 31 -17 -6
right_child=1 2 10 11 5 13 7 -9 -10 17 26 22 -14 -15 -16 23 -18 -19 20 -21 21 -23 -24 -25 -26 -27 -28 -29 -30 -31 -32 -33 -34
leaf_value=-72.65384991934873 17.149869412087664 52.991413380304778 20.298017969915954 -70.977045310648592 36.930157744901678 62.734161458968373 24.993943579388354 15.128566664743373 12.783354570927068 124.80828640298094 -29.061897296265858 -12.272775912552516 -47.248850884301767 85.38731021684012 -83.897805843509218 21.699288080711316 6.5788642819357888 -76.229218434887798 -62.567429583767478 100.13206380013736 54.610969652761582 -28.262609229017162 -81.226142339567573 92.685855350073979 57.854728133912083 -55.970216667279274 12.73789081724115 -8.0496601880250847 93.552231793371362 -35.551502379416824 -23.766990887181642 121.22338505812074 -14.155536437226017
leaf_weight=1058 814 337 510 213 2742 270 198 665 1989 69 846 1204 2612 284 59 79 351 180 339 232 62 948 84 310 159 149 252 82 272 72 62 60 128
leaf_count=1058 814 337 510 213 2742 270 198 665 1989 69 846 1204 2612 284 59 79 351 180 339 232 62 948 84 310 159 149 252 82 272 72 62 60 128
internal_value=-0.386904 18.5354 28.1616 -46.2015 35.8829 31.5237 -5.53806 -14.1071 25.7001 -24.9321 -6.85597 -24.9349 -54.8994 50.7079 42.4384 49.0231 30.9942 -31.1182 -25.3918 63.6334 -33.0744 -23.1753 -16.6406 70.933 13.208 5.83636 -19.4685 52.5354 59.8306 37.4044 37.3836 64.6595 34.6518
internal_weight=17691 12520 8937 5171 7329 6334 3583 2461 4859 1796 1608 1501 3670 1475 1191 1132 621 1598 1418 995 1349 1010 1288 511 1122 963 1098 763 681 409 201 139 2870
internal_count=17691 12520 8937 5171 7329 6334 3583 2461 4859 1796 1608 1501 3670 1475 1191 1132 621 1598 1418 995 1349 1010 1288 511 1122 963 1098 763 681 409 201 139 2870
cat_boundaries=0 1 2 3
cat_threshold=96 64 65
is_linear=0
shrinkage=0.0383886


Tree=36
num_leaves=34
num_cat=1
split_feature=37 31 37 29 8 7 37 8 37 32 29 29 10 11 7 40 24 29 40 29 38 29 7 7 8 16 43 29 29 38 9 44 32
split_gain=8.0454e+09 1.84093e+09 7.80873e+08 6.76234e+08 6.69275e+08 4.54714e+08 4.76126e+08 3.96958e+08 3.91168e+08 4.0368e+08 3.43723e+08 4.07845e+08 3.34193e+08 3.17235e+08 3.03665e+08 3.02819e+08 2.85435e+08 2.70515e+08 2.69657e+08 2.60967e+08 2.81141e+08 2.56076e+08 2.35997e+08 2.32547e+08 2.23195e+08 2.13433e+08 2.09372e+08 2.63775e+08 2.06435e+08 3.41072e+08 2.15688e+08 1.98322e+08 1.95916e+08
threshold=0.25881904510252057 0 0.60355339059327384 84.500000000000014 300.08957145044656 306.25061281630911 0.1294095225512602 283.82485755949 -0.78656609248549325 1.0000000180025095e-35 6.5000000000000009 30.500000000000004 1024.0297569933437 91.523151984754904 286.65686817254993 0.20180702842483325 59.185903626144174 321.50000000000006 0.20180702842483325 72.500000000000014 1.0000000180025095e-35 102.50000000000001 298.15069029937234 301.78160221128024 286.47429243889343 167.61989276751973 0.6830127018922193 358.50000000000006 211.50000000000003 1.0000000180025095e-35 1015.2579038945046 0.74209610549551519 1.0000000180025095e-35
decision_type=2 1 2 2 2 2 2 2 2 2 2 2 2 2 2 2 2 2 2 2 2 2 2 2 2 2 2 2 2 2 2 2 2
left_child=1 13 7 -4 26 6 8 18 14 10 -10 15 17 16 -3 -12 25 -13 -2 -14 -21 -9 32 -16 -8 -1 -5 -28 29 -7 -30 -22 -23
right_child=2 5 3 4 -6 28 24 21 9 -11 11 12 19 -15 23 -17 -18 -19 -20 20 31 22 -24 -25 -26 -27 27 -29 30 -31 -32 -33 -34
leaf_value=-3.1505408961855208 -75.808629268706468 58.132663601738521 -15.416983618431249 -59.836960002507844 -13.308554173553558 39.823342610515127 107.30835544729288 34.808803932014023 -56.37712121072213 -8.6546940046411525 -17.331380381534597 21.297385299013829 -74.533371045903507 -108.42579933226254 21.520564423845038 81.684522621708567 58.42743347345565 73.843181260563838 -20.439747272558385 -43.023885252431533 -6.2643277104480957 -5.2667417527789766 27.863907387212784 52.001350899306267 47.432513323383183 -33.55622776984859 -25.106623788431385 -97.484560964862737 -33.745655706982532 107.50221254293393 50.024323448210822 61.562274175053169 -41.249449884258993
leaf_weight=674 192 618 1317 2507 698 217 114 242 82 793 55 2882 79 55 1799 264 75 152 399 134 135 788 223 464 470 687 541 86 59 222 195 120 311
leaf_count=674 192 618 1317 2507 698 217 114 242 82 793 55 2882 79 55 1799 264 75 152 399 134 135 788 223 464 470 687 541 86 59 222 195 120 311
internal_value=-0.181128 21.5975 -31.0273 -39.1476 -47.3035 28.2248 25.7216 -11.6251 23.1473 16.3154 21.3887 23.0576 19.2723 -17.8268 34.2833 64.6128 -14.4809 23.9299 -38.4276 -10.9222 1.99629 -1.49704 -8.14306 27.7703 59.1207 -18.4986 -54.8748 -35.0341 58.111 74.0482 30.5659 25.654 -15.4493
internal_weight=17649 10345 7304 5149 3832 8854 8161 2155 7577 4696 3903 3821 3502 1491 2881 319 1436 3034 591 468 389 1564 1322 2263 584 1361 3134 627 693 439 254 255 1099
internal_count=17649 10345 7304 5149 3832 8854 8161 2155 7577 4696 3903 3821 3502 1491 2881 319 1436 3034 591 468 389 1564 1322 2263 584 1361 3134 627 693 439 254 255 1099
cat_boundaries=0 1
cat_threshold=64
is_linear=0
shrinkage=0.0383886


Tree=37
num_leaves=34
num_cat=4
split_feature=35 32 35 28 0 26 39 28 36 34 45 0 2 2 0 42 0 31 29 29 28 10 26 35 12 10 35 0 0 13 2 29 29
split_gain=9.42607e+09 1.85742e+09 1.17517e+09 7.41035e+08 8.8173e+08 5.22815e+08 3.84549e+08 3.84122e+08 3.46564e+08 3.46342e+08 5.13037e+08 3.37974e+08 3.44965e+08 5.88062e+08 4.07259e+08 3.81509e+08 5.54181e+08 3.20794e+08 3.04919e+08 2.78494e+08 3.04697e+08 3.73907e+08 2.75424e+08 4.85782e+08 4.0694e+08 2.62854e+08 2.49158e+08 2.41252e+08 4.3499e+08 2.53097e+08 2.92521e+08 2.704e+08 2.36913e+08
threshold=0.22916666666666671 1.0000000180025095e-35 0.89583333333333337 0 9.493419996423194 134.0725986226432 1.0000000180025095e-35 1 -0.60355339059327362 1.0000000180025095e-35 0.62102846403886891 14.791974400548128 0.71076988009093367 0.70936197528428313 10.131967737396463 0.68301270189221941 10.569162159519083 2 358.50000000000006 64.500000000000014 3 1021.1265066234261 720.40433806104932 0.56250000000000011 38.148323061971404 1017.3601693411487 0.14583333333333334 14.899352818964744 14.770010628743726 3.9287025575676275 0.75790296952365754 92.500000000000014 193.50000000000003
decision_type=2 2 2 1 2 2 2 1 2 2 2 2 2 2 2 2 2 1 2 2 1 2 2 2 2 2 2 2 2 2 2 2 2
left_child=7 2 3 4 6 8 -2 32 -3 17 -11 12 13 14 -6 -14 -17 19 26 -5 -21 25 -7 -24 -25 -22 -9 28 29 31 -31 -19 -1
right_child=1 5 -4 9 11 22 -8 18 -10 10 -12 -13 15 -15 -16 16 -18 27 -20 20 21 -23 23 24 -26 -27 -28 -29 -30 30 -32 -33 -34
leaf_value=-38.662681632443913 -117.72808024194703 17.47736826096714 -13.459492203791072 -36.656443075655964 61.508874507192374 16.507699576059846 16.468467073856971 -61.647791504038878 -39.257239114032366 -87.157404863918075 59.073118062689588 7.377355598276865 78.605201415880614 -61.817723098755707 -28.274621251867163 1.690945725767695 70.515146896440811 55.358451765471315 -133.52215447525145 45.41085717052519 17.973684842499022 -30.922855480151405 17.009030998784315 19.682367260609983 -40.813136204449023 54.371403749710694 -38.535824050328984 49.92858746058868 -70.704458899884386 -97.203864759350921 -1.9915055231366006 11.366994810829086 2.5891337578873204
leaf_weight=933 65 193 1035 87 431 1161 61 2121 892 99 55 236 1066 87 90 292 421 244 73 1527 1102 180 654 215 689 398 1017 222 99 58 264 1319 263
leaf_count=933 65 193 1035 87 431 1161 61 2121 892 99 55 236 1066 87 90 292 421 244 73 1527 1102 180 654 215 689 398 1017 222 99 58 264 1319 263
internal_value=-0.174175 16.0105 25.1382 29.8922 46.2684 -6.63603 -52.7598 -48.8052 -29.1653 21.8097 -34.9321 51.2018 55.5347 30.5714 45.9992 64.0662 42.3291 23.4381 -55.788 31.0194 32.952 21.2312 2.35411 -8.19294 -26.4254 27.6312 -54.1574 11.923 7.73042 11.8498 -19.1416 18.2345 -29.346
internal_weight=17649 13242 9438 8403 2749 3804 126 4407 1085 5654 154 2623 2387 608 521 1779 713 5500 3211 3294 3207 1680 2719 1558 904 1500 3138 2206 1984 1885 322 1563 1196
internal_count=17649 13242 9438 8403 2749 3804 126 4407 1085 5654 154 2623 2387 608 521 1779 713 5500 3211 3294 3207 1680 2719 1558 904 1500 3138 2206 1984 1885 322 1563 1196
cat_boundaries=0 1 2 3 4
cat_threshold=2182 194 22 4680
is_linear=0
shrinkage=0.0383886


Tree=38
num_leaves=34
num_cat=3
split_feature=37 31 28 41 28 2 37 0 3 0 0 0 0 0 0 0 0 41 41 39 37 29 41 7 0 2 2 2 41 41 0 0 29
split_gain=6.90655e+09 1.61887e+09 7.26965e+08 6.12607e+08 8.03354e+08 5.84884e+08 5.34688e+08 4.86345e+08 4.00063e+08 3.60645e+08 1.23745e+09 4.88587e+08 1.18834e+09 5.59602e+08 1.05097e+09 6.49703e+08 7.63092e+08 3.78346e+08 3.42179e+08 3.90774e+08 3.38187e+08 3.2453e+08 3.66708e+08 3.16504e+08 3.25689e+08 5.27665e+08 5.16476e+08 3.05369e+08 3.04177e+08 5.03373e+08 2.92171e+08 3.64964e+08 2.87083e+08
threshold=0.25881904510252057 0 1 0.99349222267034787 2 0.6969150038320101 0.60355339059327384 14.860661594437168 298.93392805239199 14.778180654549983 14.936749891514443 14.22402246062296 13.929108357859096 13.165505060466311 12.599358814455455 11.863492633897799 11.348975741552261 0.50370931781787076 0.99748108949426018 1.0000000180025095e-35 0.1294095225512602 36.500000000000007 0.77652048701313048 302.12160235892918 13.147335034660054 0.77595491239336256 0.77743069061214387 0.69980586642454445 0.85561368268953431 0.98174098242282837 14.828082555492124 14.778180654549983 12.500000000000002
decision_type=2 1 1 2 1 2 2 2 2 2 2 2 2 2 2 2 2 2 2 2 2 2 2 2 2 2 2 2 2 2 2 2 2
left_child=1 9 6 4 5 -3 -2 30 28 11 -11 12 13 14 15 16 17 -1 -5 -20 21 -6 23 24 25 -23 -27 -8 -4 -30 31 32 -7
right_child=2 3 8 18 20 7 27 -9 -10 10 -12 -13 -14 -15 -16 -17 -18 -19 19 -21 -22 22 -24 -25 -26 26 -28 -29 29 -31 -32 -33 -34
leaf_value=-127.31721676544073 -18.03201582521227 -21.45369062199731 -27.359406485828568 -82.161430322799092 -44.475112771720632 15.635527364571811 -11.940406456551239 -8.7661407309950246 17.141245615137699 124.17261174888694 -72.749629905181848 -81.330358644850222 121.64682520722033 -89.296790898442381 87.099939214616839 -107.7526959390389 84.92097955215327 -21.348037202228745 -33.065507828199515 84.545484477835984 53.05646858631097 18.401256986729759 67.534360647238103 38.078353605676689 2.0195546914774871 156.54013443128559 25.778432521486735 -59.84227405929817 24.271133452444431 -45.589736535431861 146.93806535812317 -25.746982702352685 69.983665197620795
leaf_weight=56 828 153 3357 108 115 161 220 152 411 101 88 189 87 172 130 134 96 438 136 60 474 2766 236 1026 1861 83 96 1807 452 229 59 70 1298
leaf_count=56 828 153 3357 108 115 161 220 152 411 101 88 189 87 172 130 134 96 438 136 60 474 2766 236 1026 1861 83 96 1807 452 229 59 70 1298
internal_value=-0.166501 20.012 -28.7462 26.2269 28.1606 50.2408 -43.8717 56.8338 -18.8988 -16.9563 32.4839 -24.2634 -14.5727 -26.1235 -13.4001 -31.4457 -14.1149 -33.3608 -27.2948 2.9378 21.7736 19.4106 20.6214 18.723 14.5909 22.535 86.4111 -54.6433 -22.6139 0.778979 63.1129 59.8782 63.9864
internal_weight=17649 10345 7304 8854 8550 1893 2855 1740 4449 1491 189 1302 1113 1026 854 724 590 494 304 196 6657 6183 6068 5832 4806 2945 179 2027 4038 681 1588 1529 1459
internal_count=17649 10345 7304 8854 8550 1893 2855 1740 4449 1491 189 1302 1113 1026 854 724 590 494 304 196 6657 6183 6068 5832 4806 2945 179 2027 4038 681 1588 1529 1459
cat_boundaries=0 1 2 3
cat_threshold=64 5680 4226
is_linear=0
shrinkage=0.0383886


Tree=39
num_leaves=34
num_cat=0
split_feature=25 38 1 12 12 41 41 1 38 41 6 2 38 6 34 45 1 10 41 30 41 38 7 41 1 25 41 30 7 18 30 30 1
split_gain=3.80432e+09 1.4947e+09 9.0557e+08 1.45868e+09 8.76675e+08 7.37912e+08 4.17335e+08 5.71578e+08 4.12702e+08 4.03674e+08 5.16548e+08 4.10555e+08 3.5003e+08 3.44066e+08 2.9823e+08 3.56708e+08 2.86618e+08 2.93176e+08 2.79589e+08 2.83273e+08 2.73373e+08 2.72299e+08 2.71277e+08 2.52063e+08 2.43549e+08 2.41126e+08 2.23485e+08 2.03976e+08 1.98324e+08 1.9786e+08 1.91676e+08 4.10105e+08 3.62523e+08
threshold=1.0000000180025095e-35 -0.60785761079279388 0.27473203596392254 72.745638820693941 50.851770121466949 0.99349222267034787 -0.98801846520836312 0.19796484542016488 -0.60785761079279388 -0.9292178835113839 282.38382465703063 0.81594456128095816 -0.8783796973249266 281.36363469553402 1.0000000180025095e-35 0.40503147202717421 0.30463295030553911 1030.5838112130957 0.85561368268953431 0.045174537987679682 0.97648852793709995 1.0000000180025095e-35 307.15933543660248 0.99748108949426018 0.19871784236801476 802.19517941089055 0.99981043035926087 0.28610540725530464 287.74084494176174 0.1713411058140186 0.36276522929500349 0.4229979466119097 0.21893186661380212
decision_type=2 2 2 2 2 2 2 2 2 2 2 2 2 2 2 2 2 2 2 2 2 2 2 2 2 2 2 2 2 2 2 2 2
left_child=2 6 4 13 -1 16 7 -2 27 11 -11 -3 -8 18 25 -16 17 29 -4 -20 -18 24 -23 -7 -13 -12 -25 -6 -29 -5 32 -32 -14
right_child=1 9 3 5 8 23 12 -9 -10 10 14 21 30 -15 15 -17 20 -19 19 -21 -22 22 -24 26 -26 -27 -28 28 -30 -31 31 -33 -34
leaf_value=-2.911943384329021 -6.0578547016432784 87.496224235750262 -24.540805393360529 -23.029799890214537 -27.827321154401712 -124.32683819696953 3.4556280771211356 137.34728268496463 -29.288153067498698 45.503471568629827 10.128234520005282 25.545909631653348 81.453209837891279 49.538817030892794 -113.43302392072142 23.585425398208802 25.124026683620428 -79.853368709800932 -11.233636820188721 78.088931273859657 -24.211066138664403 39.997537687241177 120.71186795175701 -23.908557738356649 -54.606290926972264 28.832132463056094 -114.36329742731918 -96.301774914899198 -54.865439983361959 24.158530487805383 -111.97248820743008 -26.867936548024581 -19.393473233623187
leaf_weight=1500 103 296 218 986 274 105 1220 68 2693 1192 2251 228 60 706 56 56 465 120 96 115 257 385 73 137 74 1851 57 231 647 151 96 638 422
leaf_count=1500 103 296 218 986 274 105 1220 68 2693 1192 2251 228 60 706 56 56 465 120 96 115 257 385 73 137 74 1851 57 231 647 151 96 638 422
internal_value=0.106564 17.5337 -17.9394 -2.49156 -27.8034 -20.2063 -7.00285 50.9687 -37.514 27.4326 23.1919 49.1416 -11.0723 33.0628 16.8807 -44.9237 -11.7137 -22.7859 5.94843 37.4492 7.5629 34.2035 52.8625 -76.4166 5.9059 18.5682 -50.4856 -56.7434 -65.7673 -16.7629 -25.648 -37.9988 -6.8399
internal_weight=17827 9069 8758 3413 5345 2278 2607 171 3845 6462 5406 1056 2436 1135 4214 112 1979 1257 429 211 722 760 458 299 302 4102 194 1152 878 1137 1216 734 482
internal_count=17827 9069 8758 3413 5345 2278 2607 171 3845 6462 5406 1056 2436 1135 4214 112 1979 1257 429 211 722 760 458 299 302 4102 194 1152 878 1137 1216 734 482
is_linear=0
shrinkage=0.0383886


Tree=40
num_leaves=34
num_cat=1
split_feature=35 32 35 7 31 41 41 35 40 42 35 40 4 41 2 41 1 0 1 3 40 0 34 3 0 0 10 35 26 39 0 0 0
split_gain=8.21403e+09 1.57381e+09 1.10032e+09 7.62638e+08 6.4891e+08 4.86788e+08 4.57757e+08 3.74189e+08 3.77828e+08 4.6902e+08 3.66171e+08 3.61259e+08 3.3409e+08 3.19056e+08 3.46491e+08 4.12951e+08 3.54196e+08 3.1322e+08 3.09314e+08 2.9463e+08 2.72188e+08 5.44065e+08 3.36203e+08 2.69955e+08 2.63712e+08 5.75419e+08 2.59114e+08 2.5645e+08 3.15033e+08 2.53301e+08 2.25041e+08 4.4567e+08 2.45665e+08
threshold=0.27083333333333343 1.0000000180025095e-35 0.89583333333333337 286.01691654044367 0 0.99349222267034787 -0.90161545992537195 0.93750000000000011 -0.61237985104942771 -0.6830127018922193 0.14583333333333334 -0.99763297024448894 289.21873972804775 0.99024581825578073 0.6969150038320101 0.82777578779003613 0.2985886002536664 14.760010628743727 0.19759453614336106 295.81402136343104 -0.77245553105869302 12.979431386883583 1.0000000180025095e-35 289.23166506522745 14.860661594437168 14.828082555492124 1008.4337035599314 0.31250000000000006 823.19332278386503 -0.22252093395631442 12.599358814455455 13.125966672129577 10.533743482268333
decision_type=2 2 2 2 1 2 2 2 2 2 2 2 2 2 2 2 2 2 2 2 2 2 2 2 2 2 2 2 2 2 2 2 2
left_child=4 2 3 13 -1 10 17 8 11 -10 -6 -3 -12 14 -2 16 -16 -5 19 -19 21 -8 23 -22 25 -20 -15 -11 -29 -28 32 -32 -13
right_child=1 7 -4 6 5 -7 20 -9 9 27 12 30 -14 26 15 -17 -18 18 24 -21 22 -23 -24 -25 -26 -27 29 28 -30 -31 31 -33 -34
leaf_value=-62.150358718485158 -36.305001258358622 63.389536136504205 -10.667402021125952 74.12232356830981 -39.85146860225629 -106.54571881407183 19.969343479669792 -53.706191022408014 100.01507898694078 -45.280017266474651 -28.001265912595457 -8.9471082656543395 9.6766918861813629 -63.988472729239419 50.59698839227574 84.157536033400874 -48.481127980996654 -6.9951495221095517 -40.921766988791809 58.275683951757124 28.103013227034388 75.982237456851593 -54.978801834977411 5.739771339593168 -60.370965089731264 122.52923581301243 -15.387814875334872 14.76359543270909 -17.750335273900944 79.18418719596697 49.185626607072088 -39.112280094559345 -68.374025215183011
leaf_weight=1486 55 66 1097 374 2036 124 1157 215 76 151 1007 156 529 54 792 676 57 127 77 516 1337 328 105 1964 85 54 82 1701 592 85 131 236 299
leaf_count=1486 55 66 1097 374 2036 124 1157 215 76 151 1007 156 529 54 792 676 57 127 77 516 1337 328 105 1964 85 54 82 1701 592 85 131 236 299
internal_value=0.102473 16.7838 25.3661 30.3539 -40.603 -31.6858 23.8959 -4.58773 -1.489 6.09862 -29.1758 -23.0215 -15.0249 52.3135 58.3564 61.7704 43.9451 44.7994 32.0325 45.3839 18.6262 32.3412 12.6465 14.7975 -7.71262 26.4549 9.11061 3.17813 6.36924 32.7476 -29.9596 -7.59445 -47.9991
internal_weight=17827 12645 9022 7925 5182 3696 6124 3623 3408 2520 3572 888 1536 1801 1580 1525 849 1233 859 643 4891 1485 3406 3301 216 131 221 2444 2293 167 822 367 455
internal_count=17827 12645 9022 7925 5182 3696 6124 3623 3408 2520 3572 888 1536 1801 1580 1525 849 1233 859 643 4891 1485 3406 3301 216 131 221 2444 2293 167 822 367 455
cat_boundaries=0 1
cat_threshold=65
is_linear=0
shrinkage=0.0383886


Tree=41
num_leaves=34
num_cat=4
split_feature=35 35 28 29 29 10 35 5 35 29 28 0 0 2 28 29 0 44 0 44 24 3 16 35 3 26 3 5 28 5 0 40 2
split_gain=7.59675e+09 1.35595e+09 8.22902e+08 4.82015e+08 3.99536e+08 3.91302e+08 4.00262e+08 3.84758e+08 4.16386e+08 3.7387e+08 3.45877e+08 3.39846e+08 4.69128e+08 5.99254e+08 4.25607e+08 4.85166e+08 4.77046e+08 3.66019e+08 3.63482e+08 4.85587e+08 3.59387e+08 3.48955e+08 3.44364e+08 3.28235e+08 3.2156e+08 2.99927e+08 2.92881e+08 2.75832e+08 2.74266e+08 2.73141e+08 2.14334e+08 2.14047e+08 2.12673e+08
threshold=0.27083333333333343 0.89583333333333337 0 357.50000000000006 62.500000000000007 1030.5838112130957 0.14583333333333334 284.29482666250573 0.52083333333333337 64.500000000000014 1 11.306136103246555 13.147335034660054 0.77595491239336256 2 130.50000000000003 14.108958059378015 0.31987284984013525 11.950196198115718 0.11077631698179569 39.48522106680408 294.23066457685553 208.4323476025863 0.31250000000000006 287.94543859268737 798.92717424390241 304.54089575576978 301.44503736127535 3 297.19085000118133 9.383286198812538 -0.78326540922535159 0.77743069061214387
decision_type=2 2 1 2 2 2 2 2 2 2 1 2 2 2 1 2 2 2 2 2 2 2 2 2 2 2 2 2 1 2 2 2 2
left_child=5 2 3 7 -4 6 28 23 27 -6 -3 -11 13 18 15 16 17 -14 22 -20 32 -16 -13 -2 -8 -21 31 -9 -1 -17 -5 -10 -15
right_child=1 10 4 30 9 -7 24 8 26 11 -12 12 14 20 21 29 -18 -19 19 25 -22 -23 -24 -25 -26 -27 -28 -29 -30 -31 -32 -33 -34
leaf_value=-30.996171630556258 -0.16237494926866386 -43.311230673898557 92.738996388226965 -73.810405068667251 -80.775093463606879 -89.875824699213538 -35.803570877980647 38.194015485621115 64.947496323066687 -22.250884538833834 -4.6086872808269463 56.400355216557486 -35.97066829451942 133.32314114432677 -17.076795426145008 -12.925747331206061 123.88352979127269 64.578878802585407 41.080981617425842 7.4374783245424085 -11.878251794188781 -116.84428607346817 -3.6755245484405825 52.602473254405709 -5.0771622528524887 -36.467099921267469 46.609469912291978 101.1438432832658 -56.50551793860965 17.7419569960256 9.6342350293334071 5.998024467075429 60.896889246980905
leaf_weight=1154 193 507 86 86 67 214 1350 1024 96 432 1022 533 92 119 552 861 99 127 442 700 55 57 191 1741 799 341 374 114 1665 851 96 1667 120
leaf_count=1154 193 507 86 86 67 214 1350 1024 96 432 1022 533 92 119 552 861 99 127 442 700 55 57 191 1741 799 341 374 114 1665 851 96 1667 120
internal_value=0.0972006 16.1395 20.8017 31.5559 10.6013 -39.0489 -36.8595 33.7601 25.7425 9.36745 -17.7555 10.4514 13.1999 25.1131 1.90962 10.3559 53.9519 22.3388 18.2547 7.36935 76.5979 -25.988 40.5516 47.3369 -24.3795 -6.94432 15.7537 44.5001 -46.3733 2.31853 -29.7956 9.20799 96.9586
internal_weight=17827 12645 11116 5391 5725 5182 4968 5209 3275 5639 1529 5572 5140 2501 2639 2030 318 219 2207 1483 294 609 724 1934 2149 1041 2137 1138 2819 1712 182 1763 239
internal_count=17827 12645 11116 5391 5725 5182 4968 5209 3275 5639 1529 5572 5140 2501 2639 2030 318 219 2207 1483 294 609 724 1934 2149 1041 2137 1138 2819 1712 182 1763 239
cat_boundaries=0 1 2 3 4
cat_threshold=6342 1584 288 4294
is_linear=0
shrinkage=0.0383886


Tree=42
num_leaves=34
num_cat=1
split_feature=35 35 32 31 41 5 35 41 2 3 30 40 30 30 30 2 2 40 41 39 35 41 26 18 35 2 35 30 2 2 9 3 30
split_gain=6.37206e+09 1.263e+09 1.08143e+09 5.97324e+08 4.71299e+08 6.42865e+08 4.12911e+08 3.7211e+08 4.22384e+08 3.65568e+08 3.50076e+08 3.58878e+08 7.30212e+08 3.63632e+08 3.53863e+08 3.51269e+08 4.12305e+08 3.43319e+08 2.93927e+08 4.22639e+08 2.92274e+08 2.71119e+08 2.56368e+08 2.43476e+08 2.22973e+08 2.47982e+08 2.18605e+08 2.14847e+08 3.70009e+08 2.11261e+08 2.09029e+08 2.0782e+08 2.00299e+08
threshold=0.27083333333333343 0.89583333333333337 1.0000000180025095e-35 0 0.99349222267034787 283.66651629811196 0.18750000000000003 -0.98801846520836312 0.81850586443825935 301.99362478815038 0.28610540725530464 0.8697513045430848 0.36276522929500349 0.41752224503764551 0.44490075290896652 0.77128006022580964 0.75863293036169155 -0.92274349529687905 0.99748108949426018 1.0000000180025095e-35 0.35416666666666669 0.48877522411129354 847.51701222559768 0.0052119872132086126 0.72916666666666685 0.75161189554004493 0.85416666666666685 0.50239561943874067 0.81705838941162001 0.80513963204280137 1004.9367941896601 291.37781775278341 0.699520876112252
decision_type=2 2 2 1 2 2 2 2 2 2 2 2 2 2 2 2 2 2 2 2 2 2 2 2 2 2 2 2 2 2 2 2 2
left_child=3 2 4 6 5 17 31 8 -4 22 15 12 -12 -14 -15 16 24 -2 -6 -20 -19 -3 26 -17 25 -9 -7 -11 29 -29 -16 -1 -5
right_child=1 21 7 32 18 9 -8 10 -10 27 11 -13 13 14 30 23 -18 20 19 -21 -22 -23 -24 -25 -26 -27 -28 28 -30 -31 -32 -33 -34
leaf_value=-40.548541517288179 -32.099770457208329 -29.574799012308237 124.34943721188782 -44.480693973603664 -78.418632758322801 25.048225768949944 -1.723452176885272 -4.032612769186513 4.1204266554342821 75.669027061339364 91.682089252512839 -65.266008091015152 -60.405420762892057 69.578755029961115 -53.142138945998312 135.39833726044515 -45.735476796790479 26.360912363144717 -45.457729012629152 79.099466910870177 64.617727948900367 5.7830830867536855 -0.51022799779690953 30.739152578508477 56.685586793047797 72.466268955854289 -6.7182081265298681 25.316146665632083 -31.220417686258358 66.706134249475582 -5.9793079113109329 -13.79190494586393 -71.568792079660099
leaf_weight=1556 71 1022 74 1721 94 3864 861 432 103 234 104 171 210 85 155 55 176 403 96 69 1091 465 866 81 181 73 348 403 111 331 1300 590 525
leaf_count=1556 71 1022 74 1721 94 3864 861 432 103 234 104 171 210 85 155 55 176 403 96 69 1091 465 866 81 181 73 348 403 111 331 1300 590 525
internal_value=-0.0204322 14.72 19.1405 -35.5682 26.7002 28.4087 -24.1017 0.285959 54.3858 22.8244 -2.88164 -12.0527 -7.14462 -13.0178 -6.5558 15.7269 6.6805 50.3785 -24.2372 6.62975 54.2981 -18.518 18.5125 73.0648 20.1284 7.02562 22.4236 43.117 34.1026 43.9811 -11.0035 -33.1923 -50.5873
internal_weight=17921 12668 11181 5253 7981 7722 3007 3200 177 6157 3023 2025 1854 1750 1540 998 862 1565 259 165 1494 1487 5078 136 686 505 4212 1079 845 734 1455 2146 2246
internal_count=17921 12668 11181 5253 7981 7722 3007 3200 177 6157 3023 2025 1854 1750 1540 998 862 1565 259 165 1494 1487 5078 136 686 505 4212 1079 845 734 1455 2146 2246
cat_boundaries=0 1
cat_threshold=30
is_linear=0
shrinkage=0.0383886


Tree=43
num_leaves=34
num_cat=5
split_feature=25 36 31 36 31 36 36 28 6 41 28 0 6 0 0 0 0 0 0 0 0 36 6 0 28 40 40 41 5 25 32 40 40
split_gain=2.44177e+09 4.6055e+09 1.10463e+09 9.63091e+08 5.43021e+08 5.04942e+08 5.65676e+08 4.7036e+08 4.41493e+08 4.09115e+08 4.38309e+08 5.34292e+08 4.05403e+08 3.81798e+08 1.05999e+09 4.85658e+08 1.03211e+09 4.87729e+08 7.36553e+08 6.23091e+08 6.67138e+08 3.56716e+08 3.15863e+08 2.4549e+08 2.37608e+08 2.57094e+08 2.62684e+08 2.30655e+08 2.23659e+08 1.96967e+08 1.92221e+08 1.82001e+08 2.33175e+08
threshold=1.0000000180025095e-35 -0.78656609248549292 0 -0.37940952255126059 1 -0.25881904510252113 0.78656609248549325 2 302.96895373092133 0.99349222267034787 3 14.760010628743727 283.82485755949 14.778180654549983 14.936749891514443 14.22402246062296 13.929108357859096 13.268576987214706 12.599358814455455 11.818925934643097 11.348975741552261 0.78656609248549325 292.71496751928674 9.5938434878608341 4 -0.78326540922535159 -0.62588817255938378 0.59003219687534991 292.49144676357156 414.51029897737334 1.0000000180025095e-35 -0.082689790342551819 0.031174179426909168
decision_type=2 2 1 2 1 2 2 1 2 2 1 2 2 2 2 2 2 2 2 2 2 2 2 2 1 2 2 2 2 2 2 2 2
left_child=1 12 13 7 -5 8 24 -3 29 10 11 23 -1 15 -15 16 17 18 19 20 27 -12 -20 -6 -7 -26 -27 -2 -8 -4 -31 -28 -33
right_child=2 3 5 4 9 6 28 -9 -10 -11 21 -13 -14 14 -16 -17 -18 -19 22 -21 -22 -23 -24 -25 25 26 31 -29 -30 30 -32 32 -34
leaf_value=79.599397062461023 -95.721396655002565 26.551514911101041 27.110603593755048 -64.380857712948554 -51.616896568272168 22.408378875941555 0.38664341581989697 -17.615072078984564 46.077098488020475 -86.162982901095063 -41.751585769703013 -72.830876669646273 33.12448785461612 111.89678107296322 -67.963975326620513 -80.403767501361258 111.98237954434265 -95.238942076384987 112.02978234125416 -108.38250413650967 98.301770483999363 -16.724478655577574 -3.0981684723031941 19.505970999849456 94.583388954505182 -0.10404100143577345 68.419282217401019 -18.138547999412811 34.605727847981285 2.2840715146153809 -27.679058947694955 -24.616442589330749 43.154021276113795
leaf_weight=350 71 573 382 813 81 1231 1219 900 375 185 2546 133 1319 107 88 208 85 135 81 132 67 1252 62 611 142 204 405 276 366 1909 378 80 1155
leaf_count=350 71 573 382 813 81 1231 1219 900 375 185 2546 133 1319 107 88 208 85 135 81 132 67 1252 62 611 142 204 405 276 366 1909 378 80 1155
internal_value=-0.0196478 -14.5056 13.8415 -28.0045 -35.2453 19.281 27.0593 -0.3735 7.07385 -30.1221 -27.9446 -2.33454 42.8706 -18.6922 30.7288 -27.4872 -15.3786 -28.5166 -15.4433 -35.756 -12.5996 -33.4135 62.1141 11.1809 36.3077 44.5857 40.9773 -34.0129 8.28835 1.5938 -2.66829 46.0874 38.764
internal_weight=17921 8763 9158 7094 5621 7846 4802 1473 3044 4808 4623 825 1669 1312 195 1117 909 824 689 546 414 3798 143 692 3217 1986 1844 347 1585 2669 2287 1640 1235
internal_count=17921 8763 9158 7094 5621 7846 4802 1473 3044 4808 4623 825 1669 1312 195 1117 909 824 689 546 414 3798 143 692 3217 1986 1844 347 1585 2669 2287 1640 1235
cat_boundaries=0 1 2 3 4 5
cat_threshold=64 64 6158 130 5680
is_linear=0
shrinkage=0.0383886


Tree=44
num_leaves=34
num_cat=3
split_feature=35 32 35 31 28 41 35 35 35 35 41 10 39 38 10 41 18 41 35 28 41 12 9 12 41 29 41 29 38 26 29 8 29
split_gain=5.49709e+09 1.08561e+09 7.46887e+08 5.3317e+08 4.40728e+08 6.08746e+08 3.61957e+08 3.28513e+08 4.62097e+08 3.76439e+08 2.92041e+08 2.7422e+08 2.65481e+08 2.58249e+08 3.01646e+08 2.63103e+08 2.60409e+08 2.56535e+08 2.55167e+08 2.27e+08 2.17623e+08 2.07176e+08 2.06927e+08 2.38821e+08 1.99837e+08 3.96479e+08 2.68268e+08 5.96482e+08 3.80715e+08 2.43508e+08 1.9214e+08 1.85407e+08 1.84954e+08
threshold=0.27083333333333343 1.0000000180025095e-35 0.89583333333333337 0 1 0.99611390731392835 0.14583333333333334 0.85416666666666685 0.72916666666666685 0.56250000000000011 -0.98212955754013376 1029.4114146497027 1.0000000180025095e-35 0.6078576107927941 1021.2445027752666 0.48877522411129354 1.0000000180025095e-35 0.98174098242282837 0.35416666666666669 2 0.85561368268953431 38.442703524940818 1003.7892701276975 83.509320262829647 0.98174098242282837 8.5000000000000018 0.83730377313544024 42.500000000000007 1.0000000180025095e-35 741.60271378432424 82.500000000000014 285.44700370777377 307.50000000000006
decision_type=2 2 2 1 1 2 2 2 2 2 2 2 2 2 2 2 2 2 2 1 2 2 2 2 2 2 2 2 2 2 2 2 2
left_child=3 2 4 6 5 10 -1 8 9 18 -2 24 -7 14 15 22 -16 19 -3 -8 -13 -11 -6 -24 26 -26 27 28 -12 -28 -9 -4 -29
right_child=1 7 31 -5 13 12 17 30 -10 21 11 20 -14 -15 16 -17 -18 -19 -20 -21 -22 -23 23 -25 25 -27 29 32 -30 -31 -32 -33 -34
leaf_value=-33.931080123880399 3.2122144381044828 -20.377377602133034 15.579885551956677 -47.221797489457586 -9.7744180859797911 -106.87354663135102 12.870456871452081 8.470124496429829 30.095239231173419 9.6393849600861525 51.235904361469174 -62.299055385874844 11.407884776085996 28.693616244101513 6.1815906674148646 84.613626236201497 -44.649542165857838 -78.54186913041201 15.143264539176338 -19.834746237690457 42.924611102032678 -36.191841733977988 17.477558204601852 85.547485569567272 63.14169343841052 -68.649515340390622 91.915246998654666 62.648470459820231 -57.076283489496518 32.015233377898021 -41.03045240951738 -19.843313305888273 30.827261073284113
leaf_weight=1704 262 414 307 2246 410 58 637 152 643 184 76 60 54 2132 416 83 231 70 1064 596 56 692 1972 79 75 61 378 935 129 136 482 749 378
leaf_count=1704 262 414 307 2246 410 58 637 152 643 184 76 60 54 2132 416 83 231 70 1064 596 56 692 1972 79 75 61 378 935 129 136 482 749 378
internal_value=-0.0196012 13.6715 20.7949 -33.0367 24.8093 37.6053 -22.2105 -4.05752 1.25336 -6.62485 41.6 46.0035 -49.8449 18.3146 11.4375 17.3897 -11.9668 -7.05342 5.19363 -2.99485 -11.5013 -26.5652 15.1225 20.0995 49.0804 4.02934 52.0956 43.979 -16.9214 76.0663 -29.1628 -9.54508 53.4875
internal_weight=17921 12668 9037 5253 7981 2658 3007 3631 2997 2354 2546 2284 112 5323 3191 2544 647 1303 1478 1233 116 876 2461 2051 2168 136 2032 1518 205 514 634 1056 1313
internal_count=17921 12668 9037 5253 7981 2658 3007 3631 2997 2354 2546 2284 112 5323 3191 2544 647 1303 1478 1233 116 876 2461 2051 2168 136 2032 1518 205 514 634 1056 1313
cat_boundaries=0 1 2 3
cat_threshold=30 2182 1746
is_linear=0
shrinkage=0.0383886


Tree=45
num_leaves=34
num_cat=3
split_feature=35 31 35 28 10 31 35 1 1 27 29 1 29 5 1 14 2 1 1 2 18 2 1 0 29 0 0 0 0 14 18 0 9
split_gain=5.17897e+09 1.12467e+09 7.68948e+08 5.23664e+08 5.39558e+08 5.06118e+08 5.07348e+08 4.97563e+08 3.64616e+08 3.64152e+08 3.44716e+08 3.41019e+08 4.20576e+08 3.31144e+08 3.22173e+08 3.2592e+08 3.12924e+08 2.69126e+08 3.4765e+08 2.637e+08 2.80136e+08 2.61985e+08 2.72236e+08 4.02764e+08 3.34906e+08 4.11953e+08 3.99536e+08 8.27006e+08 3.86994e+08 2.85761e+08 2.58702e+08 2.55387e+08 4.28588e+08
threshold=0.27083333333333343 0 0.89583333333333337 1 1019.8859971784285 2 0.14583333333333334 0.3112836758503818 0.28320442514292038 0.86721786203148976 72.500000000000014 0.30195332888550025 42.500000000000007 299.53203035277926 0.2985886002536664 1.6743064625094546 0.71076988009093367 0.30402171645139531 0.31112149931579086 0.81636122794762478 0.010423974426417211 0.69869222256107866 0.25937366492730901 11.732148159872578 255.50000000000003 13.125966672129577 13.839048379026865 14.256862098928663 12.599358814455455 1.7727264661600322 0.069398832991453094 11.479216874820377 1025.0138504134416
decision_type=2 1 2 1 2 1 2 2 2 2 2 2 2 2 2 2 2 2 2 2 2 2 2 2 2 2 2 2 2 2 2 2 2
left_child=5 10 3 4 7 -1 -7 11 31 -9 -2 12 -3 21 -10 -16 -8 -17 -19 -5 -21 -12 23 -23 25 28 -27 -28 -25 -29 -30 32 -6
right_child=1 2 -4 19 8 6 16 9 14 -11 13 -13 -14 -15 15 17 -18 18 -20 20 -22 22 -24 24 -26 26 27 29 30 -31 -32 -33 -34
leaf_value=-61.880003677040705 17.582066017505458 -19.189738254784046 -10.067234933904555 11.135937020244823 0.30777618769349041 -38.782333599156473 -49.698584354901953 -86.26425078700133 60.447535893519088 37.561016373466693 26.411385529851287 82.718164662413258 48.703943921623825 16.310921590211699 39.457553195159797 -56.858583449336948 -6.090193565569102 34.70154965620231 -73.111666315044886 74.102446887318493 13.204234612845484 65.69666589070107 -47.860745486559978 -34.939131135615817 -71.906863157641581 -62.183793829206962 60.964526444028998 13.91934682757968 69.957768591132947 -48.113305015330788 -20.623641969765341 7.632951999596834 -135.02436144385535
leaf_weight=748 771 146 1090 3610 83 2538 285 70 321 70 184 393 1701 521 391 124 1626 207 56 214 232 88 450 121 157 305 183 146 195 437 61 271 59
leaf_count=748 771 146 1090 3610 83 2538 285 70 321 70 184 393 1701 521 391 124 1626 207 56 214 232 88 450 121 157 305 183 146 195 437 61 271 59
internal_value=-0.329946 12.9186 20.1469 24.3159 34.3774 -32.596 -27.4717 45.8583 16.5329 -24.3515 -5.17461 50.2464 43.3371 -11.3534 28.0892 14.7383 -12.5938 -10.2365 11.745 14.5406 42.4245 -17.5473 -21.3216 -14.2675 -18.6518 -12.8776 -25.026 -10.2307 21.6341 -32.5785 48.3739 -14.2187 -55.9217
internal_weight=17854 12657 9038 7948 3892 5197 4449 2380 1512 140 3619 2240 1847 2848 1099 778 1911 387 263 4056 446 2327 2143 1693 1605 1448 1071 766 377 583 256 413 142
internal_count=17854 12657 9038 7948 3892 5197 4449 2380 1512 140 3619 2240 1847 2848 1099 778 1911 387 263 4056 446 2327 2143 1693 1605 1448 1071 766 377 583 256 413 142
cat_boundaries=0 1 2 3
cat_threshold=96 6286 64
is_linear=0
shrinkage=0.0383886


Tree=46
num_leaves=34
num_cat=2
split_feature=26 32 31 3 29 0 7 2 2 0 29 41 0 2 26 41 16 0 6 41 15 2 31 9 9 16 40 10 6 44 9 10 9
split_gain=4.19287e+09 8.42205e+08 6.33623e+08 4.76156e+08 4.66326e+08 6.83526e+08 3.17698e+08 2.87557e+08 3.52189e+08 4.40078e+08 2.31972e+08 2.90195e+08 3.02543e+08 2.1832e+08 2.11594e+08 2.30419e+08 2.03968e+08 2.02857e+08 2.5766e+08 2.02054e+08 2.16482e+08 2.75048e+08 1.96059e+08 1.86244e+08 2.2794e+08 2.39478e+08 2.02008e+08 1.9832e+08 1.79671e+08 1.87262e+08 1.86825e+08 1.75784e+08 1.96873e+08
threshold=33.780532034782389 1.0000000180025095e-35 0 283.902246773321 30.500000000000004 9.5938434878608341 305.13280627454759 0.69980586642454445 0.73603742496976221 11.182729366584896 72.500000000000014 -0.98801846520836312 14.89703437938036 0.6969150038320101 846.65892213738812 0.99349222267034787 122.98030268094162 11.519011831879236 283.82485755949 -0.97507822412530132 211.77596745044431 0.81433242692564256 1 997.77854755256283 1008.5954527877725 109.93056615156836 0.99053107487289871 1016.2986853434292 285.04665569591106 0.11077631698179569 1022.5879476954558 1028.231623971755 1032.458896384104
decision_type=2 2 1 2 2 2 2 2 2 2 2 2 2 2 2 2 2 2 2 2 2 2 1 2 2 2 2 2 2 2 2 2 2
left_child=2 3 -1 16 5 -4 14 13 31 -10 17 12 -12 -6 15 28 -2 18 -3 -13 21 23 -8 -21 -25 -26 27 -27 29 -5 -30 -9 -33
right_child=1 10 4 6 7 -7 22 8 9 -11 11 19 -14 -15 -16 -17 -18 -19 -20 20 -22 -23 -24 24 25 26 -28 -29 30 -31 -32 32 -34
leaf_value=-48.656372836384598 82.289017137655136 34.296117309256218 -38.484908073787551 61.242912285421035 -33.726860573312685 38.702836337650822 3.1507720882961716 -35.395138427644667 23.178468049077672 -22.091497274162318 98.277303194450539 -66.247896197200561 -1.3202686087114879 21.462799543202184 -0.4864968004741767 -39.262562925034182 38.961494720844932 85.315742060083835 -23.901714596639316 -41.689617275196632 -28.97141641596496 62.073874174299235 49.417481068553066 67.977081707171095 28.875603611557555 4.3897541958859296 42.171014002833452 -33.049602090517382 20.101091540345873 24.030618792630641 -5.6443535415908288 -103.80417316272627 -25.802918610345753
leaf_weight=1100 211 300 261 288 146 480 180 930 345 3825 76 92 110 382 971 97 664 64 179 179 545 96 703 69 261 345 90 527 3005 647 482 128 76
leaf_count=1100 211 300 261 288 146 480 180 930 345 3825 76 92 110 382 971 97 664 64 179 179 545 96 703 69 261 345 90 527 3005 647 482 128 76
internal_value=-0.31861 15.8316 -21.7477 22.8553 -17.1444 11.5152 19.2094 -20.8152 -23.5047 -18.3461 -1.52518 -6.67114 39.3755 6.20199 15.772 19.2654 49.4096 21.1246 12.5478 -10.5571 -8.13118 -0.882964 40.5813 -4.99165 0.0926558 -3.73728 -12.5855 -18.237 20.5493 35.4928 16.5424 -42.474 -74.745
internal_weight=17854 10181 7673 7248 6573 741 6373 5832 5304 4170 2933 2390 186 528 5490 4519 875 543 479 2204 2112 1567 883 1471 1292 1223 962 872 4422 935 3487 1134 204
internal_count=17854 10181 7673 7248 6573 741 6373 5832 5304 4170 2933 2390 186 528 5490 4519 875 543 479 2204 2112 1567 883 1471 1292 1223 962 872 4422 935 3487 1134 204
cat_boundaries=0 1 2
cat_threshold=64 1
is_linear=0
shrinkage=0.0383886


Tree=47
num_leaves=34
num_cat=0
split_feature=35 32 35 5 35 35 32 41 40 3 29 35 41 0 5 35 41 40 41 41 35 35 35 8 12 36 29 6 3 29 0 6 6
split_gain=4.53282e+09 9.68795e+08 6.57679e+08 4.26503e+08 4.31111e+08 3.86801e+08 4.14931e+08 3.55442e+08 3.75195e+08 3.13505e+08 3.02196e+08 3.01605e+08 3.05394e+08 3.13072e+08 2.95057e+08 2.6954e+08 2.68959e+08 2.46421e+08 2.2322e+08 2.5377e+08 2.15518e+08 3.15591e+08 2.04989e+08 2.06179e+08 1.96569e+08 1.94457e+08 1.87869e+08 1.8646e+08 1.80713e+08 1.67063e+08 1.6543e+08 1.98084e+08 1.62088e+08
threshold=0.27083333333333343 1.0000000180025095e-35 0.89583333333333337 285.26300828961263 0.52083333333333337 0.14583333333333334 1.0000000180025095e-35 0.99349222267034787 -0.92274349529687905 301.64493828016526 72.500000000000014 0.85416666666666685 -0.98801846520836312 14.89703437938036 303.17817675378018 1.0000000180025095e-35 0.063390085881955341 -0.78326540922535159 0.99748108949426018 0.99958851518450398 0.72916666666666685 0.56250000000000011 0.35416666666666669 282.65426694322935 36.728150888684404 -0.9159756150367534 30.500000000000004 295.43624625789852 287.77801697526121 132.50000000000003 11.519011831879236 283.74347377490568 299.59257876808482
decision_type=2 2 2 2 2 2 2 2 2 2 2 2 2 2 2 2 2 2 2 2 2 2 2 2 2 2 2 2 2 2 2 2 2
left_child=5 2 3 7 9 15 16 8 -2 -5 30 12 13 -12 25 -1 -7 -10 -9 -20 21 -14 23 -19 -23 -6 -4 -17 29 -8 31 -3 -28
right_child=1 10 26 4 14 6 28 18 17 -11 11 -13 20 -15 -16 27 -18 22 19 -21 -22 24 -24 -25 -26 -27 32 -29 -30 -31 -32 -33 -34
leaf_value=-19.421783977135721 -25.287587044689946 24.618361632674624 40.18070852921263 24.661466104835014 18.823590683210547 5.8595579584911759 -39.957956763530497 -59.429231593145687 114.29943160858589 67.166399675150529 109.76889939033447 -37.025272445090259 -2.1037896309582389 1.6388681565650292 42.510333725736785 -50.216027208007134 -25.968549717293794 38.618354511061071 63.416746927064402 -40.47564437493326 14.924756688695719 9.0407301174389474 48.688317261824331 -15.007581202113215 -46.489765504443263 -1.3164415675924741 -19.379831784511261 -15.632817161275058 -17.19402882288674 -90.244951341452818 67.820875969078145 -19.494637506895721 33.366426045876878
leaf_weight=737 120 467 103 1639 1045 902 244 84 72 303 67 516 1081 96 346 1975 691 297 82 60 460 115 1555 164 513 2181 892 260 226 162 83 221 95
leaf_count=737 120 467 103 1639 1045 902 244 84 72 303 67 516 1081 96 346 1975 691 297 82 60 460 115 1555 164 513 2181 892 260 226 162 83 221 95
internal_value=-0.306295 12.0882 18.8089 22.6438 16.7355 -30.4925 -18.3884 36.0285 40.7218 31.2933 -4.69575 -10.4675 -4.59111 46.0851 8.82085 -39.5542 -7.9466 44.5155 -9.82488 19.5184 -8.39943 -14.6775 42.0232 19.541 -36.3209 5.20753 -9.15445 -46.1929 -44.7078 -60.0233 16.6246 10.4483 -14.3029
internal_weight=17854 12657 9038 7948 5514 5197 2225 2434 2208 1942 3619 2848 2332 163 3572 2972 1593 2088 226 142 2169 1709 2016 461 628 3226 1090 2235 632 406 771 688 987
internal_count=17854 12657 9038 7948 5514 5197 2225 2434 2208 1942 3619 2848 2332 163 3572 2972 1593 2088 226 142 2169 1709 2016 461 628 3226 1090 2235 632 406 771 688 987
is_linear=0
shrinkage=0.0383886


Tree=48
num_leaves=34
num_cat=2
split_feature=35 31 35 34 29 29 7 2 2 0 0 38 26 39 1 31 9 40 0 29 7 35 0 0 0 6 38 0 0 0 29 35 15
split_gain=4.52146e+09 1.01253e+09 7.0483e+08 4.51987e+08 4.18022e+08 8.93394e+08 5.40342e+08 4.10397e+08 6.65019e+08 4.0741e+08 4.3651e+08 4.93997e+08 3.70694e+08 3.29337e+08 3.03914e+08 2.881e+08 2.69695e+08 2.66897e+08 3.33317e+08 2.70584e+08 3.07208e+08 2.487e+08 2.48273e+08 3.57867e+08 2.89362e+08 2.37598e+08 2.31541e+08 2.11911e+08 2.00541e+08 5.26778e+08 1.97036e+08 1.94581e+08 1.91222e+08
threshold=0.22916666666666671 0 0.93750000000000011 1.0000000180025095e-35 62.500000000000007 64.500000000000014 303.66833226517554 0.69980586642454445 0.6969150038320101 9.5938434878608341 9.4614606470315064 -1.0000000180025095e-35 757.42811861443624 -0.22252093395631442 0.31151354152990718 1 1031.6722246762108 -0.99763297024448894 11.780160107788744 92.500000000000014 298.74223360776472 0.35416666666666669 10.031140039679849 10.569162159519083 10.273140293585405 290.04569896301462 1.0000000180025095e-35 12.599358814455455 14.899352818964744 14.860661594437168 189.50000000000003 0.52083333333333337 205.25177382487936
decision_type=2 1 2 2 2 2 2 2 2 2 2 2 2 2 2 1 2 2 2 2 2 2 2 2 2 2 2 2 2 2 2 2 2
left_child=15 14 3 4 9 -6 7 8 16 10 -3 -12 22 -5 21 -1 -7 18 -9 32 31 27 -11 24 -24 -17 -26 -2 29 30 -8 -21 -19
right_child=1 2 -4 13 5 6 28 17 -10 12 11 -13 -14 -15 -16 25 -18 19 -20 20 -22 -23 23 -25 26 -27 -28 -29 -30 -31 -32 -33 -34
leaf_value=-49.39200097361195 -81.847953789798467 81.942303291399725 -23.914402755557866 -73.989720768691441 -131.47978106723139 11.115682439942217 104.38855341829365 134.08981479255598 63.031590475860817 75.940737747371628 53.316420290693017 -68.00830045307714 11.663034410840567 14.265561558224137 73.963659278011392 -34.281103545255505 -91.088383453030005 40.844902687921547 18.346368133655755 7.706517042471237 19.216336850872757 -11.241867211331645 47.684689417664174 63.704846714915483 21.41601317711234 -11.151813195208375 -62.465927777763525 -19.472477959893045 67.56767078257235 -54.489620307566803 34.373807165316258 -9.3350064493842559 3.6083911495752496
leaf_weight=1295 149 64 646 136 61 104 63 55 490 435 71 163 443 115 55 2221 60 557 110 1870 1478 1562 178 432 98 928 96 174 267 98 991 2092 320
leaf_count=1295 149 64 646 136 61 104 63 55 490 435 71 163 443 115 55 2221 60 557 110 1870 1478 1562 178 432 98 928 96 174 267 98 991 2092 320
internal_value=-0.400185 10.7042 15.0278 17.3609 18.567 14.9118 15.9556 11.6534 40.6364 34.4727 -6.89778 -31.196 41.8023 -33.554 -14.9104 -33.9658 -26.276 8.72918 56.9277 7.47023 4.28017 -17.5827 52.5784 39.9383 12.3385 -27.378 -20.0925 -48.2464 37.5909 30.6432 38.5588 -1.29168 27.2581
internal_weight=17877 13433 11493 10847 10596 8616 8555 7136 654 1980 298 234 1682 251 1940 4444 164 6482 165 6317 5440 1885 1239 804 372 3149 194 323 1419 1152 1054 3962 877
internal_count=17877 13433 11493 10847 10596 8616 8555 7136 654 1980 298 234 1682 251 1940 4444 164 6482 165 6317 5440 1885 1239 804 372 3149 194 323 1419 1152 1054 3962 877
cat_boundaries=0 1 2
cat_threshold=64 65
is_linear=0
shrinkage=0.0383886


Tree=49
num_leaves=34
num_cat=4
split_feature=35 31 35 28 2 2 5 20 38 2 38 1 8 1 2 31 1 26 28 35 1 1 1 1 1 12 38 38 13 45 1 2 2
split_gain=4.1818e+09 9.36286e+08 6.51754e+08 5.84224e+08 4.21431e+08 3.76586e+08 3.68412e+08 4.06773e+08 3.4623e+08 3.15569e+08 4.02366e+08 5.65775e+08 3.5688e+08 2.81028e+08 2.78804e+08 2.66787e+08 2.62031e+08 2.44028e+08 2.34425e+08 2.29972e+08 2.23445e+08 4.68851e+08 2.94601e+08 2.44676e+08 6.93459e+08 3.17972e+08 2.79629e+08 2.41034e+08 2.0577e+08 1.91531e+08 2.0869e+08 1.89048e+08 3.65438e+08
threshold=0.22916666666666671 0 0.93750000000000011 1 0.71076988009093367 0.72323061768906294 298.0860074576907 0.013498123222249905 0.6078576107927941 0.7035626372704944 0.6078576107927941 0.31158861083306455 287.27972054689809 0.31151354152990718 0.69938919975787772 2 0.1948043626609203 738.31618005057123 3 0.35416666666666669 0.19914536734137561 0.19759453614336106 0.29485354602110464 0.30129284612625568 0.2999569185164041 67.045344048008204 1.0000000180025095e-35 1.0000000180025095e-35 2.9172722468667791 0.3529115998950883 0.31151354152990718 0.77966125471262993 0.77508609630078462
decision_type=2 1 2 1 2 2 2 2 2 2 2 2 2 2 2 1 2 2 1 2 2 2 2 2 2 2 2 2 2 2 2 2 2
left_child=15 13 3 4 9 17 7 8 31 -3 12 -12 29 19 -10 -1 -8 -6 -17 -2 21 -7 27 24 25 -24 -27 -22 -14 30 -11 32 -5
right_child=1 2 -4 6 5 20 16 -9 14 10 11 -13 28 -15 -16 18 -18 -19 -20 -21 22 -23 23 -25 -26 26 -28 -29 -30 -31 -32 -33 -34
leaf_value=-47.510439203420745 -46.394262082362523 36.325575778645444 -22.99636177283314 1.1548818314526492 77.435976448347148 80.483714543108604 67.660765597094255 104.96869983459658 65.518842737766676 10.495020406198069 -123.02947481918126 18.682507702153679 23.212688858733134 71.124300489344563 14.065438879578894 -11.90055682937119 21.229497024130627 19.880273640013954 -34.149319746619419 -10.810307227030702 26.878945989763768 -53.514690005142846 79.752304319904653 36.758173256903447 -128.76114451514408 40.989099805571847 -75.922740883348411 58.770512809329396 112.5718164262759 27.959232879610575 -73.879390637749282 -11.224476813261365 55.574269484691911
leaf_weight=1295 323 355 646 2110 461 56 216 61 170 72 93 75 110 55 1782 1116 1049 142 2033 1562 726 123 75 225 63 57 64 673 58 92 108 1632 199
leaf_count=1295 323 355 646 2110 461 56 216 61 170 72 93 75 110 55 1782 1116 1049 142 2033 1562 726 123 75 225 63 57 64 673 58 92 108 1632 199
internal_value=-0.385882 10.2933 14.4509 16.6945 29.2514 37.197 10.329 6.34594 5.32506 7.56652 -9.22535 -59.7651 10.0716 -14.3381 18.5465 -32.6661 29.1577 63.8823 -26.327 -16.9077 29.3932 -11.5933 33.2895 7.47392 -17.966 17.6467 -20.8485 42.2207 54.063 -17.0995 -40.1296 -1.22361 5.845
internal_weight=17877 13433 11493 10847 3628 2665 7219 5954 5893 963 608 168 440 1940 1952 4444 1265 603 3149 1885 2062 179 1883 484 259 196 121 1399 168 272 180 3941 2309
internal_count=17877 13433 11493 10847 3628 2665 7219 5954 5893 963 608 168 440 1940 1952 4444 1265 603 3149 1885 2062 179 1883 484 259 196 121 1399 168 272 180 3941 2309
cat_boundaries=0 1 2 3 4
cat_threshold=64 2182 65 706
is_linear=0
shrinkage=0.0383886


Tree=50
num_leaves=34
num_cat=4
split_feature=35 35 35 35 41 35 28 3 41 35 28 0 41 28 3 10 6 41 35 29 12 26 10 14 6 35 35 2 28 1 7 41 6
split_gain=3.871e+09 7.28206e+08 4.5475e+08 7.49661e+08 5.15992e+08 4.91606e+08 3.88924e+08 3.83535e+08 3.72999e+08 3.6897e+08 2.19172e+08 2.90866e+08 2.18091e+08 2.16619e+08 2.08871e+08 1.81714e+08 1.75191e+08 1.68551e+08 1.57999e+08 1.49267e+08 1.47843e+08 1.45104e+08 1.42857e+08 1.33345e+08 1.18851e+08 1.17254e+08 1.14639e+08 1.14721e+08 1.08969e+08 1.42869e+08 1.08844e+08 1.06364e+08 1.22589e+08
threshold=0.27083333333333343 0.85416666666666685 0.72916666666666685 0.56250000000000011 -0.039769286347669845 0.35416666666666669 0 305.59778528038623 0.99349222267034787 0.18750000000000003 1 14.760010628743727 -0.89404254237865755 2 294.10654035087117 1029.4114146497027 283.90430832241424 0.99024581825578073 0.93750000000000011 84.500000000000014 37.49686014927893 690.64947023831564 1024.8976688339856 2.7835397325308846 292.92812522747579 0.52083333333333337 1.0000000180025095e-35 0.73050343539474361 3 0.26846987448472476 303.41850546973575 0.99138911339924218 281.21017016549422
decision_type=2 2 2 2 2 2 1 2 2 2 1 2 2 1 2 2 2 2 2 2 2 2 2 2 2 2 2 2 1 2 2 2 2
left_child=8 2 3 5 20 15 18 21 9 10 11 -1 24 -11 -8 28 17 -6 31 22 -4 -5 -14 -15 -7 30 -12 -28 29 -2 -21 32 -3
right_child=1 6 4 7 16 12 14 -9 -10 13 26 -13 19 23 -16 -17 -18 -19 -20 25 -22 -23 -24 -25 -26 -27 27 -29 -30 -31 -32 -33 -34
leaf_value=1.7944852576552976 -1.1327288687440575 58.246093766336358 33.241403560794247 27.574653802701953 85.885370150547075 12.009208768675117 -35.983331378207524 37.88142810077813 -84.868660135226719 6.1062247782929004 -22.237701582324732 -62.994560258715573 42.646649169090857 -15.97170586806814 -5.5623743711519094 -54.124025442549026 39.572939341140156 14.938863237987063 -11.838167656295909 18.422411808891781 4.157822513014823 -10.921470804379405 3.0818966592261599 -55.755130055287999 56.233587502084141 -0.5322334590363329 -57.706876330237542 -36.867223681927833 14.260417328487446 -61.925989480841544 47.127776187134351 -25.111214986230497 16.712526651256358
leaf_weight=490 595 144 379 153 278 109 723 288 166 667 589 129 792 624 616 82 692 60 298 1532 804 2536 162 155 502 419 490 1894 777 63 223 62 384
leaf_count=490 595 144 379 153 278 109 723 288 166 667 589 129 792 624 616 82 692 60 298 1532 804 2536 162 155 502 419 490 1894 777 63 223 62 384
internal_value=-0.373078 11.074 15.3229 11.1703 30.772 19.8883 -8.85586 -4.22171 -28.2496 -26.384 -32.9755 -11.5214 27.3665 -10.01 -21.8253 1.45643 50.6378 73.2914 10.8245 23.2689 13.4754 -8.73109 35.9281 -23.5848 48.3442 17.7137 -37.2782 -41.1506 4.63247 -6.8493 22.0699 22.4545 28.0399
internal_weight=17877 12673 10446 8233 2213 5256 2227 2977 5204 5038 3592 619 3739 1446 1339 1517 1030 338 888 3128 1183 2689 954 779 611 2174 2973 2384 1435 658 1755 590 528
internal_count=17877 12673 10446 8233 2213 5256 2227 2977 5204 5038 3592 619 3739 1446 1339 1517 1030 338 888 3128 1183 2689 954 779 611 2174 2973 2384 1435 658 1755 590 528
cat_boundaries=0 1 2 3 4
cat_threshold=6158 130 5778 1336
is_linear=0
shrinkage=0.0383886


Tree=51
num_leaves=34
num_cat=0
split_feature=32 3 29 29 0 40 39 2 2 29 3 29 40 16 0 10 14 3 1 0 0 0 2 29 10 0 16 21 0 0 0 0 10
split_gain=1.00969e+09 7.24133e+08 5.87297e+08 8.7056e+08 5.66443e+08 4.46216e+08 4.13299e+08 3.45709e+08 6.72804e+08 2.83735e+08 2.7529e+08 3.36219e+08 3.31023e+08 2.86359e+08 2.58947e+08 3.2404e+08 2.5207e+08 2.31859e+08 2.21937e+08 6.01889e+08 3.39348e+08 8.35034e+08 3.19905e+08 2.74121e+08 2.18061e+08 2.17759e+08 2.04303e+08 1.7505e+08 1.94572e+08 9.61307e+08 2.03386e+08 4.46625e+08 2.9626e+08
threshold=1.0000000180025095e-35 299.08871771264893 62.500000000000007 64.500000000000014 9.493419996423194 0.99939377080793557 1.0000000180025095e-35 0.69980586642454445 0.6969150038320101 84.500000000000014 301.44291975462977 72.500000000000014 -0.99866806308218525 181.45407442154246 9.4614606470315064 1032.8197926009311 1.8327828557227293 285.12191034098413 0.24151919708424316 13.125966672129577 13.897120305775262 14.256862098928663 0.69980586642454445 152.50000000000003 1029.4114146497027 14.922006068462391 210.34730337247785 0.13876915955167879 9.5938434878608341 9.5542763968319555 10.236078030948967 10.569162159519083 1022.7504050077713
decision_type=2 2 2 2 2 2 2 2 2 2 2 2 2 2 2 2 2 2 2 2 2 2 2 2 2 2 2 2 2 2 2 2 2
left_child=1 2 4 -4 6 10 -1 8 14 26 11 -2 -13 18 15 -5 -3 -11 19 -14 -21 -22 -20 -23 27 -25 -9 28 29 -6 -30 32 -32
right_child=5 16 3 7 24 -7 -8 9 -10 17 -12 12 13 -15 -16 -17 -18 -19 22 20 21 23 -24 25 -26 -27 -28 -29 30 -31 31 -33 -34
leaf_value=-106.60794210457226 -0.30282448007207591 54.855771789875853 -130.61195138908664 49.477221941727827 40.297926280577819 94.11179225536921 9.7605167986634367 30.665245558383148 41.240253219593058 -23.478262483700618 11.004840295049743 66.897023729728716 61.158278478757765 -39.410467364965619 -93.847141585254008 -74.026613485631188 20.371590995270697 -3.8405277822865238 13.323081474965385 -57.924286124693694 64.408997791415928 -64.923443800202747 -47.202452046355788 9.9779282599014252 -25.659446677822892 -52.460908399553475 -12.29103270634597 -39.866966680430373 47.075735531530235 -140.16532971908026 -42.900852671771673 36.38654994413055 49.291868792834016
leaf_weight=88 1088 394 78 71 174 55 92 539 632 1049 506 57 167 1426 78 56 1508 5703 167 235 191 197 561 267 125 119 234 57 799 58 210 773 68
leaf_count=88 1088 394 78 71 174 55 92 539 632 1049 506 57 167 1426 78 56 1508 5703 167 235 191 197 561 267 125 119 234 57 799 58 210 773 68
internal_value=-0.0736153 5.66088 1.84182 -2.9568 18.4132 -14.633 -47.1307 -1.76604 21.6381 -4.36927 -15.8338 -18.8685 -24.8323 -26.4025 -38.7936 -4.98106 27.515 -6.89148 -16.6602 -6.34805 -17.5211 -5.25391 -33.3181 -28.0766 23.6243 -9.27132 17.6616 26.5044 28.3214 -4.81787 32.4773 21.3791 -20.35
internal_weight=17822 12786 10884 8440 2444 5036 180 8362 837 7525 4981 4475 3387 3330 205 127 1902 6752 1904 1176 1009 774 728 583 2264 386 773 2139 2082 232 1850 1051 278
internal_count=17822 12786 10884 8440 2444 5036 180 8362 837 7525 4981 4475 3387 3330 205 127 1902 6752 1904 1176 1009 774 728 583 2264 386 773 2139 2082 232 1850 1051 278
is_linear=0
shrinkage=0.0383886


Tree=52
num_leaves=34
num_cat=3
split_feature=26 5 32 28 32 1 1 1 1 32 1 5 11 28 14 27 41 41 41 28 38 8 40 26 5 40 1 1 1 39 4 41 1
split_gain=2.94534e+09 6.32788e+08 4.92216e+08 4.41732e+08 2.51824e+08 2.45987e+08 3.29692e+08 2.77704e+08 3.23956e+08 3.25104e+08 2.68818e+08 2.42734e+08 2.93348e+08 2.46222e+08 2.029e+08 1.95307e+08 1.89364e+08 2.26137e+08 1.8945e+08 1.75329e+08 1.73892e+08 1.69871e+08 1.78387e+08 1.68605e+08 1.93016e+08 1.91109e+08 2.76729e+08 2.55946e+08 2.14856e+08 1.64278e+08 1.45681e+08 1.41652e+08 1.38671e+08
threshold=33.780532034782389 283.28508651289269 1.0000000180025095e-35 0 1.0000000180025095e-35 0.3112836758503818 0.30491484917840578 0.29485354602110464 0.20163042157393737 1.0000000180025095e-35 0.31145223837260605 297.79450866134954 41.413721531699473 1 1.8327828557227293 0.46413015814817027 -0.98801846520836312 -0.99465740988130902 -0.97507822412530132 2 0.87837969732492682 283.74295660284326 0.099822040462190967 768.58771566497455 300.29327476110001 0.76696112484652046 0.21518036285017811 0.2330414172719977 0.24805837521229826 0.81174490092936691 295.38288150591876 -0.9292178835113839 0.2136457805921054
decision_type=2 2 2 1 2 2 2 2 2 2 2 2 2 1 2 2 2 2 2 1 2 2 2 2 2 2 2 2 2 2 2 2 2
left_child=3 15 11 5 -5 6 7 8 30 -10 -7 12 20 -14 31 19 17 -4 -18 -2 -3 22 -12 -20 25 -25 -27 -28 -29 -17 -1 -13 -16
right_child=1 2 16 4 -6 10 -8 -9 9 -11 21 14 13 -15 32 29 18 -19 23 -21 -22 -23 -24 24 -26 26 27 28 -30 -31 -32 -33 -34
leaf_value=4.5819572372236133 -25.478492462913795 -30.233790809431291 4.1161318261429711 -18.836200286252431 -37.258797283812051 -111.80653929888403 27.776780536966815 -36.41472744017063 28.613897368437499 -24.655616060596241 -65.617619189457557 88.285226384742003 25.978762429421725 6.4498541604721602 30.035699456221355 39.76133228971046 -63.956113567214025 97.756822450481621 4.8100609126470646 28.723358635284054 32.259047265544211 37.673489848201839 5.3052375540028436 -40.351822191665931 12.393873320563376 74.187438963043405 -79.152832612342266 64.728224929486302 -22.679409526546905 83.641928367989365 -62.925384284321716 36.208309942734637 4.4756092755117036
leaf_weight=71 109 365 123 3890 1521 55 517 374 581 238 121 117 1526 2560 881 869 86 55 1090 353 80 61 92 505 259 57 75 60 134 147 140 225 485
leaf_count=71 109 365 123 3890 1521 55 517 374 581 238 121 117 1526 2560 881 869 86 55 1090 353 80 61 92 505 259 57 75 60 134 147 140 225 485
internal_value=-0.0707893 13.4801 9.52761 -18.0437 -23.9704 -3.66772 1.56891 -8.08171 2.20619 13.1338 -34.3554 15.2482 10.5992 13.8227 27.581 36.7 -5.07573 33.0502 -8.07062 16.0057 -18.9991 -18.8085 -34.9842 -5.86596 -16.542 -25.5605 -2.64756 -18.9287 4.35382 46.1102 -40.2096 54.0242 20.9606
internal_weight=17822 10161 8683 7661 5411 2250 1921 1404 1030 819 329 6239 4531 4086 1708 1478 2444 178 2266 462 445 274 213 2180 1090 831 326 269 194 1016 211 342 1366
internal_count=17822 10161 8683 7661 5411 2250 1921 1404 1030 819 329 6239 4531 4086 1708 1478 2444 178 2266 462 445 274 213 2180 1090 831 326 269 194 1016 211 342 1366
cat_boundaries=0 1 2 3
cat_threshold=134 2700 536
is_linear=0
shrinkage=0.0383886


Tree=53
num_leaves=34
num_cat=3
split_feature=35 38 28 9 29 0 35 40 0 36 37 29 31 34 40 29 29 0 2 38 31 39 40 0 44 35 51 40 39 35 0 0 5
split_gain=3.34801e+09 7.89636e+08 5.39213e+08 5.7673e+08 3.69983e+08 3.87917e+08 3.32349e+08 2.9055e+08 4.68326e+08 2.22727e+08 2.61336e+08 2.21077e+08 2.20765e+08 2.63763e+08 2.57151e+08 2.32684e+08 2.16988e+08 4.00211e+08 3.08672e+08 2.10677e+08 2.1054e+08 2.09545e+08 2.06052e+08 2.05398e+08 2.12037e+08 2.00066e+08 1.93007e+08 1.88329e+08 2.13327e+08 1.84887e+08 1.83932e+08 4.95223e+08 2.57706e+08
threshold=0.22916666666666671 -0.60785761079279388 0 1020.7303161886774 12.500000000000002 14.760010628743727 0.81250000000000011 0.54940630780725741 10.569162159519083 -0.9159756150367534 -0.78656609248549325 358.50000000000006 1 1.0000000180025095e-35 -0.76141707087277943 70.500000000000014 232.50000000000003 12.979431386883583 0.81636122794762478 1.0000000180025095e-35 2 1.0000000180025095e-35 -0.37447345805034543 12.299519314018371 0.19593493916883467 0.52083333333333337 1.0000000180025095e-35 0.50557357885840837 0.81174490092936691 0.77083333333333337 14.108958059378015 14.208431473761749 293.84981436034792
decision_type=2 2 1 2 2 2 2 2 2 2 2 2 1 2 2 2 2 2 2 2 1 2 2 2 2 2 2 2 2 2 2 2 2
left_child=11 9 3 4 21 7 16 22 19 29 25 20 15 14 -14 -5 18 -18 27 -9 -1 -3 -6 -10 -25 -11 -20 28 -4 -2 32 -32 -29
right_child=1 2 6 12 5 -7 -8 8 23 10 -12 -13 13 -15 -16 -17 17 -19 26 -21 -22 -23 -24 24 -26 -27 -28 30 -30 -31 31 -33 -34
leaf_value=-41.080369561333093 0.4645261367092961 23.184788751152301 -6.1355288830693668 -68.558023527456882 36.302088726174908 -3.4396060030253377 -12.574873954286408 33.068731934934469 45.646978393754296 20.252892677788385 -17.298028792684029 -95.435683474908132 -59.279473905590223 -57.844837086603228 21.471868867104984 0.57620122144051555 12.598863632281658 62.480941878467235 62.085526664713541 -58.724146158523922 -22.10741933871634 -53.891254138342937 67.266268229860529 46.814303140661949 -56.34236031911496 -14.389285934958643 9.5300668525020402 4.2542287100246128 -57.499788473413716 44.2771229907042 135.50560874096101 12.755277875018054 -62.149329562344199
leaf_weight=1253 414 106 595 106 511 292 1059 54 888 613 2097 72 61 72 1229 222 1007 310 203 116 3172 102 833 55 63 410 209 711 149 216 54 470 98
leaf_count=1253 414 106 595 106 511 292 1059 54 888 613 2097 72 61 72 1229 222 1007 310 203 116 3172 102 833 55 63 410 209 711 149 216 54 470 98
internal_value=-0.0673031 9.59867 15.447 24.691 34.7924 38.4468 6.4334 43.3003 29.3652 -5.33396 -9.538 -28.7084 6.78625 13.5627 17.6534 -21.122 11.7393 24.3403 5.0717 -29.5663 -27.6227 -14.612 55.4934 39.3238 -8.26073 6.36892 35.4252 -0.949294 -16.4222 15.486 7.68674 25.4052 -3.7897
internal_weight=17822 13325 9575 4710 3020 2812 4865 2520 1176 3750 3120 4497 1690 1362 1290 328 3806 1317 2489 170 4425 208 1344 1006 118 1023 412 2077 744 630 1333 524 809
internal_count=17822 13325 9575 4710 3020 2812 4865 2520 1176 3750 3120 4497 1690 1362 1290 328 3806 1317 2489 170 4425 208 1344 1006 118 1023 412 2077 744 630 1333 524 809
cat_boundaries=0 1 2 3
cat_threshold=6286 8 65
is_linear=0
shrinkage=0.0383886


Tree=54
num_leaves=34
num_cat=2
split_feature=35 32 35 34 28 20 0 28 0 41 29 10 27 10 0 41 0 0 0 0 0 0 0 40 10 29 29 35 0 0 0 10 20
split_gain=2.82243e+09 7.39629e+08 4.3005e+08 3.45501e+08 4.2385e+08 3.6601e+08 4.48109e+08 3.63233e+08 3.92549e+08 3.72055e+08 4.56857e+08 4.1894e+08 3.60874e+08 3.51073e+08 3.47966e+08 3.23243e+08 3.70262e+08 2.62651e+08 9.27455e+08 6.50603e+08 6.73693e+08 7.47516e+08 5.88748e+08 4.85817e+08 4.01779e+08 3.28248e+08 5.42243e+08 3.21855e+08 2.53329e+08 3.10368e+08 2.52502e+08 2.17907e+08 2.09636e+08
threshold=0.18750000000000003 1.0000000180025095e-35 0.93750000000000011 1.0000000180025095e-35 0 1.0000000180025095e-35 9.618917698413437 1 14.791974400548128 0.99611390731392835 4.5000000000000009 1025.3445628971515 0.47565975818262246 1029.6444350272434 14.828082555492124 -0.98801846520836312 14.89703437938036 14.270395245566151 13.897120305775262 13.227464801632175 12.599358814455455 11.863492633897799 11.263482853748908 -0.861146256326485 1019.9627207430671 152.50000000000003 162.50000000000003 0.31250000000000006 14.860661594437168 14.89703437938036 12.747691732338689 1011.6521646918956 0.013498123222249905
decision_type=2 2 2 2 1 2 2 1 2 2 2 2 2 2 2 2 2 2 2 2 2 2 2 2 2 2 2 2 2 2 2 2 2
left_child=-1 2 3 5 -5 7 -7 8 9 -2 -11 -12 -6 -9 -10 16 -3 18 19 20 21 22 23 -17 30 -19 -27 -25 -16 -30 -22 -28 -8
right_child=1 15 -4 4 12 6 32 13 14 10 11 -13 -14 -15 28 17 -18 25 -20 -21 24 -23 -24 27 -26 26 31 -29 29 -31 -32 -33 -34
leaf_value=-30.209323596561813 40.955962849167342 102.31415020535314 -19.93090054064962 19.123943498855127 -146.81539156166241 -102.2243235293497 -4.3470511106218392 14.123090314722743 -96.85608938113468 68.49299727041128 -134.29497128688439 -1.8342251071827398 -13.374734234603338 -82.472533621506969 72.542760392105592 -73.832106297390254 -1.9019608105947128 -64.248046091098303 62.685659870505326 -55.387167569153654 69.551037121578617 -64.164059589296784 48.18477572952618 -49.388580282377816 117.17852364670648 62.066630491221375 -80.107575581265721 4.9763982749349571 -66.869262301287563 41.049810465076668 -5.1331050032204351 -15.164076154746743 69.418178794536246
leaf_weight=3727 2089 84 554 132 64 67 820 5627 57 73 54 101 56 56 66 164 125 260 279 410 106 335 292 190 86 115 105 1033 85 73 180 277 61
leaf_count=3727 2089 84 554 132 64 67 820 5627 57 73 54 101 56 56 66 164 125 260 279 410 106 335 292 190 86 115 105 1033 85 73 180 277 61
internal_value=-0.504474 7.36068 12.9448 14.8658 -29.4825 16.0768 -6.51804 18.6634 30.5596 35.8739 -10.6895 -47.982 -78.04 13.1481 -12.1716 -6.50637 39.9839 -9.04199 -4.05538 -10.7152 -3.03892 -11.8057 -1.35897 -11.7892 44.4242 -29.298 -11.0143 -3.4695 9.37757 -17.0078 22.547 -33.0151 0.760407
internal_weight=17803 14076 10035 9481 252 9229 948 8281 2598 2317 228 155 120 5683 281 4041 209 3832 3075 2796 2386 2014 1679 1387 372 757 497 1223 224 158 286 382 881
internal_count=17803 14076 10035 9481 252 9229 948 8281 2598 2317 228 155 120 5683 281 4041 209 3832 3075 2796 2386 2014 1679 1387 372 757 497 1223 224 158 286 382 881
cat_boundaries=0 1 2
cat_threshold=3106 6274
is_linear=0
shrinkage=0.0383886


Tree=55
num_leaves=34
num_cat=5
split_feature=35 31 35 28 41 40 10 24 14 10 1 1 10 1 1 31 19 40 40 31 19 41 35 41 28 41 1 14 5 24 29 5 41
split_gain=2.61509e+09 6.88469e+08 5.5276e+08 3.00526e+08 2.74098e+08 2.97684e+08 2.97414e+08 2.65879e+08 2.57494e+08 3.77563e+08 3.68583e+08 2.46992e+08 2.41571e+08 2.2944e+08 2.24044e+08 2.11564e+08 3.1328e+08 2.05977e+08 4.22894e+08 1.98606e+08 1.9489e+08 1.86861e+08 1.87989e+08 1.81922e+08 1.84846e+08 1.7486e+08 2.46065e+08 2.00078e+08 1.66489e+08 2.43667e+08 1.88631e+08 2.02349e+08 1.75379e+08
threshold=0.22916666666666671 0 0.89583333333333337 1 0.99611390731392835 0.065536893917732264 1028.231623971755 62.987658714647743 1.6743064625094546 1023.5190269914465 0.27572754583184683 0.27300953381340132 1030.5838112130957 0.19914536734137561 0.19830117570134809 2 0.00051898751496442792 0.89787622492179153 -0.0053757284505435614 3 0.0017985780541264439 -0.98521978256641018 0.35416666666666669 0.99445195900249039 4 -0.99273797715557011 0.20103124197199387 6.295868257808146 287.17059263143898 63.870838533313126 124.50000000000001 293.22588089167806 -0.6652727025667432
decision_type=2 1 2 1 2 2 2 2 2 2 2 2 2 2 2 1 2 2 2 1 2 2 2 2 1 2 2 2 2 2 2 2 2
left_child=12 7 3 4 6 -6 13 21 -5 10 11 15 19 14 -3 16 -10 18 -11 23 -18 -2 -23 24 -1 -15 -27 -28 29 -17 31 -30 -32
right_child=1 2 -4 8 5 -7 -8 -9 9 17 -12 -13 -14 25 -16 28 20 -19 -20 -21 -22 22 -24 -25 -26 26 27 -29 30 -31 32 -33 -34
leaf_value=1.0390628085052527 31.613951997029844 20.358766364104568 -12.046892066417046 22.091991195997924 21.96636526121792 -89.423157552560141 -13.855011692186304 48.769747321615441 1.4024513459647805 -24.203464405969026 73.652737689578174 -66.091608750141788 -69.401850650174566 93.799031235281063 -69.237535316032037 23.949340322314441 -116.98575359014004 10.614577636871012 -140.15071073221202 -33.793978255592322 -16.120166686976511 -47.575148171637224 -13.834287780180105 -84.611792774444481 -22.194690441039519 -31.392340625077505 35.798245735214422 -9.581545724268187 -1.2468992994672332 105.75914750090247 4.0269406870260749 -70.128267849281656 28.742719284134679
leaf_weight=729 112 112 1291 1864 79 64 249 97 1311 295 126 67 181 67 65 592 55 156 55 1816 58 293 1436 57 1669 90 2467 152 342 59 969 77 751
leaf_count=729 112 112 1291 1864 79 64 249 97 1311 295 126 67 181 67 65 592 55 156 55 1816 58 293 1436 57 1669 90 2467 152 342 59 969 77 751
internal_value=-0.484696 8.01142 11.5989 14.6263 24.0415 -27.8862 26.4356 -13.1079 9.92897 5.33451 8.94053 7.03589 -25.9635 29.833 -12.5438 8.19857 -3.85676 -26.072 -42.4238 -24.1226 -65.2142 -16.4393 -19.5521 -16.7626 -15.2198 32.535 31.0198 33.1645 14.3141 31.3638 9.19194 -13.9053 14.8185
internal_weight=17803 13351 11413 10122 3345 143 3202 1938 6777 4913 4407 4281 4452 2953 177 4214 1424 506 350 4271 113 1841 1729 2455 2398 2776 2709 2619 2790 651 2139 419 1720
internal_count=17803 13351 11413 10122 3345 143 3202 1938 6777 4913 4407 4281 4452 2953 177 4214 1424 506 350 4271 113 1841 1729 2455 2398 2776 2709 2619 2790 651 2139 419 1720
cat_boundaries=0 1 2 3 4 5
cat_threshold=64 2182 40 30 4290
is_linear=0
shrinkage=0.0383886


Tree=56
num_leaves=34
num_cat=3
split_feature=35 35 36 6 6 41 35 31 35 31 38 6 9 34 5 35 5 31 27 38 41 5 13 41 27 11 29 41 41 29 29 23 7
split_gain=2.45485e+09 7.64267e+08 5.87183e+08 4.05178e+08 4.18462e+08 3.93948e+08 4.25947e+08 3.24439e+08 3.06342e+08 2.77955e+08 2.40681e+08 2.05202e+08 2.04326e+08 1.79033e+08 1.78432e+08 1.70662e+08 1.66601e+08 1.41378e+08 1.37147e+08 1.35445e+08 1.32409e+08 1.62201e+08 1.31e+08 1.52077e+08 1.55071e+08 1.22568e+08 1.21431e+08 1.17522e+08 1.0972e+08 9.71474e+07 9.62332e+07 9.36104e+07 9.20592e+07
threshold=0.31250000000000006 0.52083333333333337 -0.9159756150367534 283.9738213108256 301.3108425033912 0.99349222267034787 0.18750000000000003 0 0.72916666666666685 1 -0.60785761079279388 286.52820460062514 1024.4352128873968 1.0000000180025095e-35 294.782038773382 0.93750000000000011 300.50506761969979 2 3.1155119995047502 1.0000000180025095e-35 0.99138911339924218 280.38239805310667 2.8433590389031762 0.18281312110578132 0.55352779189194934 42.294815750996712 319.50000000000006 -0.88620506325989179 0.99748108949426018 30.500000000000004 211.50000000000003 18.435932062170679 306.4883328541826
decision_type=2 2 2 2 2 2 2 1 2 1 2 2 2 2 2 2 2 1 2 2 2 2 2 2 2 2 2 2 2 2 2 2 2
left_child=5 7 8 15 10 6 14 25 26 22 -5 31 -11 16 17 20 18 -1 -9 -6 21 -4 23 24 -8 -2 -3 32 -7 -19 -16 -10 -21
right_child=1 2 3 4 19 28 9 13 11 12 -12 -13 -14 -15 30 -17 -18 29 -20 27 -22 -23 -24 -25 -26 -27 -28 -29 -30 -31 -32 -33 -34
leaf_value=-42.379394834935461 40.834919995115563 -5.778852286508207 54.129225561445395 -28.053108543507193 5.8040960431614543 -110.58769998165518 -33.915588468315875 26.028708223614686 29.42623165759321 5.4376692666979043 -7.2085392775175325 20.971251252259101 -34.851905098185497 -32.511333785999454 19.160865183514179 -12.102165672468191 59.42821296495358 2.3135961021398863 81.204737174275095 30.122481093173398 -9.6718234515490131 17.878111449870662 -88.480790936827304 -70.291803040546199 44.274987351233079 -10.805066889407966 48.523835045251957 10.954719291302121 -51.865138024112234 -26.440418900143527 -25.747016217984456 66.86537738981167 89.966597590350489
leaf_weight=926 79 644 265 1134 403 74 102 2801 158 1590 2914 1050 210 69 181 251 260 188 68 69 152 580 64 79 59 475 67 110 128 2193 115 261 84
leaf_count=926 79 644 265 1134 403 74 102 2801 158 1590 2914 1050 210 69 181 251 260 188 68 69 152 580 64 79 59 475 67 110 128 2193 115 261 84
internal_value=-0.467274 9.58031 2.97448 -3.25937 -8.4086 -20.6917 -18.8269 23.9152 20.0232 -5.10268 -13.0479 30.0348 0.733135 28.565 -26.8412 16.1905 30.0031 -29.397 27.3365 19.7895 23.3134 29.2468 -38.4173 -26.6676 -5.26179 -3.38019 -0.661692 41.2194 -73.3775 -24.069 1.71349 52.7476 62.9782
internal_weight=17803 11894 8142 5962 4714 5909 5707 3752 2180 2104 4048 1469 1800 3198 3603 1248 3129 3307 2869 666 997 845 304 240 161 554 711 263 202 2381 296 419 153
internal_count=17803 11894 8142 5962 4714 5909 5707 3752 2180 2104 4048 1469 1800 3198 3603 1248 3129 3307 2869 666 997 845 304 240 161 554 711 263 202 2381 296 419 153
cat_boundaries=0 1 2 3
cat_threshold=64 64 65
is_linear=0
shrinkage=0.0383886


Tree=57
num_leaves=34
num_cat=5
split_feature=35 35 26 35 28 31 35 5 20 1 44 32 5 35 31 1 1 28 30 10 2 1 30 2 10 27 16 35 1 35 35 28 30
split_gain=2.47542e+09 6.97856e+08 5.85636e+08 6.51983e+08 3.65215e+08 3.38292e+08 3.03312e+08 2.9881e+08 2.5527e+08 2.42366e+08 2.33441e+08 2.25484e+08 2.1549e+08 2.00167e+08 1.87057e+08 2.23064e+08 2.37653e+08 1.75483e+08 2.08487e+08 1.7239e+08 1.61053e+08 1.40499e+08 1.38411e+08 1.3807e+08 1.43759e+08 1.2883e+08 1.26124e+08 1.24708e+08 1.19847e+08 1.19561e+08 1.19409e+08 1.18943e+08 1.14533e+08
threshold=0.31250000000000006 0.85416666666666685 762.14024197202696 0.56250000000000011 0 1 0.18750000000000003 297.34582472445715 8.6866453553476668e-05 0.31112149931579086 0.11077631698179569 1.0000000180025095e-35 295.00338292516551 0.47916666666666669 2 0.28320442514292038 0.31005520819657384 3 0.53251197809719375 1029.6444350272434 0.6969150038320101 0.28008351260366443 0.094455852156057507 0.78637985366960328 1021.7742503730079 0.98604237202217992 236.72072906084153 0.72916666666666685 0.31145223837260605 1.0000000180025095e-35 0.72916666666666685 4 0.79260780287474342
decision_type=2 2 2 2 1 1 2 2 2 2 2 2 2 2 1 2 2 1 2 2 2 2 2 2 2 2 2 2 2 2 2 1 2
left_child=5 2 8 13 -3 26 17 11 10 19 23 -5 -6 -4 27 21 20 18 -7 22 -17 -16 -8 24 28 -10 32 -12 -2 -19 -18 -15 -1
right_child=1 4 3 7 12 6 9 -9 25 -11 14 -13 -14 31 15 16 30 29 -20 -21 -22 -23 -24 -25 -26 -27 -28 -29 -30 -31 -32 -33 -34
leaf_value=-29.344768767675877 49.131314995964075 10.077844036285855 40.100182588582115 -7.9096871463019225 -32.439910759197375 -18.400203411874795 39.942475757300961 9.1215272618768157 8.3688115942587231 -74.506108962701006 -15.493038380309892 -38.316227728732365 -0.029315086304942367 1.1022005282002318 18.661995769394053 -6.9952867608316085 -5.2380834974427941 -11.499819731783623 27.836480162332325 -55.451745609502019 54.244994598967423 -42.588798337391687 -2.1290993950639714 10.854005782242828 5.4508944908595511 -39.019040530084048 -71.739637595550249 22.273388556655036 106.86176565137526 -33.817709416041865 45.423380062582368 24.8519421498874 -75.614500584013683
leaf_weight=590 754 873 623 1259 917 713 124 1071 292 70 311 503 451 610 1737 69 223 438 180 84 764 57 1631 179 105 119 179 220 57 1839 99 639 91
leaf_count=590 754 873 623 1259 917 713 124 1071 292 70 311 503 451 610 1737 69 223 438 180 84 764 57 1631 179 105 119 179 220 57 1839 99 639 91
internal_value=-0.0830092 9.99681 14.4612 4.74655 -9.30919 -20.3343 -16.4531 -6.86982 23.6284 -4.39659 26.2319 -16.5899 -21.597 22.3262 21.3677 25.1023 38.3457 -23.7655 -8.9798 -1.72792 49.1723 16.7159 0.843472 41.6908 47.7167 -5.35173 -42.5699 0.151193 53.1889 -29.3956 10.3379 13.4606 -35.5277
internal_weight=17871 11932 9691 4705 2241 5939 5079 2833 4986 1909 4575 1762 1368 1872 3480 2949 1155 3170 893 1839 833 1794 1755 1095 916 411 860 531 811 2277 322 1249 681
internal_count=17871 11932 9691 4705 2241 5939 5079 2833 4986 1909 4575 1762 1368 1872 3480 2949 1155 3170 893 1839 833 1794 1755 1095 916 411 860 531 811 2277 322 1249 681
cat_boundaries=0 1 2 3 4 5
cat_threshold=6158 64 64 194 1840
is_linear=0
shrinkage=0.0383886


Tree=58
num_leaves=34
num_cat=0
split_feature=35 35 25 35 6 1 6 29 35 38 5 1 38 1 1 35 6 35 5 44 44 38 19 29 6 8 29 29 1 1 29 14 29
split_gain=2.28919e+09 6.45265e+08 4.56963e+08 7.96186e+08 3.73727e+08 3.02539e+08 2.96263e+08 2.56492e+08 2.60335e+08 2.53436e+08 2.03224e+08 1.88622e+08 1.89492e+08 1.89157e+08 1.99054e+08 1.87322e+08 1.77823e+08 1.6068e+08 1.60571e+08 1.44416e+08 1.40813e+08 1.96772e+08 1.42358e+08 1.39547e+08 1.38104e+08 2.49008e+08 1.29811e+08 1.26516e+08 1.25018e+08 1.24846e+08 1.3857e+08 1.23096e+08 1.22674e+08
threshold=0.31250000000000006 0.85416666666666685 33.345017727174785 0.56250000000000011 286.60920748848929 0.27473203596392254 299.59257876808482 358.50000000000006 0.18750000000000003 -0.60785761079279388 297.19085000118133 0.3112836758503818 -0.60785761079279388 0.303813383118062 0.2985886002536664 1.0000000180025095e-35 292.29925618382646 0.81250000000000011 298.57113327125757 0.97394006393395716 0.52605993606604307 0.87837969732492682 0.0004766747075076793 86.500000000000014 287.12857664618178 292.42882214222419 171.50000000000003 86.500000000000014 0.31005520819657384 0.31112149931579086 30.500000000000004 1.6665453711880898 210.50000000000003
decision_type=2 2 2 2 2 2 2 2 2 2 2 2 2 2 2 2 2 2 2 2 2 2 2 2 2 2 2 2 2 2 2 2 2
left_child=7 2 4 10 28 18 9 8 15 -5 20 12 24 14 -14 23 -17 -6 27 32 22 -22 -4 -1 -10 -26 -8 -3 -2 30 -7 -23 -12
right_child=1 5 3 6 17 29 26 -9 11 -11 19 -13 13 -15 -16 16 -18 -19 -20 -21 21 31 -24 -25 25 -27 -28 -29 -30 -31 -32 -33 -34
leaf_value=21.126267596590154 61.958960855403831 10.954001758954753 26.504385636568117 -30.293865271556715 31.466757552430067 53.651345680650067 45.025883991822852 -86.564490656404089 -37.680680244562808 -3.1210010836503566 52.852915833819139 -68.023444868003452 -0.082399099945592677 42.250557880184871 -69.943040457002013 -34.376079399132784 -12.176253331530059 0.88863467929396867 18.368968561890469 -6.0335190230925377 2.7173862360770964 68.676992774922724 -19.147908868102945 -17.460799497302094 66.974608458187006 -25.048662595628031 7.6940021183800189 -26.599193109502639 25.278657382665841 -31.262481900513247 8.7272720073666381 15.653366069574844 23.592724934496974
leaf_weight=189 544 148 1699 710 523 128 164 83 394 1759 530 75 1308 149 63 2253 696 491 157 107 1419 115 107 513 60 156 842 1239 183 86 483 147 351
leaf_count=189 544 148 1699 710 523 128 164 83 394 1759 530 75 1308 149 63 2253 696 491 157 107 1419 115 107 513 60 156 842 1239 183 86 483 147 351
internal_value=-0.0790487 9.6142 13.9071 10.0061 31.7204 -8.95009 -3.78011 -19.5537 -18.6039 -10.935 20.7116 -8.18864 -6.08177 1.17178 -3.29264 -24.8941 -29.1367 16.6602 -18.427 36.0805 16.3571 8.36104 23.7996 -7.07195 -24.1562 0.513306 13.7799 -22.5921 52.7258 12.0431 18.1386 38.9272 41.1954
internal_weight=17871 11932 9691 7950 1741 2241 3475 5939 5856 2469 4475 2205 2130 1520 1371 3651 2949 1014 1544 988 3487 1681 1806 702 610 216 1006 1387 727 697 611 262 881
internal_count=17871 11932 9691 7950 1741 2241 3475 5939 5856 2469 4475 2205 2130 1520 1371 3651 2949 1014 1544 988 3487 1681 1806 702 610 216 1006 1387 727 697 611 262 881
is_linear=0
shrinkage=0.0383886


Tree=59
num_leaves=34
num_cat=6
split_feature=35 35 36 28 25 41 31 35 31 28 0 41 34 41 3 41 20 20 31 28 0 3 11 35 41 0 32 3 0 0 4 11 23
split_gain=2.11681e+09 6.01022e+08 6.14072e+08 4.88705e+08 4.41817e+08 3.07004e+08 3.20074e+08 2.98278e+08 2.65529e+08 1.77498e+08 1.77428e+08 2.01529e+08 1.71843e+08 1.66365e+08 2.00716e+08 1.59665e+08 1.57497e+08 1.62185e+08 1.52437e+08 1.49052e+08 1.47526e+08 1.455e+08 1.65082e+08 1.449e+08 1.44428e+08 1.33745e+08 1.27324e+08 1.34847e+08 1.30761e+08 1.98992e+08 1.15475e+08 1.14279e+08 1.20748e+08
threshold=0.31250000000000006 0.52083333333333337 -0.9159756150367534 0 33.345017727174785 0.99349222267034787 1 0.14583333333333334 2 3 11.306136103246555 -0.013976481981245173 1.0000000180025095e-35 0.99349222267034787 282.89266168460512 0.99748108949426018 6.9198335328590386e-05 0.0029105792884643244 4 5 9.4343983843950685 302.18127455429709 38.602848198272433 1.0000000180025095e-35 -0.98521978256641018 9.5542763968319555 1.0000000180025095e-35 297.22874840860436 12.599358814455455 13.227464801632175 298.71878468210815 42.586850428693673 23.11931183519885
decision_type=2 2 2 1 2 2 1 2 1 1 2 2 2 2 2 2 2 2 1 1 2 2 2 2 2 2 2 2 2 2 2 2 2
left_child=5 8 4 10 -3 6 24 9 30 23 -4 26 16 14 -5 -15 31 -18 21 -9 -7 22 -16 -8 -1 -20 27 -12 -28 -30 -2 -10 -33
right_child=1 2 3 13 -6 20 7 19 12 -11 11 -13 -14 15 18 -17 17 -19 25 -21 -22 -23 -24 -25 -26 -27 28 -29 29 -31 -32 32 -34
leaf_value=21.026184538856377 0.84076012838583469 39.641166493036373 -49.686656775834216 25.864310443390227 5.3313464902772969 -98.020809253211993 11.06147583537135 6.596954844019403 53.056606133605186 -33.307996543962368 -18.8243593712772 24.289259938740564 -30.593977014617764 -77.105232485492493 -42.991394233859268 -4.8819945261888451 -28.292805413994092 34.363570614483919 35.539653708238156 -12.3414180205141 -31.354877560512794 31.539513512080941 7.9232745920033461 -19.765397297239208 -43.90810089155179 -10.842059889907667 -85.199278308984319 13.861697362237511 14.458781124761201 -46.005342233445283 43.514616336667125 21.111289075198595 39.884151485579054
leaf_weight=54 921 994 239 656 1247 102 295 1092 354 1212 878 178 71 68 101 134 132 113 99 1373 94 363 1325 943 774 1229 68 236 116 260 104 1139 907
leaf_count=54 921 994 239 656 1247 102 295 1092 354 1212 878 178 71 68 101 134 132 113 99 1373 94 363 1325 943 774 1229 68 236 116 260 104 1139 907
internal_value=-0.0760139 9.24513 3.42253 -3.02816 20.5495 -18.8031 -17.1906 -13.3759 21.9938 -22.889 -18.5823 -14.4071 28.2388 4.73481 6.5639 -29.1949 29.9248 0.605788 2.50195 -3.97498 -66.0485 9.78602 4.3171 -12.3202 -39.1998 -7.32918 -18.8281 -11.8998 -36.2111 -27.3515 5.12066 32.9178 29.4334
internal_weight=17871 11932 8191 5950 2241 5939 5743 4915 3741 2450 1975 1736 2716 3975 3773 202 2645 245 3117 2465 196 1789 1426 1238 828 1328 1558 1114 444 376 1025 2400 2046
internal_count=17871 11932 8191 5950 2241 5939 5743 4915 3741 2450 1975 1736 2716 3975 3773 202 2645 245 3117 2465 196 1789 1426 1238 828 1328 1558 1114 444 376 1025 2400 2046
cat_boundaries=0 1 2 3 4 5 6
cat_threshold=1584 64 72 4302 15 722
is_linear=0
shrinkage=0.0383886


Tree=60
num_leaves=34
num_cat=3
split_feature=36 3 41 29 2 0 32 40 29 29 31 28 0 36 3 0 0 31 0 0 0 8 0 0 0 0 0 0 5 36 3 20 24
split_gain=6.07419e+08 6.5089e+08 4.68469e+08 5.28708e+08 4.85619e+08 4.48759e+08 3.53588e+08 3.06589e+08 7.93253e+08 3.04496e+08 2.92203e+08 2.40811e+08 2.3472e+08 2.05782e+08 2.09436e+08 1.90224e+08 4.06146e+08 2.15962e+08 2.11016e+08 4.89566e+08 2.04559e+08 1.83172e+08 1.67147e+08 3.25276e+08 1.61883e+08 5.38332e+08 2.08831e+08 8.89264e+08 2.17417e+08 1.52418e+08 1.62729e+08 1.50121e+08 1.50034e+08
threshold=-0.9159756150367534 297.22874840860436 0.99981043035926087 102.50000000000001 0.69980586642454445 9.383286198812538 1.0000000180025095e-35 0.8697513045430848 128.50000000000003 104.50000000000001 0 1 13.147335034660054 0.25881904510252091 305.59778528038623 10.343377004440809 10.273140293585405 2 11.392509279963926 11.479216874820377 12.036569374833087 288.26047842113303 14.922006068462391 14.791974400548128 9.4614606470315064 9.493419996423194 9.5542763968319555 9.5938434878608341 280.28506853057473 0.25881904510252091 288.47562646777004 0.00014767297104091009 2.6575169950741131
decision_type=2 2 2 2 2 2 2 2 2 2 1 1 2 2 2 2 2 1 2 2 2 2 2 2 2 2 2 2 2 2 2 2 2
left_child=12 2 3 11 31 -6 9 8 -8 -7 13 24 -1 14 -3 16 -13 20 -19 -20 -17 -10 23 -23 -2 -26 28 -28 -27 -11 -31 -5 -29
right_child=1 10 -4 4 5 6 7 -9 21 29 -12 15 -14 -15 -16 17 -18 18 19 -21 -22 22 -24 -25 25 26 27 32 -30 30 -32 -33 -34
leaf_value=29.888516189543807 63.068318186244994 10.285238201761352 -92.046737672177827 19.160802243420825 -86.811029625091251 -76.002927941482199 86.045638838894533 -68.962105586610065 -55.002978605788549 -14.300021027675223 0.49302232251394351 4.628279904576222 4.7547024664907509 47.629471710896006 56.99057563384536 -10.236837910118108 -97.275278179934716 17.967110247832935 -98.221701510401701 0.83302398620466456 -77.486336646888105 -24.743267119759253 -61.129103552189456 36.765575186347981 -73.519763856872743 20.661994311859658 -99.548688954351576 61.541503817369438 104.93662651610204 -12.956423230160542 6.6424692509302972 -32.640400892479548 16.804842095602364
leaf_weight=1302 99 993 92 877 125 95 95 230 303 2119 1244 149 945 446 165 257 94 1026 79 1062 90 1004 142 145 101 107 97 120 78 985 1705 91 1392
leaf_count=1302 99 993 92 877 125 95 95 230 303 2119 1244 149 945 446 165 257 94 1026 79 1062 90 1004 142 145 101 107 97 120 78 985 1705 91 1392
internal_value=0.657131 -2.02958 -5.73347 -5.10658 -11.1825 -14.7315 -13.411 -27.3812 -21.7188 -7.94427 14.5638 5.017 19.3182 25.3157 16.9402 -2.34894 -34.7912 0.777535 5.30979 -6.02527 -26.9038 -28.1415 -21.837 -16.981 15.1374 12.7132 17.568 13.1268 56.1941 -6.59979 -0.534071 14.291 20.3554
internal_weight=17854 15607 12759 12667 7916 6948 6823 1919 1689 4904 2848 4751 2247 1604 1158 2757 243 2514 2167 1141 347 1594 1291 1149 1994 1895 1794 1609 185 4809 2690 968 1512
internal_count=17854 15607 12759 12667 7916 6948 6823 1919 1689 4904 2848 4751 2247 1604 1158 2757 243 2514 2167 1141 347 1594 1291 1149 1994 1895 1794 1609 185 4809 2690 968 1512
cat_boundaries=0 1 2 3
cat_threshold=30 18 64
is_linear=0
shrinkage=0.0383886


Tree=61
num_leaves=34
num_cat=2
split_feature=37 36 5 36 36 28 41 41 41 28 37 5 8 0 38 0 38 29 3 37 1 1 1 41 5 9 38 0 11 38 4 40 5
split_gain=1.5609e+09 6.24443e+08 4.90168e+08 4.65279e+08 4.18037e+08 3.81736e+08 3.2758e+08 4.72567e+08 3.20937e+08 3.1236e+08 2.87871e+08 3.69879e+08 2.63955e+08 2.13334e+08 2.02929e+08 1.93952e+08 1.9002e+08 2.76432e+08 1.78888e+08 1.7488e+08 2.09563e+08 1.77837e+08 1.70462e+08 1.49103e+08 1.46285e+08 1.42577e+08 1.39699e+08 1.34573e+08 1.90824e+08 1.65086e+08 1.68196e+08 2.2082e+08 1.32701e+08
threshold=0.60355339059327384 0.78656609248549325 285.50205361145515 0.12940952255126045 1.0000000180025095e-35 0 0.99530134160901229 0.99748108949426018 0.99958851518450398 1 -0.12940952255126037 303.17817675378018 291.7624719761838 13.9473812969101 -0.60785761079279388 13.688392990920709 -0.60785761079279388 70.500000000000014 293.63893628652812 -0.12940952255126037 0.31145223837260605 0.30965907852171354 0.19626269599425361 -0.39036009226888674 300.50506761969979 1029.193074763373 0.6078576107927941 9.5938434878608341 79.237089246456762 -0.60785761079279388 287.93029619493024 0.95752911693909493 299.89931526696125
decision_type=2 2 2 2 2 1 2 2 2 1 2 2 2 2 2 2 2 2 2 2 2 2 2 2 2 2 2 2 2 2 2 2 2
left_child=1 2 6 5 10 -2 19 -8 -9 13 11 14 22 15 32 16 -3 -18 -7 20 21 23 -11 -1 -6 -19 -13 28 -24 30 31 -29 -4
right_child=3 9 4 -5 24 18 7 8 -10 12 -12 26 -14 -15 -16 -17 17 25 -20 -21 -22 -23 27 -25 -26 -27 -28 29 -30 -31 -32 -33 -34
leaf_value=77.800583079353927 9.6996651790105197 -50.804982347744691 -36.096548695843921 -30.516275043181253 18.250443739973438 -29.656664652257106 -102.46456584639654 62.144802996240024 -47.944221894748182 -52.418857654725414 15.230236621018804 15.174630709679079 20.447057186130248 33.633411818832812 -4.194350920412484 -84.783556830814504 -76.514816294498658 4.8881553205409354 -5.2602814957726407 48.563876159911658 91.698625971812532 -18.251702245373021 -92.32569938983697 23.444572032569621 47.819787089939922 -46.994793819801245 66.159150643284789 -39.158175827103832 4.9294586684790893 7.9371594681539079 41.966103886122376 42.25655433014488 7.2481055774900325
leaf_weight=79 1180 256 577 2203 1679 966 66 100 64 110 1488 297 794 92 1927 80 86 515 818 684 67 144 58 1269 289 92 108 354 61 1109 58 57 127
leaf_count=79 1180 256 577 2203 1679 966 66 100 64 110 1488 297 794 92 1927 80 86 515 818 684 67 144 58 1269 289 92 108 354 61 1109 58 57 127
internal_value=0.631916 7.87564 13.3632 -17.1543 7.82308 -7.22289 27.907 -15.7244 19.1831 -5.34208 1.39809 -5.3813 1.99068 -22.1759 -10.6384 -27.3812 -22.5422 -12.1016 -18.3675 32.3811 25.281 22.2984 -6.10806 26.6301 22.5927 -2.97547 28.7706 -3.10617 -42.4721 -0.137499 -19.2309 -27.867 -28.2772
internal_weight=17854 12687 8965 5167 6492 2964 2473 230 164 3722 4524 3036 2601 1121 2631 1029 949 693 1784 2243 1559 1492 1807 1348 1968 607 405 1697 119 1578 469 411 704
internal_count=17854 12687 8965 5167 6492 2964 2473 230 164 3722 4524 3036 2601 1121 2631 1029 949 693 1784 2243 1559 1492 1807 1348 1968 607 405 1697 119 1578 469 411 704
cat_boundaries=0 1 2
cat_threshold=6158 6408
is_linear=0
shrinkage=0.0383886


Tree=62
num_leaves=34
num_cat=2
split_feature=35 35 32 3 35 41 25 28 24 28 10 36 25 5 11 0 0 29 1 42 29 29 0 0 18 16 10 22 1 1 41 35 35
split_gain=1.75711e+09 4.63342e+08 3.8771e+08 2.68414e+08 2.22784e+08 2.10066e+08 1.98943e+08 1.93618e+08 1.86445e+08 1.8279e+08 1.78078e+08 1.63645e+08 2.19944e+08 1.61312e+08 1.60812e+08 1.82696e+08 3.53669e+08 2.1283e+08 1.67928e+08 1.53018e+08 1.81809e+08 1.62823e+08 1.52184e+08 2.41121e+08 1.74415e+08 1.47789e+08 1.47138e+08 1.80382e+08 1.67456e+08 2.02858e+08 1.23476e+08 1.18158e+08 1.1747e+08
threshold=0.27083333333333343 0.93750000000000011 1.0000000180025095e-35 283.16171624416864 0.52083333333333337 0.99349222267034787 767.34588997475009 0 58.455702951036507 1 980.98851670508157 -0.9159756150367534 82.00043822520216 303.39153456151047 37.574146926681117 14.922006068462391 14.791974400548128 104.50000000000001 0.19522102932758698 0.68301270189221941 132.50000000000003 192.50000000000003 12.599358814455455 11.863492633897799 0.010423974426417204 78.53212902150463 1023.370583331813 0.057549025479178208 0.31038903935974738 0.30195332888550025 -0.9292178835113839 0.60416666666666685 0.18750000000000003
decision_type=2 2 2 2 2 2 2 1 2 1 2 2 2 2 2 2 2 2 2 2 2 2 2 2 2 2 2 2 2 2 2 2 2
left_child=5 2 3 26 6 7 -5 -1 14 -10 -9 12 -6 -13 18 16 17 22 -4 20 -19 -22 23 -16 -24 -23 27 28 29 -2 -8 -18 -12
right_child=1 -3 8 4 11 -7 30 10 9 -11 32 13 -14 -15 15 -17 31 19 -20 -21 21 25 24 -25 -26 -27 -28 -29 -30 -31 -32 -33 -34
leaf_value=-3.8076862798060627 34.224115850444079 -21.434500912766168 77.536319258737336 2.4768810707820523 35.412448025736474 -60.296072754195897 48.16335944645413 -71.018131829309254 63.655655188849721 -1.8414949827387308 -24.161473708279722 -0.22969494130318666 4.8152218084550427 34.160726216865093 8.9423664074091267 -48.769629672627659 94.797983370126929 51.415258498625079 8.7111974110799402 -55.390138099390022 -45.801230833301489 43.687324295290686 98.507602484054729 -54.484094322516206 7.5079548022174549 -13.09141508084846 10.020085175967342 -28.236464363399712 6.2957655275912323 75.680054724487547 22.562913744518958 21.31531429292767 -8.8274737951642326
leaf_weight=1287 444 727 63 643 594 169 340 103 116 133 2607 3087 830 215 704 143 64 63 306 133 217 72 54 101 73 1095 371 56 153 286 1514 65 1026
leaf_count=1287 444 727 63 643 594 169 340 103 116 133 2607 3087 830 215 704 143 64 63 306 133 217 72 54 101 73 1095 371 56 153 286 1514 65 1026
internal_value=0.607866 8.31957 10.132 14.5008 11.6012 -18.1991 20.8764 -16.7827 -0.825947 31.1537 -21.1855 6.70062 17.5784 2.00953 -3.35146 -6.50776 -4.21944 -7.40292 20.4619 -15.9849 -12.363 -15.2662 7.14597 0.984486 46.2009 -9.58834 30.4882 38.5751 42.8123 50.4658 27.2577 57.772 -19.831
internal_weight=17854 12662 11935 8533 7223 5192 2497 5023 3402 249 3736 4726 1424 3302 3153 2784 2641 2512 369 1580 1447 1384 932 805 127 1167 1310 939 883 730 1854 129 3633
internal_count=17854 12662 11935 8533 7223 5192 2497 5023 3402 249 3736 4726 1424 3302 3153 2784 2641 2512 369 1580 1447 1384 932 805 127 1167 1310 939 883 730 1854 129 3633
cat_boundaries=0 1 2
cat_threshold=642 4134
is_linear=0
shrinkage=0.0383886


Tree=63
num_leaves=34
num_cat=0
split_feature=35 35 32 41 14 9 41 39 26 1 41 1 30 35 32 40 41 0 0 38 30 30 41 0 41 41 0 0 0 0 1 40 40
split_gain=1.71406e+09 3.94841e+08 3.36908e+08 2.24546e+08 1.99137e+08 3.40385e+08 3.57384e+08 2.34538e+08 2.25029e+08 2.96109e+08 2.18451e+08 1.94192e+08 2.93153e+08 1.75431e+08 2.16435e+08 1.75243e+08 1.91238e+08 3.92132e+08 2.34049e+08 2.0983e+08 2.36915e+08 2.29904e+08 1.8132e+08 1.88121e+08 1.74691e+08 2.37949e+08 1.88305e+08 6.53974e+08 4.26534e+08 4.33965e+08 5.57722e+08 3.18145e+08 2.87913e+08
threshold=0.27083333333333343 0.93750000000000011 1.0000000180025095e-35 0.99349222267034787 1.5422955115738366 1020.6265550219919 0.080547328232315238 -0.22252093395631442 717.82902026268368 0.3112836758503818 0.02902440939733553 0.30195332888550025 0.11635865845311431 0.14583333333333334 1.0000000180025095e-35 0.81428061195174062 -0.67168186667784702 12.979431386883583 12.747691732338689 1.0000000180025095e-35 0.36276522929500349 0.36276522929500349 -0.90161545992537195 14.802234999908789 -0.98801846520836312 -0.99465740988130902 14.270395245566151 13.897120305775262 13.227464801632175 12.599358814455455 0.25087008104093111 -0.98803845231459242 -0.861146256326485
decision_type=2 2 2 2 2 2 2 2 2 2 2 2 2 2 2 2 2 2 2 2 2 2 2 2 2 2 2 2 2 2 2 2 2
left_child=3 2 4 13 -2 6 10 -7 9 11 15 12 -8 -1 -15 16 22 18 -18 20 -19 -21 -6 -24 25 -4 27 28 29 30 -26 -32 -33
right_child=1 -3 24 -5 5 7 8 -9 -10 -11 -12 -13 -14 14 -16 -17 17 19 -20 21 -22 -23 23 -25 26 -27 -28 -29 -30 -31 31 32 -34
leaf_value=-23.432902534182539 24.422875007901169 -19.830938530614905 5.4324484756053932 -61.273413121951485 16.296037091639413 -27.422294718826674 -31.500418194870164 5.4893858594421499 10.957196175160306 -32.406394492346429 -64.811606017938459 72.269074455273554 42.893452506553388 -1.4564369126708756 -28.436784051269495 -9.4409951356478778 15.879408359191586 148.68419539883061 -53.840898223971081 -32.932614188382821 54.56602351050914 51.212535736965357 -2.9369652981785923 -76.494445185389537 -66.985936976661392 98.730751186138619 -21.969826923610547 62.567376133873125 -43.957252764521854 42.691283262445523 91.969249998481729 -48.051993111661261 5.0152396766751854
leaf_weight=2921 1811 743 127 177 1042 518 88 831 690 80 61 270 691 1562 609 649 350 58 89 63 123 199 749 55 194 59 635 234 348 325 56 171 1267
leaf_count=2921 1811 743 127 177 1042 518 88 831 690 80 61 270 691 1562 609 649 350 58 89 63 123 199 749 55 194 59 635 234 348 325 56 171 1267
internal_value=-0.386666 7.3144 9.01887 -18.7675 13.1455 10.0538 14.468 -7.1483 28.2287 38.7843 7.18748 44.2135 34.4895 -17.29 -9.02486 8.48803 12.7534 27.4579 1.74472 52.9388 84.7256 30.9791 5.72776 -7.96891 -1.14901 35.0272 -3.23223 1.35289 -4.71411 2.07009 -5.75093 2.2006 -1.29525
internal_weight=17845 12576 11833 5269 8417 6606 5257 1349 1819 1129 3438 1049 779 5092 2171 3377 2728 882 439 443 181 262 1846 804 3416 186 3230 2595 2361 2013 1688 1494 1438
internal_count=17845 12576 11833 5269 8417 6606 5257 1349 1819 1129 3438 1049 779 5092 2171 3377 2728 882 439 443 181 262 1846 804 3416 186 3230 2595 2361 2013 1688 1494 1438
is_linear=0
shrinkage=0.0383886


Tree=64
num_leaves=34
num_cat=2
split_feature=35 31 35 20 34 38 20 23 1 2 29 29 31 34 23 2 29 35 1 2 1 7 44 27 35 5 14 2 2 29 29 29 44
split_gain=1.58499e+09 3.98858e+08 3.05299e+08 2.69045e+08 2.79647e+08 2.86973e+08 2.48137e+08 2.42131e+08 2.23449e+08 2.14173e+08 2.16607e+08 3.82191e+08 2.0591e+08 2.43337e+08 1.84101e+08 1.74155e+08 1.74056e+08 1.66444e+08 1.65064e+08 1.64374e+08 1.71085e+08 1.50368e+08 1.50674e+08 1.48125e+08 1.42673e+08 1.56419e+08 1.26154e+08 1.41071e+08 1.93792e+08 1.63745e+08 2.48048e+08 2.36727e+08 1.74954e+08
threshold=0.27083333333333343 0 0.85416666666666685 0.00010379750299288557 1.0000000180025095e-35 -1.0000000180025095e-35 0.0028308242838981112 34.585061501069312 0.23714169796623349 0.70012165971392115 246.50000000000003 241.50000000000003 1 1.0000000180025095e-35 59.647842789695325 0.6969150038320101 86.500000000000014 0.14583333333333334 0.26815408119534795 0.81433242692564256 0.20501011229713353 283.09931615817271 0.83710381088611852 0.53250290167096181 0.56250000000000011 297.19085000118133 1.3318817003477819 0.70473638834575514 0.69980586642454445 275.50000000000006 255.50000000000003 247.50000000000003 0.25790389450448498
decision_type=2 1 2 2 2 2 2 2 2 2 2 2 1 2 2 2 2 2 2 2 2 2 2 2 2 2 2 2 2 2 2 2 2
left_child=12 14 3 4 9 -6 -5 -8 -9 15 11 21 13 17 19 -3 -4 -1 -19 20 -2 22 -11 -7 25 -23 -22 28 -28 30 31 -29 -31
right_child=1 2 16 6 5 23 7 8 -10 10 -12 -13 -14 -15 -16 -17 -18 18 -20 -21 26 24 -24 -25 -26 -27 27 29 -30 32 -32 -33 -34
leaf_value=-17.447586006230491 -55.69658476860868 -6.998309002548373 15.602279300144188 -26.238773857682133 -93.955147680411244 -39.647947006929662 36.484253014095358 -86.412573966341924 14.897229156652916 43.903989143481525 1.63342044246865 82.248991629731691 -26.899522953220327 -75.875267002633848 33.565737862128053 51.187891297354327 -10.929650145274325 11.161368449452297 -18.084002660663526 18.681957255291106 -44.160313181959069 14.845773228804505 -1.3189447933086105 43.035654562494095 7.9656483967747596 36.767870324083646 3.371141937199821 -9.2031553620322608 -91.614624207679654 -4.5611117355406536 -83.468736762236247 73.848435224417941 89.603891278096995
leaf_weight=1698 155 93 491 472 68 61 261 55 77 496 1519 133 2233 84 135 410 1413 818 436 211 168 1721 139 67 2608 665 60 798 67 63 62 54 54
leaf_count=1698 155 93 491 472 68 61 261 55 77 496 1519 133 2233 84 135 410 1413 818 436 211 168 1721 139 67 2608 665 60 798 67 63 62 54 54
internal_value=-0.371822 7.03361 9.84751 12.8584 15.0627 -30.225 -7.47735 15.0554 -27.3151 16.203 14.5293 17.929 -18.047 -11.4098 -9.52349 40.4298 -4.08764 -9.61403 0.993108 -13.0178 -17.5341 16.4093 34.0048 3.63163 14.1719 20.9557 -13.0731 -8.56305 -46.7394 -3.86042 -9.3341 -3.93929 38.8996
internal_weight=17845 12576 10749 8845 7980 196 865 393 132 7784 7281 5762 5269 3036 1827 503 1904 2952 1254 1692 1481 5629 635 128 4994 2386 1326 1158 127 1031 914 852 117
internal_count=17845 12576 10749 8845 7980 196 865 393 132 7784 7281 5762 5269 3036 1827 503 1904 2952 1254 1692 1481 5629 635 128 4994 2386 1326 1158 127 1031 914 852 117
cat_boundaries=0 1 2
cat_threshold=64 30
is_linear=0
shrinkage=0.0383886


Tree=65
num_leaves=34
num_cat=4
split_feature=37 36 36 28 5 36 37 10 5 31 0 0 0 41 41 41 5 32 0 8 31 0 1 30 30 27 16 0 6 5 37 23 31
split_gain=1.16839e+09 4.90642e+08 4.0202e+08 3.44295e+08 3.43616e+08 3.27871e+08 2.75295e+08 2.6773e+08 2.60699e+08 2.32805e+08 2.40337e+08 2.70347e+08 3.05385e+08 1.96601e+08 3.35195e+08 1.90004e+08 1.89915e+08 1.87018e+08 1.71728e+08 1.69597e+08 1.61504e+08 1.54116e+08 1.42004e+08 1.36655e+08 1.62716e+08 1.301e+08 1.54577e+08 1.22727e+08 1.42188e+08 1.18983e+08 1.10468e+08 1.09977e+08 1.05002e+08
threshold=0.60355339059327384 0.78656609248549325 0.12940952255126045 0 283.06957386408669 1.0000000180025095e-35 -0.12940952255126037 1030.5838112130957 303.17817675378018 1 14.760010628743727 14.22402246062296 12.599358814455455 0.99530134160901229 0.9980355542543059 -0.065537083312030994 292.70260603697096 1.0000000180025095e-35 14.760010628743727 292.65560746083537 2 14.194381159041477 0.31112149931579086 0.094455852156057507 0.11635865845311431 0.51625003028025629 182.11290226510275 14.93322116728967 298.48945284947928 300.70177503227654 -0.12940952255126037 2.3495610334823378 3
decision_type=2 2 2 1 2 2 2 2 2 1 2 2 2 2 2 2 2 2 2 2 1 2 2 2 2 2 2 2 2 2 2 2 1
left_child=1 4 3 -2 13 6 8 9 17 10 11 12 -3 30 -15 -8 22 -6 -5 -14 -10 -18 23 -11 -25 31 -27 -20 -29 -7 -1 -26 -31
right_child=2 7 -4 18 5 29 15 -9 20 16 -12 -13 19 14 -16 -17 21 -19 27 -21 -22 -23 -24 24 25 26 -28 28 -30 32 -32 -33 -34
leaf_value=25.728145836174342 -24.89527815608357 -52.072254251977988 -27.778302998475681 8.1374783613730415 -1.9180089244415697 16.39706781677252 5.0425290722392884 -55.619076251869302 45.820415231577662 27.721039110209119 43.237623434987697 -111.00446405075365 55.997532109788366 -87.699030065021134 31.61700954060753 31.087958603914323 -8.0479725206655335 -23.17809664397484 -39.157104537204901 -30.219233143263981 -4.029699446439456 39.269922921243271 -46.062917803798079 -58.919212928080938 13.598655806971443 18.821360356430986 -9.4156678374189635 -23.003616921484024 55.018283413284294 13.379601921050645 50.616813995829823 -18.210380842664584 64.081798419702366
leaf_weight=752 975 237 2264 1640 2151 2123 1134 152 222 213 61 64 80 55 94 649 153 851 219 58 168 301 111 78 197 648 511 92 55 129 404 857 147
leaf_count=752 975 237 2264 1640 2151 2123 1134 152 222 213 61 64 80 55 94 649 153 851 219 58 168 301 111 78 197 648 511 92 55 129 404 857 147
internal_value=-0.358127 5.97948 -15.5829 -6.32074 10.8834 7.74872 2.31056 -5.72231 -4.10883 -3.59725 -27.6095 -38.0828 -25.6374 29.0769 -12.4258 14.5229 0.403457 -7.94478 2.81732 19.7614 25.418 23.3236 -3.57424 -1.69075 -4.42524 -2.50452 6.37172 -20.9446 6.18816 19.4796 34.4263 -12.265 43.1907
internal_weight=17845 12600 5245 2981 8879 7574 5175 3721 3392 3569 500 439 375 1305 149 1783 3069 3002 2006 138 390 454 2615 2504 2291 2213 1159 366 147 2399 1156 1054 276
internal_count=17845 12600 5245 2981 8879 7574 5175 3721 3392 3569 500 439 375 1305 149 1783 3069 3002 2006 138 390 454 2615 2504 2291 2213 1159 366 147 2399 1156 1054 276
cat_boundaries=0 1 2 3 4
cat_threshold=1584 64 46 81
is_linear=0
shrinkage=0.0383886


Tree=66
num_leaves=34
num_cat=3
split_feature=35 35 41 5 35 29 35 40 29 6 4 25 31 31 35 40 34 41 1 1 31 41 14 27 29 22 1 6 20 25 35 14 14
split_gain=1.3107e+09 3.59408e+08 3.20559e+08 3.50435e+08 2.89219e+08 2.30866e+08 2.21725e+08 1.96941e+08 1.96811e+08 1.91179e+08 1.90764e+08 2.04757e+08 1.83635e+08 1.83234e+08 1.75411e+08 1.59454e+08 1.54068e+08 1.53782e+08 2.57921e+08 1.48085e+08 1.32756e+08 1.85087e+08 1.77337e+08 1.75567e+08 1.38529e+08 1.27878e+08 1.22222e+08 1.18058e+08 1.17021e+08 1.1092e+08 1.55012e+08 1.09736e+08 1.09387e+08
threshold=0.27083333333333343 0.89583333333333337 0.99981043035926087 285.73531697820692 0.56250000000000011 357.50000000000006 0.35416666666666669 -0.92274349529687905 358.50000000000006 293.04651232503625 303.97062024232383 414.51029897737334 0 1 0.81250000000000011 -0.78326540922535159 1.0000000180025095e-35 -0.61915584096709908 0.21818854835106441 0.31078108157386364 2 -0.9292178835113839 2.6978624581546802 0.31139250897865672 183.50000000000003 0.10423974426417186 0.27063193953688308 291.0262462412125 0.0049538396062559871 268.51848735025266 0.60416666666666685 1.5242742981485231 1.7947164865851242
decision_type=2 2 2 2 2 2 2 2 2 2 2 2 1 1 2 2 2 2 2 2 1 2 2 2 2 2 2 2 2 2 2 2 2
left_child=8 2 3 5 9 6 -2 -8 12 17 11 14 -1 -13 -6 -9 27 18 -5 -7 21 32 23 24 -22 29 -16 -14 -15 -17 -31 -29 -11
right_child=1 -3 -4 4 10 19 7 15 -10 20 -12 13 16 28 26 25 -18 -19 -20 -21 22 -23 -24 -25 -26 -27 -28 31 -30 30 -32 -33 -34
leaf_value=-26.920014165267968 2.627253722677775 -11.439962678305427 -73.067897119537179 -0.021616959747901572 18.851251050615669 -62.87800522106798 -20.861052237676383 78.966262225903037 -73.342855689285798 88.712178080561117 15.593502947838159 -31.751455991928136 -13.821496835068869 -4.0774444587257337 -12.347284866834205 37.662305500365633 -62.795675707984316 13.355575613185845 -72.412849604809296 17.476189408160636 36.899309246083895 20.740787973676365 -44.111913992364677 40.821227240615706 -31.324312198568631 -31.757027422895618 46.644929122288964 19.809828244641427 -61.16843557591789 27.838659255103771 -2.5091301467698117 -7.4526744201881003 39.256701495691459
leaf_weight=1465 750 1459 70 575 709 81 125 89 88 123 745 579 2608 1392 683 1017 82 1397 83 58 67 395 75 252 127 54 56 331 55 1115 319 635 142
leaf_count=1465 750 1459 70 575 709 81 125 89 88 123 745 579 2608 1392 683 1017 82 1397 83 58 67 395 75 252 127 54 56 331 55 1115 319 635 142
internal_value=-0.224317 6.47548 8.82334 9.3415 4.58837 19.1626 21.1064 26.2037 -16.4201 13.222 -2.03367 -5.81383 -15.4419 -13.6929 5.21026 28.4716 -10.7395 6.14842 -9.15307 -29.3488 25.5303 36.8339 10.3062 19.6884 -7.76246 26.6776 -7.87694 -9.57523 -6.20459 27.965 21.0876 1.88881 62.2116
internal_weight=17801 12592 11133 11063 7455 3608 3469 2719 5209 3236 4219 3474 5121 2026 1448 2594 3656 2055 658 139 1181 660 521 446 194 2505 739 3574 1447 2451 1434 966 265
internal_count=17801 12592 11133 11063 7455 3608 3469 2719 5209 3236 4219 3474 5121 2026 1448 2594 3656 2055 658 139 1181 660 521 446 194 2505 739 3574 1447 2451 1434 966 265
cat_boundaries=0 1 2 3
cat_threshold=65 96 46
is_linear=0
shrinkage=0.0383886


Tree=67
num_leaves=34
num_cat=6
split_feature=35 31 35 20 7 35 20 28 41 15 24 5 14 41 30 31 4 23 40 28 40 24 40 40 30 30 31 6 41 6 24 5 31
split_gain=1.21211e+09 3.40395e+08 2.88998e+08 2.54727e+08 2.20725e+08 2.36104e+08 2.02832e+08 1.99932e+08 2.00497e+08 2.16739e+08 1.99313e+08 1.98381e+08 1.90634e+08 1.8419e+08 1.81977e+08 1.69962e+08 1.46702e+08 1.37625e+08 1.50374e+08 1.8513e+08 1.42033e+08 2.91406e+08 1.50684e+08 1.24399e+08 2.38427e+08 1.93786e+08 1.23447e+08 1.17822e+08 1.16294e+08 1.08513e+08 1.06704e+08 1.34009e+08 1.71858e+08
threshold=0.27083333333333343 0 0.85416666666666685 8.6866453553476668e-05 289.1323849294194 0.72916666666666685 0.013498123222249905 1 -0.50557503990954278 181.31535226928466 62.987658714647743 296.32576146096483 1.4780142910846255 0.99530134160901229 0.98151950718685843 2 285.359185147517 28.607193601938899 -0.99763297024448894 3 0.98213580174693105 7.1371996659651629 0.95752911693909493 0.80926549319045582 0.35728952772073924 0.32991101984941823 4 291.0262462412125 0.98174098242282837 300.94209005178703 23.200921885512425 303.17817675378018 5
decision_type=2 1 2 2 2 2 2 1 2 2 2 2 2 2 2 1 2 2 2 1 2 2 2 2 2 2 1 2 2 2 2 2 1
left_child=14 10 3 4 5 13 7 8 9 -5 -2 17 -13 -3 15 -1 28 18 -6 -20 22 -22 -21 24 -19 -25 -26 -17 -4 -18 31 -14 -33
right_child=1 2 16 6 11 -7 -8 -9 -10 -11 -12 12 30 -15 -16 27 29 23 19 20 21 -23 -24 25 26 -27 -28 -29 -30 -31 -32 32 -34
leaf_value=-25.893597775347594 -12.354164456717093 19.244088991848759 19.156951604459163 -47.899658510011918 57.128565252295253 41.623365825904216 59.508494243752629 -28.076762416338493 52.908900212541234 30.227352104838879 45.077794326293592 47.012443592321084 3.496714798925439 -22.553351228336098 -70.527327160565406 -14.514334824297006 -15.565620019031151 94.560995380645878 5.7944712588438056 -18.590030736732686 84.872543853312706 -37.386237715824272 -80.970696278600073 8.7512704816168156 32.002220867796083 -72.33438712654754 -1.796722443105883 1.064220358331684 -26.572155732740555 22.180980254316498 39.951302043932372 -5.8556575310960124 46.788279497665705
leaf_weight=1465 1691 2067 476 111 60 702 61 493 110 99 94 291 1162 168 88 2680 1183 63 1131 717 56 59 62 222 331 54 305 976 99 124 199 142 260
leaf_count=1465 1691 2067 476 111 60 702 61 493 110 99 94 291 1162 168 88 2680 1183 63 1131 717 56 59 62 222 331 54 305 976 99 124 199 142 260
internal_value=-0.216971 6.22593 8.78714 11.678 13.8148 22.2023 -8.00564 -13.0713 10.5928 -11.0683 -9.27775 8.99782 18.2264 16.1023 -15.7918 -14.8512 -4.87545 2.80324 -2.764 -4.5386 -17.4803 22.1484 -23.5549 14.7086 23.325 -7.11328 16.2685 -10.3273 11.2836 -11.9844 13.4749 10.1061 29.2108
internal_weight=17801 12592 10807 8925 8051 2937 874 813 320 210 1785 5114 2054 2235 5209 5121 1882 3060 2085 2025 894 115 779 975 699 276 636 3656 575 1307 1763 1564 402
internal_count=17801 12592 10807 8925 8051 2937 874 813 320 210 1785 5114 2054 2235 5209 5121 1882 3060 2085 2025 894 115 779 975 699 276 636 3656 575 1307 1763 1564 402
cat_boundaries=0 1 2 3 4 5 6
cat_threshold=64 1636 65 2728 22 17
is_linear=0
shrinkage=0.0383886


Tree=68
num_leaves=34
num_cat=1
split_feature=37 31 34 8 10 0 0 0 0 0 0 0 0 40 29 5 40 10 37 40 40 40 29 24 39 41 41 29 24 29 4 38 10
split_gain=1.01729e+09 4.01959e+08 3.67512e+08 3.02652e+08 2.59599e+08 2.44996e+08 6.84404e+08 3.73758e+08 8.61438e+08 5.6295e+08 6.42289e+08 4.69258e+08 6.14643e+08 3.36962e+08 2.16602e+08 2.63652e+08 2.10261e+08 1.88846e+08 1.86806e+08 1.57e+08 1.59787e+08 2.59055e+08 1.53708e+08 2.25593e+08 2.82425e+08 1.45124e+08 3.86047e+08 2.40455e+08 2.11082e+08 1.91436e+08 1.40408e+08 1.28441e+08 1.28115e+08
threshold=0.60355339059327384 0 1.0000000180025095e-35 282.17964582106555 1013.4865804135442 14.939170852569399 14.811974400548127 14.22402246062296 13.929108357859096 13.125966672129577 12.599358814455455 11.818925934643097 11.348975741552261 -0.861146256326485 84.500000000000014 295.12998512454379 0.099822040462190967 1030.5838112130957 -0.78656609248549325 0.99939377080793557 -0.99763297024448894 -0.99467753128998015 344.50000000000006 29.687052855320989 -0.56174490092936669 0.98174098242282837 0.82777578779003613 38.500000000000007 15.468688346034096 10.500000000000002 295.48673286020374 1.0000000180025095e-35 1025.3445628971515
decision_type=2 1 2 2 2 2 2 2 2 2 2 2 2 2 2 2 2 2 2 2 2 2 2 2 2 2 2 2 2 2 2 2 2
left_child=1 3 17 -1 -4 6 7 8 9 10 11 12 13 -5 -2 -16 -6 18 -3 20 -20 -22 23 24 -19 26 27 -23 -27 -30 -9 32 -28
right_child=14 2 4 5 16 -7 -8 30 -10 -11 -12 -13 -14 -15 15 -17 -18 22 19 -21 21 25 -24 -25 -26 28 31 -29 29 -31 -32 -33 -34
leaf_value=-51.626313804589785 -0.99453573031012932 18.613683479995224 22.046548265317494 -95.073269263370079 -97.424785849151888 -65.14222118170126 89.116893258830089 -89.039849046179384 101.35856414014908 -66.787413672389263 81.566159257197796 -73.599855473884631 95.988862186653961 0.32632470361756205 -23.903001987990976 2.112045035706501 -12.250432117588163 -127.5242302438913 50.45714025901259 55.702694620010824 -69.91407232900093 -63.995650707285812 9.8649290376419323 23.332902716194244 -21.001628114674265 -60.480806522913355 29.214431104088117 5.1832723908087335 42.577038593146867 -37.640661001516385 -28.307093689665571 48.673283575617738 -23.874720032576182
leaf_weight=237 1291 2979 76 64 105 94 114 95 112 210 131 141 91 370 3151 702 72 61 120 97 66 75 177 62 92 115 303 5809 97 80 137 389 86
leaf_count=237 1291 2979 76 64 105 94 114 95 112 210 131 141 91 370 3151 702 72 61 120 97 66 75 177 62 92 115 303 5809 97 80 137 389 86
internal_value=-0.208146 5.64229 8.42106 -11.1467 -37.2968 -5.06445 -1.20962 -8.83156 0.362316 -10.8706 3.86277 -11.4212 5.27817 -13.7418 -14.6034 -19.1632 -62.7777 9.51937 10.5227 7.19217 6.53313 5.78229 -16.6285 -38.4395 -63.4716 6.50072 7.66175 4.30148 -19.9883 6.32036 -53.1762 33.0754 17.4775
internal_weight=17801 12657 10861 1796 253 1559 1465 1351 1119 1007 797 666 525 434 5144 3853 177 10608 10216 7237 7140 7020 392 215 153 6954 6662 5884 292 177 232 778 389
internal_count=17801 12657 10861 1796 253 1559 1465 1351 1119 1007 797 666 525 434 5144 3853 177 10608 10216 7237 7140 7020 392 215 153 6954 6662 5884 292 177 232 778 389
cat_boundaries=0 1
cat_threshold=64
is_linear=0
shrinkage=0.0383886


Tree=69
num_leaves=34
num_cat=6
split_feature=35 35 36 25 4 35 32 36 28 28 29 40 0 38 29 29 0 0 28 51 28 14 28 38 40 40 4 29 29 40 40 28 0
split_gain=1.08003e+09 3.55299e+08 3.33907e+08 3.92307e+08 2.83871e+08 2.36694e+08 1.94252e+08 1.7621e+08 1.735e+08 1.55004e+08 1.22464e+08 1.20181e+08 1.19896e+08 1.29115e+08 1.17225e+08 1.12943e+08 1.11092e+08 1.29112e+08 1.71253e+08 1.25463e+08 1.10525e+08 1.05572e+08 1.37726e+08 9.6696e+07 9.63404e+07 9.53297e+07 9.48591e+07 1.28314e+08 9.47987e+07 9.3659e+07 1.03699e+08 1.2487e+08 9.36244e+07
threshold=0.27083333333333343 0.56250000000000011 -0.70710678118654735 414.51029897737334 286.4156501388556 0.35416666666666669 1.0000000180025095e-35 -0.9159756150367534 0 1 12.500000000000002 0.75014288946266361 9.5938434878608341 1.0000000180025095e-35 36.500000000000007 358.50000000000006 14.93322116728967 14.760010628743727 2 1.0000000180025095e-35 3 1.6861148901203029 4 0.87837969732492682 -0.97876850416056738 0.91939013254733981 301.55440132369836 170.50000000000003 253.50000000000003 -0.62588817255938378 -0.77245553105869302 5 9.4230300218645908
decision_type=2 2 2 2 2 2 2 2 1 1 2 2 2 2 2 2 2 2 1 2 1 2 1 2 2 2 2 2 2 2 2 1 2
left_child=8 5 3 4 10 -2 16 -6 12 11 -3 26 -1 28 -10 24 17 18 -4 -18 -9 22 25 -24 -16 32 -5 -28 -14 30 31 -26 -7
right_child=1 2 6 9 7 21 -8 20 14 -11 -12 -13 13 -15 15 -17 19 -19 -20 -21 -22 -23 23 -25 29 -27 27 -29 -30 -31 -32 -33 -34
leaf_value=-34.775494411767568 1.5284790178753243 -5.1996896496467873 41.018579653759502 -17.65183354941778 20.268695470060852 9.6042899831929081 -24.213217457608721 29.023364892419384 -66.444244645323025 -23.040320024792425 40.692375651354254 44.529202013404799 -5.0869079478959707 11.088393717024184 17.571175624954048 -63.83655584293453 76.216812910086432 -36.461006261522414 -4.6622489487667824 -4.3772884564795573 -6.8898146183899813 14.847204481243921 10.391061488716064 53.025666575237409 -39.749015257171571 5.9066048732214638 58.252478497176902 0.80004094746450505 -37.166945944868182 -14.48606740227344 -47.329691369586001 0.86333411169666374 54.284620939965514
leaf_weight=175 1482 97 120 351 1013 81 834 136 76 581 735 89 812 708 114 78 55 170 1730 59 929 2418 608 90 201 94 66 434 163 2268 306 245 471
leaf_count=175 1482 97 120 351 1013 81 834 136 76 581 735 89 812 708 114 78 55 170 1730 59 929 2418 608 90 201 94 66 434 163 2268 306 245 471
internal_value=0.84387 6.87857 1.46081 8.13518 16.3933 14.5227 -8.50352 8.80658 -13.9825 -7.66443 35.342 2.06233 -4.5096 -1.38931 -19.2632 -18.2068 -2.36392 -4.44469 -1.50264 34.5057 -2.09587 19.6417 28.2674 15.664 -17.0712 41.008 -2.35473 8.38381 -10.4501 -18.3789 -30.1194 -18.3114 47.7283
internal_weight=17789 12643 7399 4431 2910 5244 2968 2078 5146 1521 832 940 1858 1683 3288 3212 2134 2020 1850 114 1065 3762 1344 698 3134 646 851 500 975 3020 752 446 552
internal_count=17789 12643 7399 4431 2910 5244 2968 2078 5146 1521 832 940 1858 1683 3288 3212 2134 2020 1850 114 1065 3762 1344 698 3134 646 851 500 975 3020 752 446 552
cat_boundaries=0 1 2 3 4 5 6
cat_threshold=706 992 128 2056 4298 1024
is_linear=0
shrinkage=0.0383886


Tree=70
num_leaves=34
num_cat=6
split_feature=35 35 36 26 28 31 35 38 31 7 28 2 2 3 8 5 1 9 3 14 38 14 8 18 9 10 10 2 28 28 1 1 10
split_gain=9.99099e+08 3.28447e+08 3.08578e+08 3.31873e+08 3.17551e+08 2.29327e+08 1.81826e+08 1.79736e+08 1.68485e+08 1.85554e+08 1.66173e+08 1.51594e+08 1.78028e+08 1.50093e+08 1.42135e+08 1.32881e+08 1.22861e+08 1.49371e+08 1.13632e+08 1.13428e+08 1.08806e+08 1.15756e+08 1.0843e+08 1.06371e+08 1.10594e+08 1.01168e+08 1.57942e+08 1.53346e+08 1.09792e+08 9.77217e+07 1.14854e+08 9.73853e+07 9.42954e+07
threshold=0.27083333333333343 0.56250000000000011 -0.70710678118654735 712.53236334550797 0 1 0.81250000000000011 -0.60785761079279388 2 291.29801116197535 3 0.79195591258262032 0.79872595174458649 301.64493828016526 298.51010545603862 295.65747434985684 0.3112836758503818 1020.0340168397103 278.81799352181957 1.6861148901203029 -0.60785761079279388 2.8357995916576626 303.57372909772613 0.077883517761276791 1016.1852013734228 1018.6264753712111 1002.1694091606772 0.75599248676441289 4 5 0.20163042157393737 0.31162409359230914 1031.2237039028585
decision_type=2 2 2 2 1 1 2 2 1 2 1 2 2 2 2 2 2 2 2 2 2 2 2 2 2 2 2 2 1 1 2 2 2
left_child=8 5 3 4 16 13 -6 -4 9 31 11 15 -13 18 20 -7 17 23 -2 -12 21 -5 -9 24 -3 26 -20 -28 -27 30 -11 -1 -21
right_child=1 2 7 14 6 10 -8 22 -10 29 19 12 -14 -15 -16 -17 -18 -19 25 32 -22 -23 -24 -25 -26 28 27 -29 -30 -31 -32 -33 -34
leaf_value=-12.554372498633587 -48.092867087249324 20.379881150753011 -23.283705245141398 -69.417877344290716 22.261556365498681 7.4345538761076817 -7.0086233985753017 -5.6294656434039156 -21.427942606705553 3.9806035698095639 34.173143476917495 -64.568083191495461 8.5407795622049676 35.578908302355345 5.8818425457383334 49.948970538574841 -8.3154532353270163 19.398526858787545 -19.666241618136404 19.747236135217516 -7.2186373756774476 -16.789973598648341 20.000099348918969 68.938854745354092 61.686622641519904 -42.667934642752911 50.424193266434358 6.0446571522614923 -2.2983330313714214 -5.5163849003000474 43.033427280883856 -63.041633455481751 -29.728553807032029
leaf_weight=1925 78 263 834 99 484 813 884 1854 2214 282 1055 88 111 166 877 125 112 562 212 1501 627 163 280 210 150 130 164 382 360 484 183 58 59
leaf_count=1925 78 263 834 99 484 813 884 1854 2214 282 1055 88 111 166 877 125 112 562 212 1501 627 163 280 210 150 130 164 382 360 484 183 58 59
internal_value=0.811401 6.61558 1.40657 7.8228 16.3751 13.9652 3.3229 -8.17238 -13.4487 -7.3253 19.0041 6.58584 -23.7887 1.15866 -5.08317 13.1001 29.8858 33.7486 -3.14161 24.3578 -15.9002 -36.6762 -2.26663 46.6936 35.3824 -0.332141 8.45566 19.3748 -13.9264 6.60965 18.9425 -14.0311 17.876
internal_weight=17789 12643 7399 4431 2665 5244 1368 2968 5146 2932 3752 1137 199 1492 1766 938 1297 1185 1326 2615 889 262 2134 623 413 1248 758 546 490 949 465 1983 1560
internal_count=17789 12643 7399 4431 2665 5244 1368 2968 5146 2932 3752 1137 199 1492 1766 938 1297 1185 1326 2615 889 262 2134 623 413 1248 758 546 490 949 465 1983 1560
cat_boundaries=0 1 2 3 4 5 6
cat_threshold=6158 72 30 3344 836 1216
is_linear=0
shrinkage=0.0383886


Tree=71
num_leaves=34
num_cat=7
split_feature=37 36 36 37 36 28 34 6 31 6 3 48 31 28 4 0 41 10 14 4 6 31 24 31 6 0 9 27 0 28 10 24 0
split_gain=7.78352e+08 3.53295e+08 3.69632e+08 4.26171e+08 3.3424e+08 2.87827e+08 2.50226e+08 2.43742e+08 2.01703e+08 1.99506e+08 1.81211e+08 1.64385e+08 1.58581e+08 1.53491e+08 1.42468e+08 1.62095e+08 1.33194e+08 1.30657e+08 1.30514e+08 1.57007e+08 1.15484e+08 1.12172e+08 1.35824e+08 1.10748e+08 1.03464e+08 1.49972e+08 1.27177e+08 1.02752e+08 1.48618e+08 1.39399e+08 1.10571e+08 1.51978e+08 1.6458e+08
threshold=0.60355339059327384 0.78656609248549325 1.0000000180025095e-35 -0.12940952255126037 0.12940952255126045 0 1.0000000180025095e-35 286.60920748848929 1 296.66668740627455 305.59778528038623 1.0000000180025095e-35 2 3 291.02077988058164 12.640368478567412 -0.98521978256641018 1030.5838112130957 3.202905080294268 286.86786899993615 275.02941284327972 4 6.0753451525521802 5 287.22281904947613 12.788110409589439 1020.1247020198502 0.67671819145076972 14.89703437938036 6 1006.4866748181615 2.6575169950741131 14.886690304456389
decision_type=2 2 2 2 2 1 2 2 1 2 2 2 1 1 2 2 2 2 2 2 2 1 2 1 2 2 2 2 2 1 2 2 2
left_child=1 2 3 10 5 -2 8 -5 13 -7 12 17 -1 14 15 -3 -16 18 27 -20 -15 22 -12 -4 25 -14 -26 30 29 -29 -10 -32 -33
right_child=4 6 23 7 -6 9 -8 -9 11 -11 21 -13 24 20 16 -17 -18 -19 19 -21 -22 -23 -24 -25 26 -27 -28 28 -30 -31 31 32 -34
leaf_value=-18.966290678728715 11.256813738954747 21.940424082983874 9.0392569511587606 37.598355943923607 -23.100502950594439 -22.178039855131189 -75.440739853826543 9.6195544194640057 -35.025869406950449 4.9861290940497964 -44.813575400905655 -40.321026216104563 5.8259237559952917 49.59828870657509 1.1957500073600382 -40.446561111124836 60.869758340598921 -64.299793677720999 -14.17678846758961 -88.052525929535435 -5.4721829376456954 44.435548705807633 29.907571957917291 25.734227704657275 -0.70575427924164169 69.346482752871722 -26.897704577434183 -3.8758769211829054 -43.884275152816585 35.552321638223674 33.67370235036055 -16.28548876654018 52.091558013315336
leaf_weight=974 1186 244 857 652 2200 1194 71 1549 186 598 62 240 765 60 77 82 194 56 185 55 867 169 85 2132 1271 59 348 238 63 293 143 577 57
leaf_count=974 1186 244 857 652 2200 1194 71 1549 186 598 62 240 765 60 77 82 194 56 185 55 867 169 85 2132 1271 59 348 238 63 293 143 577 57
internal_value=0.7787 5.92412 10.055 4.5097 -11.753 -3.36994 -4.07028 17.9077 -2.6693 -13.0404 -3.38984 -10.3776 -5.96195 7.93298 22.9616 6.24794 43.9145 -6.55532 -4.75581 -31.1067 -1.88737 24.423 -1.50499 21.0638 -0.696747 10.3741 -6.33566 -0.693996 11.8626 18.4767 -8.43921 -2.07481 -10.138
internal_weight=17789 12611 8923 5934 5178 2978 3688 2201 3617 1792 3733 2093 3417 1524 597 326 271 1853 1797 240 927 316 147 2989 2443 824 1619 1557 594 531 963 777 634
internal_count=17789 12611 8923 5934 5178 2978 3688 2201 3617 1792 3733 2093 3417 1524 597 326 271 1853 1797 240 927 316 147 2989 2443 824 1619 1557 594 531 963 777 634
cat_boundaries=0 1 2 3 4 5 6 7
cat_threshold=6158 22 96 5824 81 72 6928
is_linear=0
shrinkage=0.0383886


Tree=72
num_leaves=34
num_cat=3
split_feature=26 36 5 36 28 28 41 29 29 4 3 29 40 5 25 28 40 11 24 27 40 41 41 29 29 41 40 14 40 3 24 29 5
split_gain=7.56172e+08 4.18686e+08 3.146e+08 2.82043e+08 2.25641e+08 1.87889e+08 1.72074e+08 1.68531e+08 2.43459e+08 1.59174e+08 1.58265e+08 1.79055e+08 1.46927e+08 1.51034e+08 2.11826e+08 1.61411e+08 3.6555e+08 2.3886e+08 1.79808e+08 1.64026e+08 1.60006e+08 1.43633e+08 1.87324e+08 1.33694e+08 1.34637e+08 1.31529e+08 1.42367e+08 1.27653e+08 1.23218e+08 1.21994e+08 1.1943e+08 1.18289e+08 1.84341e+08
threshold=134.0725986226432 -0.60355339059327362 283.28508651289269 0.25881904510252091 0 1 0.98174098242282837 42.500000000000007 58.500000000000007 293.05706090613086 280.30311431013507 193.50000000000003 -0.99763297024448894 303.17817675378018 414.51029897737334 2 0.98213580174693105 82.273278115105654 20.449032347687325 0.56748541986976953 0.92922379131507438 -0.6652727025667432 -0.46039597980994923 357.50000000000006 347.50000000000006 0.99349222267034787 0.9916835347852474 4.6127098670968412 -0.99866806308218525 293.78853176555879 7.9289552668655059 183.50000000000003 293.64420016085268
decision_type=2 2 2 2 1 1 2 2 2 2 2 2 2 2 2 1 2 2 2 2 2 2 2 2 2 2 2 2 2 2 2 2 2
left_child=1 5 -2 12 6 -1 10 27 -9 -5 -3 31 -4 14 -14 16 18 25 20 -18 -16 -10 -23 24 28 26 -17 -6 -24 -20 -25 32 -12
right_child=2 4 3 9 7 -7 -8 8 21 -11 11 -13 13 -15 15 17 19 -19 29 -21 -22 22 23 30 -26 -27 -28 -29 -30 -31 -32 -33 -34
leaf_value=-6.847196312943538 25.600616110159301 26.857993851476554 45.313300871821603 8.2375219816021374 -27.67663455601015 34.982064179868267 -27.602968661242233 15.523786333858748 -31.012038543798862 28.951283986571443 -13.306357891215454 20.789960200337617 8.6319330184291942 19.641951058958128 -31.746460372440389 1.4745495190337061 91.171865564407241 79.028821240153377 -21.797763797332536 8.8123261184328534 -96.479783904447828 6.4206629715303825 26.68363505942478 -10.749787327550305 17.007554791233858 -49.517965673863827 -48.204525807574228 -85.870636061265088 -17.940435831930564 12.45831336286502 -78.426502867213614 -36.915057021515288 30.216526608552233
leaf_weight=245 1241 369 106 1400 193 441 286 397 765 897 638 388 1789 512 609 1896 56 54 430 98 62 627 94 65 186 85 89 78 3049 238 94 193 185
leaf_count=245 1241 369 106 1400 193 441 286 397 765 897 638 388 1789 512 609 1896 56 54 430 98 62 627 94 65 186 85 89 78 3049 238 94 193 185
internal_value=0.212804 -8.27024 7.57004 4.88094 -10.8605 20.4532 0.0283396 -14.8749 -13.3855 16.3264 4.48568 -1.39422 0.516676 -0.285695 -2.17304 -7.51728 -17.1351 -0.672874 -23.6918 38.7614 -37.7278 -15.7373 -12.8976 -16.3703 -14.7278 -2.75531 -0.75287 -44.4263 -16.6058 -9.59273 -50.76 -9.86615 -3.52294
internal_weight=17855 8293 9562 8321 7607 686 2059 5548 5277 2297 1773 1404 6024 5918 5406 3617 1493 2124 1339 154 671 4880 4115 3488 3329 2070 1985 271 3143 668 159 1016 823
internal_count=17855 8293 9562 8321 7607 686 2059 5548 5277 2297 1773 1404 6024 5918 5406 3617 1493 2124 1339 154 671 4880 4115 3488 3329 2070 1985 271 3143 668 159 1016 823
cat_boundaries=0 1 2 3
cat_threshold=194 1556 1812
is_linear=0
shrinkage=0.0383886


Tree=73
num_leaves=34
num_cat=3
split_feature=35 35 6 36 10 28 30 25 36 28 10 2 35 28 6 32 30 44 6 15 9 38 6 9 41 43 41 30 30 32 6 9 2
split_gain=8.28779e+08 3.14839e+08 2.73048e+08 2.16415e+08 2.0809e+08 2.01135e+08 1.99958e+08 1.96511e+08 1.75026e+08 1.48703e+08 1.40667e+08 1.38377e+08 1.22047e+08 1.19021e+08 1.16451e+08 1.1212e+08 1.19013e+08 1.19846e+08 1.11183e+08 1.05182e+08 1.34185e+08 1.24065e+08 1.30106e+08 1.03596e+08 1.02588e+08 1.61173e+08 1.06022e+08 9.36419e+07 9.15898e+07 9.10447e+07 8.85497e+07 8.38572e+07 8.33904e+07
threshold=0.31250000000000006 0.52083333333333337 282.62588757376034 -0.9159756150367534 1030.5838112130957 0 0.78165639972621503 96.075426756874222 -0.70710678118654735 1 1005.9770505066698 0.71076988009093367 0.14583333333333334 2 286.19657215637994 1.0000000180025095e-35 0.36276522929500349 1.0000000180025095e-35 287.03125016137011 191.73894456634636 1019.3086130057663 1.0000000180025095e-35 302.32012441197736 979.77255079083068 -0.61915584096709908 -0.5 -0.78324956448884031 0.20396988364134158 0.52977412731006168 1.0000000180025095e-35 298.48945284947928 1031.6722246762108 0.76220291654442429
decision_type=2 2 2 2 2 1 2 2 2 1 2 2 2 1 2 2 2 2 2 2 2 2 2 2 2 2 2 2 2 2 2 2 2
left_child=4 31 8 7 9 19 13 -4 -3 10 11 -1 30 -7 -13 -15 17 -17 -14 20 32 28 -23 -11 26 -26 -25 -22 -21 -28 -12 -2 -5
right_child=1 2 3 5 -6 6 -8 -9 -10 23 12 14 18 15 -16 16 -18 -19 -20 21 27 22 -24 24 25 -27 29 -29 -30 -31 -32 -33 -34
leaf_value=-75.908406570012772 16.501504858816034 40.122674640422467 22.190640583511925 42.304540050544091 -45.589532595149976 24.068270449757932 -47.221192514868051 -1.5064591713075419 6.8413023385055993 -57.190886011527319 -11.042579352878885 13.350778977721035 -3.8809125681182834 -6.1484696606953753 -35.916430437873871 22.230793028554526 -47.980176653211387 -26.309435450996475 22.26171286183428 -33.209259537032914 33.510012984532359 -1.1284792027359558 51.522095804268176 -8.6832427926646734 15.207189857649078 -13.966096470918394 -26.916003551399196 -13.319674544127459 -3.5520263775658343 -64.257460533330217 34.033336071119237 -13.580356731797369 12.228662221573073
leaf_weight=64 3567 410 987 161 252 139 226 1080 539 84 928 130 417 1522 155 105 223 262 564 302 73 415 83 304 319 2230 329 456 312 136 69 142 870
leaf_count=64 3567 410 987 161 252 139 226 1080 539 84 928 130 417 1522 155 105 223 262 564 302 73 415 83 304 319 2230 329 456 312 136 69 142 870
internal_value=0.20524 6.07514 1.86206 -0.683761 -11.4482 -4.89594 -12.7472 9.80898 21.22 -9.94642 -2.41829 -24.8985 1.53592 -9.34261 -13.4436 -11.6006 -25.8617 -12.4219 11.1491 2.42096 8.86054 -6.59121 7.64659 -15.0444 -14.0227 -10.3151 -26.3123 -6.85732 -18.1392 -37.8374 -7.92296 15.3498 16.9253
internal_weight=17855 11874 8165 7216 5981 5149 2477 2067 949 5729 2327 349 1978 2251 285 2112 590 367 981 2672 1560 1112 498 3402 3318 2549 769 529 614 465 997 3709 1031
internal_count=17855 11874 8165 7216 5981 5149 2477 2067 949 5729 2327 349 1978 2251 285 2112 590 367 981 2672 1560 1112 498 3402 3318 2549 769 529 614 465 997 3709 1031
cat_boundaries=0 1 2 3
cat_threshold=6600 4802 1024
is_linear=0
shrinkage=0.0383886


Tree=74
num_leaves=34
num_cat=2
split_feature=26 36 36 26 41 10 28 41 41 28 30 0 0 6 13 9 41 41 40 0 39 40 39 40 40 36 41 26 1 41 6 43 9
split_gain=6.48783e+08 3.7038e+08 2.7206e+08 2.45243e+08 2.41028e+08 2.3379e+08 2.30433e+08 1.92056e+08 1.76141e+08 1.66008e+08 1.48667e+08 1.38382e+08 1.47123e+08 2.44046e+08 1.55684e+08 1.38299e+08 1.37253e+08 1.56187e+08 1.3242e+08 2.61061e+08 1.47592e+08 1.20517e+08 1.13698e+08 1.10209e+08 1.09494e+08 1.05661e+08 1.05452e+08 1.0396e+08 1.02708e+08 9.98578e+07 1.041e+08 1.15537e+08 9.97538e+07
threshold=134.0725986226432 -0.60355339059327362 1.0000000180025095e-35 680.66257358719633 -0.031174269516803289 1030.5838112130957 0 0.99611390731392835 -0.90892157495189674 1 0.012320328542094456 14.760010628743727 14.926749891514442 293.04651232503625 2.0206218263674796 986.28053049812445 -0.6652727025667432 -0.46039597980994923 0.50557357885840837 10.569162159519083 1.0000000180025095e-35 0.65883702558178847 1.0000000180025095e-35 -0.99763297024448894 -0.99866806308218525 0.78656609248549325 -0.77243990499604276 320.1324002407062 0.3112836758503818 0.99530134160901229 287.66801875673707 -0.24999999999999994 1022.3164892368269
decision_type=2 2 2 2 2 2 1 2 2 1 2 2 2 2 2 2 2 2 2 2 2 2 2 2 2 2 2 2 2 2 2 2 2
left_child=1 9 3 4 27 6 7 11 15 -1 -9 18 14 -14 25 -5 22 -18 20 32 -3 -6 -8 -10 -19 -13 -24 -2 -22 30 31 -25 -20
right_child=2 5 -4 8 21 -7 16 10 23 -11 -12 12 13 -15 -16 -17 17 24 19 -21 28 -23 26 29 -26 -27 -28 -29 -30 -31 -32 -33 -34
leaf_value=-6.3142400260581475 -16.339862538082713 25.621153534632636 15.426168991386611 -40.982610295538578 18.546479773558175 -39.902089239165569 -15.36207058478294 -11.643691411904486 46.130517437402069 33.011713261380471 -86.426541575363274 -28.949132753315965 -27.244676639695424 34.593761929809986 -60.898099531671086 18.375043367901991 6.2344520630248539 25.820812710443253 -47.290686800846387 13.309064082675688 5.2822070895767936 48.988631693400635 -26.681844486173155 40.768780403724826 -16.309729795515562 14.886676308489172 -69.068616587197724 10.224201664871964 -47.996644236415506 -49.029057443030837 -11.726447583189058 -1.2603973230787235 9.4394278894959118
leaf_weight=245 353 759 3557 63 617 369 410 101 57 441 64 205 171 209 131 707 627 94 215 406 479 278 199 106 2763 134 153 564 60 84 2113 1063 58
leaf_count=245 353 759 3557 63 617 369 410 101 57 441 64 205 171 209 131 707 627 94 215 406 479 278 199 106 2763 134 153 564 60 84 2113 1063 58
internal_value=0.197878 -7.65974 7.01269 2.02905 13.8303 -10.096 -8.57647 -0.390801 -3.07084 19.3559 -40.6505 1.9576 -10.9955 6.76642 -25.3562 13.5185 -14.31 -11.1158 7.52671 -6.20987 14.7125 28.0023 -29.1019 -6.8026 -14.9236 -11.6217 -45.1057 -0.00164299 -0.648628 -7.69898 -6.64116 2.55062 -35.2381
internal_weight=17855 8293 9562 6005 1812 7607 7238 2992 4193 686 165 2827 850 380 470 770 4246 3484 1977 679 1298 895 762 3423 2857 339 352 917 539 3366 3282 1169 273
internal_count=17855 8293 9562 6005 1812 7607 7238 2992 4193 686 165 2827 850 380 470 770 4246 3484 1977 679 1298 895 762 3423 2857 339 352 917 539 3366 3282 1169 273
cat_boundaries=0 1 2
cat_threshold=4294 1556
is_linear=0
shrinkage=0.0383886


Tree=75
num_leaves=34
num_cat=4
split_feature=26 36 31 7 34 10 31 34 36 6 5 6 44 28 29 40 36 13 6 24 3 12 40 29 6 29 40 8 10 18 28 29 40
split_gain=5.78117e+08 3.52371e+08 2.36031e+08 2.15794e+08 1.92625e+08 1.94308e+08 1.84896e+08 2.22062e+08 1.83579e+08 1.45904e+08 1.56965e+08 1.37042e+08 1.48992e+08 1.35155e+08 1.54596e+08 3.1539e+08 1.27998e+08 1.34412e+08 1.24039e+08 1.17364e+08 1.15837e+08 1.15492e+08 1.12631e+08 2.9602e+08 1.09627e+08 1.24428e+08 1.12243e+08 1.09499e+08 1.08824e+08 1.10448e+08 1.08461e+08 1.78843e+08 1.04477e+08
threshold=33.780532034782389 -0.60355339059327362 0 283.09931615817271 1.0000000180025095e-35 1016.4993014855819 1 1.0000000180025095e-35 1.0000000180025095e-35 302.69546032269636 286.53822343348185 294.20851423260513 0.50000000000000011 2 193.50000000000003 0.20180702842483325 0.78656609248549325 2.4784908499794995 294.87899388652846 62.987658714647743 285.12191034098413 33.838116542151269 0.52033990680116082 42.500000000000007 299.59257876808482 185.50000000000003 -0.98214942551678475 289.01814615250345 1027.0343860345367 1.0000000180025095e-35 3 132.50000000000003 -0.99763297024448894
decision_type=2 2 1 2 2 2 1 2 2 2 2 2 2 1 2 2 2 2 2 2 2 2 2 2 2 2 2 2 2 2 1 2 2
left_child=1 -1 19 -4 8 -6 -3 13 9 10 28 12 -10 14 15 -8 18 20 -15 24 -18 -12 -17 -24 26 -26 -2 -7 -5 -30 31 -28 -23
right_child=2 6 3 4 5 27 7 -9 11 -11 21 -13 -14 16 -16 22 17 -19 -20 -21 -22 32 23 -25 25 -27 30 -29 29 -31 -32 -33 -34
leaf_value=23.401045007147214 31.210718308105363 -25.326859775563673 31.859342837858556 17.653857732588591 19.321106846184236 -26.437183916181176 -34.305856771734454 -54.990495833465488 21.550559694866973 22.429653109198156 21.881518485584426 31.297415527461101 2.1529297403418286 -18.946567367994824 27.748765534917446 22.855223167938664 -8.0185173473975091 -24.281569286059209 3.9525027820334619 45.304750884548014 14.642018486026773 39.449104237131017 -36.580156106304656 18.427963570842394 57.387783094781234 -4.0963309124843317 -2.5719295260602668 -103.74607502678654 7.4548564999975122 -55.782228934864236 -9.6665335645613926 -57.573596237411529 -6.7248485957603377
leaf_weight=484 70 1044 527 999 64 54 351 144 1051 506 243 602 1312 2296 295 429 656 319 411 57 674 74 235 373 66 183 141 54 115 63 710 228 2995
leaf_count=484 70 1044 527 999 64 54 351 144 1051 506 243 602 1312 2296 295 429 656 319 411 57 674 74 235 373 66 183 141 54 115 63 710 228 2995
internal_value=-0.391728 -8.30948 5.64483 8.04431 6.51085 -33.6823 -10.4332 -7.86469 7.37934 2.88773 0.684957 14.9462 10.7805 -6.75399 2.49658 -2.85242 -10.3101 -1.90252 -15.4698 -8.63088 3.46508 -3.59434 7.79381 -2.83338 -10.8917 12.2006 -15.8961 -65.0918 12.7266 -14.9267 -18.9521 -35.5922 -5.61149
internal_weight=17825 7711 10114 8659 8132 172 7227 6183 7960 4995 4489 2965 2363 6039 1683 1388 4356 1649 2707 1455 1330 3312 1037 608 1398 249 1149 108 1177 178 1079 369 3069
internal_count=17825 7711 10114 8659 8132 172 7227 6183 7960 4995 4489 2965 2363 6039 1683 1388 4356 1649 2707 1455 1330 3312 1037 608 1398 249 1149 108 1177 178 1079 369 3069
cat_boundaries=0 1 2 3 4
cat_threshold=64 64 134 1316
is_linear=0
shrinkage=0.0383886


Tree=76
num_leaves=34
num_cat=0
split_feature=37 36 26 36 36 1 13 4 5 45 9 3 9 11 29 5 1 3 16 1 29 36 5 5 12 45 5 10 1 1 1 4 1
split_gain=5.5222e+08 2.91676e+08 2.89483e+08 2.84234e+08 2.50838e+08 2.69158e+08 1.98187e+08 1.76494e+08 1.61402e+08 1.21861e+08 2.4093e+08 1.21263e+08 1.10137e+08 1.05979e+08 1.08252e+08 1.04323e+08 9.77418e+07 1.28259e+08 9.66755e+07 9.64835e+07 9.31733e+07 9.18213e+07 9.06018e+07 9.01951e+07 8.96016e+07 1.07045e+08 9.83892e+07 8.80777e+07 8.35936e+07 1.00684e+08 1.11574e+08 1.20319e+08 9.62919e+07
threshold=0.60355339059327384 0.78656609248549325 762.14024197202696 0.25881904510252091 0.12940952255126045 0.27031614624750627 2.0550837484594457 287.85317079365376 303.17817675378018 0.50000000000000011 1021.4002332103083 282.45295541498882 1022.1917480395591 66.112757841988213 222.50000000000003 295.12998512454379 0.22750084111822524 289.54004439676197 206.44185836934818 0.22588033125030099 98.500000000000014 -0.25881904510252113 301.44503736127535 305.61625937140286 36.728150888684404 0.11077631698179569 296.15787367406125 1029.4114146497027 0.30984687486324053 0.2330414172719977 0.24834954404912474 283.34402623267061 0.30037358518307072
decision_type=2 2 2 2 2 2 2 2 2 2 2 2 2 2 2 2 2 2 2 2 2 2 2 2 2 2 2 2 2 2 2 2 2
left_child=1 2 11 8 5 15 7 9 21 28 -11 -1 18 14 -9 20 -15 -18 -13 -16 -2 24 -5 -10 25 -4 -27 -8 29 -3 31 -31 -32
right_child=4 6 3 22 -6 -7 27 13 23 10 -12 12 -14 16 19 -17 17 -19 -20 -21 -22 -23 -24 -25 -26 26 -28 -29 -30 30 32 -33 -34
leaf_value=30.406586547033058 2.744788925709496 -32.595811691531047 49.757383659745109 20.056702286398483 -20.550027766287965 12.436671054059849 -14.192971060939758 14.316459158835251 24.666258580696166 35.76418786155002 -41.675183767471296 21.484116401561351 0.50743577683113417 14.806850103113137 -56.820793801830341 2.3541443290252348 11.445441968961836 84.933059130158938 5.8066376913177491 -0.38736394691809217 -22.128872738629912 3.7464731177211816 64.82380865832431 -21.484763628669103 -12.379571268480831 -37.678636679653479 13.312394176222403 -55.231576282092007 -43.428471343187979 66.380657324604826 -19.177272813139016 -11.152730236373014 15.694908678906343
leaf_weight=651 275 217 74 540 2245 1020 1282 448 430 213 82 1749 868 257 68 550 60 84 867 130 1150 1139 76 73 2108 81 179 82 123 65 424 54 161
leaf_count=651 275 217 74 540 2245 1020 1282 448 430 213 82 1749 868 257 68 550 60 84 867 130 1150 1139 76 73 2108 81 179 82 123 65 424 54 161
internal_value=-0.377444 3.98252 7.79001 1.27223 -10.8489 -3.57701 -4.98792 1.68469 -2.39417 -7.54772 14.2386 15.1984 12.3566 13.492 3.8693 -11.8474 28.9938 54.3134 16.2883 -19.7686 -17.3287 -5.25436 25.58 17.9684 -9.45255 9.02095 -2.57322 -16.6601 -13.7038 -9.73407 -2.68717 31.1973 -9.57994
internal_weight=17825 12585 8835 4700 5240 2995 3750 2386 4084 1339 295 4135 3484 1047 646 1975 401 144 2616 198 1425 3581 616 503 2442 334 260 1364 1044 921 704 119 585
internal_count=17825 12585 8835 4700 5240 2995 3750 2386 4084 1339 295 4135 3484 1047 646 1975 401 144 2616 198 1425 3581 616 503 2442 334 260 1364 1044 921 704 119 585
is_linear=0
shrinkage=0.0383886


Tree=77
num_leaves=34
num_cat=2
split_feature=35 31 41 41 41 28 2 2 2 39 23 2 24 35 2 2 42 41 2 2 2 41 2 24 41 41 2 23 2 38 2 2 39
split_gain=6.14126e+08 3.0642e+08 2.08964e+08 2.66936e+08 2.718e+08 2.44997e+08 3.05988e+08 4.45379e+08 3.43443e+08 2.13813e+08 1.91191e+08 3.15826e+08 1.71847e+08 1.6876e+08 1.52144e+08 1.57919e+08 3.3423e+08 1.54185e+08 2.45788e+08 1.90741e+08 4.71088e+08 1.78539e+08 2.81618e+08 1.6787e+08 1.4081e+08 3.20142e+08 2.71922e+08 1.98557e+08 1.83435e+08 2.44664e+08 2.97833e+08 2.43747e+08 2.18552e+08
threshold=0.18750000000000003 0 0.99349222267034787 0.99748108949426018 0.99611390731392835 1 0.81800327016174113 0.818562879543696 0.6969150038320101 1.0000000180025095e-35 30.257045281020222 0.69671734453817458 65.953624279990365 0.93750000000000011 0.81433242692564256 0.81656547382021405 1.0000000180025095e-35 -0.61915584096709908 0.7928546365339989 0.77924458804596319 0.77168178112503805 -0.78324956448884031 0.80608042533217827 11.621553321811385 -0.67168186667784702 -0.46039597980994923 0.7998031174944219 50.510063213212185 0.77743069061214387 0.87837969732492682 0.78084586409458456 0.77637157906002929 1.0000000180025095e-35
decision_type=2 1 2 2 2 1 2 2 2 2 2 2 2 2 2 2 2 2 2 2 2 2 2 2 2 2 2 2 2 2 2 2 2
left_child=-1 12 5 4 -4 6 8 -8 10 -5 11 -3 14 24 17 -16 -17 21 19 20 -19 22 -2 -22 26 27 -7 -26 31 30 32 -27 -30
right_child=1 2 3 9 -6 13 7 -9 -10 -11 -12 -13 -14 -15 15 16 -18 18 -20 -21 23 -23 -24 -25 25 28 -28 -29 29 -31 -32 -33 -34
leaf_value=-14.193288581392331 58.184078084206433 8.9443266396069294 -19.413224068356058 -24.662120050795032 -127.99860571520945 -33.816410811133714 -64.1548397779368 64.264642793993389 25.482719331221134 48.376069559957905 17.919865819162471 -112.85581319695632 46.149906995461293 -18.388996398956316 70.366998325727963 53.600653084560278 -49.852556965636076 -17.138981650048702 69.218550350463232 -56.263579676280287 21.651435622902838 -68.541409189954805 -38.650972086993818 112.77760682090255 33.285399281442785 5.7679631705399661 2.4147260744324992 -21.98494377698464 -121.76387687299957 36.25521249952839 -8.7444499153154602 83.02338036070276 -27.094889545485838
leaf_weight=3739 57 59 82 165 58 362 144 55 2163 92 88 67 76 487 59 86 99 986 55 138 65 162 198 55 914 4503 1948 107 69 117 434 61 75
leaf_count=3739 57 59 82 165 58 362 144 55 2163 92 88 67 76 487 59 86 99 986 55 138 65 162 198 55 914 4503 1948 107 69 117 434 61 75
internal_value=-0.362954 3.30818 5.6345 -21.7493 -64.3988 6.57226 16.9987 -28.6619 20.8929 1.48379 -25.4984 -55.8223 -10.4365 3.59061 -12.6839 15.68 -1.76071 -16.717 -10.1973 -13.7084 -8.39862 -37.0266 -17.0054 63.4178 4.8409 7.82181 -3.26305 27.4931 4.00276 -14.3699 -24.6176 6.80052 -72.4573
internal_weight=17825 14086 12050 397 140 11653 2576 199 2377 257 214 126 2036 9077 1960 244 185 1716 1299 1244 1106 417 255 120 8590 6280 2310 1021 5259 695 578 4564 144
internal_count=17825 14086 12050 397 140 11653 2576 199 2377 257 214 126 2036 9077 1960 244 185 1716 1299 1244 1106 417 255 120 8590 6280 2310 1021 5259 695 578 4564 144
cat_boundaries=0 1 2
cat_threshold=64 4226
is_linear=0
shrinkage=0.0383886


Tree=78
num_leaves=34
num_cat=0
split_feature=35 41 32 20 0 41 29 24 22 17 19 2 29 29 29 0 0 0 38 40 2 0 0 18 0 0 0 0 0 26 20 9 29
split_gain=6.29961e+08 3.17908e+08 2.67206e+08 2.23504e+08 2.67706e+08 2.56676e+08 6.06483e+08 2.4112e+08 1.84151e+08 2.38143e+08 1.75216e+08 1.6804e+08 1.92113e+08 3.92361e+08 3.10135e+08 1.95384e+08 1.89007e+08 2.80737e+08 1.67765e+08 1.81988e+08 1.6193e+08 1.4711e+08 4.80912e+08 1.593e+08 1.46242e+08 4.41805e+08 2.77291e+08 5.17316e+08 1.71335e+08 1.36605e+08 1.30236e+08 1.74581e+08 1.26576e+08
threshold=0.22916666666666671 0.99981043035926087 1.0000000180025095e-35 8.6866453553476668e-05 9.618917698413437 0.4736964939522646 64.500000000000014 36.591078200418714 0.057549025479178208 0.046775212537491444 0.0046708876346798506 0.69681821791546439 287.50000000000006 275.50000000000006 255.50000000000003 9.5542763968319555 10.533743482268333 10.236078030948967 0.6078576107927941 -0.99763297024448894 0.69869222256107866 14.918216744876958 14.87092219379783 0.015547513385368588 14.922006068462391 14.791974400548128 14.270395245566151 13.897120305775262 14.87092219379783 727.75346584588169 0.0040671415707393141 1017.8654714015317 68.500000000000014
decision_type=2 2 2 2 2 2 2 2 2 2 2 2 2 2 2 2 2 2 2 2 2 2 2 2 2 2 2 2 2 2 2 2 2
left_child=-1 2 3 5 -5 6 -2 30 9 29 -9 -4 13 14 15 -13 17 20 19 -8 -14 22 -20 -23 25 26 27 -17 -27 -7 -6 -32 -21
right_child=1 -3 11 4 7 8 18 10 -10 -11 -12 12 16 -15 -16 24 -18 -19 21 32 -22 23 -24 -25 -26 28 -28 -29 -30 -31 31 -33 -34
leaf_value=-12.549243448865065 -118.08422952748366 -72.191939787001402 63.173535232693155 -85.445423633620237 -4.378332293720681 20.232117841691849 60.329846228946501 -16.656539365970175 -46.759883386597707 40.817470115352016 -89.433601446421548 55.637797545386341 2.6196346838239015 74.13321792713657 -55.592996520797506 -6.4764505774558812 -62.445654025215745 58.130771516247563 15.069376138941383 -55.392640823462955 -53.404370921249509 78.963354969705506 -82.035029547520494 12.245063881725029 -33.516519694840127 81.660143086534148 -31.833107770986931 52.277198661372523 15.432414987409103 -3.3031673626861275 0.16715961187181852 68.254132036287672 0.87784015495465761
leaf_weight=4472 58 80 54 64 420 1487 75 179 60 681 67 87 141 98 162 1692 153 69 2065 60 165 104 78 107 211 122 464 254 109 481 119 104 3245
leaf_count=4472 58 80 54 64 420 1487 75 179 60 681 67 87 141 98 162 1692 153 69 2065 60 165 104 78 107 211 122 464 254 109 481 119 104 3245
internal_value=-0.0832209 4.10364 4.56482 8.01434 -9.61457 9.99062 5.42867 -4.1554 19.7443 21.2507 -36.478 -4.06036 -5.03451 -1.49362 -3.88364 -1.03337 -26.4877 -11.8168 6.67802 1.19816 -27.5893 14.5463 11.535 45.13 -2.76213 -0.305033 -5.1661 1.19231 50.4099 14.4798 8.21062 31.9208 -0.143709
internal_weight=17787 13315 13235 9454 953 8501 5792 889 2709 2649 246 3781 3727 3199 3101 2939 528 375 5734 3380 306 2354 2143 211 2852 2641 2410 1946 231 1968 643 223 3305
internal_count=17787 13315 13235 9454 953 8501 5792 889 2709 2649 246 3781 3727 3199 3101 2939 528 375 5734 3380 306 2354 2143 211 2852 2641 2410 1946 231 1968 643 223 3305
is_linear=0
shrinkage=0.0383886


Tree=79
num_leaves=34
num_cat=2
split_feature=37 34 28 44 36 28 10 2 0 0 2 2 2 0 0 0 40 40 14 26 3 23 0 1 26 23 0 2 2 2 40 0 14
split_gain=4.78142e+08 3.64501e+08 3.49119e+08 3.09116e+08 2.65385e+08 2.8583e+08 2.33822e+08 2.4719e+08 2.48257e+08 3.08455e+08 3.1335e+08 7.08644e+08 3.19039e+08 6.45429e+08 2.28959e+08 6.14585e+08 2.26763e+08 2.24326e+08 1.65038e+08 1.51783e+08 1.23716e+08 1.12381e+08 1.02811e+08 1.3939e+08 9.29082e+07 8.94479e+07 7.65008e+07 7.55254e+07 9.72718e+07 8.00347e+07 6.96204e+07 6.88208e+07 6.79374e+07
threshold=0.60355339059327384 1.0000000180025095e-35 0 0.4739400639339571 0.37940952255126054 1 1030.5838112130957 0.69938919975787772 9.4343983843950685 9.4614606470315064 0.70733317426230091 0.70602187110499981 0.70936197528428313 9.5938434878608341 10.273140293585405 10.343377004440809 -0.99763297024448894 0.099822040462190967 2.3055399959068077 446.07173329363536 293.1528165850122 2.0830259201982924 9.3707071598674929 0.31078108157386364 741.60271378432424 31.725704094458852 12.385789577490991 0.71076988009093367 0.72588441871104525 0.69980586642454445 0.99053107487289871 10.569162159519083 3.6661864691566559
decision_type=2 2 1 2 2 1 2 2 2 2 2 2 2 2 2 2 2 2 2 2 2 2 2 2 2 2 2 2 2 2 2 2 2
left_child=1 6 17 -4 5 26 7 -1 -9 -10 11 -11 19 -14 24 -16 -17 -3 21 -12 30 -8 -23 25 32 -24 27 29 -29 -2 -7 -30 -15
right_child=4 2 3 -5 -6 20 18 8 9 10 12 -13 13 14 15 16 -18 -19 -20 -21 -22 22 23 -25 -26 -27 -28 28 31 -31 -32 -33 -34
leaf_value=30.761057416034699 16.360452482437051 -45.421093626713784 -17.111067613439452 -136.59444717806272 -23.500970191243667 -24.185287527234337 39.921305740421474 -57.406620743132969 83.894187260282422 -5.9346718806980387 25.629590041374566 -141.20985414748134 -109.41586789790483 25.384254218272414 -116.20149470896234 45.295658461068882 4.1856487403318656 60.49943687304156 -66.67854991391917 95.817404104390008 -3.3204275228579498 28.96654435740464 -59.398872091916672 25.464358038867616 2.0399432922626208 -1.6773281735086953 -35.407424489902461 38.679496071556777 -14.903685853003934 -12.918461641035046 9.7321506399079496 16.059628939824613 54.700522407851956
leaf_weight=564 237 57 54 78 1495 1107 56 94 73 355 105 68 72 460 62 202 9365 61 96 80 1028 54 148 54 189 54 56 232 133 328 97 517 156
leaf_count=564 237 57 54 78 1495 1107 56 94 73 355 105 68 72 460 62 202 9365 61 96 80 1028 54 148 54 189 54 56 232 133 328 97 517 156
internal_value=-0.0800261 3.98195 -41.9077 -81.5379 -9.83266 -4.36168 4.91414 5.95916 4.71917 5.24119 4.72457 -27.6811 6.00674 5.12674 5.91714 4.27291 5.05366 8.60506 -21.8785 55.9812 -13.043 -10.1276 -19.1688 -29.3224 25.5846 -43.9684 8.56023 10.321 17.3405 -0.636835 -21.4527 9.72403 32.8085
internal_weight=17787 12557 250 132 5230 3735 12307 11845 11281 11187 11114 423 10691 10506 10434 9629 9567 118 462 185 2232 366 310 256 805 202 1503 1447 882 565 1204 650 616
internal_count=17787 12557 250 132 5230 3735 12307 11845 11281 11187 11114 423 10691 10506 10434 9629 9567 118 462 185 2232 366 310 256 805 202 1503 1447 882 565 1204 650 616
cat_boundaries=0 1 2
cat_threshold=3106 6158
is_linear=0
shrinkage=0.0383886


Tree=80
num_leaves=34
num_cat=9
split_feature=37 34 31 28 44 36 28 20 23 40 24 20 28 19 31 24 2 28 1 40 28 13 2 2 10 8 2 1 28 10 28 13 6
split_gain=4.42136e+08 3.37053e+08 3.38471e+08 3.22829e+08 2.85838e+08 2.454e+08 2.64306e+08 2.34875e+08 2.17585e+08 2.07433e+08 2.05176e+08 2.3017e+08 1.79309e+08 1.83975e+08 1.60481e+08 2.2222e+08 2.79638e+08 2.34143e+08 2.21359e+08 2.05381e+08 1.80011e+08 1.69681e+08 1.63112e+08 1.6601e+08 1.57202e+08 1.56667e+08 1.51959e+08 1.53225e+08 1.78136e+08 1.51706e+08 1.38633e+08 1.29125e+08 1.26872e+08
threshold=0.60355339059327384 1.0000000180025095e-35 0 1 0.4739400639339571 0.37940952255126054 2 0.00014767297104091009 54.758733498755753 0.099822040462190967 36.591078200418714 0.0024268067643151347 3 0.00083413918689811452 4 16.001814173632127 0.81518747687236426 5 0.19461756167377894 -0.82415615971448097 6 2.3455297220526696 0.6969150038320101 0.69980586642454445 1029.6444350272434 282.08109709031413 0.79789261841125314 0.31151354152990718 7 1017.1486058521492 8 3.9882001206425222 280.44702288414788
decision_type=2 2 1 1 2 2 1 2 2 2 2 2 1 2 1 2 2 1 2 2 1 2 2 2 2 2 2 2 1 2 1 2 2
left_child=1 2 8 9 -5 6 -2 14 25 -3 11 30 13 -12 21 16 20 22 -18 -19 -16 29 -17 -24 26 -1 27 28 -22 -4 -9 -28 -27
right_child=5 3 7 4 -6 -7 -8 10 -10 -11 12 -13 -14 -15 15 17 18 19 -20 -21 24 -23 23 -25 -26 32 31 -29 -30 -31 -32 -33 -34
leaf_value=-45.728634617474533 8.2316096588715393 -43.67744407545338 12.526327330770981 -16.454198786200955 -131.35078033245725 -22.598799963372233 -12.542335071071379 -46.213151614465509 30.812849599016126 58.176950023978087 -31.444038960126289 24.479674292366347 -10.385999839595476 -130.75328065797427 17.922380118680362 -60.129716267435413 73.015582818620345 77.95116369002038 11.540840287834591 18.818874786784146 12.336545070967949 7.9184742872384826 45.865479855582528 -1.5968011529815545 -56.875541195161077 46.81112795136255 -20.148928493157328 -63.266409173183156 -12.760189669625895 37.07146180720332 -1.0614729608608569 -81.724229221252955 -12.653347483222944
leaf_weight=212 1503 57 687 54 78 1495 2232 151 169 61 56 333 176 54 375 63 108 91 430 1774 786 1647 121 1060 103 55 420 60 865 807 278 57 1369
leaf_count=212 1503 57 687 54 78 1495 2232 151 169 61 56 333 176 54 375 63 108 91 430 1774 786 1647 121 1060 103 55 420 60 865 807 278 57 1369
internal_value=-0.0769541 3.82909 4.72549 -40.2989 -78.4078 -9.4552 -4.19424 7.36221 -10.5977 8.27472 -9.87376 0.532383 -37.5993 -73.5131 9.28065 5.72122 -1.36452 13.0419 23.8815 21.5884 -6.45919 16.3643 0.0549508 3.26596 -10.4825 -14.9403 -8.3465 -3.00483 -0.814815 25.7847 -18.056 -27.507 -10.3566
internal_weight=17787 12557 12307 250 132 5230 3735 10502 1805 118 1048 762 286 110 9454 6313 3204 3109 538 1865 2666 3141 1244 1181 2291 1636 2188 1711 1651 1494 429 477 1424
internal_count=17787 12557 12307 250 132 5230 3735 10502 1805 118 1048 762 286 110 9454 6313 3204 3109 538 1865 2666 3141 1244 1181 2291 1636 2188 1711 1651 1494 429 477 1424
cat_boundaries=0 1 2 3 4 5 6 7 8 9
cat_threshold=64 3106 6158 2352 20 5712 4224 2342 4176
is_linear=0
shrinkage=0.0383886


Tree=81
num_leaves=34
num_cat=2
split_feature=37 41 36 28 29 28 9 40 39 40 0 40 32 9 29 38 12 29 29 29 29 29 29 41 41 39 9 29 41 41 41 29 38
split_gain=3.31198e+08 3.26179e+08 2.22655e+08 2.17238e+08 2.10904e+08 2.11158e+08 2.41282e+08 2.23214e+08 4.13651e+08 2.01739e+08 4.16609e+08 3.96502e+08 1.86652e+08 2.89138e+08 2.26247e+08 3.35286e+08 3.0526e+08 2.7456e+08 2.28041e+08 2.18149e+08 2.87103e+08 2.43282e+08 4.37583e+08 1.88759e+08 3.94023e+08 2.52961e+08 2.30136e+08 2.21174e+08 1.56121e+08 3.86759e+08 1.81404e+08 4.96805e+08 2.42929e+08
threshold=0.60355339059327384 0.99981043035926087 0.12940952255126045 0 357.50000000000006 1 1032.9315880790596 0.99939377080793557 -0.22252093395631442 -0.99763297024448894 11.780160107788744 -0.99467753128998015 1.0000000180025095e-35 1021.6150277397054 42.500000000000007 1.0000000180025095e-35 72.289024247033467 62.500000000000007 70.500000000000014 255.50000000000003 244.50000000000003 224.50000000000003 212.50000000000003 0.64414586362404935 0.44312301391210612 -0.22252093395631442 1025.0138504134416 38.500000000000007 0.99855310097228334 0.99611390731392835 0.9863035000474919 12.500000000000002 1.0000000180025095e-35
decision_type=2 2 2 1 2 1 2 2 2 2 2 2 2 2 2 2 2 2 2 2 2 2 2 2 2 2 2 2 2 2 2 2 2
left_child=1 4 3 -2 5 6 28 9 -9 10 -7 -11 13 14 15 -13 -17 -16 -19 20 21 22 -14 24 25 -15 -26 -25 29 30 31 -1 -33
right_child=2 -3 -4 -5 -6 7 -8 8 -10 11 -12 12 19 23 17 16 -18 18 -20 -21 -22 -23 -24 27 26 -27 -28 -29 -30 -31 -32 32 -34
leaf_value=-63.223569633655188 8.7050474600642573 -78.74049894396569 -17.879820479384239 -12.026639445475764 -37.936310244491622 112.98470151415624 -56.984851776567716 101.63204809830069 -28.132724472150102 -76.942104322440954 -5.0824231687155921 40.015680969575271 -7.1989479448850622 -45.191759888443372 37.262439977869271 -125.29788505535062 -13.447541642271297 -52.449346030976805 7.3181405474798069 -31.482687739921595 49.647756797205197 -44.514139284059901 71.033799391759999 -46.705918269356111 -24.905948765248347 8.5006264958304705 -127.73404888411463 25.073948685006545 72.567784707973885 -72.13669049766186 52.683607736937539 6.8193120833480476 31.885141582796162
leaf_weight=120 1454 72 2249 1507 181 71 71 87 62 99 116 66 1559 211 457 66 79 96 4699 492 142 224 113 83 54 334 79 266 67 76 182 1426 949
leaf_count=120 1454 72 2249 1507 181 71 71 87 62 99 116 66 1559 211 457 66 79 96 4699 492 142 224 113 83 54 334 79 266 67 76 182 1426 949
internal_value=-0.63292 2.73357 -8.77388 -1.85755 3.20185 3.80496 12.8641 1.02033 47.6359 0.275053 39.7452 -0.534345 0.304276 3.75217 7.26537 -31.7108 -64.3589 8.83125 6.12154 -8.54032 -3.00172 -6.94489 -1.91167 -14.9359 -26.7437 -12.2867 -85.9845 8.00304 14.6683 13.2592 15.6836 12.9846 16.8351
internal_weight=17809 12599 5210 2961 12527 12346 2891 9455 149 9306 187 9119 9020 6490 5463 211 145 5252 4795 2530 2038 1896 1672 1027 678 545 133 349 2820 2753 2677 2495 2375
internal_count=17809 12599 5210 2961 12527 12346 2891 9455 149 9306 187 9119 9020 6490 5463 211 145 5252 4795 2530 2038 1896 1672 1027 678 545 133 349 2820 2753 2677 2495 2375
cat_boundaries=0 1 2
cat_threshold=6222 4226
is_linear=0
shrinkage=0.0383886


Tree=82
num_leaves=34
num_cat=3
split_feature=35 31 20 20 3 40 34 38 35 29 31 0 10 20 23 6 23 38 31 40 39 1 1 1 4 0 0 9 2 40 33 4 24
split_gain=4.05518e+08 1.73972e+08 1.70407e+08 1.8889e+08 1.65694e+08 1.63931e+08 1.62416e+08 2.43086e+08 1.67437e+08 1.35277e+08 1.2387e+08 1.54391e+08 1.31083e+08 1.22203e+08 1.19034e+08 1.07785e+08 1.25058e+08 1.16317e+08 1.06428e+08 1.41555e+08 1.0496e+08 1.02849e+08 2.16781e+08 1.13753e+08 1.01777e+08 1.00019e+08 2.63277e+08 9.87232e+07 1.29029e+08 1.47403e+08 9.66514e+07 9.31992e+07 9.23036e+07
threshold=0.31250000000000006 0 8.6866453553476668e-05 0.015292270514786285 281.90843114927708 0.98802474685579855 1.0000000180025095e-35 -1.0000000180025095e-35 0.52083333333333337 358.50000000000006 1 9.7363747497953685 1018.2698098918296 0.00079748474996583205 54.758733498755753 302.96895373092133 29.908962895994723 0.6078576107927941 2 0.99865421017599998 0.81174490092936691 0.30965907852171354 0.30491484917840578 0.2999569185164041 297.08520760830191 14.811974400548127 14.936749891514443 1022.9959357915021 0.70733317426230091 0.28519915169571858 1.0000000180025095e-35 286.71256543965842 7.9289552668655059
decision_type=2 1 2 2 2 2 2 2 2 2 1 2 2 2 2 2 2 2 1 2 2 2 2 2 2 2 2 2 2 2 2 2 2
left_child=9 14 4 5 21 10 8 -8 -6 18 12 -12 13 -4 25 16 -10 32 -1 -20 24 22 23 -3 31 27 -27 -2 -29 -30 -16 -18 -17
right_child=1 2 3 -5 6 -7 7 -9 15 -11 11 -13 -14 -15 30 17 20 -19 19 -21 -22 -23 -24 -25 -26 26 -28 28 29 -31 -32 -33 -34
leaf_value=0.1745753376539235 -20.154699653634353 23.272249739844764 -54.550452449319756 58.662808521872464 14.398105260760587 -60.102863860749515 -94.128126583986301 3.7953749809906183 -3.0692356460349601 -55.9843407265639 -78.625827145311504 -11.571240347222176 47.406079958460147 19.643142387321312 62.236252328461653 -16.69309606419867 15.185241697068538 48.391872479944126 -12.281313000786263 38.652859529204534 32.991276368495285 1.7540586747058338 58.510850122751307 -25.499645070364085 38.447893929451915 56.940620396413536 -36.820254405365553 -28.470101804609971 74.429156420204691 -1.2895163271496763 1.3346594711371917 -7.3313148247364728 25.964028948723819
leaf_weight=1679 1070 371 54 56 2446 101 60 99 3635 88 56 525 105 83 59 136 460 147 4148 82 247 268 249 87 125 100 79 98 61 100 110 659 166
leaf_count=1679 1070 371 54 56 2446 101 60 99 3635 88 56 525 105 83 59 136 460 147 4148 82 247 268 249 87 125 100 79 98 61 100 110 659 166
internal_value=-0.608695 3.51887 5.41204 -9.79687 7.046 -13.946 5.26299 -33.1568 6.02459 -8.73855 -8.28148 -17.7292 14.5329 -9.60095 -7.90772 2.35075 0.77098 20.3861 -8.03494 -11.2673 10.1333 22.005 29.6814 14.0077 5.59475 -11.3787 15.56 -15.0071 6.25919 27.3989 22.5963 1.92481 6.75415
internal_weight=17809 11812 10135 980 9155 924 8180 159 8021 5997 823 581 242 137 1677 5575 5126 449 5909 4230 1491 975 707 458 1244 1508 179 1329 259 161 169 1119 302
internal_count=17809 11812 10135 980 9155 924 8180 159 8021 5997 823 581 242 137 1677 5575 5126 449 5909 4230 1491 975 707 458 1244 1508 179 1329 259 161 169 1119 302
cat_boundaries=0 1 2 3
cat_threshold=64 34 20
is_linear=0
shrinkage=0.0383886


Tree=83
num_leaves=34
num_cat=1
split_feature=35 41 5 5 44 40 41 10 28 41 41 30 35 40 18 35 36 5 25 34 5 30 18 12 13 13 41 41 41 30 10 39 16
split_gain=3.74981e+08 1.96874e+08 1.89288e+08 1.95214e+08 1.82847e+08 1.56824e+08 1.41516e+08 1.3748e+08 1.31017e+08 1.22007e+08 1.22522e+08 1.80752e+08 1.29616e+08 1.21214e+08 1.26262e+08 1.20968e+08 1.59802e+08 1.18911e+08 1.07906e+08 1.07069e+08 1.02969e+08 1.20905e+08 9.81711e+07 9.42656e+07 1.35457e+08 1.08053e+08 9.70557e+07 9.42315e+07 2.23178e+08 1.4557e+08 1.43621e+08 1.6832e+08 9.40801e+07
threshold=0.31250000000000006 0.99981043035926087 285.57287492452366 296.32576146096483 0.11077631698179569 -0.92274349529687905 -0.4755978891912595 1030.5838112130957 0 -0.99983123799342477 -0.99628250747696534 0.50239561943874067 0.47916666666666669 0.99865421017599998 0.0052119872132086022 0.56250000000000011 -0.9159756150367534 295.25987846454029 82.00043822520216 1.0000000180025095e-35 303.17817675378018 0.5188227241615333 0.058754747271262918 38.148323061971404 4.8314306366808903 3.5871444088591216 -0.59177783207548862 0.82777578779003613 0.98174098242282837 0.11635865845311431 1018.8588908663684 1.0000000180025095e-35 81.836219702173878
decision_type=2 2 2 2 2 2 2 2 1 2 2 2 2 2 2 2 2 2 2 2 2 2 2 2 2 2 2 2 2 2 2 2 2
left_child=8 2 4 15 6 -6 -2 27 17 -5 11 -11 -12 19 -15 -4 18 32 -17 -10 23 -22 -8 -14 25 -25 -27 29 -29 -7 -30 -32 -1
right_child=1 -3 3 9 5 7 22 -9 13 10 12 -13 20 14 -16 16 -18 -19 -20 -21 21 -23 -24 24 -26 26 -28 28 30 -31 31 -33 -34
leaf_value=39.50454634946923 84.105726108908527 -59.463894700782824 3.5170761178650887 65.282781487122605 -34.056170510607515 -33.29114510933757 8.4778733190011994 -19.196827507338213 -12.764076615484916 19.845977572264484 25.926683838524017 -51.294377594428092 14.242784063671303 65.404274779989393 -15.446209099472705 18.82770167030974 -14.490090533315684 28.214089552260578 -7.8182405061473608 -54.916054896884113 63.04837320883987 12.000090429966763 31.214187120611246 -8.0849194244640969 -61.911532865635905 6.8835539465068267 64.898827107299866 30.74083817989553 -40.989073712072269 8.129087193645832 -17.922247582495352 57.524031697615079 -5.2239623801479862
leaf_weight=72 54 73 1836 54 142 142 530 256 3681 92 549 123 530 59 55 423 2200 191 476 91 83 388 593 920 59 167 57 717 121 1047 106 74 1848
leaf_count=72 54 73 1836 54 142 142 530 256 3681 92 549 123 530 59 55 423 2200 191 476 91 83 388 593 920 59 167 57 717 121 1047 106 74 1848
internal_value=-0.585324 3.38378 3.77461 0.413864 10.8453 5.17156 23.4028 7.43318 -8.40308 8.09773 7.05729 -20.8529 9.23698 -12.57 26.3973 -4.29143 -8.91757 -0.66979 4.71927 -13.781 5.07969 20.9959 20.4838 0.753928 -5.18878 -2.26337 21.6465 10.5221 19.0948 3.18233 -8.6467 13.0945 -3.54663
internal_weight=17809 11812 11739 7957 3782 2605 1177 2463 5997 3022 2968 215 2753 3886 114 4935 3099 2111 899 3772 2204 471 1123 1733 1203 1144 224 2207 1018 1189 301 180 1920
internal_count=17809 11812 11739 7957 3782 2605 1177 2463 5997 3022 2968 215 2753 3886 114 4935 3099 2111 899 3772 2204 471 1123 1733 1203 1144 224 2207 1018 1189 301 180 1920
cat_boundaries=0 1
cat_threshold=706
is_linear=0
shrinkage=0.0383886


Tree=84
num_leaves=34
num_cat=5
split_feature=35 35 5 23 31 1 2 2 5 1 1 1 9 31 10 40 1 10 40 26 40 35 40 19 40 40 28 22 5 31 31 48 9
split_gain=4.47829e+08 2.23133e+08 1.9744e+08 1.76727e+08 2.40272e+08 1.67374e+08 2.30885e+08 2.87403e+08 1.57649e+08 1.95374e+08 1.57573e+08 1.69131e+08 1.36032e+08 1.35445e+08 1.50013e+08 1.28976e+08 3.1076e+08 1.2604e+08 1.25968e+08 1.19172e+08 1.14869e+08 1.68692e+08 1.12399e+08 1.28384e+08 1.13955e+08 2.85173e+08 2.18206e+08 1.09897e+08 1.38802e+08 1.08131e+08 1.04879e+08 9.6138e+07 9.87546e+07
threshold=0.31250000000000006 0.93750000000000011 285.26300828961263 12.792107051247354 0 0.30965907852171354 0.70473638834575514 0.70602187110499981 296.46482711087782 0.19449515595029715 0.19499775022681537 0.19544989965272661 1017.1926296809912 1 1019.9627207430671 -0.99763297024448894 0.25298889713350903 1030.5838112130957 -0.99467753128998015 706.1007726451852 0.99865421017599998 0.14583333333333334 0.99939377080793557 0.0056264336766690707 0.99374995976406788 0.98213580174693105 2 0.10423974426417186 279.98700819854758 3 4 1.0000000180025095e-35 1024.1202375886094
decision_type=2 2 2 2 1 2 2 2 2 2 2 2 2 1 2 2 2 2 2 2 2 2 2 2 2 2 1 2 2 1 1 2 2
left_child=17 2 3 4 -2 27 -7 -8 9 -4 12 -12 -10 -13 -15 16 -11 20 -17 -6 29 -22 23 24 25 26 -20 28 -5 31 -16 32 -1
right_child=1 -3 8 5 19 6 7 -9 10 15 11 13 -14 14 30 18 -18 -19 22 -21 21 -23 -24 -25 -26 -27 -28 -29 -30 -31 -32 -33 -34
leaf_value=-22.278027489002262 22.403695379722546 -15.570290170190042 -40.630409595708677 50.523828756053447 -7.992128047442109 -56.924223676631776 89.474857621885363 -7.212991403482655 18.012297331415947 -9.991742596797069 -48.919816134161678 -5.9916276530912311 68.6903882663606 18.586691164568471 -39.413426120574989 -52.267226354033049 100.19519033977188 -34.977786656541078 -12.828971926317228 -57.443484926808345 -14.340448039997236 78.679893220379284 39.268349267770013 -50.112463637264916 -26.878056013669262 55.512852705210399 6.0106435445916224 -29.472163607319622 21.561288421925362 -5.5853229817306973 8.1481798629988802 -68.701786994880536 22.89948049849616
leaf_weight=656 438 748 181 289 533 91 58 207 263 94 79 712 111 1499 110 70 63 248 1413 83 59 56 103 78 227 137 2484 54 1561 4791 156 58 80
leaf_count=656 438 748 181 289 533 91 58 207 263 94 79 712 111 1499 110 70 63 248 1413 83 59 56 103 78 227 137 2484 54 1561 4791 156 58 80
internal_value=0.406963 4.72358 6.09188 13.9386 0.9575 19.9927 -4.16755 13.9488 2.74944 -1.49794 9.7801 6.37472 33.0532 8.13826 13.794 0.0190767 34.2233 -8.18709 -1.1711 -14.4211 -7.02146 30.9563 -0.365884 -1.30673 -0.413312 1.0759 -0.837841 24.51 26.0857 -7.80345 -12.6955 -20.8546 -17.3674
internal_weight=17790 11842 11094 3314 1054 2260 356 265 7780 4850 2930 2556 374 2477 1765 4669 157 5948 4512 616 5700 115 4442 4339 4261 4034 3897 1904 1850 5585 266 794 736
internal_count=17790 11842 11094 3314 1054 2260 356 265 7780 4850 2930 2556 374 2477 1765 4669 157 5948 4512 616 5700 115 4442 4339 4261 4034 3897 1904 1850 5585 266 794 736
cat_boundaries=0 1 2 3 4 5
cat_threshold=21 65 1046 64 24
is_linear=0
shrinkage=0.0383886


Tree=85
num_leaves=34
num_cat=4
split_feature=26 36 41 34 28 31 26 36 29 1 36 40 29 29 1 28 29 29 29 9 1 8 10 1 34 40 27 10 36 28 2 1 29
split_gain=3.68723e+08 2.6055e+08 1.61778e+08 1.56289e+08 1.54779e+08 1.49683e+08 1.44418e+08 1.61049e+08 1.34842e+08 2.14692e+08 1.38551e+08 1.35637e+08 1.54008e+08 1.65809e+08 1.14779e+08 1.13459e+08 2.40289e+08 1.90137e+08 1.55069e+08 1.49349e+08 1.38143e+08 1.28182e+08 1.18139e+08 1.08703e+08 1.08138e+08 1.07768e+08 1.0032e+08 9.45461e+07 9.07901e+07 8.51735e+07 9.28949e+07 9.57026e+07 8.46564e+07
threshold=134.0725986226432 -0.37940952255126059 -0.99983123799342477 1.0000000180025095e-35 0 1 762.14024197202696 0.25881904510252091 102.50000000000001 0.24628115648322965 0.60355339059327384 0.91596454896554913 130.50000000000003 152.50000000000003 0.24035512469409467 2 42.500000000000007 58.500000000000007 70.500000000000014 1023.930567970876 0.3112836758503818 277.62705660693263 1015.5011584503249 0.31145223837260605 1.0000000180025095e-35 -0.99763297024448894 3.1155119995047502 1020.1264255770121 0.78656609248549325 3 0.7998031174944219 0.28320442514292038 62.500000000000007
decision_type=2 2 2 2 1 1 2 2 2 2 2 2 2 2 2 1 2 2 2 2 2 2 2 2 2 2 2 2 2 1 2 2 2
left_child=1 4 -2 5 -1 15 25 24 9 10 -7 12 -10 -14 27 20 22 -18 19 -19 21 -3 -17 -11 -8 -4 32 -15 -20 -30 31 -31 -27
right_child=2 3 6 -5 -6 8 7 -9 11 23 -12 -13 13 14 -16 16 17 18 28 -21 -22 -23 -24 -25 -26 26 -28 -29 29 30 -32 -33 -34
leaf_value=-7.0094862499578303 65.414573561294247 47.062384531382534 52.562956771566455 -47.947850655233658 19.251867464597424 0.34858321292526318 -1.6646589620743948 19.196552053190011 25.216103543509295 -14.290694335923812 83.13553410938755 -64.344472358511254 -57.941097648868393 -12.478080749833596 -28.355824573888462 -89.962590326812148 29.643730466439738 -18.186878049311463 -13.213596434858928 -96.14894849215473 -38.698305277195225 4.8470996614292909 -22.819968292923949 28.194199844059682 -51.582323385461194 18.558997022559865 42.755419265164427 25.165928560744199 18.198406635503311 -34.164637487290577 22.889957990371375 15.920376766253177 5.4953917581224312
leaf_weight=524 66 115 85 146 877 55 3978 578 114 789 65 98 161 715 707 73 211 106 946 55 99 1354 82 100 65 908 126 114 349 195 104 79 3751
leaf_count=524 66 115 85 146 877 55 3978 578 114 789 65 98 161 715 707 73 211 106 946 55 99 1354 82 100 65 908 126 114 349 195 104 79 3751
internal_value=0.390752 -5.56377 5.52035 -8.6563 9.51701 -7.7983 5.10385 0.242525 -14.3077 -3.00584 45.1917 -20.3563 -17.9759 -20.8774 -16.9925 -2.71211 -8.32144 -4.86643 -8.8368 -44.82 5.16097 8.15192 -54.4421 -9.51172 -2.4672 9.71661 8.95549 -7.30144 -5.37396 4.82724 -7.79331 -19.724 8.04138
internal_weight=17790 8233 9557 6832 1401 6686 9491 4621 2918 1009 120 1909 1811 1697 1536 3768 2200 2045 1834 161 1568 1469 155 889 4043 4870 4785 829 1673 727 378 274 4659
internal_count=17790 8233 9557 6832 1401 6686 9491 4621 2918 1009 120 1909 1811 1697 1536 3768 2200 2045 1834 161 1568 1469 155 889 4043 4870 4785 829 1673 727 378 274 4659
cat_boundaries=0 1 2 3 4
cat_threshold=1776 30 4802 1048
is_linear=0
shrinkage=0.0383886


Tree=86
num_leaves=34
num_cat=0
split_feature=41 10 41 1 1 1 1 10 5 30 20 45 40 32 10 38 1 3 10 0 0 0 18 27 51 1 17 10 0 38 2 2 0
split_gain=2.49339e+08 2.37759e+08 2.52374e+08 6.19474e+08 2.6194e+08 2.46916e+08 5.23126e+08 3.66504e+08 2.34201e+08 3.52261e+08 2.38976e+08 2.26786e+08 2.25177e+08 2.33936e+08 2.08945e+08 1.83987e+08 1.71523e+08 1.71302e+08 2.15475e+08 1.68121e+08 3.71404e+08 1.66557e+08 3.05148e+08 1.42705e+08 1.30203e+08 1.23178e+08 1.20466e+08 1.21104e+08 1.56888e+08 1.16995e+08 1.28864e+08 2.64261e+08 1.47778e+08
threshold=0.99981043035926087 1030.5838112130957 0.82777578779003613 0.2999569185164041 0.30953108157386366 0.31145223837260605 0.3112836758503818 1007.005027843381 295.25987846454029 0.28062970568104045 0.013719301676982891 0.3529115998950883 0.97875492728876534 1.0000000180025095e-35 989.22299143210807 1.0000000180025095e-35 0.19499775022681537 283.98397014830306 1026.1921366486401 14.922006068462391 14.791974400548128 12.916517146251097 0.096421135409417491 1.9684627768176155 0.28396383057052793 0.19544989965272661 0.14790635580332698 989.66398505715472 14.939170852569399 1.0000000180025095e-35 0.79364839964734346 0.79636641166578903 13.569524642595786
decision_type=2 2 2 2 2 2 2 2 2 2 2 2 2 2 2 2 2 2 2 2 2 2 2 2 2 2 2 2 2 2 2 2 2
left_child=1 2 3 8 -4 6 -6 -7 9 10 14 15 13 -11 -1 -9 26 -15 19 20 -19 23 -23 24 -16 -18 27 -10 -29 30 32 -32 -27
right_child=-2 -3 4 -5 5 7 -8 11 16 12 -12 -13 -14 17 21 -17 25 18 -20 -21 -22 22 -24 -25 -26 29 -28 28 -30 -31 31 -33 -34
leaf_value=39.434275030158588 -59.471538691684785 -21.974841085854305 23.00166015227023 -101.85898181701809 -0.76501895158883138 -37.503781045768207 -95.902583959364563 41.071019059166197 -8.5347218361351267 -2.4449140360525425 81.517237527642195 77.385658288922855 -84.7774709514959 -56.439844890195324 -0.47390451146762608 -43.507194021369514 -37.188353952757552 -19.200233612263268 51.507030395509275 -56.345609461865699 45.281985747599421 55.91344367799995 -45.69631784134851 22.823880419599107 -40.497768398483892 9.2485314454260834 -19.447505149686467 18.796863159112565 70.667005550460672 15.380095563503717 -70.79128616367187 -1.5071502501671061 74.556513806451918
leaf_weight=256 102 655 1497 88 403 122 108 106 70 5157 63 139 55 156 2427 59 97 1533 70 148 144 196 56 378 126 490 63 159 187 1334 87 1202 57
leaf_count=256 102 655 1497 88 403 122 108 106 70 5157 63 139 55 156 2427 59 97 1533 70 148 144 196 56 378 126 490 63 159 187 1334 87 1202 57
internal_value=0.376408 0.72153 1.59431 -0.313682 13.0384 -2.87946 -20.8724 18.7036 0.302125 -2.57478 7.42586 41.2606 -7.39679 -6.80634 6.06855 10.8278 8.56958 -17.7726 -14.5894 -17.1247 -13.6633 3.38503 33.3334 0.810136 -2.44924 5.42419 30.0225 37.5144 46.8308 6.72811 0.441749 -6.18344 16.054
internal_weight=17790 17688 17033 14599 2434 937 511 426 14511 10765 3502 304 7263 7208 3439 165 3746 2051 1895 1825 1677 3183 252 2931 2553 3267 479 416 346 3170 1836 1289 547
internal_count=17790 17688 17033 14599 2434 937 511 426 14511 10765 3502 304 7263 7208 3439 165 3746 2051 1895 1825 1677 3183 252 2931 2553 3267 479 416 346 3170 1836 1289 547
is_linear=0
shrinkage=0.0383886


Tree=87
num_leaves=34
num_cat=2
split_feature=37 28 32 41 0 41 41 41 12 2 16 2 28 0 0 0 0 40 0 21 0 41 51 24 45 18 12 40 0 34 45 24 11
split_gain=3.36662e+08 2.02677e+08 1.98705e+08 1.7442e+08 3.00266e+08 1.66401e+08 4.39941e+08 1.64719e+08 1.44301e+08 1.37146e+08 2.5137e+08 2.27827e+08 1.59482e+08 1.96424e+08 1.84302e+08 2.43372e+08 2.93099e+08 1.76736e+08 2.5619e+08 1.50771e+08 1.38489e+08 2.67201e+08 2.03306e+08 1.47702e+08 2.33103e+08 1.35502e+08 1.67821e+08 1.33038e+08 2.68403e+08 2.02849e+08 1.815e+08 1.3236e+08 1.35761e+08
threshold=0.60355339059327384 0 1.0000000180025095e-35 -0.98801846520836312 14.89703437938036 0.99611390731392835 0.99748108949426018 -0.97507822412530132 92.542627547666129 0.6969150038320101 161.97008599792113 0.69938919975787772 1 14.760010628743727 14.828082555492124 14.860661594437168 14.886690304456389 0.13398903995667991 9.5938434878608341 0.057983357746945595 14.899352818964744 -0.8611288361322974 1.0000000180025095e-35 5.1514549625676231 0.19593493916883467 0.36915451244600778 77.748758683953795 -0.78326540922535159 13.040701258582024 1.0000000180025095e-35 0.83710381088611852 63.870838533313126 36.889168804726893
decision_type=2 1 2 2 2 2 2 2 2 2 2 2 1 2 2 2 2 2 2 2 2 2 2 2 2 2 2 2 2 2 2 2 2
left_child=2 -2 5 4 -4 9 -7 -5 31 10 -1 -11 13 17 -15 -16 -17 -13 -19 -20 21 23 -22 -14 -25 27 -27 28 30 -29 -23 32 -9
right_child=1 -3 3 7 -6 6 -8 8 -10 11 -12 12 20 14 15 16 -18 18 19 -21 22 25 -24 24 -26 26 -28 29 -30 -31 -32 -33 -34
leaf_value=23.560742454190123 -19.613545126359348 -3.4207599129180308 87.561322310632818 -57.164381685496075 -10.757963982485371 -119.81743199111112 2.914248406394274 21.892640004245678 -50.53428875040369 36.064925415422174 -79.486017004563436 36.86564284453484 -87.45578830997664 -60.499027726968485 69.630331724514164 -82.936927074931447 27.908114365833487 -54.192192890749681 18.462683650418853 -42.33961487640034 43.997019762686442 -3.2241124507921683 -1.6719562715940488 40.108911948146982 -48.230328375913594 2.5210041992067058 79.338196014719301 -1.2451964734514853 45.190378748930051 -58.172368402688704 33.275616492877163 35.970366217648589 -7.8404672695315378
leaf_weight=66 1693 3484 80 93 107 56 186 246 101 390 74 575 64 90 61 64 78 82 1306 63 280 1092 295 64 141 95 75 3180 274 95 246 118 2827
leaf_count=66 1693 3484 80 93 107 56 186 246 101 390 74 575 64 90 61 64 78 82 1306 63 280 1092 295 64 141 95 75 3180 274 95 246 118 2827
internal_value=-0.522419 -8.76068 2.87216 -4.78761 31.3037 5.91494 -25.4864 -6.78144 -5.3581 6.78341 -30.9067 7.39626 6.03607 14.5428 -14.7733 5.49912 -22.0501 18.8543 11.7168 15.6646 2.66389 0.736069 20.5668 -36.5453 -20.6512 2.7192 36.4111 1.54719 10.5752 -2.89653 3.48659 -3.9282 -5.46026
internal_weight=17741 5177 12564 3572 187 8992 242 3385 3292 8750 140 8610 8220 2319 293 203 142 2026 1451 1369 5901 5326 575 269 205 5057 170 4887 1612 3275 1338 3191 3073
internal_count=17741 5177 12564 3572 187 8992 242 3385 3292 8750 140 8610 8220 2319 293 203 142 2026 1451 1369 5901 5326 575 269 205 5057 170 4887 1612 3275 1338 3191 3073
cat_boundaries=0 1 2
cat_threshold=1584 134
is_linear=0
shrinkage=0.0383886


Tree=88
num_leaves=34
num_cat=2
split_feature=35 32 8 40 40 28 40 2 2 2 2 21 28 5 41 30 30 2 16 40 30 2 6 41 41 41 44 2 2 16 2 2 2
split_gain=3.89778e+08 1.5953e+08 1.58632e+08 1.1682e+08 1.94482e+08 2.07089e+08 1.28395e+08 1.98379e+08 2.06602e+08 2.04952e+08 1.68902e+08 1.13437e+08 1.13161e+08 1.12895e+08 1.06709e+08 1.19798e+08 1.49523e+08 1.24989e+08 1.04702e+08 1.03738e+08 8.78104e+07 2.12111e+08 1.28834e+08 1.14451e+08 1.90854e+08 1.18112e+08 1.12984e+08 1.08647e+08 2.14975e+08 1.58487e+08 1.45552e+08 3.20311e+08 1.61961e+08
threshold=0.31250000000000006 1.0000000180025095e-35 282.65426694322935 -0.61237985104942771 -0.40614700388750385 0 -0.73866753694953113 0.71309702951684495 0.73233766922924881 0.74149207351368329 0.76488034666457139 0.057983357746945595 1 295.25987846454029 0.98174098242282837 0.93497604380561272 0.92128678986995216 0.6976257471746653 78.53212902150463 -0.97876850416056738 0.19849418206707739 0.75345041742641461 284.36077445779898 -0.98801846520836312 -0.99465740988130902 -0.97507822412530132 0.3529115998950883 0.77128006022580964 0.78084586409458456 128.91131398965777 0.7928546365339989 0.79744046898534193 0.81235773316993465
decision_type=2 2 2 2 2 1 2 2 2 2 2 2 1 2 2 2 2 2 2 2 2 2 2 2 2 2 2 2 2 2 2 2 2
left_child=12 2 11 6 5 -5 7 -3 -9 -10 -11 -2 13 18 15 16 17 -4 -1 -14 21 22 26 24 -22 -25 -6 -27 29 -29 -30 -32 -33
right_child=1 3 14 4 20 -7 -8 8 9 10 -12 -13 19 -15 -16 -17 -18 -19 -20 -21 23 -23 -24 25 -26 27 -28 28 30 -31 31 32 -34
leaf_value=37.938726732660569 25.612454447153482 57.29662235204971 63.408802377678626 66.780473701444166 32.631097644600821 -6.5659153770958145 -44.70880576012231 -57.319328821088007 52.998908343779384 -48.163353358685001 3.8765169450842158 -28.667987707615261 19.640835802890926 27.138162210828675 -17.119597071297246 37.059891968424196 -57.197318160014149 4.780035116650466 -6.1905473740456936 -14.721759018374181 -7.0852772481931225 68.383652131075024 -25.758116199306802 -54.741792936281392 78.946821049713748 -27.702920461744572 -4.7224532529352121 -12.357110842317407 -40.48511980238554 69.217028755200417 73.664270282276121 -30.443822855608833 12.108722102013804
leaf_weight=82 812 62 54 118 212 106 179 132 80 141 264 61 135 176 321 173 57 6999 2348 3161 114 77 189 88 57 330 273 55 180 97 74 297 237
leaf_count=82 812 62 54 118 212 106 179 132 80 141 264 61 135 176 321 173 57 6999 2348 3161 114 77 189 88 57 330 273 55 180 97 74 297 237
internal_value=-0.502863 3.51472 6.32108 -3.5613 0.627497 34.76 -15.7859 -8.16119 -14.7388 -3.14987 -14.241 21.8196 -8.56185 -2.54131 4.54172 5.49645 4.72845 5.22892 -4.7014 -13.274 -2.72587 8.02372 1.12796 -8.00576 21.592 -11.7327 11.6053 -8.75257 -2.09976 39.7 -10.1627 -1.18562 -11.5581
internal_weight=17741 11839 8477 3362 2504 224 858 679 617 485 405 873 5902 2606 7604 7283 7110 7053 2430 3296 2280 751 674 1529 171 1358 485 1270 940 152 788 608 534
internal_count=17741 11839 8477 3362 2504 224 858 679 617 485 405 873 5902 2606 7604 7283 7110 7053 2430 3296 2280 751 674 1529 171 1358 485 1270 940 152 788 608 534
cat_boundaries=0 1 2
cat_threshold=4352 710
is_linear=0
shrinkage=0.0383886


Tree=89
num_leaves=34
num_cat=4
split_feature=35 32 20 28 0 10 1 0 9 1 14 9 0 1 0 20 0 10 5 1 41 41 41 41 1 31 41 28 28 0 3 0 45
split_gain=3.60548e+08 1.47304e+08 1.39622e+08 1.45434e+08 1.90768e+08 1.93781e+08 2.17809e+08 3.58315e+08 4.14579e+08 2.07244e+08 2.08001e+08 1.85827e+08 1.85198e+08 1.84005e+08 1.45581e+08 1.37493e+08 1.33209e+08 1.29449e+08 1.25695e+08 1.57422e+08 1.30691e+08 1.63088e+08 1.84817e+08 1.43096e+08 1.23342e+08 1.20584e+08 1.73626e+08 1.418e+08 1.19299e+08 1.26989e+08 1.24767e+08 1.22849e+08 1.11452e+08
threshold=0.31250000000000006 1.0000000180025095e-35 8.6866453553476668e-05 0 14.760010628743727 1020.8275709881353 0.28320442514292038 11.479216874820377 1025.0138504134416 0.2985886002536664 1.6743064625094546 1025.2057028264267 14.828082555492124 0.29745033193765041 14.860661594437168 0.013498123222249905 14.89703437938036 1030.5838112130957 295.90669752162461 0.19499775022681537 -0.70900320270980455 -0.48313741114591585 -0.39036009226888674 -0.99465740988130902 0.31068020819657388 1 0.99611390731392835 2 3 10.569162159519083 280.05592104939109 10.273140293585405 0.68012715015986502
decision_type=2 2 2 1 2 2 2 2 2 2 2 2 2 2 2 2 2 2 2 2 2 2 2 2 2 1 2 1 1 2 2 2 2
left_child=17 2 3 4 5 24 7 8 -7 13 -11 -9 -6 -8 -14 -4 -16 25 32 -20 23 -22 -23 -21 28 26 27 -1 29 31 -30 -2 -5
right_child=1 -3 15 18 12 6 9 11 -10 10 -12 -13 14 -15 16 -17 -18 -19 19 20 21 22 -24 -25 -26 -27 -28 -29 30 -31 -32 -33 -34
leaf_value=9.1575761806532459 26.008538784327207 -3.4177071888719501 -13.421257909127522 -7.9723294585361799 -64.353565270822585 -7.9114878804132038 22.203123448035694 -18.025946422917453 -153.14479242839994 20.763864797407386 -22.274030610912611 62.707487382726676 53.035790331379786 93.903595687881946 -54.180364036914725 48.930056325614025 21.379425923580392 -36.151902117593472 38.629520716855616 34.571431256237751 35.740438320433562 -53.391580555560957 17.041865656464424 -16.687847010370227 -5.1392207313683373 -13.47543300096874 -67.414339279115936 -7.4491840019333555 63.045941914869665 22.143388038394214 26.832623261406212 -40.383355497602118 10.644224392829315
leaf_weight=1236 63 3362 752 1764 86 60 214 135 56 355 310 61 60 70 73 56 65 235 257 97 333 80 175 465 223 2448 59 1924 156 360 1385 118 648
leaf_count=1236 63 3362 752 1764 86 60 214 135 56 355 310 61 60 70 73 56 65 235 257 97 333 80 175 465 223 2448 59 1924 156 360 1385 118 648
internal_value=-0.482255 3.38174 6.07843 7.6776 12.9304 15.3755 3.27659 -24.5486 -78.0243 12.4246 0.701062 7.10022 -17.316 39.8759 3.11437 -9.09985 -18.5905 -8.23317 2.34218 11.4669 5.39665 18.0486 -5.05485 -7.84057 21.9945 -7.07543 -2.15975 -0.948217 24.9007 8.79296 30.302 -17.2745 -2.97086
internal_weight=17741 11839 8477 7669 3850 3566 1261 312 116 949 665 196 284 284 198 808 138 5902 3819 1407 1150 588 255 562 2305 5667 3219 3160 2082 541 1541 181 2412
internal_count=17741 11839 8477 7669 3850 3566 1261 312 116 949 665 196 284 284 198 808 138 5902 3819 1407 1150 588 255 562 2305 5667 3219 3160 2082 541 1541 181 2412
cat_boundaries=0 1 2 3 4
cat_threshold=6286 30 4802 4
is_linear=0
shrinkage=0.0383886


Tree=90
num_leaves=34
num_cat=3
split_feature=35 35 5 31 38 1 10 1 35 1 1 12 28 44 28 24 24 9 1 29 29 29 9 9 5 35 16 9 1 39 10 29 1
split_gain=3.32175e+08 1.8276e+08 1.54657e+08 1.47784e+08 1.11047e+08 1.2053e+08 1.109e+08 1.08302e+08 1.0692e+08 1.06614e+08 1.0259e+08 1.05334e+08 1.28547e+08 1.21459e+08 1.01062e+08 1.26605e+08 1.20788e+08 1.25314e+08 1.6558e+08 9.88721e+07 1.20099e+08 9.87579e+07 1.25206e+08 9.77543e+07 9.68079e+07 9.45267e+07 9.39279e+07 1.20865e+08 1.15431e+08 1.02524e+08 9.3076e+07 1.45114e+08 1.5753e+08
threshold=0.35416666666666669 0.47916666666666669 281.12247497355531 0 -1.0000000180025095e-35 0.31112149931579086 1030.5838112130957 0.31158861083306455 0.89583333333333337 0.31112149931579086 0.31145223837260605 42.837886661425067 1 0.83710381088611852 2 3.3544466219645357 0.41519001197154232 1026.3245984389446 0.28869455644608594 287.50000000000006 273.50000000000006 34.500000000000007 980.50107655656223 1016.1256676983388 300.70177503227654 0.14583333333333334 144.84746451826882 1015.7765007567822 0.23264937505788144 1.0000000180025095e-35 1008.7941742332417 184.50000000000003 0.25258308877353658
decision_type=2 2 2 1 2 2 2 2 2 2 2 2 1 2 1 2 2 2 2 2 2 2 2 2 2 2 2 2 2 2 2 2 2
left_child=3 24 8 -1 10 14 9 -7 -3 21 11 26 13 30 15 23 -16 -18 -19 20 -14 -5 -23 -6 -2 -24 28 -28 29 -4 -13 32 -32
right_child=1 2 4 6 5 7 -8 -9 -10 -11 -12 12 19 -15 16 -17 17 18 -20 -21 -22 22 25 -25 -26 -27 27 -29 -30 -31 31 -33 -34
leaf_value=-20.992355657323703 11.602477028673045 28.366567587050767 -9.1762249779746039 16.575214787329926 -8.0143654750463558 -74.106716986409467 -30.651155723453048 2.075248437059682 -0.414942461793047 -31.426805931806651 41.302794482634241 30.044439543261621 -18.494615226591691 -29.192887664307641 -29.892129607892056 -4.9579297968504941 15.13018168858757 -69.976176720965299 2.8004600417389898 -47.476827979082849 25.042640944109312 -46.266181953578418 -9.0855749045121215 43.138887348351069 44.056328115497863 1.75300983490531 16.267942289514117 -16.312669083371869 71.655361682307941 43.7960532545601 -45.540519971824793 13.820388934927294 11.228946137549244
leaf_weight=946 2057 500 144 371 86 55 232 55 307 195 68 179 1104 181 107 1850 2045 58 224 154 102 101 2139 153 145 2661 279 421 57 86 170 410 125
leaf_count=946 2057 500 144 371 86 55 232 55 307 195 68 179 1104 181 107 1850 2045 58 224 154 102 101 2139 153 145 2661 279 421 57 86 170 410 125
internal_value=-0.222079 3.8352 1.3902 -7.01291 -0.204026 3.68843 -4.64741 -36.0156 17.4174 -3.55241 -5.38615 -6.31665 -10.6198 -0.537525 4.65405 -1.55367 9.94739 11.822 -12.1678 -18.376 -14.8123 -2.52139 -3.96698 24.7322 13.7395 -3.07693 4.2559 -3.32695 22.7507 10.6307 5.3236 -0.953023 -21.4856
internal_weight=17767 11122 8920 6645 8113 4633 5699 110 807 5467 3480 3412 2425 1065 4523 2089 2434 2327 282 1360 1206 5272 4901 239 2202 4800 987 700 287 230 884 705 295
internal_count=17767 11122 8920 6645 8113 4633 5699 110 807 5467 3480 3412 2425 1065 4523 2089 2434 2327 282 1360 1206 5272 4901 239 2202 4800 987 700 287 230 884 705 295
cat_boundaries=0 1 2 3
cat_threshold=64 6312 1840
is_linear=0
shrinkage=0.0383886


Tree=91
num_leaves=34
num_cat=7
split_feature=35 35 6 35 31 34 26 36 5 31 28 1 31 7 29 16 44 40 19 27 1 11 31 1 5 32 28 5 10 44 28 6 1
split_gain=3.07232e+08 1.73872e+08 1.98958e+08 1.55326e+08 1.36802e+08 1.22977e+08 1.20482e+08 1.49105e+08 1.2902e+08 1.41226e+08 1.23985e+08 1.16706e+08 1.07649e+08 1.0222e+08 9.25779e+07 9.84361e+07 8.98548e+07 8.78288e+07 9.08184e+07 9.16824e+07 1.73771e+08 9.26708e+07 1.73099e+08 1.48738e+08 1.24471e+08 1.12692e+08 9.62493e+07 8.69944e+07 8.63116e+07 8.06347e+07 7.8543e+07 7.74939e+07 7.59763e+07
threshold=0.35416666666666669 0.93750000000000011 282.70042026503273 0.47916666666666669 0 1.0000000180025095e-35 720.40433806104932 -0.9159756150367534 303.17817675378018 1 2 0.23743595890941835 3 283.63967375977307 289.50000000000006 225.71010121431058 0.19593493916883467 0.99939377080793557 0.0056264336766690707 2.2104805274775758 0.2095239675516776 35.783158001927774 4 0.2330414172719977 299.89931526696125 1.0000000180025095e-35 5 300.70177503227654 1030.5838112130957 0.4739400639339571 6 304.41028757196608 0.303813383118062
decision_type=2 2 2 2 1 2 2 2 2 1 1 2 1 2 2 2 2 2 2 2 2 2 1 2 2 2 1 2 2 2 1 2 2
left_child=4 2 11 27 14 28 7 -5 17 31 -9 -2 -13 -14 15 16 -1 18 19 21 -21 22 23 -8 -24 -23 -27 -4 -6 -7 -18 -10 -30
right_child=1 -3 3 6 5 29 8 10 9 -11 -12 12 13 -15 -16 -17 30 -19 -20 20 -22 25 24 -25 -26 26 -28 -29 32 -31 -32 -33 -34
leaf_value=23.987825931924291 66.198405840400667 -14.555954871700415 10.991243133775223 16.944990280407815 -2.628251127805211 -11.527656103663947 13.871875251563797 11.106160536340033 10.758537639634406 38.246410277243641 -8.8245331312496287 -0.86811317172644598 32.010481535509612 9.333028478615768 -47.855705922439576 -38.526286965904355 0.10124976221818568 39.372677035897397 -52.401263647972748 61.105121872000652 -3.2313120000265312 -5.8666600778648572 -49.138023561619249 85.173365803304023 12.373551715874088 -40.179405194270309 -12.093565914299099 42.365066791844541 -52.377014770945038 -70.018766250050007 -30.84316451442923 -31.158526515648148 -6.4669036320228228
leaf_weight=110 68 720 1280 1164 5346 71 177 777 197 202 1097 469 613 561 152 199 267 61 64 83 243 2037 99 57 95 291 525 145 98 68 218 97 116
leaf_count=110 68 720 1280 1164 5346 71 177 777 197 202 1097 469 613 561 152 199 267 61 64 83 243 2037 99 57 95 291 525 145 98 68 218 97 116
internal_value=-0.214007 3.68797 4.95077 2.5951 -6.74491 -4.46901 0.322352 6.15397 -3.86791 14.5268 -0.548663 16.9164 14.8767 20.9952 -20.1949 -15.154 -7.33698 -6.31266 -7.07181 -6.26751 13.1488 -8.19671 8.46039 29.9599 -18.0841 -10.6956 -22.7501 14.1837 -3.58521 -40.1422 -14.4416 -2.97017 -27.4913
internal_weight=17767 11122 10402 8691 6645 5699 7266 3038 4228 496 1874 1711 1643 1174 946 794 595 3732 3671 3607 326 3281 428 234 194 2853 816 1425 5560 139 485 294 214
internal_count=17767 11122 10402 8691 6645 5699 7266 3038 4228 496 1874 1711 1643 1174 946 794 595 3732 3671 3607 326 3281 428 234 194 2853 816 1425 5560 139 485 294 214
cat_boundaries=0 1 2 3 4 5 6 7
cat_threshold=64 89 6222 72 53 596 1480
is_linear=0
shrinkage=0.0383886


Tree=92
num_leaves=34
num_cat=1
split_feature=35 35 41 3 31 41 35 0 0 0 0 0 0 0 0 0 41 4 35 0 26 36 30 8 12 4 41 41 40 4 23 41 39
split_gain=2.84173e+08 1.60771e+08 1.338e+08 1.41108e+08 1.26708e+08 1.37703e+08 1.22339e+08 1.14757e+08 1.47666e+08 3.76796e+08 2.00902e+08 3.39275e+08 1.56604e+08 2.01671e+08 1.10899e+08 2.51922e+08 1.85007e+08 1.23112e+08 1.0291e+08 9.78187e+07 9.38009e+07 1.59094e+08 1.24834e+08 9.12509e+07 9.76871e+07 8.27659e+07 7.78617e+07 2.0585e+08 1.13189e+08 2.61679e+08 1.38821e+08 1.12247e+08 1.34818e+08
threshold=0.35416666666666669 0.93750000000000011 0.99981043035926087 282.89266168460512 0 0.99349222267034787 0.47916666666666669 14.778180654549983 14.22402246062296 13.897120305775262 13.125966672129577 12.599358814455455 11.863492633897799 11.348975741552261 14.926749891514442 14.770010628743726 -0.85225707553516283 293.99663226894376 0.062500000000000014 9.5721160351376611 720.40433806104932 -0.9159756150367534 0.23682409308692678 292.10140242687163 63.328438498781175 275.26141036231115 -0.4755978891912595 -0.62587551141915865 0.81428061195174062 297.71875913008296 18.335110697139722 -0.78324956448884031 -0.56174490092936669
decision_type=2 2 2 2 1 2 2 2 2 2 2 2 2 2 2 2 2 2 2 2 2 2 2 2 2 2 2 2 2 2 2 2 2
left_child=4 2 3 -2 7 14 -5 8 9 10 11 12 13 18 15 16 -6 -16 -1 -20 21 -8 -23 -17 -25 -18 27 31 29 -29 -30 -22 -33
right_child=1 -3 -4 6 5 -7 20 -9 -10 -11 -12 -13 -14 -15 17 23 25 -19 19 -21 26 22 -24 24 -26 -27 -28 28 30 -31 -32 32 -34
leaf_value=10.998824875835984 17.857718879796973 -13.997171726752677 -48.134840995551883 12.394388643835363 23.033743860972994 -36.613035410483121 18.28763410524725 17.413160005142728 -64.461837241467194 78.60221500712349 -73.087825304470826 61.850830202993784 -75.663047616251234 45.636522712320016 -2.8285280754379638 -71.059780024934184 23.351003897901734 45.404056530773737 0.57636050062355371 -53.917387277096857 3.673560472867337 24.122743042761794 -4.2981034175322916 -43.091338411971201 0.52902777846799642 -5.3864404717203485 -6.7870889784066666 119.59861807687291 42.870762088178218 22.836206564598548 -42.994246878429216 14.18985562522872 -34.035033732862111
leaf_weight=72 1140 720 70 1839 395 188 1088 109 117 55 111 71 84 62 173 79 153 142 64 201 1232 266 1584 181 130 4258 2446 55 55 164 56 122 285
leaf_count=72 1140 720 70 1839 395 188 1088 109 117 55 111 71 84 62 173 79 153 142 64 201 1232 266 1584 181 130 4258 2446 55 55 164 56 122 285
internal_value=-0.206729 3.54596 4.76025 5.11862 -6.48776 -4.29745 3.53871 -19.432 -24.4624 -17.9625 -25.9491 -16.5043 -28.0224 -17.9927 -3.20284 -4.54367 -2.13575 18.9144 -29.699 -40.7566 1.32388 6.63901 -0.211637 -34.2166 -24.8577 -4.38965 -2.21311 3.46893 31.1312 47.1374 -0.448379 -2.10065 -19.5794
internal_weight=17767 11122 10402 10332 6645 5699 9192 946 837 720 665 554 483 399 5511 5196 4806 315 337 265 7353 2938 1850 390 311 4411 4415 1969 330 219 111 1639 407
internal_count=17767 11122 10402 10332 6645 5699 9192 946 837 720 665 554 483 399 5511 5196 4806 315 337 265 7353 2938 1850 390 311 4411 4415 1969 330 219 111 1639 407
cat_boundaries=0 1
cat_threshold=64
is_linear=0
shrinkage=0.0383886


Tree=93
num_leaves=34
num_cat=2
split_feature=37 35 37 31 16 9 27 2 8 2 2 10 2 29 36 5 31 23 2 2 2 29 27 2 8 44 2 13 27 8 10 10 2
split_gain=2.30958e+08 1.89949e+08 2.19977e+08 1.77833e+08 1.57099e+08 1.50268e+08 1.66186e+08 1.5465e+08 1.48878e+08 1.29393e+08 1.91101e+08 1.89045e+08 1.44921e+08 1.25413e+08 1.34183e+08 1.27152e+08 1.20891e+08 1.3043e+08 1.19875e+08 2.25534e+08 1.82701e+08 1.16502e+08 1.24653e+08 1.0626e+08 1.00649e+08 9.91299e+07 8.95778e+07 8.56687e+07 1.56365e+08 1.18469e+08 1.02214e+08 1.38206e+08 1.23164e+08
threshold=0.60355339059327384 0.72916666666666685 -0.9159756150367534 0 198.04412433935462 1023.4747853690588 1.176578378910228 0.75161189554004493 291.50400563763543 0.73321994364956511 0.71006204458744049 1023.0607689600013 0.75505169347503609 84.500000000000014 0.37940952255126054 295.25987846454029 1 9.9681098809933619 0.76648162271319287 0.77924458804596319 0.79636641166578903 64.500000000000014 1.0000000180025095e-35 0.69938919975787772 281.98850404947967 0.68012715015986502 0.72683208374940667 2.3455297220526696 0.56748541986976953 293.63573446818503 1016.8171800752626 1016.0934150137635 0.8075742414247562
decision_type=2 2 2 1 2 2 2 2 2 2 2 2 2 2 2 2 1 2 2 2 2 2 2 2 2 2 2 2 2 2 2 2 2
left_child=1 2 -1 4 9 27 16 -8 -3 10 -4 12 -11 14 -2 23 25 21 -14 -20 -21 26 -23 -15 -24 -7 -18 28 29 -5 31 32 -31
right_child=13 8 3 5 -6 6 7 -9 -10 11 -12 -13 18 15 -16 -17 17 -19 19 20 -22 22 24 -25 -26 -27 -28 -29 -30 30 -32 -33 -34
leaf_value=11.121586219513903 10.840418470514456 24.43720345705464 6.9892520381354339 -9.5825421106599791 -35.174291868031005 -9.7959355613376484 -23.721969429111361 -101.37036574884924 4.2557101372993555 54.59361369351528 -66.528482255211429 71.976209843072667 -64.546458773551436 7.9292307165622162 -16.201806057393721 4.9515616531160447 -26.506787318628735 7.2683237653575992 64.291550742059272 -70.130610904465868 -0.99994946580541899 28.525428029584475 12.242121115616087 -15.923664833532374 -41.419331102556498 51.264269957241424 -94.890100673925744 -2.4842593351665392 17.08342265770527 -19.685696163739326 22.707028177425197 -47.300408125220493 31.909588156364652
leaf_weight=2226 950 936 99 975 420 70 126 54 1269 56 110 54 54 304 378 650 58 281 61 72 259 76 70 2908 195 89 55 2895 1261 125 442 86 150
leaf_count=2226 950 936 99 975 420 70 126 54 1269 56 110 54 54 304 378 650 58 281 61 72 259 76 70 2908 195 89 55 2895 1261 125 442 86 150
internal_value=-0.216145 2.58654 0.42026 -2.48724 -16.1737 -0.149668 -13.3632 -47.0166 12.8226 -5.95338 -31.7042 3.72632 -3.61529 -7.03331 3.14315 -10.5326 -6.58728 -13.1085 -10.9241 -3.53726 -16.0375 -26.0094 -14.8148 -13.6661 -27.2445 22.9396 -59.7909 2.2416 6.74353 -0.589754 10.3292 -4.8258 8.45713
internal_weight=17814 12624 10419 8193 1185 7008 1074 180 2205 765 209 556 502 5190 1328 3862 894 735 446 392 331 454 341 3212 265 159 113 5934 3039 1778 803 361 275
internal_count=17814 12624 10419 8193 1185 7008 1074 180 2205 765 209 556 502 5190 1328 3862 894 735 446 392 331 454 341 3212 265 159 113 5934 3039 1778 803 361 275
cat_boundaries=0 1 2
cat_threshold=64 4
is_linear=0
shrinkage=0.0383886


Tree=94
num_leaves=34
num_cat=0
split_feature=35 16 29 0 0 29 39 29 29 29 0 0 24 34 24 3 19 19 1 51 1 10 1 10 0 0 10 35 32 8 10 35 1
split_gain=1.92354e+08 1.49789e+08 1.37348e+08 1.91949e+08 1.51384e+08 3.1993e+08 1.74585e+08 1.47618e+08 1.69775e+08 1.52823e+08 2.48153e+08 2.44738e+08 1.75904e+08 1.37948e+08 1.40309e+08 1.24586e+08 1.6778e+08 1.73655e+08 1.26965e+08 1.19433e+08 1.14419e+08 9.98098e+07 1.10287e+08 1.94659e+08 2.65714e+08 2.2263e+08 1.83736e+08 2.15691e+08 1.57323e+08 1.1858e+08 1.08233e+08 9.51158e+07 1.0812e+08
threshold=0.18750000000000003 76.782517854883864 357.50000000000006 9.383286198812538 10.001209827819737 313.50000000000006 -0.22252093395631442 305.50000000000006 285.50000000000006 273.50000000000006 11.648815633763521 11.562442457046151 26.377336526741484 1.0000000180025095e-35 15.278706854124133 296.96834294857331 0.015980341011010653 0.0057381053172727856 0.19499775022681537 0.16289618911388162 0.19544989965272661 1032.8197926009311 0.31038903935974738 1007.005027843381 9.5542763968319555 9.5938434878608341 1022.7504050077713 0.64583333333333337 1.0000000180025095e-35 277.62705660693263 996.30602649868831 1.0000000180025095e-35 0.27605419742791787
decision_type=2 2 2 2 2 2 2 2 2 2 2 2 2 2 2 2 2 2 2 2 2 2 2 2 2 2 2 2 2 2 2 2 2
left_child=31 -2 4 -4 21 7 -7 8 9 13 11 12 -11 15 -15 16 17 -6 19 -17 -20 22 28 30 26 -26 27 -25 29 -3 -24 32 -1
right_child=1 2 3 -5 5 6 -8 -9 -10 10 -12 -13 -14 14 -16 18 -18 -19 20 -21 -22 -23 23 24 25 -27 -28 -29 -30 -31 -32 -33 -34
leaf_value=-5.2487901480002623 19.96329504802133 70.798774190418101 -65.404817584779991 4.558928987066392 -2.3022308976199009 -15.50350432176163 -94.550825982459784 31.278507810991453 -21.690713885485909 -1.5491969264590804 75.053351954254452 -67.43700273019617 82.030897324657872 -86.814843020588128 0.69596361828566444 34.149157472796702 61.41083906743075 -53.793624060534903 -40.371779043638654 -26.489726749234542 5.1081117784351662 -28.57585611226208 10.287080374896771 106.39309882671013 -87.699632295895825 6.7510146701794929 -1.3687841870268505 15.594109690566684 -2.7270935703071899 22.653040400238584 -53.30806717354708 -11.04531944061306 27.151484791957401
leaf_weight=505 641 82 109 123 6396 86 79 225 513 110 106 54 56 54 54 369 60 98 84 55 2761 90 57 83 55 111 106 72 369 935 128 2971 217
leaf_count=505 641 82 109 123 6396 86 79 225 513 110 106 54 56 54 54 369 60 98 84 55 2761 90 57 83 55 111 106 72 369 935 128 2971 217
internal_value=-0.207848 1.83215 0.969978 -28.3119 1.48277 -0.29224 -53.3505 0.503995 -0.138925 0.938978 26.8017 3.55314 26.6464 0.0899924 -43.0593 0.564404 -2.48889 -3.07928 6.68594 26.2832 3.76529 10.9699 12.7512 -0.821639 13.429 -24.5428 37.5798 64.2156 18.7444 26.535 -33.7138 -8.00823 4.48922
internal_weight=17814 14121 13480 232 13248 11160 165 10995 10770 10257 326 220 166 9931 108 9823 6554 6494 3269 424 2845 2088 1998 612 427 166 261 155 1386 1017 185 3693 722
internal_count=17814 14121 13480 232 13248 11160 165 10995 10770 10257 326 220 166 9931 108 9823 6554 6494 3269 424 2845 2088 1998 612 427 166 261 155 1386 1017 185 3693 722
is_linear=0
shrinkage=0.0383886


Tree=95
num_leaves=34
num_cat=1
split_feature=37 41 40 0 40 31 0 0 0 0 0 0 41 0 40 19 0 30 40 39 16 16 0 37 30 6 35 0 0 0 41 6 35
split_gain=2.04081e+08 2.14597e+08 2.10514e+08 4.07889e+08 2.31521e+08 1.73365e+08 2.09261e+08 6.08372e+08 2.37191e+08 6.99972e+08 2.91296e+08 4.93436e+08 2.92433e+08 2.61712e+08 1.63417e+08 2.03858e+08 1.56973e+08 1.4019e+08 1.38915e+08 1.83418e+08 2.32171e+08 1.18491e+08 1.20433e+08 1.1477e+08 1.14424e+08 1.19292e+08 1.10442e+08 1.59787e+08 1.39479e+08 9.90787e+07 1.85712e+08 8.30657e+07 7.90595e+07
threshold=0.60355339059327384 -0.99983123799342477 -0.99763297024448894 11.780160107788744 -0.99467753128998015 0 14.939170852569399 14.811974400548127 14.22402246062296 13.929108357859096 13.268576987214706 12.599358814455455 -0.42179730054635828 9.5542763968319555 0.99939377080793557 0.005861496089884362 12.640368478567412 0.26967830253251207 0.99374995976406788 1.0000000180025095e-35 187.85029775335951 74.905516379799266 13.165505060466311 -0.9159756150367534 0.23134839151266259 296.34430907259281 0.72916666666666685 11.392509279963926 14.926749891514442 14.93322116728967 -0.98212955754013376 293.97850374089518 1.0000000180025095e-35
decision_type=2 2 2 2 2 1 2 2 2 2 2 2 2 2 2 2 2 2 2 2 2 2 2 2 2 2 2 2 2 2 2 2 2
left_child=1 -1 3 -3 -4 6 7 8 9 10 11 13 -13 -6 15 18 -16 -17 21 20 -20 22 -7 -23 32 -26 28 -28 -25 30 -27 -10 -2
right_child=24 2 4 -5 5 14 -8 -9 31 -11 -12 12 -14 -15 16 17 -18 -19 19 -21 -22 23 -24 26 25 29 27 -29 -30 -31 -32 -33 -34
leaf_value=66.74726272016666 26.394160023579502 108.78128300358951 -58.266118398100254 -5.7766291867682327 27.749614632202064 38.601374382849535 -65.649405302820171 82.817013957308617 -70.342061286691788 89.909659979542823 -60.147622027543626 -12.282208763864976 88.774330702499526 -28.281005800996628 7.6597352168725248 1.6965121738840454 89.258400974409412 -66.921908524496914 -95.307215131429004 9.481862660446275 3.135642790744781 13.020248758913684 -4.370969948626672 -1.9297208285775429 -13.40463587714444 -44.407635530798451 26.195535686668219 1.559866209308715 23.191446395820137 36.206979616417712 7.1667584600662648 -26.165888116724208 -0.65598690684453831
leaf_weight=76 185 79 95 109 149 289 92 106 115 104 172 67 114 700 76 77 64 102 82 134 62 1637 144 5826 3060 126 613 1057 345 115 561 138 1143
leaf_count=76 185 79 95 109 149 289 92 106 115 104 172 67 114 700 76 77 64 102 82 134 62 1637 144 5826 3060 126 613 1057 345 115 561 138 1143
internal_value=-0.199869 2.43469 2.04517 42.362 1.43193 1.89433 -9.23645 -6.1748 -12.2256 -5.63507 -13.9019 -6.17924 51.3666 -18.4476 3.76068 3.20796 44.9621 -37.4044 3.92143 -22.8424 -52.922 4.67215 24.3103 3.77499 -6.6081 -9.95059 1.84481 10.6028 -0.525277 3.22817 -2.29228 -46.2461 3.11228
internal_weight=17814 12624 12548 188 12360 12265 1757 1665 1559 1306 1202 1030 181 849 10508 10368 140 179 10189 278 144 9911 433 9478 5190 3862 7841 1670 6171 802 687 253 1328
internal_count=17814 12624 12548 188 12360 12265 1757 1665 1559 1306 1202 1030 181 849 10508 10368 140 179 10189 278 144 9911 433 9478 5190 3862 7841 1670 6171 802 687 253 1328
cat_boundaries=0 1
cat_threshold=64
is_linear=0
shrinkage=0.0383886


Tree=96
num_leaves=34
num_cat=1
split_feature=41 37 41 29 31 0 0 0 0 0 0 0 12 35 36 1 0 0 26 35 35 5 7 8 1 0 0 29 29 7 0 23 1
split_gain=2.6035e+08 1.97863e+08 1.72267e+08 1.49315e+08 1.33178e+08 3.88058e+08 1.76846e+08 5.6123e+08 3.20463e+08 6.08068e+08 3.49774e+08 6.68524e+08 1.26843e+08 1.25156e+08 1.19948e+08 1.48733e+08 1.15032e+08 1.03776e+08 9.79268e+07 1.23411e+08 1.12741e+08 1.09043e+08 8.98124e+07 8.54868e+07 8.40619e+07 9.53636e+07 2.66245e+08 7.99397e+07 1.15345e+08 1.14146e+08 7.72652e+07 7.44129e+07 8.84307e+07
threshold=0.99981043035926087 0.60355339059327384 -0.99983123799342477 357.50000000000006 0 9.5542763968319555 11.263482853748908 11.732148159872578 12.599358814455455 13.125966672129577 13.897120305775262 14.194381159041477 60.804997019824683 0.77083333333333337 0.37940952255126054 0.27031614624750627 9.383286198812538 11.306136103246555 782.40821542881997 0.47916666666666669 0.35416666666666669 303.17817675378018 283.01316558619737 307.04357429738099 0.27473203596392254 10.165654931285504 10.418609292883497 193.50000000000003 182.50000000000003 297.36982568740672 14.286605921980717 30.257045281020222 0.3112836758503818
decision_type=2 2 2 2 1 2 2 2 2 2 2 2 2 2 2 2 2 2 2 2 2 2 2 2 2 2 2 2 2 2 2 2 2
left_child=1 2 -1 4 5 -4 13 -8 -9 12 -11 -12 -10 24 15 17 -5 -3 20 -20 -6 23 -22 -21 -7 -26 -27 28 29 -19 -29 32 -24
right_child=-2 14 3 16 18 6 7 8 9 10 11 -13 -14 -15 -16 -17 -18 27 19 21 22 -23 31 -25 25 26 -28 30 -30 -31 -32 -33 -34
leaf_value=58.368159751435151 -59.431359099229596 -44.144699758544895 64.807098108796168 -60.576535064473596 2.0835852173915308 -80.546404741764562 83.06814089383488 -56.832585131698231 38.437177170225709 -57.858965252355333 89.894392576208162 -19.57406613375942 111.14867426225149 22.09619958379194 -14.949533454753601 8.7504596978264502 3.361132591729449 -12.170756231899187 21.440176055464089 -4.3331067642871384 28.050548637983347 16.028420767010608 7.5983070170260305 -48.239393248863067 -50.359220559585474 59.1315051707181 -43.000663622783087 -2.9135431975839214 -47.755384031611143 25.281065014042703 24.009601034667003 18.466759970917984 -31.810081250075498
leaf_weight=83 107 109 106 96 3033 59 102 187 79 207 101 442 64 58 1474 1253 73 1142 348 2655 451 401 2365 67 184 55 119 719 119 134 201 1037 87
leaf_count=83 107 109 106 96 3033 59 102 187 79 207 101 442 64 58 1474 1253 73 1142 348 2655 451 401 2365 67 184 55 119 719 119 134 201 1037 87
internal_value=0.268572 0.631316 3.24775 2.87808 3.37422 -6.36543 -10.9568 -3.00664 -11.1359 -1.56675 -15.3989 0.787456 70.9796 -30.7402 -5.69719 -1.98819 -32.9584 -7.53916 5.01961 -0.244266 7.64705 -2.6606 11.9298 -5.41384 -38.0892 -31.092 -10.7174 -5.81561 -11.6088 -8.23771 2.96856 9.84596 6.20004
internal_weight=17717 17610 12459 12376 12207 1763 1657 1182 1080 893 750 543 143 475 5151 3677 169 2424 10444 3471 6973 3123 3940 2722 417 358 174 2315 1395 1276 920 3489 2452
internal_count=17717 17610 12459 12376 12207 1763 1657 1182 1080 893 750 543 143 475 5151 3677 169 2424 10444 3471 6973 3123 3940 2722 417 358 174 2315 1395 1276 920 3489 2452
cat_boundaries=0 1
cat_threshold=64
is_linear=0
shrinkage=0.0383886


Tree=97
num_leaves=34
num_cat=0
split_feature=41 10 35 40 41 1 1 1 1 10 45 39 41 32 10 2 29 29 14 39 1 24 29 29 24 0 16 29 12 39 10 40 0
split_gain=2.40745e+08 2.05643e+08 1.68654e+08 1.83628e+08 1.56221e+08 4.31605e+08 1.68625e+08 2.11483e+08 3.97448e+08 2.47773e+08 2.34041e+08 1.55951e+08 1.39364e+08 1.41671e+08 2.12488e+08 1.59591e+08 2.24285e+08 2.11154e+08 1.25241e+08 1.02647e+08 1.1228e+08 1.00138e+08 9.65199e+07 3.67593e+08 3.13362e+08 1.74262e+08 2.28083e+08 1.72288e+08 1.37976e+08 1.30085e+08 1.29202e+08 1.11837e+08 9.41844e+07
threshold=0.99981043035926087 1030.5838112130957 0.18750000000000003 0.99983759474438971 0.82777578779003613 0.2999569185164041 0.30953108157386366 0.31145223837260605 0.3112836758503818 1007.005027843381 0.3529115998950883 -0.22252093395631442 -0.99983123799342477 1.0000000180025095e-35 1027.9058767522301 0.73050343539474361 275.50000000000006 255.50000000000003 1.6743064625094546 -0.56174490092936669 0.30263963204280137 31.026826138694641 62.500000000000007 70.500000000000014 26.713171009229228 10.569162159519083 230.05958631039343 78.500000000000014 68.505914269841114 1.0000000180025095e-35 983.98180440719045 -0.77245553105869302 9.3968193454500248
decision_type=2 2 2 2 2 2 2 2 2 2 2 2 2 2 2 2 2 2 2 2 2 2 2 2 2 2 2 2 2 2 2 2 2
left_child=1 2 -1 4 5 12 -6 8 32 -9 11 -11 -4 22 15 -15 17 -17 -3 21 -21 -20 25 24 28 26 29 -25 -24 -14 -27 -29 -8
right_child=-2 18 3 -5 6 -7 7 9 -10 10 -12 -13 13 14 -16 16 -18 -19 19 20 -22 -23 23 27 -26 30 -28 31 -30 -31 -32 -33 -34
leaf_value=-6.0702468506667113 -57.149872385419584 -1.2254200352757054 49.727384971127201 59.294659963700177 22.045500600413064 -96.575402929502729 -40.784361517925731 -31.079824237992302 -93.082912144717767 -34.751084682597423 83.377713909541853 49.340942727029379 -87.644309239562844 -32.034752154077879 56.062558860845691 -3.2507583535956468 52.828262257959317 -47.945693486050338 -89.677225772602981 10.742650811219489 -42.523538636605579 -22.214804886667967 2.5077983072137728 35.930116729515191 -124.18468699094998 74.44908400034646 47.274423711955478 11.278859290635186 -68.043079528801357 -6.6841484229467554 20.059022160620003 0.24668939794209624 10.320290170456611
leaf_weight=3510 107 283 89 86 1193 66 67 95 86 65 110 65 59 333 81 2528 99 166 79 101 138 55 128 247 55 73 55 1870 60 58 544 4909 257
leaf_count=3510 107 283 89 86 1193 66 67 95 86 65 110 65 59 333 81 2528 99 166 79 101 138 55 128 247 55 73 55 1870 60 58 544 4909 257
internal_value=0.258262 0.60708 1.42309 3.37948 3.01949 1.30929 13.0971 -1.23231 -19.7204 21.3949 42.1662 7.29481 1.87829 1.50025 -5.32379 -6.91443 -3.91941 -6.0048 -20.4823 -35.0927 -20.0135 -61.9876 4.21615 2.83195 -43.5875 16.9687 -17.2012 4.43741 -20.0084 -47.5104 26.4942 3.28994 -0.247609
internal_weight=17717 17610 16954 13444 13358 11420 1938 745 410 335 240 130 11354 11265 3207 3126 2793 2694 656 373 239 134 8058 7269 243 789 172 7026 188 117 617 6779 324
internal_count=17717 17610 16954 13444 13358 11420 1938 745 410 335 240 130 11354 11265 3207 3126 2793 2694 656 373 239 134 8058 7269 243 789 172 7026 188 117 617 6779 324
is_linear=0
shrinkage=0.0383886


Tree=98
num_leaves=34
num_cat=3
split_feature=41 10 37 40 41 31 28 30 41 44 41 41 31 2 41 35 10 25 2 24 13 24 2 40 37 33 41 5 41 30 41 35 41
split_gain=2.22616e+08 1.90157e+08 1.77335e+08 1.6467e+08 1.46639e+08 1.347e+08 1.2917e+08 1.19027e+08 2.79237e+08 2.23495e+08 1.67237e+08 3.74672e+08 1.55924e+08 1.42269e+08 2.04122e+08 1.23731e+08 1.25247e+08 1.21749e+08 1.11483e+08 1.1111e+08 9.24323e+07 1.24698e+08 8.80575e+07 8.38604e+07 7.40354e+07 7.32597e+07 7.93442e+07 6.7967e+07 9.92668e+07 7.22196e+07 6.18396e+07 5.60847e+07 5.46853e+07
threshold=0.99981043035926087 1030.5838112130957 0.60355339059327384 0.99983759474438971 -0.99983123799342477 0 1 0.012320328542094456 0.99611390731392835 0.3529115998950883 0.9863035000474919 0.98174098242282837 2 0.69681821791546439 0.82777578779003613 0.77083333333333337 1027.581729800627 253.20224118330043 0.70012165971392115 2.5426812795444338 1.6549908740541721 29.687052855320989 0.73137225148732155 -0.78326540922535159 0.37940952255126048 1.0000000180025095e-35 0.98174098242282837 295.12998512454379 -0.99761278905001471 0.23134839151266259 -0.031174269516803289 0.68750000000000011 -0.88620506325989179
decision_type=2 2 2 2 2 1 1 2 2 2 2 2 1 2 2 2 2 2 2 2 2 2 2 2 2 2 2 2 2 2 2 2 2
left_child=1 2 3 4 -1 18 22 9 10 -6 11 12 15 -14 -15 16 -9 -12 -3 -7 31 24 -4 -8 -22 26 -25 29 -29 -27 -24 -21 -30
right_child=-2 5 6 -5 7 19 23 8 -10 -11 17 -13 13 14 -16 -17 -18 -19 -20 20 21 -23 30 25 -26 27 -28 28 32 -31 -32 -33 -34
leaf_value=54.373366811997244 -54.955969051056343 51.265282383857098 -36.560990482098461 59.485776637463324 97.820876083162759 16.074027401192673 22.110516618319952 -13.651362674487753 -64.193248895990749 -10.192941999371785 7.2323608740822447 -76.159815651514577 -46.430370076983856 3.7237933151160338 22.017957774041854 21.358701934459372 45.931895483194005 71.32311351812514 -11.624678578406867 -34.151060301762435 -96.153224864135126 -10.191184234596889 -12.95139169344732 11.362799095513603 -41.878372448307161 3.2493246316676205 -15.290868955505417 -40.415047448339415 19.391935419438546 -16.397113696415204 11.101126984732783 10.708111663036151 -6.8158894298275126
leaf_weight=83 107 60 211 78 55 63 230 1397 91 58 84 88 78 8653 1003 192 54 91 135 118 92 63 1313 852 62 381 204 64 337 998 179 63 180
leaf_count=83 107 60 211 78 55 63 230 1397 91 58 84 88 78 8653 1003 192 54 91 135 118 92 63 1313 852 62 381 204 64 337 998 179 63 180
internal_value=0.248348 0.583775 1.36846 3.88928 3.52569 -19.696 -4.7464 3.16936 2.79166 42.3801 3.31534 2.74685 3.35718 5.2016 5.62407 -7.55579 -11.4339 40.5597 7.34914 -30.631 -38.7936 -55.6896 -13.2705 -0.232638 -74.3025 -1.9373 6.21378 -6.32891 4.68438 -10.969 -10.0657 -18.537 10.2673
internal_weight=17717 17610 16954 12005 11927 656 4949 11844 11731 113 11640 11465 11377 9734 9656 1643 1451 175 195 461 398 217 1703 3246 154 3016 1056 1960 581 1379 1492 181 517
internal_count=17717 17610 16954 12005 11927 656 4949 11844 11731 113 11640 11465 11377 9734 9656 1643 1451 175 195 461 398 217 1703 3246 154 3016 1056 1960 581 1379 1492 181 517
cat_boundaries=0 1 2 3
cat_threshold=34 1584 64
is_linear=0
shrinkage=0.0383886


Tree=99
num_leaves=34
num_cat=1
split_feature=41 29 41 41 28 6 2 2 2 40 29 24 20 24 37 40 18 2 18 2 9 29 9 36 29 6 2 18 43 25 2 2 29
split_gain=1.70412e+08 1.61616e+08 1.81355e+08 3.78906e+08 1.57844e+08 1.61334e+08 1.68248e+08 5.59467e+08 3.51389e+08 2.60977e+08 2.29956e+08 4.02345e+08 1.81161e+08 1.68106e+08 1.66009e+08 1.63853e+08 1.50599e+08 1.47896e+08 2.49542e+08 2.43398e+08 1.4325e+08 1.40601e+08 1.73525e+08 1.30364e+08 1.57006e+08 2.03511e+08 1.49902e+08 1.25089e+08 1.18836e+08 1.14782e+08 1.11797e+08 2.36576e+08 1.09189e+08
threshold=0.99981043035926087 2.5000000000000004 0.99530134160901229 0.99748108949426018 0 298.48945284947928 0.77966125471262993 0.77595491239336256 0.77743069061214387 0.98522604642031408 108.50000000000001 14.570927624555528 0.013719301676982891 15.468688346034096 0.37940952255126048 -0.99763297024448894 0.7290118423464822 0.81800327016174113 1.0000000180025095e-35 0.81838345871477747 981.88366086352414 357.50000000000006 1032.9315880790596 0.25881904510252091 221.50000000000003 287.86661727652307 0.79364839964734346 0.0052119872132086456 0.25000000000000017 79.072832190871424 0.81757574518838017 0.81663086443825927 173.50000000000003
decision_type=2 2 2 2 1 2 2 2 2 2 2 2 2 2 2 2 2 2 2 2 2 2 2 2 2 2 2 2 2 2 2 2 2
left_child=1 -1 4 -4 17 6 7 12 14 27 11 -8 13 15 -9 28 20 21 19 -19 -12 22 30 -22 25 -25 -26 -10 -6 -20 31 -3 -7
right_child=-2 2 3 -5 5 32 10 8 9 -11 16 -13 -14 -15 -16 -17 -18 18 29 -21 23 -23 -24 24 26 -27 -28 -29 -30 -31 -32 -33 -34
leaf_value=65.467639600844592 -49.65113911422479 13.477201086855036 -79.355858250399947 5.3643262423354683 0.48510786966428376 28.295865904029952 -98.137105157270511 106.98301788904493 90.488376816337876 -36.096900350419013 -44.775212407100661 -7.9955770651299085 66.309080519419027 2.8287357326384335 36.164308878916401 -11.233520171093488 -55.287247068198774 -107.7943406552839 -19.218323509393194 -13.947508991199413 -11.186130768203935 -44.2799026488793 -38.944428543016578 -6.897415261218538 -0.9495352034377188 19.455968772475099 -47.436850578674047 17.315854325646704 72.891455382044228 52.490192195734608 49.486754980262219 -28.420455005284332 4.3613237077688103
leaf_weight=56 101 3144 129 196 77 390 113 125 54 101 130 206 57 3908 80 2850 90 64 58 112 1905 70 101 779 280 969 161 95 59 76 114 212 1004
leaf_count=56 101 3144 129 196 77 390 113 125 54 101 130 206 57 3908 80 2850 90 64 58 112 1905 70 101 779 280 969 161 95 59 76 114 212 1004
internal_value=0.0722855 0.354981 0.149078 -28.263 0.680254 -1.30504 -2.73759 0.851805 42.0916 11.5424 -8.47537 -39.9267 -1.84767 -2.4112 79.3466 -9.2691 -6.14969 7.4146 -18.0206 -48.0738 -5.10272 9.60056 10.6568 -3.84296 2.54751 7.71152 -17.9211 43.8349 31.8968 21.4521 12.1005 10.8305 11.0575
internal_weight=17866 17765 17709 325 17384 13433 12039 7406 455 250 4633 319 6951 6894 205 2986 4314 3951 310 176 4224 3641 3571 4094 2189 1748 441 149 136 134 3470 3356 1394
internal_count=17866 17765 17709 325 17384 13433 12039 7406 455 250 4633 319 6951 6894 205 2986 4314 3951 310 176 4224 3641 3571 4094 2189 1748 441 149 136 134 3470 3356 1394
cat_boundaries=0 1
cat_threshold=4226
is_linear=0
shrinkage=0.0383886


Tree=100
num_leaves=34
num_cat=2
split_feature=31 2 2 2 34 28 44 39 29 29 0 29 29 29 29 35 40 19 19 40 13 35 0 0 0 0 0 18 1 1 1 0 1
split_gain=1.70886e+08 1.51439e+08 2.37143e+08 4.40282e+08 1.50241e+08 2.58836e+08 3.00342e+08 1.79202e+08 1.41715e+08 2.88433e+08 1.75594e+08 1.39816e+08 3.36918e+08 2.33443e+08 3.63123e+08 1.37251e+08 1.45644e+08 1.62342e+08 1.61952e+08 1.96462e+08 1.36109e+08 1.29297e+08 1.27863e+08 5.20993e+08 1.78609e+08 6.13135e+08 1.68262e+08 1.10468e+08 1.03328e+08 1.97419e+08 1.31278e+08 4.1059e+08 1.37622e+08
threshold=0 0.69704050166185028 0.70473638834575514 0.70936197528428313 1.0000000180025095e-35 1 0.37897153596113126 1.0000000180025095e-35 2.5000000000000004 6.5000000000000009 9.474994185443169 289.50000000000006 275.50000000000006 255.50000000000003 248.50000000000003 0.18750000000000003 0.99983759474438971 0.00033877916885855593 0.00055609279126540986 0.98802474685579855 4.3970506432423599 0.68750000000000011 14.811974400548127 14.912006068462391 14.22402246062296 13.987641896270761 13.268576987214706 0.0052119872132086421 0.30528257475808956 0.30965907852171354 0.29954025184973748 10.273140293585405 0.29703366527098368
decision_type=1 2 2 2 2 1 2 2 2 2 2 2 2 2 2 2 2 2 2 2 2 2 2 2 2 2 2 2 2 2 2 2 2
left_child=1 -1 21 -4 8 7 -7 -6 -2 10 -10 12 13 14 22 -11 17 28 -19 20 -20 -3 24 27 25 26 -5 -24 30 -30 32 -32 -17
right_child=4 2 3 11 5 6 -8 -9 9 15 -12 -13 -14 -15 -16 16 -18 18 19 -21 -22 -23 23 -25 -26 -27 -28 -29 29 -31 31 -33 -34
leaf_value=52.874485822674949 62.631729438068881 -67.51174272155815 75.9413744456525 -7.947731323732401 -22.032737193670116 10.692088175451675 -91.766474511529253 56.80840779886875 -14.826047544665739 -4.7738629697587056 -107.70095997066579 -51.611462095073023 75.468770640557395 -64.919515361088045 86.928719329050068 4.1970624206600515 60.385669948441084 -72.790380587530123 7.1195319959966961 -56.192048834451718 -56.425186546907405 -1.5343454689409621 32.970912738930004 -30.484163136056253 -39.545184899349252 77.087785127013092 -41.565244718013076 105.08835152862926 31.003286360299217 -0.57355450576226741 -1.4011730689946009 -104.62222537295598 34.860514120034345
leaf_weight=57 57 155 91 848 98 65 120 75 66 3054 55 114 69 111 58 8994 68 62 513 105 55 61 58 175 341 113 296 68 614 556 407 66 221
leaf_count=57 57 155 91 848 98 65 120 75 66 3054 55 114 69 111 58 8994 68 62 513 105 55 61 58 175 341 113 296 68 614 556 407 66 221
internal_value=0.0695105 -8.97803 -10.3914 -6.84169 1.62566 -22.9485 -52.9076 11.4831 2.21747 1.98536 -57.0421 -10.1883 -7.97857 -10.7628 -7.6911 2.47074 4.36809 4.03951 -13.4208 -7.95132 0.966396 -48.8793 -10.581 12.3708 -14.9043 -8.21962 -16.646 71.8916 5.22143 15.9975 3.92002 -15.8042 4.93245
internal_weight=17866 2615 2558 2342 15251 358 185 173 14893 14836 121 2251 2137 2068 1957 14715 11661 11593 735 673 568 216 1899 301 1598 1257 1144 126 10858 1170 9688 473 9215
internal_count=17866 2615 2558 2342 15251 358 185 173 14893 14836 121 2251 2137 2068 1957 14715 11661 11593 735 673 568 216 1899 301 1598 1257 1144 126 10858 1170 9688 473 9215
cat_boundaries=0 1 2
cat_threshold=64 3106
is_linear=0
shrinkage=0.0383886


Tree=101
num_leaves=34
num_cat=4
split_feature=41 37 35 29 35 41 1 5 24 38 14 28 1 28 24 18 5 45 28 42 36 28 1 1 29 29 41 29 1 18 38 44 5
split_gain=1.53385e+08 1.46799e+08 1.32024e+08 1.35884e+08 1.35614e+08 1.34644e+08 1.23992e+08 1.23165e+08 1.28566e+08 2.07235e+08 1.67113e+08 1.89846e+08 1.64797e+08 1.57138e+08 1.17195e+08 1.13833e+08 1.1299e+08 1.12627e+08 1.56632e+08 1.30168e+08 1.11193e+08 1.34615e+08 9.69054e+07 8.58478e+07 8.53982e+07 1.04831e+08 8.14327e+07 3.18284e+08 1.12955e+08 7.73499e+07 7.51664e+07 1.17437e+08 7.40814e+07
threshold=0.99981043035926087 0.60355339059327384 0.72916666666666685 358.50000000000006 0.56250000000000011 -0.031174269516803289 0.31078108157386364 301.44503736127535 14.359288871051369 0.87837969732492682 2.9058589579066063 0 0.2095239675516776 1 2.7914584307161325 0.023639474448398399 303.17817675378018 0.64708840010491187 2 -0.93301270189221919 0.37940952255126054 3 0.19871784236801476 0.22041482439968588 285.50000000000006 240.50000000000003 -0.065537083312030994 106.50000000000001 0.29895911012159065 0.23354596303625594 0.6078576107927941 0.97394006393395716 293.22588089167806
decision_type=2 2 2 2 2 2 2 2 2 2 2 1 2 1 2 2 2 2 1 2 2 1 2 2 2 2 2 2 2 2 2 2 2
left_child=1 2 3 4 7 -4 -5 8 9 13 17 12 -12 15 -15 30 -6 18 -10 -19 21 -3 -11 -14 25 -21 27 -16 -28 -20 31 -1 -23
right_child=-2 20 5 6 16 -7 -8 -9 10 22 11 -13 23 14 26 -17 -18 19 29 24 -22 32 -24 -25 -26 -27 28 -29 -30 -31 -32 -33 -34
leaf_value=-28.314968401565995 -47.107113726269588 7.6448458973906765 2.2452144320840595 -76.958355705763083 -8.4068190881734033 21.338733441882315 1.1829712302254707 27.614856999144799 -6.0252713370684239 -15.430928608084375 -0.67536843375034217 3.0316627643327303 -105.47213728215918 16.149615215239095 -94.54292862094654 31.470435334402435 14.996620324530751 68.314377301873407 13.911121917793674 21.297915610731067 -13.966881501647135 -13.038244976733948 29.739411556547417 -37.63351104248467 -2.2076605209978206 74.790196707745636 57.214936304004056 -5.5701973970364822 -0.73839431855220516 49.685157880555622 -56.286971267464082 20.949115310538911 1.1011276879195822
leaf_weight=472 101 1434 1167 63 2615 1020 57 313 732 86 89 888 54 456 62 54 344 89 888 539 1486 1361 376 56 202 60 66 1337 199 99 105 84 912
leaf_count=472 101 1434 1167 63 2615 1020 57 313 732 86 89 888 54 456 62 54 344 89 888 539 1486 1361 376 56 202 60 66 1337 199 99 105 84 912
internal_value=0.0668419 0.335043 2.57783 0.772536 1.24732 11.1503 -39.8411 4.0554 3.0009 -2.51024 7.91708 -4.72923 -37.6226 -6.39549 -1.08711 -21.8147 -5.68603 13.186 7.44687 24.2708 -5.09463 -1.53807 21.331 -70.9363 19.3771 26.6561 -5.81718 -9.51325 13.6952 17.3239 -26.4978 -20.8722 -7.33281
internal_weight=17866 17765 12572 10385 10265 2187 120 7306 6993 3297 3696 1087 199 2835 2120 715 2959 2609 1719 890 5193 3707 462 110 801 599 1664 1399 265 987 661 556 2273
internal_count=17866 17765 12572 10385 10265 2187 120 7306 6993 3297 3696 1087 199 2835 2120 715 2959 2609 1719 890 5193 3707 462 110 801 599 1664 1399 265 987 661 556 2273
cat_boundaries=0 1 2 3 4
cat_threshold=1312 3084 2610 6158
is_linear=0
shrinkage=0.0383886


Tree=102
num_leaves=34
num_cat=5
split_feature=37 40 39 34 28 9 31 14 40 28 40 24 40 9 28 41 41 41 40 40 28 30 41 41 40 30 40 6 41 10 6 10 51
split_gain=1.54784e+08 1.37073e+08 3.23736e+08 1.38143e+08 2.95732e+08 1.41841e+08 1.37493e+08 1.74482e+08 1.63597e+08 1.47179e+08 1.37158e+08 1.44306e+08 2.35134e+08 3.08396e+08 1.84502e+08 2.10828e+08 1.79258e+08 3.50762e+08 1.67648e+08 1.32224e+08 1.30212e+08 2.27492e+08 1.93723e+08 1.8989e+08 1.73211e+08 2.73392e+08 2.68602e+08 1.35812e+08 1.83216e+08 1.23901e+08 1.30687e+08 1.21281e+08 1.21232e+08
threshold=0.60355339059327384 0.99939377080793557 -0.22252093395631442 1.0000000180025095e-35 0 1024.1202375886094 1 1.2817849729979869 0.9962888416657264 2 0.99274428880883148 15.874599565419761 0.96234642434711437 1019.6741452668745 3 -0.99273797715557011 -0.61915584096709908 -0.57077231802681661 -0.73866753694953113 0.099822040462190967 4 0.17659137577002057 -0.43733099657705293 -0.3744658827978154 -0.63921128368950708 0.61738535249828896 -0.58482361983252518 291.25900952011256 0.64414586362404935 1027.9058767522301 283.82485755949 1016.6529697728778 0.13683625304783867
decision_type=2 2 2 2 1 2 1 2 2 1 2 2 2 2 1 2 2 2 2 2 1 2 2 2 2 2 2 2 2 2 2 2 2
left_child=1 3 -3 6 19 -6 7 9 10 -1 11 12 -8 -14 29 -16 -17 -18 -19 -5 21 -9 -23 -24 25 -22 -26 28 -27 30 -13 -10 -28
right_child=-2 2 -4 4 5 -7 8 20 31 -11 -12 14 13 -15 15 16 17 18 -20 -21 24 22 23 -25 26 27 32 -29 -30 -31 -32 -33 -34
leaf_value=42.297535850449414 -4.8585665171962553 84.774273310522247 -31.27860991261899 -26.108447953183536 -116.08346562767328 -30.033696900706222 -3.5978924255776672 -46.482950293277071 1.7570222996675164 7.4168457043412399 52.426534696232508 20.387063761316028 -101.46649123857819 15.746427134666781 85.042790187228491 -11.376550381312153 112.98165059541397 51.690926529698928 8.9970951699470021 51.552856454332264 -97.138107270204827 86.837815617577945 -50.997143393870751 19.720079444140904 72.56781144476389 -65.52067457373596 6.338385433380183 11.521889314032913 8.5624025911941519 -46.71117410735949 -9.242642469468727 -70.244681788349808 -14.928105644367369
leaf_weight=360 5235 91 58 60 58 55 3279 82 58 374 74 287 83 55 58 422 54 151 1324 70 60 60 59 1085 83 110 2149 217 89 100 931 85 484
leaf_count=360 5235 91 58 60 58 55 3279 82 58 374 74 287 83 55 58 422 54 151 1324 70 60 60 59 1085 83 110 2149 217 89 100 931 85 484
internal_value=0.687417 2.99806 39.5992 2.55882 -26.1009 -68.1684 3.13093 7.83802 -0.404143 25.2019 0.447578 -0.122771 -5.66379 -54.7511 5.56813 12.853 10.7727 16.8859 13.3678 14.587 5.00937 15.2671 19.5994 16.0729 0.826312 -20.532 4.57258 -9.48304 -32.388 -5.59106 -2.26092 -41.0411 2.42916
internal_weight=17800 12565 149 12416 243 113 12173 5212 6961 734 6818 6744 3417 138 3327 2009 1951 1529 1475 130 4478 1286 1204 1144 3192 476 2716 416 199 1318 1218 143 2633
internal_count=17800 12565 149 12416 243 113 12173 5212 6961 734 6818 6744 3417 138 3327 2009 1951 1529 1475 130 4478 1286 1204 1144 3192 476 2716 416 199 1318 1218 143 2633
cat_boundaries=0 1 2 3 4 5
cat_threshold=3106 22 722 5712 5640
is_linear=0
shrinkage=0.0383886


Tree=103
num_leaves=34
num_cat=2
split_feature=35 40 2 2 2 2 0 40 45 27 26 9 43 2 2 9 40 27 28 0 45 38 35 6 38 0 0 43 0 31 29 51 26
split_gain=1.52505e+08 1.10527e+08 1.02761e+08 2.32529e+08 6.70732e+08 2.70477e+08 3.56364e+08 2.65729e+08 2.46502e+08 1.375e+08 1.34955e+08 1.28515e+08 1.24165e+08 2.07771e+08 2.25679e+08 1.79572e+08 1.44621e+08 1.35814e+08 1.35434e+08 2.1159e+08 1.49281e+08 1.13729e+08 1.01677e+08 1.06581e+08 1.00928e+08 2.25363e+08 1.28198e+08 1.83906e+08 1.39381e+08 1.00672e+08 1.00411e+08 9.71907e+07 9.6015e+07
threshold=0.18750000000000003 0.99983759474438971 0.69980586642454445 0.70670817426230081 0.70602187110499981 0.70936197528428313 9.5938434878608341 0.031174179426909168 0.28396383057052793 0.58758665013040712 446.07173329363536 1032.9315880790596 0.6830127018922193 0.73050343539474361 0.729461768728077 1020.7303161886774 0.534952257794027 0.10379750299288558 0 11.648815633763521 0.16289618911388162 0.6078576107927941 0.062500000000000014 289.17139649298809 0.6078576107927941 10.648803461100565 11.434296319745153 0.25000000000000017 11.519011831879236 1 361.50000000000006 0.077737566926842624 720.40433806104932
decision_type=2 2 2 2 2 2 2 2 2 2 2 2 2 2 2 2 2 2 1 2 2 2 2 2 2 2 2 2 2 1 2 2 2
left_child=22 2 11 4 7 10 -7 9 -9 30 -5 21 13 14 16 32 17 -8 19 20 -15 -2 -1 -24 26 -26 27 -20 -28 -11 -4 -22 -14
right_child=1 -3 3 5 -6 6 12 8 -10 29 -12 -13 15 18 -16 -17 -18 -19 24 -21 31 -23 23 -25 25 -27 28 -29 -30 -31 -32 -33 -34
leaf_value=1.5686306198037328 9.3665394274803173 45.631283967624142 -14.083663029543988 17.987406858900666 -134.84988214099545 -76.066698059326583 -72.757240705403547 -12.20190652937797 95.646154787391396 -11.842547072429356 71.00552590004007 -32.084196767203551 35.572037444946822 -47.97236734710286 -76.787731039131515 -6.8653384276478908 36.059871166028984 -11.32782258803045 66.489967582797718 74.623111938526222 39.855902187602183 40.158282722811705 -16.939514682029579 1.1096718825671525 -51.898238533451305 9.8376233597394052 -53.910517645687236 7.3232753566454702 -1.9366170762347641 -68.27150118648909 36.096746733943867 -18.827864706114319 0.40590743679539198
leaf_weight=1488 535 87 341 179 67 86 59 61 64 106 117 78 493 55 86 347 85 525 87 97 147 264 1559 698 90 2741 77 703 6096 104 71 58 149
leaf_count=1488 535 87 341 179 67 86 59 61 64 106 117 78 493 55 86 347 85 525 87 97 147 264 1559 698 90 2741 77 703 6096 104 71 58 149
internal_value=0.6621 2.49629 2.22762 1.37538 -18.4942 2.69279 1.79718 -8.05799 43.0162 -18.3221 38.944 14.9491 2.36013 1.17903 -18.2496 15.3845 -10.7245 -17.5339 2.62408 25.5225 8.18571 19.5406 -6.22163 -11.3576 1.76155 7.87498 -0.721502 13.8391 -2.58493 -43.6034 -5.43602 23.2526 27.4105
internal_weight=17800 14055 13968 13091 814 12277 11981 747 125 622 296 877 11895 10906 755 989 669 584 10151 357 260 799 3745 2257 9794 2831 6963 790 6173 210 412 205 642
internal_count=17800 14055 13968 13091 814 12277 11981 747 125 622 296 877 11895 10906 755 989 669 584 10151 357 260 799 3745 2257 9794 2831 6963 790 6173 210 412 205 642
cat_boundaries=0 1 2
cat_threshold=1024 39
is_linear=0
shrinkage=0.0383886


Tree=104
num_leaves=34
num_cat=1
split_feature=35 21 21 35 26 35 35 28 36 37 7 26 26 2 45 2 45 24 24 38 9 9 7 38 45 7 7 9 18 29 2 16 9
split_gain=1.40947e+08 1.1988e+08 1.64359e+08 1.01073e+08 1.05122e+08 1.00622e+08 9.40203e+07 9.48114e+07 8.939e+07 1.21921e+08 8.36588e+07 7.98799e+07 7.74736e+07 7.19725e+07 1.15837e+08 7.55815e+07 1.24431e+08 7.53869e+07 8.05762e+07 1.02015e+08 1.35711e+08 7.1923e+07 7.2698e+07 6.92907e+07 1.01079e+08 6.65154e+07 6.01855e+07 5.95746e+07 5.49013e+07 5.36465e+07 5.68407e+07 5.34145e+07 5.73517e+07
threshold=0.18750000000000003 0.14452840542227427 0.022150945656136518 0.93750000000000011 782.40821542881997 0.47916666666666669 0.062500000000000014 0 -0.9159756150367534 -0.78656609248549325 289.21615771362985 634.49779766142376 710.25328650258052 0.81163903935974735 1.0000000180025095e-35 0.81594456128095816 0.13683625304783867 1.0000000180025095e-35 22.187447296155067 0.87837969732492682 1017.2544585994882 1020.8266892719372 300.58087444669377 1.0000000180025095e-35 0.23184395843844199 305.32882482101758 306.4883328541826 987.75999712001146 0.38039252482906249 12.500000000000002 0.69719531436214244 65.891365456622779 1021.2856850201407
decision_type=2 2 2 2 2 2 2 1 2 2 2 2 2 2 2 2 2 2 2 2 2 2 2 2 2 2 2 2 2 2 2 2 2
left_child=6 2 3 4 8 -6 7 -1 11 -10 -8 29 31 17 -15 16 -16 -7 19 27 -21 22 28 24 -17 -18 -25 -19 -20 -2 -31 -11 -33
right_child=1 -3 -4 -5 5 13 10 -9 9 12 -12 -13 -14 14 15 23 25 18 21 20 -22 -23 -24 26 -26 -27 -28 -29 -30 30 -32 32 -34
leaf_value=13.282593316757715 -7.877925421220163 -54.166135842203815 60.879886338268825 -11.491751190200878 16.792261442488272 26.506667151797455 -16.802497693245222 -6.3700222197336851 13.777845640289195 24.400393223738902 -1.633152552981584 5.1192219807374393 -20.087014662848471 -32.386253258893746 76.898292827883111 -43.906148442183088 -1.4346819469968024 14.836948533342907 -4.0217277100440416 -19.660653264127266 43.905968953128408 -33.046597393146577 30.581222510516781 2.9729343760568727 6.5924984010428753 42.06357543220301 48.129243829131305 -19.734473126334944 28.969973573027463 -11.452645344301521 28.847115305772647 3.6881677550236067 -5.3518734306921312
leaf_weight=593 78 55 71 739 378 96 1382 895 1419 155 875 801 240 102 58 92 147 78 903 100 98 93 118 124 160 80 67 1261 81 56 653 4400 1352
leaf_count=593 78 55 71 739 378 96 1382 895 1419 155 875 801 240 102 58 92 147 78 903 100 98 93 118 124 160 80 67 1261 81 56 653 4400 1352
internal_value=0.634955 2.39828 2.62049 2.32353 3.09756 -2.06371 -5.98279 1.50841 5.37317 3.63523 -10.9216 13.6535 1.29386 -4.0122 5.92729 11.2954 26.7168 -6.92938 -8.1043 -13.9175 11.8015 -0.627434 2.10847 1.37416 -11.8435 13.895 18.8132 -17.7206 -1.30593 22.3397 25.664 2.16256 1.56332
internal_weight=17800 14055 14000 13929 13190 4036 3745 1488 9154 7566 2257 1588 6147 3658 830 728 285 2828 2732 1537 198 1195 1102 443 252 227 191 1339 984 787 709 5907 5752
internal_count=17800 14055 14000 13929 13190 4036 3745 1488 9154 7566 2257 1588 6147 3658 830 728 285 2828 2732 1537 198 1195 1102 443 252 227 191 1339 984 787 709 5907 5752
cat_boundaries=0 1
cat_threshold=6158
is_linear=0
shrinkage=0.0383886


Tree=105
num_leaves=34
num_cat=2
split_feature=37 40 34 28 38 2 2 23 32 2 2 29 29 29 29 1 2 2 1 19 23 1 38 36 28 2 2 10 5 1 4 36 27
split_gain=1.59675e+08 1.54227e+08 1.88558e+08 3.32005e+08 2.44368e+08 1.63326e+08 1.87124e+08 3.44854e+08 1.4504e+08 2.05467e+08 3.48505e+08 1.98568e+08 2.19776e+08 2.30114e+08 2.30078e+08 1.83072e+08 1.64306e+08 5.44488e+08 1.29863e+08 1.16663e+08 1.2455e+08 1.09937e+08 1.02401e+08 1.01115e+08 1.11013e+08 1.06441e+08 9.08574e+07 8.98599e+07 8.6889e+07 9.27882e+07 8.30397e+07 8.00409e+07 7.4905e+07
threshold=0.60355339059327384 0.99939377080793557 1.0000000180025095e-35 0 1.0000000180025095e-35 0.69671734453817458 0.6969150038320101 29.117097488667714 1.0000000180025095e-35 0.70473638834575514 0.70936197528428313 287.50000000000006 275.50000000000006 255.50000000000003 244.50000000000003 0.31158861083306455 0.70528941114895616 0.70670817426230081 0.31162409359230914 0.005861496089884362 35.582291194082842 0.24422653506319084 -0.8783796973249266 0.37940952255126054 1 0.81674241185504692 0.70421226172304496 1030.5838112130957 296.91042459200122 0.25055428775155425 294.76403990578876 -0.9159756150367534 2.6084940080980625
decision_type=2 2 2 1 2 2 2 2 2 2 2 2 2 2 2 2 2 2 2 2 2 2 2 2 1 2 2 2 2 2 2 2 2
left_child=1 2 5 18 -5 -1 7 -7 16 22 15 12 13 14 -12 -11 26 -18 -4 27 -21 -3 -10 24 28 30 31 32 29 -2 -26 -8 -19
right_child=23 21 3 4 -6 6 8 -9 9 10 11 -13 -14 -15 -16 -17 17 19 -20 20 -22 -23 -24 -25 25 -27 -28 -29 -30 -31 -32 -33 -34
leaf_value=57.002568541179841 -15.839356762469114 75.809261947887705 51.237864261817563 -131.20804610005703 -20.321065814488499 -109.06455782794113 45.798191267989409 23.492265476670532 -10.71534183668585 97.053168637342949 -3.3507746525543869 -45.802818365274653 58.974995616132723 -48.636213370561279 46.878325977015578 11.210666580068251 -79.896679246069354 5.1689778530045647 -27.590287493786576 4.0748840645645155 -64.922815207841055 10.180970638055483 -55.772005674486572 -13.949837283659081 -12.937556581218255 -43.547157164693814 68.710603167132618 -35.859148691178412 47.965473425016931 7.2364754296337779 3.7890662965265549 12.649440800054585 22.128268643190466
leaf_weight=81 313 71 67 64 54 61 130 55 142 78 2508 157 86 156 142 69 113 7018 57 83 72 80 156 1491 1089 120 57 76 66 1430 731 616 406
leaf_count=81 313 71 67 64 54 61 130 55 142 78 2508 157 86 156 142 69 113 7018 57 83 72 80 156 1491 1089 120 57 76 66 1430 731 616 406
internal_value=0.141474 2.47488 2.00917 -31.5471 -74.1772 2.67143 2.31014 -46.2142 2.77668 -3.81562 -0.973008 -3.75646 -1.47386 -3.32654 -0.659245 56.7599 5.46406 3.75516 13.8827 4.99 -27.9756 41.0394 -34.3021 -5.49387 -2.13088 -8.48454 21.9955 5.67129 4.70377 3.09261 -6.21933 18.4261 6.09644
internal_weight=17895 12655 12504 242 118 12262 12181 116 12065 3494 3196 3049 2892 2806 2650 147 8571 7768 124 7655 155 151 298 5240 3749 1940 803 7500 1809 1743 1820 746 7424
internal_count=17895 12655 12504 242 118 12262 12181 116 12065 3494 3196 3049 2892 2806 2650 147 8571 7768 124 7655 155 151 298 5240 3749 1940 803 7500 1809 1743 1820 746 7424
cat_boundaries=0 1 2
cat_threshold=3106 6222
is_linear=0
shrinkage=0.0383886


Tree=106
num_leaves=34
num_cat=4
split_feature=35 34 45 10 35 26 35 31 14 24 41 11 28 6 41 10 6 0 28 4 10 29 12 35 29 10 13 16 27 28 24 32 20
split_gain=1.51678e+08 1.10595e+08 2.18484e+08 1.06637e+08 1.02508e+08 1.5344e+08 1.4966e+08 1.2537e+08 1.51402e+08 1.17937e+08 1.08877e+08 1.05748e+08 1.6435e+08 1.00218e+08 9.9446e+07 1.02499e+08 8.49446e+07 1.53889e+08 8.78963e+07 1.33359e+08 1.07716e+08 8.67834e+07 8.33286e+07 7.84984e+07 7.69785e+07 7.57457e+07 7.38104e+07 9.30217e+07 9.57558e+07 7.9259e+07 7.60342e+07 7.28976e+07 7.26887e+07
threshold=0.18750000000000003 1.0000000180025095e-35 0.28396383057052793 1013.585616589254 0.56250000000000011 720.40433806104932 0.85416666666666685 0 1.6861148901203029 65.953624279990365 -0.99761278905001471 44.925563952947627 1 282.70042026503273 0.99748108949426018 1031.6627651740471 291.47202592953164 14.886690304456389 2 290.59168386460607 1019.8163752185787 344.50000000000006 36.728150888684404 1.0000000180025095e-35 128.50000000000003 1013.6701553758446 3.1484483948174562 201.81758720140553 2.4846736296800946 3 25.780319433524447 1.0000000180025095e-35 0.00016142352194219441
decision_type=2 2 2 2 2 2 2 1 2 2 2 2 1 2 2 2 2 2 1 2 2 2 2 2 2 2 2 2 2 1 2 2 2
left_child=23 4 -3 -4 7 6 13 8 16 10 -9 -10 32 -6 15 -12 17 18 19 20 25 -22 -7 -1 -11 -2 29 -28 -29 -24 -31 -8 -13
right_child=1 2 3 -5 5 22 31 9 11 24 14 12 -14 -15 -16 -17 -18 -19 -20 -21 21 -23 26 -25 -26 -27 27 28 -30 30 -32 -33 -34
leaf_value=4.2145151268257726 29.117444233196203 -65.073267230102005 47.613853353184069 -15.987273752323235 35.564669250047331 5.8406985748368783 1.5047391400082153 43.753744123996128 23.405342271597902 6.0711503123672941 -3.0363359651530022 -9.4263175258636469 8.8970184152945837 8.5377111871505313 47.467660508530905 -52.605844078075151 32.538038415149394 -49.714167465133919 6.4573901295307516 85.199982343411136 61.626980922690642 10.80557816318375 -4.4890299025361138 -9.5584851746127057 65.61193251950057 -18.355763304672678 4.6911901934678939 -21.071656999631927 30.543966200039549 -35.102336990443249 -8.2769722161429371 -14.034291320795846 -43.144740935633656
leaf_weight=767 87 107 57 122 228 579 1569 75 342 64 2539 543 1142 1786 56 63 501 54 591 56 125 82 449 2976 64 115 753 518 59 454 237 621 114
leaf_count=767 87 107 57 122 228 579 1569 75 342 64 2539 543 1142 1786 56 63 501 54 591 56 125 82 449 2976 64 115 753 518 59 454 237 621 114
internal_value=0.136043 1.95365 -21.6759 4.26553 2.44103 -0.710684 4.04442 5.89777 10.4992 -0.172737 -1.86011 3.83792 0.118031 11.5974 -3.14719 -4.23653 19.4171 13.4949 16.7272 29.0168 22.0336 41.4949 -7.26709 -6.73617 35.8417 2.09054 -10.3397 -4.19588 -15.7938 -17.5075 -25.5323 -2.90153 -15.048
internal_weight=17895 14152 286 179 13866 7253 4204 6613 3752 2861 2733 2141 1799 2014 2658 2602 1611 1110 1056 465 409 207 3049 3743 128 202 2470 1330 577 1140 691 2190 657
internal_count=17895 14152 286 179 13866 7253 4204 6613 3752 2861 2733 2141 1799 2014 2658 2602 1611 1110 1056 465 409 207 3049 3743 128 202 2470 1330 577 1140 691 2190 657
cat_boundaries=0 1 2 3 4
cat_threshold=54 2512 4692 4490
is_linear=0
shrinkage=0.0383886


Tree=107
num_leaves=34
num_cat=1
split_feature=35 29 40 24 9 9 29 14 44 40 24 2 41 2 1 1 7 21 9 28 24 19 9 1 17 44 2 1 6 1 8 41 51
split_gain=1.40513e+08 1.2566e+08 2.40653e+08 3.47105e+08 1.39286e+08 2.07937e+08 1.86596e+08 1.31296e+08 1.18844e+08 1.11436e+08 1.13052e+08 1.14702e+08 1.07081e+08 1.02158e+08 1.4814e+08 4.16297e+08 1.55173e+08 1.08071e+08 1.27143e+08 1.11662e+08 2.1948e+08 1.49402e+08 1.19366e+08 1.17118e+08 1.26462e+08 9.96617e+07 9.8283e+07 1.65651e+08 1.60839e+08 1.03921e+08 9.70755e+07 9.69963e+07 9.34819e+07
threshold=0.22916666666666671 102.50000000000001 0.96234642434711437 16.971839262132715 1002.4875130205102 1007.9117093526066 130.50000000000003 1.6743064625094546 0.97394006393395716 -0.99866806308218525 59.964513010242264 0.6969150038320101 -0.9292178835113839 0.70670817426230081 0.31145223837260605 0.3112836758503818 284.74405673607151 0.14452840542227427 988.76326664001022 0 3.2596955386291833 0.0017464581819943579 1025.8361773098154 0.25378266024685364 0.023321270078052781 0.4739400639339571 0.69980586642454445 0.28103516419973551 280.15161323582146 0.2857249621347267 287.46234694998759 -0.90892157495189674 1.0000000180025095e-35
decision_type=2 2 2 2 2 2 2 2 2 2 2 2 2 2 2 2 2 2 2 1 2 2 2 2 2 2 2 2 2 2 2 2 2
left_child=-1 13 4 -4 8 6 -6 12 -3 -9 11 -11 32 25 15 17 -16 18 -15 20 30 22 -22 24 -21 -2 -13 28 -28 -29 -20 -14 -7
right_child=1 2 3 -5 5 7 -8 9 -10 10 -12 26 31 14 16 -17 -18 -19 19 23 21 -23 -24 -25 -26 -27 27 29 -30 -31 -32 -33 -34
leaf_value=-5.7352848223251884 4.2607210290756665 -7.175100151620776 -102.03936779520274 -1.4000195464525547 89.880972993551921 39.939933791301236 16.941394213130906 33.960814378089538 -44.763201174869799 -49.012295439154364 35.466636167358793 19.566794439817766 -43.274090570084503 33.735000303008562 11.790331484315555 -80.816753599832069 88.685046458162731 -44.034584245884936 33.356104551170603 -36.120139787103142 22.678893959419099 -32.595234450690697 -14.792951719962842 6.272663506063652 20.004995989332766 -50.949569193179087 60.034557774679165 -72.894860928294719 -3.2451792226645493 -19.39266231766803 106.14740402391971 7.1424011347458496 -10.953205651370759
leaf_weight=4503 113 1082 83 129 69 258 206 124 140 81 111 270 58 309 88 77 69 55 54 206 816 99 148 1854 83 84 60 70 4399 227 54 1849 67
leaf_count=4503 113 1082 83 129 69 258 206 124 140 81 111 270 58 309 88 77 69 55 54 206 816 99 148 1854 83 84 60 70 4399 227 54 1849 67
internal_value=0.131054 2.10359 -0.370431 -40.8014 0.574487 2.45146 35.2427 1.26086 -11.4814 -2.00622 -2.86095 -3.69399 9.08021 7.69286 9.05119 7.52367 45.585 9.37311 10.1839 7.98796 17.4622 12.3139 16.9259 2.71676 -20.0011 -19.2807 -2.96363 -4.2427 -2.39369 -32.0027 69.752 5.60901 29.4481
internal_weight=17895 13392 9283 212 9071 7849 275 7574 1222 5342 5218 5107 2232 4109 3912 3755 157 3678 3623 3314 1171 1063 964 2143 289 197 5026 4756 4459 297 108 1907 325
internal_count=17895 13392 9283 212 9071 7849 275 7574 1222 5342 5218 5107 2232 4109 3912 3755 157 3678 3623 3314 1171 1063 964 2143 289 197 5026 4756 4459 297 108 1907 325
cat_boundaries=0 1
cat_threshold=18
is_linear=0
shrinkage=0.0383886


Tree=108
num_leaves=34
num_cat=4
split_feature=37 36 26 32 0 0 28 17 8 26 19 0 19 40 9 0 6 28 40 40 40 28 9 40 28 40 40 18 0 9 38 9 40
split_gain=1.40721e+08 1.10083e+08 1.71199e+08 1.13855e+08 1.43804e+08 2.50126e+08 2.20406e+08 1.27557e+08 1.0669e+08 9.66479e+07 8.54414e+07 8.65377e+07 8.255e+07 1.11967e+08 8.23396e+07 1.29201e+08 8.99534e+07 8.19947e+07 1.58096e+08 1.53012e+08 1.38311e+08 1.69931e+08 1.89758e+08 1.29704e+08 1.20685e+08 3.15982e+08 1.65478e+08 8.02176e+07 9.61498e+07 1.00672e+08 1.62354e+08 7.60544e+07 7.9347e+07
threshold=-0.78656609248549325 -0.9159756150367534 696.2664731434769 1.0000000180025095e-35 14.926749891514442 14.74879995232916 0 1.0000000180025095e-35 290.91060111342625 826.58218720124216 0.002059697188467006 13.06268931066586 0.00030410633169874785 0.99761913169647187 1029.193074763373 10.165654931285504 278.48748895057264 1 0.98213580174693105 -0.95244167294248061 0.94978112945126536 2 1020.3668373027634 -0.96689237009891416 3 0.79383249484937124 -0.73866753694953113 0.015635961639625825 14.899352818964744 1017.662422022733 0.6078576107927941 1019.1881624086396 0.099822040462190967
decision_type=2 2 2 2 2 2 1 2 2 2 2 2 2 2 2 2 2 1 2 2 2 1 2 2 1 2 2 2 2 2 2 2 2
left_child=9 2 -2 4 5 6 -3 -6 -7 -1 12 -12 13 17 16 -16 31 18 23 -19 21 22 -21 -5 25 26 -25 28 29 -10 -31 32 -8
right_child=1 3 -4 10 7 8 14 -9 27 -11 11 -13 -14 -15 15 -17 -18 19 -20 20 -22 -23 -24 24 -26 -27 -28 -29 -30 30 -32 -33 -34
leaf_value=11.463387651341758 17.171593635292897 24.555382684916296 -4.2139889729674822 19.416325184106608 39.362116709633113 -74.427608551229397 -35.710578757095824 -0.595328113080274 -52.770592141900707 -1.1159708275232842 -9.48287291399906 58.015600353857884 -46.283087502605419 44.899485109111758 -7.2674474376553579 -58.362133831173445 -2.5987247303091716 -47.415389485336604 43.440333954707135 11.004871505121107 -39.574444868116053 -5.3067994489786328 91.609486552855543 30.80616189395419 -46.933279764796886 51.951524954409116 -38.933344606802976 9.8464765481413377 12.730394111087216 -51.047303559303991 25.813720205590059 27.204835709570585 8.8029631797782493
leaf_weight=2246 1047 482 1166 93 238 60 70 233 213 1502 57 55 92 55 338 93 5633 125 55 186 147 1685 56 58 314 84 370 104 73 81 81 285 376
leaf_count=2246 1047 482 1166 93 238 60 70 233 213 1502 57 55 92 55 338 93 5633 125 55 186 147 1685 56 58 314 84 370 104 73 81 81 285 376
internal_value=-0.184517 -1.95261 5.90381 -3.42702 -1.01014 -2.24037 -0.258059 19.5955 -25.811 6.42224 -9.31429 23.6636 -10.4268 -9.40487 -2.05131 -18.2926 -0.954596 -10.3462 -19.5793 -6.13959 -3.68149 -0.943407 28.4804 -23.564 -28.4032 -15.8134 -29.4826 -20.5266 -27.5775 -35.4242 -12.6167 11.7148 1.81649
internal_weight=17753 14005 2213 11792 8360 7889 7277 471 612 3748 3432 112 3320 3228 6795 431 6364 3173 974 2199 2074 1927 242 919 826 512 428 552 448 375 162 731 446
internal_count=17753 14005 2213 11792 8360 7889 7277 471 612 3748 3432 112 3320 3228 6795 431 6364 3173 974 2199 2074 1927 242 919 826 512 428 552 448 375 162 731 446
cat_boundaries=0 1 2 3 4
cat_threshold=128 3120 520 2080
is_linear=0
shrinkage=0.0383886


Tree=109
num_leaves=34
num_cat=5
split_feature=41 31 29 28 0 0 9 29 0 14 9 28 0 0 28 29 40 0 19 0 0 19 27 41 40 29 0 9 11 27 4 28 0
split_gain=1.37315e+08 1.24686e+08 1.9122e+08 4.61499e+08 3.729e+08 2.64429e+08 6.3078e+08 2.37286e+08 2.22143e+08 1.72381e+08 2.91991e+08 2.11689e+08 5.10208e+08 4.17853e+08 1.47334e+08 2.89643e+08 2.05502e+08 1.77635e+08 1.46329e+08 1.6272e+08 2.14345e+08 1.45134e+08 1.34387e+08 1.32389e+08 1.30617e+08 1.18579e+08 1.14305e+08 1.156e+08 1.14141e+08 1.27152e+08 1.12207e+08 1.10249e+08 1.09852e+08
threshold=0.99981043035926087 0 132.50000000000003 1 13.227464801632175 13.967381296910101 1001.2243582305326 152.50000000000003 12.831024258447746 1.3688457684750188 1020.1247020198502 2 11.479216874820377 13.915058043138824 3 42.500000000000007 -0.99275805973510278 14.860661594437168 0.00033877916885855593 12.599358814455455 11.905452375063666 0.0023924542498974959 0.89142763706638306 -0.9292178835113839 -0.48314718476766422 58.500000000000007 9.474994185443169 984.70094045241854 65.467336126992265 2.0814402067371405 297.2153632828244 4 10.495499245909476
decision_type=2 1 2 1 2 2 2 2 2 2 2 1 2 2 1 2 2 2 2 2 2 2 2 2 2 2 2 2 2 2 2 1 2
left_child=1 9 3 5 8 -3 -7 -4 18 23 14 12 -12 -14 16 32 -11 24 19 20 26 -20 -22 -1 -18 -17 -5 -28 -13 -30 -27 -25 -16
right_child=-2 2 7 4 -6 6 -8 -9 -10 10 11 28 13 -15 15 25 17 -19 21 -21 22 -23 -24 31 -26 30 27 -29 29 -31 -32 -33 -34
leaf_value=43.820576864316152 -44.81160097989067 104.81421398787013 -33.660041941612391 45.766294014013177 -36.203925674072067 -71.796602925818291 77.877267095188884 -5.5403254223765215 43.899109902974722 69.998601766905367 -137.79505412322922 7.7492800345011661 -0.47129052586520165 -96.772204918639744 -21.362204473900569 24.876655503233408 -6.9826690517638754 -35.849603775929417 -85.500370719062929 50.216652650808804 -62.039847010870929 -7.9287095323427188 -6.5547089360759676 -10.40761294593276 17.59281993745963 -4.1883790613149312 34.371147820725092 0.3408051173685675 -9.8680484222374645 -66.451805345010868 10.812200056319794 14.689501488675345 -77.197786678846427
leaf_weight=190 101 93 496 102 382 64 118 4080 195 88 62 604 332 83 136 323 396 117 54 106 115 104 146 313 1633 2332 164 1428 824 63 1073 1352 84
leaf_count=190 101 93 496 102 382 64 118 4080 195 88 62 604 332 83 136 323 396 117 54 106 115 104 146 313 1633 2332 164 1428 824 63 1073 1352 84
internal_value=-0.178032 0.0773486 -3.61052 3.79491 -0.957972 50.3237 25.2446 -8.58827 4.6155 2.89677 0.495673 -12.3827 -34.3571 -19.7315 4.59541 0.121131 12.4463 10.1442 1.16335 3.89283 1.38114 -34.4407 -31.0023 13.4616 12.7964 2.64736 6.37057 3.84646 -5.08806 -13.887 0.538671 9.99725 -42.6813
internal_weight=17753 17652 7647 3071 2796 275 182 4576 2414 10005 8150 1968 477 415 6182 3948 2234 2146 2219 2061 1955 158 261 1855 2029 3728 1694 1592 1491 887 3405 1665 220
internal_count=17753 17652 7647 3071 2796 275 182 4576 2414 10005 8150 1968 477 415 6182 3948 2234 2146 2219 2061 1955 158 261 1855 2029 3728 1694 1592 1491 887 3405 1665 220
cat_boundaries=0 1 2 3 4 5
cat_threshold=30 32 392 5258 1120
is_linear=0
shrinkage=0.0383886


Tree=110
num_leaves=34
num_cat=1
split_feature=37 31 34 13 40 1 30 30 30 30 15 23 23 30 4 7 15 40 42 0 40 0 0 30 24 13 0 30 30 40 0 4 40
split_gain=1.29976e+08 1.09638e+08 1.3149e+08 1.23277e+08 1.15445e+08 1.06708e+08 1.37635e+08 4.18359e+08 1.68488e+08 1.31329e+08 9.93762e+07 1.34934e+08 1.33645e+08 1.16157e+08 9.99968e+07 9.45423e+07 8.71406e+07 7.21237e+07 2.63896e+08 1.24001e+08 8.60511e+07 8.08321e+07 1.35965e+08 7.11327e+07 8.49387e+07 6.9612e+07 9.69637e+07 8.50826e+07 6.90932e+07 7.66155e+07 1.25292e+08 7.60788e+07 6.75037e+07
threshold=-0.78656609248549325 0 1.0000000180025095e-35 1.5670823560162608 0.99939377080793557 0.3112836758503818 0.094455852156057507 0.11635865845311431 0.16016427104722794 0.17659137577002057 167.69745194261677 54.124657010679293 1.0461080824209135 0.17659137577002057 296.0233311162703 287.83687230524419 230.51385355361614 0.80417553764032002 0.68301270189221941 13.227464801632175 0.50557357885840837 12.831024258447746 11.905452375063666 0.46680355920602329 11.621553321811385 3.5871444088591216 13.929108357859096 0.25325119780971944 0.24229979466119098 -0.99275805973510278 11.780160107788744 296.6030369587574 -0.99763297024448894
decision_type=2 1 2 2 2 2 2 2 2 2 2 2 2 2 2 2 2 2 2 2 2 2 2 2 2 2 2 2 2 2 2 2 2
left_child=-1 2 3 -2 10 6 -5 16 -9 -10 11 17 -12 -14 25 -13 -8 20 -19 21 32 22 -20 24 -16 -15 27 -27 -11 30 -30 -31 -3
right_child=1 4 -4 5 -6 -7 7 8 9 28 12 15 13 14 23 -17 -18 18 19 -21 -22 -23 -24 -25 -26 26 -28 -29 29 31 -32 -33 -34
leaf_value=6.1784089924012777 9.2140756925783425 38.660852286956782 -27.56325649770611 20.592352884097597 48.61700719157075 -47.386125709202133 -85.379901414040859 27.372721373415487 -42.178172114403885 14.299327247648458 15.406518084383668 7.3269245519920396 0.11462828136208751 -18.46730806761337 -5.4681976230223226 55.114013838906942 -30.06871650090757 89.91096979306208 27.811276422795284 -39.879236167208887 -24.786092915519948 42.212931320387838 -33.297986967207677 -10.940536339406282 56.335360623900819 -62.52138592808717 -79.93172882430602 -12.817670897771652 70.335549246039093 -7.7933632912794248 -2.6119778820328143 3.7368052785870316 -4.610341792182461
leaf_weight=3748 2382 55 229 414 57 73 97 303 118 389 267 159 762 1342 79 99 74 54 112 91 325 88 103 548 56 72 66 172 55 2411 94 1297 1562
leaf_count=3748 2382 55 229 414 57 73 97 303 118 389 267 159 762 1342 79 99 74 54 112 91 325 88 103 548 56 72 66 172 55 2411 94 1297 1562
internal_value=-0.171105 -1.87036 1.1017 1.95486 -5.74905 -1.29235 -0.651671 -2.46958 -0.308731 -2.23071 -6.27406 -0.711127 -10.653 -12.8996 -17.1467 25.6639 -61.4442 -3.55831 10.3261 -0.581438 -6.76132 11.2208 -1.46425 -4.79153 20.1687 -22.2548 -38.6507 -27.4844 -1.12053 -2.67571 24.3149 -3.76029 -3.13852
internal_weight=17753 14005 7936 7707 6069 5325 5252 4838 4667 4364 6012 2648 3364 3097 2335 258 171 2390 448 394 1942 303 215 683 135 1652 310 244 4246 3857 149 3708 1617
internal_count=17753 14005 7936 7707 6069 5325 5252 4838 4667 4364 6012 2648 3364 3097 2335 258 171 2390 448 394 1942 303 215 683 135 1652 310 244 4246 3857 149 3708 1617
cat_boundaries=0 1
cat_threshold=30
is_linear=0
shrinkage=0.0383886


Tree=111
num_leaves=34
num_cat=4
split_feature=25 26 35 41 41 29 41 9 41 31 18 28 9 24 13 35 31 0 0 41 24 9 27 41 41 4 31 0 27 0 18 29 29
split_gain=1.06223e+08 1.59963e+08 1.41409e+08 1.46852e+08 1.22548e+08 1.02669e+08 1.43731e+08 2.27874e+08 2.1376e+08 1.51386e+08 1.23009e+08 1.04692e+08 1.54872e+08 1.04092e+08 9.73581e+07 9.05958e+07 8.50249e+07 1.00521e+08 2.09149e+08 1.35978e+08 1.06547e+08 9.24995e+07 1.06687e+08 8.23652e+07 7.9486e+07 1.06559e+08 7.72089e+07 1.18513e+08 1.7942e+08 1.97643e+08 7.88439e+07 8.80307e+07 1.14184e+08
threshold=802.19517941089055 844.80435270494525 0.72916666666666685 0.4736964939522646 0.99981043035926087 357.50000000000006 0.9863035000474919 1007.1264250785717 0.98174098242282837 0 1.0000000180025095e-35 1 1032.9315880790596 7.0180403784598377 6.1024259195403507 0.85416666666666685 2 14.811974400548127 14.899352818964744 -0.99628250747696534 29.033238674511324 987.00495968165217 1.7115245608017078 -0.99761278905001471 -0.86974577485258975 281.06602340331091 3 13.915058043138824 0.11121855825308195 13.125966672129577 0.44527948003491874 36.500000000000007 62.500000000000007
decision_type=2 2 2 2 2 2 2 2 2 1 2 1 2 2 2 2 1 2 2 2 2 2 2 2 2 2 1 2 2 2 2 2 2
left_child=2 -2 4 -4 5 6 8 -8 11 -9 -11 12 16 -7 26 -5 21 24 19 -19 -20 -1 23 -23 -18 -26 27 28 -13 -30 31 -28 -33
right_child=1 -3 3 15 -6 13 7 9 -10 10 -12 14 -14 -15 -16 -17 17 18 20 -21 -22 22 -24 -25 25 -27 30 -29 29 -31 -32 32 -34
leaf_value=-41.619288430015764 12.127029900671834 -3.9111795343721969 -1.007193831136771 23.543488496223947 -51.490006655739691 1.810603197395928 -28.978994804530814 70.19613558923237 -58.174891876086683 -13.533567376217514 52.617508715123435 -58.291190926647758 -63.479071859422355 -55.733956687329304 -37.668332656649049 4.2453851697611302 23.387838395615447 -89.88043921095452 17.85322527500821 -21.05091698360653 -29.843282746665299 35.620570082937299 48.704428026190925 -9.2969345008438289 22.612223083034038 0.42877642262894206 -40.644591089662889 30.876461998478351 -3.4121285724207557 -43.633035275196249 31.036162459617845 12.864930511385696 -6.9263801469392492
leaf_weight=105 2188 1577 3008 719 81 79 105 110 108 106 68 143 55 112 156 715 434 57 320 164 88 64 54 1003 406 1491 97 78 804 232 94 520 2471
leaf_count=105 2188 1577 3008 719 81 79 105 110 108 106 68 143 55 112 156 715 434 57 320 164 88 64 54 1003 406 1491 97 78 804 232 94 520 2471
internal_value=-0.316878 5.4093 -1.85166 3.81215 -4.47099 -4.0711 -3.50091 19.3423 -4.49442 37.2077 11.649 -3.8383 0.518703 -31.9327 -7.8437 13.9214 1.36082 4.87592 -8.72614 -38.8034 7.5657 -7.10767 -3.93847 -6.60271 8.56724 5.17653 -6.81324 -14.8331 -17.9829 -12.4191 -3.58723 -4.6528 -3.48556
internal_weight=17812 3765 14047 4442 9605 9524 9333 389 8944 284 174 8836 4241 191 4595 1434 4186 2960 629 221 408 1226 1121 1067 2331 1897 4439 1257 1179 1036 3182 3088 2991
internal_count=17812 3765 14047 4442 9605 9524 9333 389 8944 284 174 8836 4241 191 4595 1434 4186 2960 629 221 408 1226 1121 1067 2331 1897 4439 1257 1179 1036 3182 3088 2991
cat_boundaries=0 1 2 3 4
cat_threshold=81 4834 65 66
is_linear=0
shrinkage=0.0383886


Tree=112
num_leaves=34
num_cat=3
split_feature=31 40 28 40 40 40 30 30 24 30 0 9 0 3 12 17 40 40 9 23 1 0 45 24 40 9 40 27 9 1 28 41 2
split_gain=9.93785e+07 2.09639e+08 1.39756e+08 1.9909e+08 1.6834e+08 1.69064e+08 1.63587e+08 2.96424e+08 3.41439e+08 1.94351e+08 1.78181e+08 3.11952e+08 1.4988e+08 1.48965e+08 1.32742e+08 1.43436e+08 2.23557e+08 5.88537e+08 1.57331e+08 1.53944e+08 1.50254e+08 1.6023e+08 1.21709e+08 1.07347e+08 1.0294e+08 1.79226e+08 1.06534e+08 9.31451e+07 1.84188e+08 3.0852e+08 1.61513e+08 1.20201e+08 1.93361e+08
threshold=0 0.99983759474438971 1 -0.78326540922535159 -0.62588817255938378 0.9916835347852474 0.28062970568104045 0.42847364818617389 10.36509550268166 0.44216290212183446 12.916517146251097 1012.1937309851207 10.495499245909476 295.08196460469838 91.492742732265029 0.049001529115550356 0.85226249403558707 0.89017062131308955 1003.2167204284515 64.882023711010632 0.19796484542016488 14.574354848863395 0.23184395843844199 39.48522106680408 0.50557357885840837 1006.6580514976691 0.534952257794027 1.176578378910228 1020.5340168397103 0.27784227446368065 2 -0.98521978256641018 0.818562879543696
decision_type=1 2 1 2 2 2 2 2 2 2 2 2 2 2 2 2 2 2 2 2 2 2 2 2 2 2 2 2 2 2 1 2 2
left_child=27 2 6 12 -5 14 10 8 13 22 11 -2 -4 -8 15 16 19 18 -18 24 -17 -22 -9 -7 25 -6 -26 31 30 -30 -29 32 -1
right_child=1 -3 3 4 5 23 7 9 -10 -11 -12 -13 -14 -15 -16 20 17 -19 -20 -21 21 -23 -24 -25 26 -27 -28 28 29 -31 -32 -33 -34
leaf_value=-42.409456753298699 45.938691626034341 62.517968857432209 58.840630644337452 -19.946909490865533 -24.310243658221005 -48.951139572182392 -53.985032614410905 65.878522900273254 -15.352657532139503 -8.0278627132427545 42.088587577013641 -67.000703954318311 10.401646336231623 -125.23369039680504 -35.212729529012989 -43.694564789705815 122.89686595422698 -3.0072432496044192 50.574431178714001 -66.44547240524119 16.660074485660157 82.810484383134721 -6.9176392375656937 13.795604561464611 -51.033232585345111 7.7112214486282538 -8.1691829993969556 -19.938186836793207 -82.280880494934451 -0.75102516803847175 10.688026684574851 6.5540140725946081 11.30983506068741
leaf_weight=196 67 72 135 651 305 157 170 88 496 2737 184 78 311 58 136 56 71 449 118 57 775 58 55 54 92 1657 1200 360 114 171 798 5687 199
leaf_count=196 67 72 135 651 305 157 170 88 496 2737 184 78 311 58 136 56 71 449 118 57 775 58 55 54 92 1657 1200 360 114 171 798 5687 199
internal_value=-0.3032 -2.7544 -3.21716 0.342008 -1.54669 0.763536 -8.88036 -11.2684 -33.2265 -5.74841 17.0095 -14.8148 25.0637 -72.1098 2.19126 3.24272 0.106499 20.9141 77.7433 -3.90294 17.174 21.266 37.8799 -32.8927 -2.80739 2.73336 -11.2214 3.0473 -5.71703 -33.363 1.08703 5.13171 -15.3458
internal_weight=17812 10287 10215 6282 5836 5185 3933 3604 724 2880 329 145 446 228 4974 4838 3949 638 189 3311 889 833 143 211 3254 1962 1292 7525 1443 285 1158 6082 395
internal_count=17812 10287 10215 6282 5836 5185 3933 3604 724 2880 329 145 446 228 4974 4838 3949 638 189 3311 889 833 143 211 3254 1962 1292 7525 1443 285 1158 6082 395
cat_boundaries=0 1 2 3
cat_threshold=22 5712 100
is_linear=0
shrinkage=0.0383886


Tree=113
num_leaves=34
num_cat=0
split_feature=10 29 2 0 38 29 29 0 8 0 2 0 10 5 1 1 17 22 24 44 19 38 0 27 43 0 38 0 0 38 38 29 16
split_gain=9.41676e+07 1.38945e+08 1.07255e+08 2.46821e+08 1.44062e+08 1.39412e+08 1.26484e+08 1.24927e+08 3.67192e+08 3.08917e+08 3.65869e+08 1.95859e+08 1.35105e+08 1.21015e+08 1.37084e+08 1.57632e+08 1.16882e+08 1.15776e+08 1.14873e+08 1.45339e+08 1.3427e+08 1.14652e+08 1.09823e+08 1.08718e+08 1.02078e+08 2.26574e+08 1.31514e+08 1.2778e+08 1.1734e+08 1.03769e+08 9.8148e+07 9.56502e+07 1.07185e+08
threshold=1030.5838112130957 361.50000000000006 0.69938919975787772 9.4343983843950685 0.87837969732492682 285.50000000000006 360.50000000000006 11.605385008596604 289.87897957799845 11.648815633763521 0.74335212774624493 11.519011831879236 982.34103361492237 294.782038773382 0.19499775022681537 0.19544989965272661 0.21791000139663011 0.14643946740045077 3.2596955386291833 0.56192977791787302 0.004404129195161261 1.0000000180025095e-35 11.392509279963926 0.10379750299288558 0.6830127018922193 10.236078030948967 0.6078576107927941 10.131967737396463 10.569162159519083 -0.60785761079279388 -0.60785761079279388 358.50000000000006 127.29897934851643
decision_type=2 2 2 2 2 2 2 2 2 2 2 2 2 2 2 2 2 2 2 2 2 2 2 2 2 2 2 2 2 2 2 2 2
left_child=2 31 4 6 -1 7 -4 8 17 -9 -11 22 -12 18 16 -16 23 -5 -14 -20 -21 -17 -10 -15 28 27 -27 30 -7 -30 -26 32 -2
right_child=1 -3 3 5 -6 24 -8 9 11 10 12 -13 13 14 15 21 -18 -19 19 20 -22 -23 -24 -25 25 26 -28 -29 29 -31 -32 -33 -34
leaf_value=6.6821010254645268 29.695906047600754 30.584464578907536 -82.918347457002994 4.9068035443412565 50.013964510460774 -75.151780983563427 -16.066940922692826 -70.885246812387379 52.685453057678338 70.392305457993587 -38.010399951576282 96.608093097460781 9.3518506588138237 -1.8453938372073859 -41.53624464589511 -2.3036183584757293 -26.490600703760567 -49.804135193042605 0.70055634866557104 -12.668119035410358 37.735226786959416 12.253212305697787 -9.6194629170081196 42.65293156822586 -36.054130115383856 44.008682764111391 -13.627890717427487 -58.924975926974142 -44.315159933594948 -8.3896597259645507 4.2823932075760043 -55.296145433177628 -21.199961766770759
leaf_weight=696 71 89 77 3306 135 56 91 92 101 107 143 91 887 109 117 1898 59 58 2887 2949 80 1375 71 314 128 191 84 88 157 483 291 99 432
leaf_count=696 71 89 77 3306 135 56 91 92 101 107 143 91 887 109 117 1898 59 58 2887 2949 80 1375 71 314 128 191 84 88 157 483 291 99 432
internal_value=-0.29176 -14.1856 0.268992 -0.417264 13.7216 0.0651031 -46.7073 1.1992 7.37878 -0.835231 -0.245334 51.0631 -0.944007 -0.447472 4.97031 2.24664 24.1263 3.96351 -3.53106 -5.46263 -11.3369 3.81176 26.9665 31.1864 -11.1715 -1.65376 26.4033 -16.8721 -21.8653 -17.2027 -8.03995 -20.8045 -14.0158
internal_weight=17812 691 17121 16290 831 16122 168 14644 3627 11017 10925 263 10818 10675 3872 3390 482 3364 6803 5916 3029 3273 172 423 1478 782 275 507 696 640 419 602 503
internal_count=17812 691 17121 16290 831 16122 168 14644 3627 11017 10925 263 10818 10675 3872 3390 482 3364 6803 5916 3029 3273 172 423 1478 782 275 507 696 640 419 602 503
is_linear=0
shrinkage=0.0383886


Tree=114
num_leaves=34
num_cat=4
split_feature=5 41 0 13 41 10 31 41 33 13 10 31 6 0 7 1 31 10 10 37 36 1 31 41 40 40 40 0 0 1 45 44 10
split_gain=1.13953e+08 1.61463e+08 4.05566e+08 2.04118e+08 1.71433e+08 1.72392e+08 1.64416e+08 1.32662e+08 2.67788e+08 2.38085e+08 2.62357e+08 1.63062e+08 1.83731e+08 1.34535e+08 1.53126e+08 1.47414e+08 3.12924e+08 3.72105e+08 3.167e+08 2.27629e+08 1.42771e+08 1.27853e+08 1.34337e+08 1.24546e+08 1.21943e+08 1.59601e+08 1.52737e+08 1.16969e+08 1.55837e+08 1.153e+08 1.06355e+08 1.03661e+08 1.13526e+08
threshold=298.43461964083633 -0.61915584096709908 14.108958059378015 2.9172722468667791 -0.78324956448884031 982.34103361492237 0 -0.4755978891912595 2.5000000000000004 3.8344996340948811 990.22035991585938 1 288.44405787690113 13.147335034660054 295.90801399650633 0.23743595890941835 2 1017.3601693411487 1018.5121311428671 0.37940952255126048 0.60355339059327384 0.20163042157393737 3 -0.67168186667784702 -0.85227431625818906 -0.78326540922535159 -0.70291267844185523 11.306136103246555 11.780160107788744 0.19499775022681537 0.077737566926842624 0.62102846403886891 1015.73555709042
decision_type=2 2 2 2 2 2 1 2 2 2 2 1 2 2 2 2 1 2 2 2 2 2 1 2 2 2 2 2 2 2 2 2 2
left_child=1 4 7 -4 5 -1 23 8 9 10 -3 -12 -13 15 -15 16 17 -9 -18 -19 24 -7 -23 -6 27 31 -27 -17 -29 30 -2 32 -26
right_child=29 2 3 -5 6 21 -8 13 -10 -11 11 12 -14 14 -16 20 18 19 -20 -21 -22 22 -24 -25 25 26 -28 28 -30 -31 -32 -33 -34
leaf_value=-64.61917570717398 3.2648721607760285 84.942411754734579 16.409792391039698 102.69727661969748 -7.2375257464230636 -6.431758119144531 -26.088951737666456 -29.144728931572768 89.375229740727278 -41.954506150916323 43.01692242516399 -49.826966771199139 11.625164736530532 -10.412490707286439 -75.803589855001377 -22.065246284223559 34.37697224505682 105.39346859005144 -74.085270084291238 26.321762039216779 -7.5313572143753706 29.103588511351678 -2.6674059421287155 62.709292732491527 57.223361327424449 -31.186406348681423 5.5128785149838766 24.970924647865438 -9.166935305919214 4.9443537740916579 49.250565802306106 78.101779632429057 -21.493301675035802
leaf_weight=64 126 77 77 85 118 1816 975 72 67 113 135 99 260 916 56 501 76 125 83 94 2791 356 426 55 54 173 4919 279 671 1922 180 69 54
leaf_count=64 126 77 77 85 118 1816 975 72 67 113 135 99 260 916 56 501 76 125 83 94 2791 356 426 55 54 173 4919 279 671 1922 180 69 54
internal_value=0.305911 -0.850066 1.36086 61.6842 -7.72426 -2.37671 -20.1242 0.524472 16.1318 8.95737 19.0328 8.75937 -5.177 -0.547613 -14.1799 0.782632 22.2524 45.0167 -20.9255 71.4541 -0.23318 -0.843397 12.1342 14.1802 2.79795 5.51168 4.26602 -7.05638 0.8588 8.42889 30.3153 41.3472 17.8649
internal_weight=17884 15656 11846 162 3810 2662 1148 11684 751 684 571 494 359 10933 972 9961 450 291 159 219 9511 2598 782 173 6720 5269 5092 1451 950 2228 306 177 108
internal_count=17884 15656 11846 162 3810 2662 1148 11684 751 684 571 494 359 10933 972 9961 450 291 159 219 9511 2598 782 173 6720 5269 5092 1451 950 2228 306 177 108
cat_boundaries=0 1 2 3 4
cat_threshold=16 65 101 44
is_linear=0
shrinkage=0.0383886


Tree=115
num_leaves=34
num_cat=0
split_feature=35 35 5 12 9 35 25 5 41 9 41 39 16 41 44 35 24 41 18 41 4 0 42 4 10 0 5 44 0 10 44 9 5
split_gain=1.20919e+08 1.10115e+08 1.07931e+08 8.32638e+07 9.21694e+07 8.28949e+07 1.28483e+08 8.45912e+07 7.83647e+07 7.59638e+07 7.11843e+07 6.28831e+07 1.15689e+08 1.18869e+08 8.81675e+07 8.43287e+07 8.12399e+07 9.72116e+07 1.04349e+08 1.13293e+08 9.96351e+07 9.65334e+07 9.28269e+07 8.47501e+07 8.35333e+07 7.22187e+07 6.20981e+07 7.3479e+07 6.99285e+07 6.91586e+07 6.17965e+07 6.14257e+07 6.12876e+07
threshold=0.35416666666666669 0.93750000000000011 280.58695744136179 67.045344048008204 1017.8166248624678 0.52083333333333337 414.51029897737334 303.17817675378018 -0.99864786094873803 1021.1019836782691 -0.6652727025667432 1.0000000180025095e-35 236.72072906084153 -0.99761278905001471 0.3529115998950883 0.18750000000000003 40.926040237700263 -0.99052477729077237 0.24209610549551513 -0.9292178835113839 292.28568875505431 14.770010628743726 1.0000000180025095e-35 287.1962781151953 1011.4985704977696 13.876859706414601 301.44503736127535 0.50000000000000011 14.303924361565102 1020.5355952510191 0.62102846403886891 979.77255079083068 289.2896257451186
decision_type=2 2 2 2 2 2 2 2 2 2 2 2 2 2 2 2 2 2 2 2 2 2 2 2 2 2 2 2 2 2 2 2 2
left_child=11 2 3 4 -2 26 10 8 -8 -6 -7 16 13 -13 15 -15 17 22 19 20 -19 -21 30 24 31 -25 27 29 -28 -4 -1 -18 -17
right_child=1 -3 5 -5 9 6 7 -9 -10 -11 -12 12 -14 14 -16 32 23 18 -20 21 -22 -23 -24 25 -26 -27 28 -29 -30 -31 -32 -33 -34
leaf_value=-19.077518350338071 9.801082612430859 -11.695618696437981 19.279873052928071 8.1708834119274503 87.013788405871139 -3.1789126397701803 36.098386414485653 10.965909200118885 -7.4797196995608859 32.036879212433441 9.529961416705385 51.093839722531484 -23.221202904952484 -6.5562952398644478 -10.631121085823914 27.874597554197013 -23.542969618188035 -13.574742054562176 48.243890637313115 1.7151748027067577 39.405415466497345 -35.686535785514849 4.4917821026346632 -13.98573790853164 -17.782184765874636 -74.710587471782986 2.1739390558263674 1.0717847970649823 49.607312088213419 -5.4104154485471794 -76.890251557377567 22.554845431075009 -16.981823597380455
leaf_weight=55 125 726 852 506 62 898 62 459 3173 92 2347 56 589 373 1546 266 56 70 76 2504 207 106 93 62 370 54 79 1417 109 208 54 178 54
leaf_count=55 125 726 852 506 62 898 62 459 3173 92 2347 56 589 373 1546 266 56 70 76 2504 207 106 93 62 370 54 79 1417 109 208 54 178 54
internal_value=0.295099 2.75845 3.76852 17.4547 34.2918 2.64986 0.439611 -4.45632 -6.64452 54.1706 6.01299 -3.74983 -8.04426 -4.14916 -5.53086 5.84718 -0.56189 2.08582 3.84248 2.6736 26.0169 0.196171 -23.6812 -12.2008 -6.4289 -42.2544 8.4048 6.79039 29.6753 14.435 -47.7189 11.5228 20.305
internal_weight=17884 11115 10389 785 279 9604 6939 3694 3235 154 3245 6769 2884 2295 2239 693 3885 3165 2963 2887 277 2610 202 720 604 116 2665 2477 188 1060 109 234 320
internal_count=17884 11115 10389 785 279 9604 6939 3694 3235 154 3245 6769 2884 2295 2239 693 3885 3165 2963 2887 277 2610 202 720 604 116 2665 2477 188 1060 109 234 320
is_linear=0
shrinkage=0.0383886


Tree=116
num_leaves=34
num_cat=5
split_feature=35 35 5 35 35 41 5 31 6 31 16 4 14 2 14 35 14 35 41 6 27 27 9 9 31 2 29 9 4 24 31 29 31
split_gain=1.11814e+08 1.01823e+08 9.98038e+07 7.66526e+07 1.11964e+08 9.16816e+07 8.33093e+07 7.30361e+07 7.06869e+07 6.24644e+07 1.38624e+08 9.48209e+07 1.08274e+08 1.07191e+08 8.45323e+07 9.02153e+07 8.71762e+07 8.3719e+07 7.27442e+07 8.22528e+07 7.24641e+07 7.148e+07 6.09623e+07 9.84455e+07 9.00476e+07 1.37988e+08 1.06293e+08 5.75319e+07 6.45225e+07 9.34525e+07 9.06863e+07 1.34696e+08 8.8193e+07
threshold=0.35416666666666669 0.93750000000000011 280.58695744136179 0.52083333333333337 0.72916666666666685 -0.6652727025667432 303.17817675378018 0 294.65644058769516 1 236.72072906084153 289.21873972804775 1.5823304462666765 0.81184737269308072 1.227423215501019 0.14583333333333334 2.7991392232842665 1.0000000180025095e-35 0.99349222267034787 275.02941284327972 0.79774665548963852 0.27411474736696356 1016.9809552142303 1023.1394170280611 2 0.729461768728077 12.500000000000002 1010.6736319978421 281.38694645471293 10.558591323607567 3 70.500000000000014 4
decision_type=2 2 2 2 2 2 2 1 2 1 2 2 2 2 2 2 2 2 2 2 2 2 2 2 1 2 2 2 2 2 1 2 1
left_child=9 2 22 -4 6 8 -5 -8 -6 10 14 13 -13 17 -1 -16 20 -11 19 -19 21 -17 24 -24 -2 26 -26 -21 29 30 -29 -32 -30
right_child=1 -3 3 4 5 -7 7 -9 -10 11 -12 12 -14 -15 15 16 -18 18 -20 27 -22 -23 23 -25 25 -27 -28 28 32 -31 31 -33 -34
leaf_value=-23.258324937826011 31.536872157035745 -11.246639855129779 8.0821477498325827 -6.2571265549982584 -25.612056335048536 10.164847905037316 -11.308019911964591 23.038019210024089 0.81771924537299723 14.797511773027994 -29.218421926505666 17.650235448865967 -2.0596637025625975 -56.031501630072007 -10.490904247100037 26.508167944391868 -18.018323226327492 23.838874829791536 -33.396325289501824 3.3468324805591054 35.478900930239227 -10.394968568730919 48.486472533273968 11.070308309145849 -31.430404024148043 -52.003064256370081 32.793624818033649 11.288858884156545 -6.2037722276955813 12.39591392222888 -73.757581448499721 -8.5953201355008488 -27.924869451769229
leaf_weight=278 115 726 2665 3243 177 2169 130 273 947 307 412 698 998 60 604 138 129 139 139 647 198 176 177 250 58 75 110 116 676 372 73 130 479
leaf_count=278 115 726 2665 3243 177 2169 130 273 947 307 412 698 998 60 604 138 129 139 139 647 198 176 177 250 58 75 110 116 676 372 73 130 479
internal_value=0.28377 2.65256 3.62386 2.54814 0.422735 5.55378 -4.21153 12.2497 -3.34425 -3.60588 -9.41454 -1.25865 6.05207 -5.2139 -4.11902 0.154648 10.1857 -4.2233 -6.33063 -4.90124 17.2919 5.82356 16.7846 26.5801 5.10111 -8.36324 10.6209 -6.50368 -9.95617 -0.677293 -15.9226 -30.5245 -15.5074
internal_weight=17884 11115 10389 9604 6939 3293 3646 403 1124 6769 1935 4834 1696 3138 1523 1245 641 3078 2771 2632 512 314 785 427 358 243 168 2493 1846 691 319 203 1155
internal_count=17884 11115 10389 9604 6939 3293 3646 403 1124 6769 1935 4834 1696 3138 1523 1245 641 3078 2771 2632 512 314 785 427 358 243 168 2493 1846 691 319 203 1155
cat_boundaries=0 1 2 3 4 5
cat_threshold=65 65 48 36 28
is_linear=0
shrinkage=0.0383886


Tree=117
num_leaves=34
num_cat=5
split_feature=40 40 0 20 20 20 28 8 21 31 29 0 0 15 24 0 0 0 0 0 51 0 16 31 9 28 17 39 38 10 24 26 28
split_gain=1.10785e+08 3.46967e+08 2.99717e+08 9.2392e+07 1.05393e+08 1.16236e+08 1.49114e+08 1.21632e+08 1.02179e+08 1.06072e+08 1.60422e+08 1.20148e+08 3.84557e+08 1.38977e+08 1.35177e+08 1.03029e+08 3.27608e+08 1.24795e+08 1.19212e+08 1.0301e+08 3.35899e+08 3.15631e+08 1.45636e+08 1.599e+08 2.28931e+08 1.36869e+08 1.20123e+08 1.52286e+08 1.32085e+08 2.87513e+08 1.1916e+08 1.18335e+08 1.16836e+08
threshold=-0.99763297024448894 -0.99630266176052629 11.780160107788744 0.016141046280293593 0.00014767297104091009 0.0012106764145664625 0 301.16734146376126 0.14452840542227427 1 8.5000000000000018 14.778180654549983 14.912006068462391 176.84210558583251 59.964513010242264 14.303924361565102 13.929108357859096 14.177393106957643 13.268576987214706 14.926749891514442 1.0000000180025095e-35 14.760010628743727 136.33233401011577 2 1013.7307947662561 3 0.046775212537491444 0.81174490092936691 0.87837969732492682 1017.3145868641608 15.874599565419761 430.55968926954853 4
decision_type=2 2 2 2 2 2 1 2 2 1 2 2 2 2 2 2 2 2 2 2 2 2 2 1 2 1 2 2 2 2 2 2 1
left_child=2 -2 -1 4 8 6 -6 -7 9 10 -3 14 13 -13 15 16 18 -18 -12 21 -21 25 -23 31 -25 -11 28 -28 30 -30 -27 -24 -29
right_child=1 3 -4 -5 5 7 -8 -9 -10 19 11 12 -14 -15 -16 -17 17 -19 -20 20 -22 22 23 24 -26 26 27 32 29 -31 -32 -33 -34
leaf_value=71.481200240818509 -85.796666780825987 48.623923568423884 -8.1621541859753783 46.496961639574891 -42.197816330634758 -4.5850692777983086 -2.9415049432989453 52.725063977929715 -51.48960597448837 18.025825480553824 -11.144264667864174 89.647769890405627 -29.443752318371285 11.416088198745792 26.462266242061862 -35.666560290697483 73.264010771981404 0.35057362323055796 -41.893002665143293 42.57023199056367 -10.459044741298628 -46.735546415178597 -14.255558574452269 -76.125164617650526 -11.747930822506865 -6.2308394684614807 5.6663491464227 60.229068226810035 -6.9451980457411908 27.708671196360285 4.0012063568742731 35.482090300802689 15.359819767529887
leaf_weight=117 69 76 172 64 282 924 295 58 54 901 1167 88 142 54 129 279 88 57 221 365 340 211 130 99 458 3967 2099 129 682 731 2906 154 287
leaf_count=117 69 76 172 64 282 924 295 58 54 901 1167 88 142 54 129 279 88 57 221 365 340 211 130 99 458 3967 2099 129 682 731 2906 154 287
internal_value=0.506625 0.117444 24.081 0.457417 0.287811 -9.23508 -22.9098 -1.20013 1.22661 1.40724 -6.19381 -8.09408 15.227 59.8978 -11.5063 -14.2094 -10.3043 44.6016 -16.0402 2.70933 16.9958 1.92175 -18.2197 -11.0653 -22.7812 3.73245 2.5211 9.87173 0.293044 10.9826 -1.90459 12.2823 31.0907
internal_weight=17795 17506 289 17437 17373 1559 577 982 15814 15760 2301 2225 284 142 1941 1812 1533 145 1388 13459 705 12754 1052 841 557 11702 10801 2515 8286 1413 6873 284 416
internal_count=17795 17506 289 17437 17373 1559 577 982 15814 15760 2301 2225 284 142 1941 1812 1533 145 1388 13459 705 12754 1052 841 557 11702 10801 2515 8286 1413 6873 284 416
cat_boundaries=0 1 2 3 4 5
cat_threshold=5194 64 40 128 2088
is_linear=0
shrinkage=0.0383886


Tree=118
num_leaves=34
num_cat=0
split_feature=40 40 1 27 42 20 20 44 39 1 29 41 9 21 22 15 38 44 24 1 9 1 5 1 51 9 39 29 41 41 29 40 5
split_gain=1.02433e+08 3.20848e+08 2.77147e+08 8.8828e+07 9.84483e+07 9.27705e+07 9.57794e+07 1.57816e+08 1.13587e+08 1.31609e+08 1.18423e+08 1.13273e+08 1.21979e+08 9.29951e+07 1.17292e+08 8.5231e+07 8.47662e+07 2.09792e+08 1.64561e+08 1.54525e+08 1.57182e+08 1.41181e+08 1.62074e+08 1.25923e+08 1.08417e+08 9.5498e+07 9.08224e+07 1.51953e+08 1.30569e+08 8.76107e+07 8.45778e+07 8.20849e+07 8.46442e+07
threshold=-0.99763297024448894 -0.99630266176052629 0.25298889713350903 3.1155119995047502 -0.6830127018922193 0.016141046280293593 0.00014767297104091009 1.0000000180025095e-35 1.0000000180025095e-35 0.19598897204287505 336.50000000000006 -0.8142754349318998 989.75990680260531 0.14452840542227427 0.020735022463214851 155.62658395645863 0.87837969732492682 0.74209610549551519 16.001814173632127 0.19461756167377894 1021.1019836782691 0.19499775022681537 290.35762692511406 0.31145223837260605 0.13683625304783867 1016.9809552142303 1.0000000180025095e-35 190.50000000000003 -0.99938741687870725 0.99024581825578073 163.50000000000003 0.97875492728876534 283.28508651289269
decision_type=2 2 2 2 2 2 2 2 2 2 2 2 2 2 2 2 2 2 2 2 2 2 2 2 2 2 2 2 2 2 2 2 2
left_child=2 -2 -1 5 -5 6 13 -8 10 -10 11 15 -13 14 16 -9 18 -18 21 30 23 22 -3 -21 -24 -19 27 -23 -28 -22 -20 -14 -33
right_child=1 3 -4 4 -6 -7 7 8 9 -11 -12 12 31 -15 -16 -17 17 25 19 20 29 26 24 -25 -26 -27 28 -29 -30 -31 -32 32 -34
leaf_value=-7.848820294082933 -82.50305591151789 -36.440123026893126 68.737136951786241 -24.583478298239601 27.641718692105552 48.925105171644553 -40.281901267863141 -65.600138833646056 55.163073863059296 1.3269852032158926 -68.673132735964515 53.259466168475278 1.5754004117797862 -49.512994629560843 46.742685990369843 -12.671080800369465 -0.43664841170906393 7.9564194396449857 -69.23777619338324 7.1966141392623202 -3.4931233528514465 -9.7789157520680821 32.164939026172654 47.350415885533749 -23.475427772744595 36.919963532262862 48.877829553985016 6.4767008795448522 -11.306498466854006 -34.039947040397109 -11.795201426746756 -1.3009549635093833 -68.08939498624909
leaf_weight=172 69 76 117 64 315 57 209 80 78 471 54 55 374 54 82 102 1482 283 59 4676 807 1644 369 118 60 412 54 1749 3269 167 105 54 58
leaf_count=172 69 76 117 64 315 57 209 80 78 471 54 55 374 54 82 102 1482 283 59 4676 807 1644 369 118 60 412 54 1749 3269 167 105 54 58
internal_value=0.488222 0.113999 23.1565 0.440924 18.8226 0.0325125 -0.131411 -9.27752 -4.39069 8.97587 -13.835 -9.73922 -0.925974 0.776339 0.952542 -35.9367 0.70761 7.7242 -0.45373 4.2838 5.32855 -4.34558 15.2294 8.18497 24.383 25.1262 -5.8175 -1.39958 -10.3285 -8.73064 -32.4606 -7.05811 -35.888
internal_weight=17795 17506 289 17437 379 17058 17001 1535 1326 549 777 723 541 15466 15412 182 15330 2177 13153 5932 5768 7221 505 4794 429 695 6716 3393 3323 974 164 486 112
internal_count=17795 17506 289 17437 379 17058 17001 1535 1326 549 777 723 541 15466 15412 182 15330 2177 13153 5932 5768 7221 505 4794 429 695 6716 3393 3323 974 164 486 112
is_linear=0
shrinkage=0.0383886


Tree=119
num_leaves=34
num_cat=6
split_feature=16 41 10 31 18 2 28 2 31 2 2 2 2 31 2 2 10 2 5 41 2 10 2 2 2 28 34 2 2 42 2 2 31
split_gain=8.59853e+07 9.04645e+07 1.11306e+08 1.36453e+08 1.47575e+08 1.02346e+08 1.02127e+08 1.37938e+08 3.0378e+08 1.71717e+08 1.57208e+08 1.31564e+08 1.06288e+08 1.55816e+08 1.99302e+08 2.70781e+08 3.34914e+08 1.37321e+08 1.29193e+08 1.15991e+08 1.04185e+08 1.22588e+08 1.59153e+08 8.91761e+07 3.10698e+08 1.56981e+08 1.37623e+08 1.32829e+08 1.49985e+08 1.20922e+08 1.92408e+08 2.13134e+08 1.18646e+08
threshold=76.782517854883864 0.99981043035926087 1030.5838112130957 0 1.0000000180025095e-35 0.70012165971392115 1 0.81800327016174113 2 0.81838345871477747 0.81757574518838017 0.81850586443825935 0.81746419777159263 3 0.79941784612625566 0.79636641166578903 1000.1713975890835 0.79406506631401019 288.16501595036789 0.99611390731392835 0.81269156433310819 1014.8905086624462 0.8147599518990033 0.73050343539474361 0.729461768728077 4 1.0000000180025095e-35 0.73972862093047087 0.73784276262377668 -0.6830127018922193 0.70733317426230091 0.70602187110499981 5
decision_type=2 2 2 1 2 2 1 2 1 2 2 2 2 1 2 2 2 2 2 2 2 2 2 2 2 1 2 2 2 2 2 2 1
left_child=-1 2 6 5 -5 -4 7 10 9 -9 12 -10 13 19 15 17 -17 18 -15 -2 -16 22 -22 24 29 27 -27 28 -25 -8 31 32 -31
right_child=1 -3 3 4 -6 -7 23 8 11 -11 -12 -13 -14 14 20 16 -18 -19 -20 -21 21 -23 -24 25 -26 26 -28 -29 -30 30 -32 -33 -34
leaf_value=13.042801512629083 16.34704888814575 -37.855021911502732 54.437746928422058 -13.085143144548207 -61.275240114077938 -6.2707728829189229 -19.296220175045285 -15.971005621506013 -95.819122037811979 69.740480644677405 53.825325151377299 -25.744280412413691 -46.91235877979004 3.7732372403016479 -17.800043406072625 -25.696942211186435 87.571241153470908 -51.508077436290314 58.85526387096477 -38.312547324009209 15.171822793562002 25.929228551658959 -62.70240084824848 22.452090013324323 -79.92119722154311 -0.44657397815679889 -45.299229047521294 54.681088836870515 -44.468423871369978 -30.647538638874639 22.778868066796857 -82.06919915187062 5.7707513869078122
leaf_weight=767 1889 93 58 311 134 139 613 76 73 63 102 86 56 1275 903 55 128 63 66 59 88 207 69 242 87 8671 102 134 62 170 412 56 486
leaf_count=767 1889 93 58 311 134 139 613 76 73 63 102 86 56 1275 903 55 128 63 66 59 88 207 69 242 87 8671 102 134 62 170 412 56 486
internal_value=0.46948 -0.0968651 0.110486 -15.568 -26.9899 11.0422 0.728272 5.12565 -20.2314 21.3412 6.65945 -54.4901 5.66914 6.28234 0.540738 9.60687 53.5288 3.88199 6.48423 14.6165 -10.8109 6.52748 -19.0531 -1.37041 -9.12665 0.164025 -0.966957 22.3295 8.80376 -5.58079 1.89922 -10.1828 -4.04611
internal_weight=17795 17028 16935 642 445 197 16293 5258 298 139 4960 159 4858 4802 2854 1587 183 1404 1341 1948 1267 364 157 11035 1824 9211 8773 438 304 1737 1124 712 656
internal_count=17795 17028 16935 642 445 197 16293 5258 298 139 4960 159 4858 4802 2854 1587 183 1404 1341 1948 1267 364 157 11035 1824 9211 8773 438 304 1737 1124 712 656
cat_boundaries=0 1 2 3 4 5 6
cat_threshold=34 4258 73 28 1024 96
is_linear=0
shrinkage=0.0383886


Tree=120
num_leaves=34
num_cat=2
split_feature=40 40 0 31 1 41 0 0 25 0 0 0 0 41 0 16 0 0 0 0 31 0 41 0 25 27 41 0 16 25 5 36 25
split_gain=1.13368e+08 4.54609e+08 2.62293e+08 1.23485e+08 1.44579e+08 1.12401e+08 1.05889e+08 3.20231e+08 1.53787e+08 1.43596e+08 4.1923e+08 1.74722e+08 2.64354e+08 2.05445e+08 1.8554e+08 8.46887e+07 8.3604e+07 2.25273e+08 1.41985e+08 2.38564e+08 2.36486e+08 8.27379e+08 2.27501e+08 2.18988e+08 1.58473e+08 1.3184e+08 1.97456e+08 1.30316e+08 1.16316e+08 1.14168e+08 1.10687e+08 9.66371e+07 9.04897e+07
threshold=-0.99763297024448894 -0.99630266176052629 11.780160107788744 0 0.31151354152990718 0.98005052076767474 14.939170852569399 14.811974400548127 70.74691627917413 14.22402246062296 13.929108357859096 13.268576987214706 12.599358814455455 -0.42179730054635828 11.863492633897799 74.905516379799266 14.926749891514442 14.922006068462391 14.760010628743727 14.899352818964744 1 14.886690304456389 -0.9292178835113839 14.828082555492124 100.16313848923743 1.0000391774177777 -0.99628250747696534 14.811974400548127 169.94593865255007 102.44154968998423 294.149290801262 -0.70710678118654735 787.59242913488708
decision_type=2 2 2 1 2 2 2 2 2 2 2 2 2 2 2 2 2 2 2 2 1 2 2 2 2 2 2 2 2 2 2 2 2
left_child=2 -2 -1 4 5 6 7 9 -9 10 11 12 14 -14 -3 -5 17 18 22 20 21 24 -17 27 -20 26 -25 32 -26 -21 -18 -32 -22
right_child=1 3 -4 15 -6 -7 -8 8 -10 -11 -12 -13 13 -15 -16 16 30 -19 19 29 23 -23 -24 25 28 -27 -28 -29 -30 -31 31 -33 -34
leaf_value=66.476008368140782 -92.24256088893199 -6.7970987070493871 -7.0311113610668947 14.858100499592586 44.425948420153489 -53.947222301599169 -42.161588422432146 0.37604108945083448 76.000424218105593 -33.189418387766153 55.676298023449014 -41.26823315311092 -18.728214290062486 55.044312930480409 -47.618263088061141 26.486449532706885 -5.8405388715155375 -76.66943126076653 5.1452278937641678 -11.427264031965819 -23.580029973636613 -100.06568012166903 -0.09899365590049046 -76.38006703712513 32.050556248677026 35.874814587723087 -5.6427497025470439 -106.14191597912254 104.01646678548904 52.30221624747611 -0.82925508103360901 34.885382107433955 -81.109869907423544
leaf_weight=121 80 856 175 606 74 83 130 67 97 346 148 251 85 161 203 494 313 57 93 68 106 80 11927 84 62 59 189 75 71 106 166 341 65
leaf_count=121 80 856 175 606 74 83 130 67 97 346 148 251 85 161 203 494 313 57 93 68 106 80 11927 84 62 59 189 75 71 106 166 341 65
internal_value=-0.542322 -0.939842 23.0174 -0.521572 -8.39914 -10.0444 -8.48982 -6.5127 45.1052 -10.6421 -6.06387 -11.9363 -6.29472 29.5537 -14.6221 0.800295 0.207439 -0.513603 -0.191553 -13.6915 -21.7789 5.84043 0.958344 -35.8812 43.5878 -16.162 -27.4082 -63.9525 70.4686 27.3964 12.1099 23.1918 -45.4482
internal_weight=17839 17543 296 17463 2501 2427 2344 2214 164 2050 1704 1556 1305 246 1059 14962 14356 13536 13479 1058 884 306 12421 578 226 332 273 246 133 174 820 507 171
internal_count=17839 17543 296 17463 2501 2427 2344 2214 164 2050 1704 1556 1305 246 1059 14962 14356 13536 13479 1058 884 306 12421 578 226 332 273 246 133 174 820 507 171
cat_boundaries=0 1 2
cat_threshold=64 34
is_linear=0
shrinkage=0.0383886


Tree=121
num_leaves=34
num_cat=3
split_feature=40 40 0 31 1 34 0 28 44 0 0 51 0 0 0 0 4 0 0 37 40 10 30 30 44 16 28 4 10 1 1 1 1
split_gain=1.04831e+08 4.20375e+08 2.42541e+08 1.14186e+08 1.33691e+08 9.50719e+07 2.06623e+08 2.64726e+08 1.58287e+08 8.89038e+07 3.15198e+08 1.56047e+08 1.12786e+08 4.14263e+08 1.37637e+08 2.80951e+08 1.62821e+08 1.40708e+08 2.28234e+08 1.17275e+08 7.62916e+07 7.84079e+07 7.39142e+07 1.43183e+08 1.33535e+08 8.13363e+07 1.12635e+08 7.59368e+07 9.30716e+07 1.58759e+08 1.28426e+08 8.38108e+07 3.19774e+08
threshold=-0.99763297024448894 -0.99630266176052629 11.780160107788744 0 0.31151354152990718 1.0000000180025095e-35 9.4488816080864613 1 0.59496852797282596 14.939170852569399 14.811974400548127 1.0000000180025095e-35 14.22402246062296 13.929108357859096 13.268576987214706 12.599358814455455 294.41623335121739 11.863492633897799 11.263482853748908 0.37940952255126048 -0.39036798905311371 1017.9764195309298 0.0068446269678302538 0.01779603011635866 0.43807022208212731 74.905516379799266 2 275.26141036231115 1030.5838112130957 0.303813383118062 0.29895911012159065 0.31145223837260605 0.3112836758503818
decision_type=2 2 2 1 2 2 2 1 2 2 2 2 2 2 2 2 2 2 2 2 2 2 2 2 2 2 1 2 2 2 2 2 2
left_child=2 -2 -1 4 9 22 -7 8 -8 10 12 -12 13 14 15 17 19 18 -3 -17 -9 -22 -5 24 -24 26 -25 -27 31 30 -30 32 -29
right_child=1 3 -4 5 -6 6 7 20 -10 -11 11 -13 -14 -15 -16 16 -18 -19 -20 -21 21 -23 23 25 -26 27 -28 28 29 -31 -32 -33 -34
leaf_value=63.924086956371667 -88.701498602173842 -18.499406392409409 -6.7611966017012053 46.080160490612947 42.720500111380694 -85.082481488793249 -9.3696772350128299 -8.2020051835380059 -101.46972503367701 -40.543063936495138 15.674091790451707 93.996699448948675 -31.915322054418535 53.538962584590323 -39.684002515594166 80.560791950680098 -9.6374130067793065 -45.790263657343957 34.480830534920258 9.702399454727729 7.450811758043792 70.262319113593321 -0.40494646314592403 -3.0980002607700343 -77.923890917736557 26.124917033862548 30.40964733596795 1.2846157535025546 -10.012346162160135 3.7428931002583066 -68.964022393843877 35.30112972445621 -85.412292764897984
leaf_weight=121 80 798 175 54 74 58 55 74 55 130 106 58 346 148 251 92 99 203 141 55 54 64 66 273 65 173 318 12997 106 270 112 105 63
leaf_count=121 80 798 175 54 74 58 55 74 55 130 106 58 346 148 251 92 99 203 141 55 54 64 66 273 65 173 318 12997 106 270 112 105 63
internal_value=-0.521503 -0.903762 22.1338 -0.50155 -8.07671 0.769573 -18.7189 -5.97347 -50.8016 -9.65882 -7.9109 43.3737 -11.854 -7.96974 -13.5239 -8.79323 28.4192 -16.8092 -10.5439 54.0493 21.2485 41.5182 1.25057 1.08417 -38.8687 1.4472 15.3936 0.851056 0.530804 -15.9318 -40.2995 1.14104 0.866397
internal_weight=17839 17543 296 17463 2501 14962 360 302 110 2427 2297 164 2133 1787 1639 1388 246 1142 939 147 192 118 14602 14548 131 14417 591 13826 13653 488 218 13165 13060
internal_count=17839 17543 296 17463 2501 14962 360 302 110 2427 2297 164 2133 1787 1639 1388 246 1142 939 147 192 118 14602 14548 131 14417 591 13826 13653 488 218 13165 13060
cat_boundaries=0 1 2 3
cat_threshold=64 280 1520
is_linear=0
shrinkage=0.0383886


Tree=122
num_leaves=34
num_cat=0
split_feature=40 40 0 16 41 41 37 36 9 41 29 41 29 45 41 0 16 22 16 44 5 40 5 16 14 9 0 23 24 15 14 24 37
split_gain=9.6932e+07 3.88725e+08 2.24277e+08 8.51574e+07 9.593e+07 8.93984e+07 8.97924e+07 8.1495e+07 8.07408e+07 9.02107e+07 2.54143e+08 9.54987e+07 9.77664e+07 1.2612e+08 1.09141e+08 1.17085e+08 7.07532e+07 6.97918e+07 6.63906e+07 6.54345e+07 7.11458e+07 6.38843e+07 6.17564e+07 6.64808e+07 6.04597e+07 5.91064e+07 5.66072e+07 5.40928e+07 5.99781e+07 5.2165e+07 7.78206e+07 4.89264e+07 5.98472e+07
threshold=-0.99763297024448894 -0.99630266176052629 11.780160107788744 76.782517854883864 0.99981043035926087 -0.99983123799342477 -0.78656609248549325 1.0000000180025095e-35 1030.654548632783 0.82777578779003613 36.500000000000007 0.96633974041180493 4.5000000000000009 0.28396383057052793 0.99530134160901229 9.5542763968319555 91.786669140924985 0.001954495204953222 175.26992749884886 0.16289618911388162 300.50506761969979 0.99939377080793557 303.94839801893858 229.08901341093855 4.7840464719937792 1002.4875130205102 14.760010628743727 2.0830259201982924 44.694399393736937 233.80803506408799 1.5034696189093946 7.2103154938512892 0.1294095225512602
decision_type=2 2 2 2 2 2 2 2 2 2 2 2 2 2 2 2 2 2 2 2 2 2 2 2 2 2 2 2 2 2 2 2 2
left_child=2 -2 18 24 5 -5 7 22 9 10 -8 -11 13 -13 15 -14 -12 21 -1 25 26 -18 23 -7 -3 -9 29 -10 31 30 -21 -29 -33
right_child=1 3 -4 4 -6 6 8 19 27 11 16 12 14 -15 -16 -17 17 -19 -20 20 -22 -23 -24 -25 -26 -27 -28 28 -30 -31 -32 32 -34
leaf_value=90.619915635377794 -85.296374583538721 7.6947574866573936 -6.501643634330895 34.999161673147277 -37.991812455926727 -8.329785668882991 -79.534283707468475 -12.713622972996191 15.241086828768324 13.230412482970944 -18.408444386725222 -13.691207476155395 13.223113563322254 63.209735037778643 -47.250729988782602 -22.106311125680563 -2.8065953819674441 38.754799946776529 33.730449986595147 16.680259647615856 23.550917445156749 21.8707149733705 27.122847933108012 18.150893727121094 38.905959613677972 25.532704599913643 -21.371661259699788 -12.405883104342371 12.068784148677015 24.12257788646841 -7.3125491588544032 -66.235627497052462 -23.488125582651929
leaf_weight=59 80 667 175 102 103 1102 64 68 61 1087 412 60 289 66 100 265 10104 61 62 299 257 157 95 160 106 479 143 138 59 166 597 86 110
leaf_count=59 80 667 175 102 103 1102 64 68 61 1087 412 60 289 66 100 265 10104 61 62 299 257 157 95 160 106 479 143 138 59 166 597 86 110
internal_value=-0.500896 -0.868471 21.2841 -0.481695 -1.05862 -0.829272 -1.05096 4.54238 -2.48607 -1.91587 -3.26306 5.87576 -4.37358 26.5901 -10.3391 -3.67631 -2.80831 -2.18563 61.4701 9.45159 5.21381 -2.42901 -2.72555 -4.97247 11.9747 20.7781 1.3029 -18.3925 -23.6131 4.35608 0.693963 -29.9162 -42.2448
internal_weight=17839 17543 296 17463 16690 16587 16485 3366 13119 12665 10798 1867 780 126 654 554 10734 10322 121 2009 1462 10261 1357 1262 773 547 1205 454 393 1062 896 334 196
internal_count=17839 17543 296 17463 16690 16587 16485 3366 13119 12665 10798 1867 780 126 654 554 10734 10322 121 2009 1462 10261 1357 1262 773 547 1205 454 393 1062 896 334 196
is_linear=0
shrinkage=0.0383886


Tree=123
num_leaves=34
num_cat=0
split_feature=5 41 0 10 41 6 29 0 24 36 26 25 36 0 16 41 29 45 41 41 29 17 41 0 10 44 27 9 25 10 12 24 10
split_gain=8.87639e+07 1.22159e+08 2.34864e+08 3.27236e+08 1.40481e+08 1.29632e+08 9.68662e+07 1.88199e+08 1.3448e+08 9.6016e+07 9.37682e+07 8.78154e+07 8.77666e+07 8.37275e+07 8.18394e+07 9.86205e+07 7.26404e+07 1.5325e+08 1.0504e+08 1.06061e+08 1.62957e+08 1.1774e+08 6.99332e+07 9.9085e+07 9.90158e+07 6.87768e+07 7.54785e+07 8.28199e+07 9.86035e+07 7.40077e+07 1.06288e+08 6.80156e+07 6.74251e+07
threshold=296.91042459200122 -0.65883892954715351 14.108958059378015 1002.1694091606772 -0.79382744783423187 287.66801875673707 183.50000000000003 14.860661594437168 1.9463322709574016 -0.9159756150367534 759.25184807812388 33.345017727174785 0.25881904510252091 14.886690304456389 80.223825696777354 0.99981043035926087 4.5000000000000009 0.28396383057052793 0.99349222267034787 0.9863035000474919 12.500000000000002 1.0000000180025095e-35 0.86439018870140905 10.202358103729244 1032.8197926009311 0.59496852797282596 0.20803724725705744 1015.9622379785889 515.73123694511037 1011.8005088378972 61.210127207978957 8.2506421657276565 1028.8576297373152
decision_type=2 2 2 2 2 2 2 2 2 2 2 2 2 2 2 2 2 2 2 2 2 2 2 2 2 2 2 2 2 2 2 2 2
left_child=1 4 9 -4 5 -1 8 -8 -2 10 -3 -5 -7 -9 -11 16 17 -16 19 20 21 -18 23 -22 -24 29 -27 -28 -29 -14 -31 -20 -21
right_child=6 2 3 11 -6 12 7 13 -10 14 -12 -13 25 -15 15 -17 18 -19 31 32 22 -23 24 -25 -26 26 27 28 -30 30 -32 -33 -34
leaf_value=-34.14659022448015 -17.869005193559484 13.958095450186153 -24.981152607109905 32.969089567887877 -21.23546737609886 -9.3262982702144583 4.4470730868883841 -78.297560991681777 23.862827614064962 12.510035353023625 -11.405515293369071 87.256610794258094 -14.077676391081038 -14.129339048747729 -14.690354264670651 -41.45445515820505 -10.196069139239324 64.514290222121147 -0.007325901700471385 39.202807289762745 -16.927849447525702 -79.728418835632965 8.451772844029227 -1.8910033483764983 -37.47938305096222 12.319566096736201 7.9656605979840709 -8.121409824421896 -62.708336543993077 -1.4022014190437768 45.085353194251681 -40.137209174894352 -4.3122867452434468
leaf_weight=181 136 1116 88 74 871 882 1873 58 697 564 266 108 76 62 72 95 76 72 96 149 715 68 1317 6673 73 371 169 133 77 114 199 177 81
leaf_count=181 136 1116 88 74 871 882 1873 58 697 564 266 108 76 62 72 95 76 72 96 149 715 68 1317 6673 73 371 169 133 77 114 199 177 81
internal_value=-0.183436 -1.36264 0.402069 35.7966 -8.18489 -3.02274 6.056 1.46114 17.0494 -0.42106 9.07623 65.1838 -0.235288 -45.1442 -1.70433 -2.53389 -2.14749 24.9119 -2.56092 -1.86098 -2.5245 -43.0309 -1.86 -3.34625 6.03955 6.80444 0.0107263 -12.0383 -28.1367 19.9028 28.1537 -26.0257 23.8779
internal_weight=17779 14953 11880 270 3073 2202 2826 1993 833 11610 1382 182 2021 120 10228 9664 9569 144 9425 9152 8922 144 8778 7388 1390 1139 750 379 210 389 313 273 230
internal_count=17779 14953 11880 270 3073 2202 2826 1993 833 11610 1382 182 2021 120 10228 9664 9569 144 9425 9152 8922 144 8778 7388 1390 1139 750 379 210 389 313 273 230
is_linear=0
shrinkage=0.0383886


Tree=124
num_leaves=34
num_cat=2
split_feature=5 41 0 31 26 0 5 13 0 1 40 44 23 0 0 26 9 20 20 40 42 40 40 0 0 23 0 0 34 31 16 32 1
split_gain=8.24843e+07 1.10418e+08 2.19388e+08 3.86857e+08 1.53104e+08 1.29848e+08 1.30108e+08 1.24882e+08 9.01223e+07 5.02314e+08 1.51303e+08 3.141e+08 1.51039e+08 4.24621e+08 1.15076e+08 9.02552e+07 8.17425e+07 8.09695e+07 8.36975e+07 1.21912e+08 8.92526e+07 1.70818e+08 3.05784e+08 1.034e+08 1.37947e+08 1.30622e+08 1.03374e+08 1.08694e+08 1.02158e+08 8.29413e+07 1.2053e+08 8.04468e+07 8.03273e+07
threshold=296.46482711087782 -0.65883892954715351 14.108958059378015 0 651.07566866504601 13.9473812969101 287.62208886963583 1.9479976601212468 13.147335034660054 0.23393914586899056 0.96234642434711437 0.4739400639339571 50.510063213212185 13.929108357859096 13.10328511171396 82.201799871074925 1005.613379147984 0.010100129106040112 8.6866453553476668e-05 0.99818282439137029 -0.6830127018922193 -0.78326540922535159 -0.76141707087277943 11.306136103246555 11.605385008596604 28.607193601938899 11.691138495760617 11.780160107788744 1.0000000180025095e-35 1 237.56726122136448 1.0000000180025095e-35 0.19499775022681537
decision_type=2 2 2 1 2 2 2 2 2 2 2 2 2 2 2 2 2 2 2 2 2 2 2 2 2 2 2 2 2 1 2 2 2
left_child=1 5 8 16 -5 -1 -7 -8 9 14 12 -12 -10 -14 15 -3 -4 18 20 29 23 -22 -23 31 25 -25 -26 -28 -24 -20 -31 -11 -2
right_child=32 2 3 4 -6 6 7 -9 10 17 11 -13 13 -15 -16 -17 -18 -19 19 -21 21 22 28 24 26 -27 27 -29 -30 30 -32 -33 -34
leaf_value=-32.407466453828611 21.707609525061276 49.238646183328591 -49.384484821867254 48.248034125807102 130.00120033280021 -26.237124081671602 7.1710284541208003 -10.825670256714968 2.6304552099209983 -10.986851660535885 0.012456667996562396 -81.915794819285296 -2.068336602615676 -122.54072049775112 18.835176089230647 112.03210005048098 12.752214464884139 32.524388968415408 -25.182648044930851 -53.747605143398523 35.513961962980765 -85.651284183162161 2.9195716523014927 8.5358438440059494 -56.539959509907085 73.037290655158245 49.587916625762304 -6.3142078118052778 -27.588243905927719 10.242573733570664 -39.351678499792129 -40.996529751940074 3.1669496114656885
leaf_weight=290 396 66 60 85 56 377 1129 1144 1071 490 164 119 177 57 64 69 65 109 241 93 223 59 6325 167 57 64 54 1009 166 425 87 180 2641
leaf_count=290 396 66 60 85 56 377 1129 1144 1071 490 164 119 177 57 64 69 65 109 241 93 223 59 6325 167 57 64 54 1009 166 425 87 180 2641
internal_value=-0.176395 -1.3632 0.295014 34.7632 75.372 -8.01975 -5.3509 -1.8867 -0.49976 0.855892 -8.99223 -34.4379 -3.47411 -31.4143 61.2335 81.3333 -15.8086 -0.376556 -0.748571 -12.2812 0.36089 2.47347 1.34858 -6.71901 -0.604111 26.4065 -6.17506 -3.47438 2.13937 -7.15983 1.78061 -19.0492 5.58451
internal_weight=17779 14742 11802 266 141 2940 2650 2273 11536 9948 1588 283 1305 234 199 135 125 9749 9640 846 8794 6773 6550 2021 1351 231 1120 1063 6491 753 512 670 3037
internal_count=17779 14742 11802 266 141 2940 2650 2273 11536 9948 1588 283 1305 234 199 135 125 9749 9640 846 8794 6773 6550 2021 1351 231 1120 1063 6491 753 512 670 3037
cat_boundaries=0 1 2
cat_threshold=44 24
is_linear=0
shrinkage=0.0383886


Tree=125
num_leaves=34
num_cat=4
split_feature=35 35 6 11 25 35 5 31 18 12 38 6 13 40 35 34 0 0 31 31 20 40 13 8 41 2 5 10 6 35 18 0 28
split_gain=8.0196e+07 8.29438e+07 1.11951e+08 9.6493e+07 8.60055e+07 1.26178e+08 8.59628e+07 9.22839e+07 7.01617e+07 6.8621e+07 8.52045e+07 6.7086e+07 6.21462e+07 9.78584e+07 7.16317e+07 6.75431e+07 6.12443e+07 5.90543e+07 6.63009e+07 5.77418e+07 1.0356e+08 7.53665e+07 6.12423e+07 6.45753e+07 5.8239e+07 1.07384e+08 5.54119e+07 5.16616e+07 5.06617e+07 5.03982e+07 6.02248e+07 4.98977e+07 4.84514e+07
threshold=0.31250000000000006 0.47916666666666669 281.59940708118376 42.586850428693673 414.51029897737334 0.85416666666666685 303.17817675378018 0 0.38039252482906249 64.761882371248603 1.0000000180025095e-35 304.41028757196608 1.9631520684928929 0.99700008544936913 1.0000000180025095e-35 1.0000000180025095e-35 14.899352818964744 14.87092219379783 1 2 0.0044343415138373551 0.9962888416657264 3.5157686115911928 303.98980627875943 -0.79382744783423187 0.81497914353903089 292.27904838650352 986.70972867993351 297.83591572329345 0.56250000000000011 0.096842359939983816 14.760010628743727 3
decision_type=2 2 2 2 2 2 2 1 2 2 2 2 2 2 2 2 2 2 1 1 2 2 2 2 2 2 2 2 2 2 2 2 1
left_child=12 3 9 -2 5 -4 19 11 -5 10 -3 31 13 15 -14 16 17 18 -1 20 21 32 24 28 25 -21 -18 -20 -24 -26 -31 -8 -6
right_child=1 2 4 8 6 -7 7 -9 -10 -11 -12 -13 14 -15 -16 -17 26 -19 27 22 -22 -23 23 -25 29 -27 -28 -29 -30 30 -32 -33 -34
leaf_value=7.3392678820709838 27.9874815643429 50.089341418586244 9.2604959752939884 3.6610503482431316 8.2258372871671064 -4.5569510450060644 21.005465854680253 30.297443252196512 35.977691111213701 6.1358656105121252 2.9051917220819639 -31.043345626499548 7.104021884574335 37.906514867004091 -11.24620168784517 -38.91360470628991 1.8448159718680257 -37.986084119997379 19.847725693718633 25.073416271102413 -43.142032589238312 -41.022256802922719 -2.9654871884653571 -35.585746880092955 -10.335656905526726 -33.079059099505635 37.241418773868652 -6.5994690900731232 34.112150545092128 -35.616485609245636 5.6649174672127378 -22.191582103912921 -4.3172484383519922
leaf_weight=871 297 141 2022 2552 689 1879 139 186 103 509 94 92 369 95 2084 70 154 67 115 109 91 68 495 81 275 82 113 2034 61 444 59 55 1284
leaf_count=871 297 141 2022 2552 689 1879 139 186 103 509 94 92 369 95 2084 70 154 67 115 109 91 68 495 81 275 82 113 2034 61 444 59 55 1284
internal_value=-0.170167 1.66348 -0.194276 7.23612 -1.50157 2.60502 -5.30675 10.1303 4.91477 14.0576 31.2158 -3.908 -3.7954 -0.525833 -8.48581 -1.59216 -0.81323 -2.33884 -1.54798 -7.25601 -3.05888 -1.28671 -12.7295 -3.56283 -18.8868 0.107345 16.8255 -5.16017 1.10236 -23.5499 -30.7743 8.75879 0.0827802
internal_weight=17779 11807 8855 2952 8111 3901 4210 472 2655 744 235 286 5972 3519 2453 3424 3354 3087 3020 3738 2132 2041 1606 637 969 191 267 2149 556 778 503 194 1973
internal_count=17779 11807 8855 2952 8111 3901 4210 472 2655 744 235 286 5972 3519 2453 3424 3354 3087 3020 3738 2132 2041 1606 637 969 191 267 2149 556 778 503 194 1973
cat_boundaries=0 1 2 3 4
cat_threshold=89 20 29 2216
is_linear=0
shrinkage=0.0383886


Tree=126
num_leaves=34
num_cat=1
split_feature=31 12 41 2 2 2 2 2 9 2 2 39 24 26 41 9 39 2 41 41 9 9 41 2 6 13 4 2 2 41 2 12 24
split_gain=7.24947e+07 9.95409e+07 7.86496e+07 1.5323e+08 7.23991e+07 1.47496e+08 1.48036e+08 5.19534e+08 1.46469e+08 1.21193e+08 1.91358e+08 3.73718e+08 1.33294e+08 9.55511e+07 9.20876e+07 7.34873e+07 7.77832e+07 1.39813e+08 8.51586e+07 8.80186e+07 7.19181e+07 1.41836e+08 8.16576e+07 1.82932e+08 1.1049e+08 8.08248e+07 8.68396e+07 8.901e+07 8.73908e+07 1.09452e+08 1.28163e+08 7.33642e+07 6.89167e+07
threshold=0 93.007076408625068 -0.98521978256641018 0.81869925200415439 0.6969150038320101 0.69938919975787772 0.70670817426230081 0.70602187110499981 1032.9315880790596 0.70936197528428313 0.71076988009093367 -0.22252093395631442 3.9082500015700878 685.40077766119566 0.91852788691372023 1032.0688245548506 1.0000000180025095e-35 0.70300183194303356 0.99138911339924218 0.99932962452255414 1027.9665734383691 1029.7150473134611 -0.61915584096709908 0.79337467569596498 298.86329637771382 1.5522402454958681 277.19144439861878 0.78167919742791792 0.77338803433561754 -0.30982845708428081 0.75505169347503609 78.182517720304944 37.873226162659662
decision_type=1 2 2 2 2 2 2 2 2 2 2 2 2 2 2 2 2 2 2 2 2 2 2 2 2 2 2 2 2 2 2 2 2
left_child=1 2 3 -1 8 -6 7 15 14 12 11 -11 -8 -14 -2 16 18 -18 -7 -20 22 -22 24 25 -4 31 -27 28 29 -28 -31 -24 -21
right_child=4 -3 20 -5 5 6 9 -9 -10 10 -12 -13 13 -15 -16 -17 17 -19 19 32 21 -23 23 -25 -26 26 27 -29 -30 30 -32 -33 -34
leaf_value=53.192172111142142 -28.74980012479806 -53.504187836329756 -29.489861943538884 -28.435938371576047 19.628204622045452 -5.0335104035021709 -27.995442945506333 -101.05296660358987 -66.239825404916004 16.822745500076515 1.7086758133548603 -105.66614703895289 24.556102369770581 80.713588341029762 21.563514203215259 22.295464677316858 -9.4770135833008151 54.793850626993425 -66.590987907823532 15.342243761520768 62.744106864673491 -11.34773047258866 -8.8208126306445038 59.152237424215905 6.3808979932518524 -46.692099742133557 52.652225854661843 -27.649151634943859 37.456948743486038 6.8113362707899663 -29.743005166896207 -44.387115544374112 -43.408682870399986
leaf_weight=91 102 63 464 54 635 306 56 91 70 76 12953 71 194 58 113 127 180 69 86 56 64 94 236 66 174 58 57 134 113 552 190 134 62
leaf_count=91 102 63 464 54 635 306 56 91 70 76 12953 71 194 58 113 127 180 69 86 56 64 94 236 66 174 58 57 134 113 552 190 134 62
internal_value=0.159269 -5.82854 -4.64139 22.7926 1.15762 1.52207 0.722806 -13.7039 -18.0091 1.77403 1.2144 -42.3385 25.5764 37.4813 -2.30599 -4.7323 -9.25476 8.33294 -17.8417 -37.0539 -6.34428 18.6641 -8.15849 -3.37413 -19.7069 -6.17384 -0.969759 1.5655 5.85803 1.38907 -2.54892 -21.7016 -15.5268
internal_weight=17849 2544 2481 145 15305 15020 14385 977 285 13408 13100 147 308 252 215 886 759 249 510 204 2336 158 2178 1540 638 1474 1104 1046 912 799 742 370 118
internal_count=17849 2544 2481 145 15305 15020 14385 977 285 13408 13100 147 308 252 215 886 759 249 510 204 2336 158 2178 1540 638 1474 1104 1046 912 799 742 370 118
cat_boundaries=0 1
cat_threshold=64
is_linear=0
shrinkage=0.0383886


Tree=127
num_leaves=34
num_cat=3
split_feature=31 40 28 40 40 40 40 40 5 9 27 1 44 40 16 18 1 14 1 5 28 1 40 1 40 10 1 7 29 1 10 40 24
split_gain=6.99568e+07 2.08921e+08 1.08421e+08 1.73127e+08 1.25655e+08 1.23156e+08 1.27576e+08 5.08885e+08 1.62211e+08 1.51471e+08 1.4852e+08 1.40332e+08 2.53812e+08 1.35587e+08 1.35529e+08 1.19975e+08 1.07828e+08 1.07218e+08 1.31649e+08 1.12717e+08 1.06658e+08 2.03422e+08 1.19871e+08 2.48904e+08 1.96542e+08 1.36184e+08 2.1793e+08 1.11745e+08 1.05583e+08 1.6484e+08 2.93478e+08 1.25511e+08 1.9304e+08
threshold=0 0.99939377080793557 1 -0.78326540922535159 -0.62588817255938378 0.9916835347852474 0.85226249403558707 0.89017062131308955 286.89352782107647 1002.4875130205102 2.2104805274775758 0.28008351260366443 0.077737566926842624 0.38243310158943505 233.42095624500504 0.05909868612099603 0.27473203596392254 1.3230280026824073 0.31162409359230914 303.17817675378018 2 0.19914536734137561 -0.63921128368950708 0.22125901603971335 -0.58482361983252518 1021.531057598879 0.23714169796623349 295.28006459055263 102.50000000000001 0.23946886371606885 1012.2653455104324 0.96234642434711437 17.215215611872019
decision_type=1 2 1 2 2 2 2 2 2 2 2 2 2 2 2 2 2 2 2 2 1 2 2 2 2 2 2 2 2 2 2 2 2
left_child=17 2 28 16 -5 6 9 8 -8 11 13 12 -6 -11 -9 -15 -4 -1 19 20 21 -19 23 -23 27 -26 -27 -24 29 -2 -31 -30 -33
right_child=1 -3 3 4 5 -7 7 14 -10 10 -12 -13 -14 15 -16 -17 -18 18 -20 -21 -22 22 24 -25 25 26 -28 -29 31 30 -32 32 -34
leaf_value=13.070210797931747 35.148069705338528 50.928879156201575 8.9146096328748783 -17.711712228646729 -101.5380551912309 -28.764986806280181 36.930875738313794 7.409781639685276 107.32044219964862 6.2233172278180326 30.92078143755958 0.15966504286054656 -18.05842895120869 -14.542516973226251 -37.193325390412312 15.370813407891504 47.521614844689978 -66.578928264268939 -45.469553237014473 29.906278189154957 4.2019582377383973 -76.682943944613783 15.058696964440951 -8.0597098955693678 3.0418352465204581 -86.991709592337799 5.7031066765377778 89.94604601434898 -9.1203449293559924 38.050898641672134 -87.935790272386768 -87.645678110981535 -0.20604037640909253
leaf_weight=1279 185 109 298 639 60 209 104 494 90 2293 254 564 509 1097 126 241 166 80 89 200 4067 90 63 579 1012 68 83 55 2488 55 54 77 72
leaf_count=1279 185 109 298 639 60 209 104 494 90 2293 254 564 509 1097 126 241 166 80 89 200 4067 90 63 579 1012 68 83 55 2488 55 54 77 72
internal_value=0.153154 -1.9312 -2.505 0.0517799 -1.52316 0.189216 1.22684 15.324 69.586 -1.05994 2.54188 -13.4104 -26.8612 0.556676 -1.6547 -9.15453 22.7266 2.92121 0.893121 1.5484 0.618174 -6.55018 -4.12104 -17.2916 2.75724 -2.03243 -36.0402 49.964 -8.70736 13.0839 -24.3644 -11.1699 -45.3931
internal_weight=17849 10184 10075 7144 6680 6041 5832 814 194 5018 3885 1133 569 3631 620 1338 464 7665 6386 6297 6097 2030 1950 669 1281 1163 151 118 2931 294 109 2637 149
internal_count=17849 10184 10075 7144 6680 6041 5832 814 194 5018 3885 1133 569 3631 620 1338 464 7665 6386 6297 6097 2030 1950 669 1281 1163 151 118 2931 294 109 2637 149
cat_boundaries=0 1 2 3
cat_threshold=22 5648 2448
is_linear=0
shrinkage=0.0383886


Tree=128
num_leaves=34
num_cat=2
split_feature=31 12 0 0 37 0 0 0 0 0 0 1 37 17 8 15 12 0 0 41 51 41 41 41 31 9 27 39 0 0 0 1 14
split_gain=6.62364e+07 9.073e+07 7.65884e+07 2.98889e+08 1.58139e+08 1.41543e+08 2.86145e+08 1.1117e+08 2.946e+08 2.273e+08 2.62077e+08 1.30877e+08 1.09698e+08 1.06311e+08 1.02072e+08 9.96275e+07 8.94136e+07 7.23259e+07 1.74087e+08 1.84622e+08 1.67828e+08 1.48868e+08 2.53226e+08 1.56763e+08 2.28273e+08 2.24406e+08 3.05258e+08 1.47473e+08 1.45858e+08 1.65453e+08 4.1134e+08 2.75177e+08 1.84595e+08
threshold=0 93.007076408625068 14.939170852569399 14.778180654549983 0.37940952255126048 14.22402246062296 13.987641896270761 13.125966672129577 12.599358814455455 11.950196198115718 11.263482853748908 0.27473203596392254 0.37940952255126048 0.097604831741962592 289.01814615250345 159.58794111604203 60.804997019824683 14.926749891514442 14.760010628743727 -0.85225707553516283 1.0000000180025095e-35 -0.67168186667784702 -0.46039597980994923 -0.5129677127369543 1 1002.4875130205102 0.89142763706638306 0.81174490092936691 14.784032240771852 14.811974400548127 14.828082555492124 0.19914536734137561 1.6350201853420836
decision_type=1 2 2 2 2 2 2 2 2 2 2 2 2 2 2 2 2 2 2 2 2 2 2 2 1 2 2 2 2 2 2 2 2
left_child=1 2 3 5 15 6 7 8 9 10 11 -1 16 -13 -12 -5 -10 18 19 -2 -19 -21 23 25 -25 26 -23 -27 -20 32 -31 -32 -30
right_child=17 -3 -4 4 -6 -7 -8 -9 12 -11 14 13 -14 -15 -16 -17 -18 20 28 21 -22 22 -24 24 -26 27 -28 -29 29 30 31 -33 -34
leaf_value=-60.974007098538493 17.823661334187623 -51.092956931717495 -33.849049905500614 110.17482502699978 -0.90132925278625164 -30.342556592677056 60.06172940454077 -26.204836489113628 34.434063341804375 -44.239382158955117 14.569872585770865 -13.696512155982179 4.2627771292904235 23.532258901239548 68.81084148671664 37.715492187757775 99.111514218989043 28.688984041449125 -52.86375279870856 -10.622657360185807 -6.1144447372143418 5.2792917869978959 -0.21461225518838117 80.864061215248825 13.03141746688045 11.026165460982662 -101.14606074992014 52.20656036240181 84.50489973143749 -104.33197877891496 -17.272036820367802 48.433810119073506 -3.2712943570481445
leaf_weight=71 969 63 124 54 70 322 101 337 72 219 124 570 75 141 87 58 56 431 127 1570 388 126 9461 118 203 718 58 156 54 71 643 110 102
leaf_count=71 969 63 124 54 70 322 101 337 72 219 124 570 75 141 87 58 56 431 127 1570 388 126 9461 118 203 718 58 156 54 71 643 110 102
internal_value=0.147365 -5.57614 -4.4428 -2.89575 44.3619 -6.85019 -2.76786 -6.3899 -1.67071 -8.83937 -1.0321 -11.2764 41.1293 -6.31357 36.9347 72.6515 62.7306 1.10165 0.47489 1.68542 12.2009 0.425304 2.02543 17.3938 40.8919 10.2644 -28.2678 18.3765 -14.1553 -9.13896 -16.0022 -7.67355 27.1127
internal_weight=17849 2544 2481 2357 182 2175 1853 1752 1415 1212 993 782 203 711 211 112 128 15305 14486 13379 819 12410 10840 1379 321 1058 184 874 1107 980 824 753 156
internal_count=17849 2544 2481 2357 182 2175 1853 1752 1415 1212 993 782 203 711 211 112 128 15305 14486 13379 819 12410 10840 1379 321 1058 184 874 1107 980 824 753 156
cat_boundaries=0 1 2
cat_threshold=64 37
is_linear=0
shrinkage=0.0383886


Tree=129
num_leaves=34
num_cat=2
split_feature=20 19 19 24 28 40 39 22 27 18 22 14 19 5 39 10 40 25 46 40 40 18 38 40 40 18 40 28 40 40 40 40 40
split_gain=7.40891e+07 7.36116e+07 1.87149e+08 1.72715e+08 9.35762e+07 1.12214e+08 1.12969e+08 8.49327e+07 8.26604e+07 9.49399e+07 1.01248e+08 8.83779e+07 7.7732e+07 7.54926e+07 9.82807e+07 1.0246e+08 1.24965e+08 8.08444e+07 7.05196e+07 6.8538e+07 7.72374e+07 7.40292e+07 6.45961e+07 2.51949e+08 9.46687e+07 1.2809e+08 2.55953e+08 8.2552e+07 1.74429e+08 1.295e+08 1.77757e+08 8.01664e+07 8.07615e+07
threshold=0.015617138086640711 0.00030410633169874785 0.0006384684336180526 35.139598884051701 0 0.77244481603295057 1.0000000180025095e-35 0.14192241181566997 2.2504016432982845 0.7290118423464822 0.020735022463214851 3.6104232467033901 0.0016091796876752332 294.68773660992127 0.81174490092936691 1017.6027998495508 -0.52766804058324157 635.52672272565599 1.0000000180025095e-35 0.81428061195174062 0.98522604642031408 0.39665471954800641 -0.60785761079279388 0.99865421017599998 0.9916835347852474 0.0052119872132086126 0.99700008544936913 1 0.98522604642031408 0.94978112945126536 0.9053161325100999 0.98213580174693105 0.97508442350096236
decision_type=2 2 2 2 1 2 2 2 2 2 2 2 2 2 2 2 2 2 2 2 2 2 2 2 2 2 2 1 2 2 2 2 2
left_child=1 7 -3 4 5 6 -4 8 9 10 13 -10 -6 22 18 16 17 -16 -15 21 -21 -13 23 27 31 26 -26 29 -29 30 -1 32 -24
right_child=-2 2 3 -5 12 -7 -8 -9 11 -11 -12 19 -14 14 15 -17 -18 -19 -20 20 -22 -23 24 -25 25 -27 -28 28 -30 -31 -32 -33 -34
leaf_value=-1.0961261799999784 40.55329342173075 -54.67921451416214 -19.975610668493992 -31.542006237737994 25.501215994851915 73.974957285583613 39.16909916620461 -47.083169565537624 1.1893724244744379 -30.180684644123147 42.630257532072804 24.419395482196954 -14.300997457795495 6.2121289775525792 -16.814238501050131 10.906347534348388 -5.1575481652936777 -77.589667368025545 47.896782088552285 -12.649119592089846 40.136324009258878 72.281586729698745 0.79856688604741444 64.552612609976649 -87.744195721914892 4.7945427286406943 -4.1672458640264951 -15.728456995219805 45.215048082555249 -32.541173037515385 50.521093403110733 27.173115857093176 -30.317174286260684
leaf_weight=1097 65 124 90 251 93 54 101 56 693 157 81 247 325 3062 55 207 216 78 61 128 60 59 7414 72 90 197 135 1786 72 167 108 167 125
leaf_count=1097 65 124 90 251 93 54 101 56 693 157 81 247 325 3062 55 207 216 78 61 128 60 59 7414 72 90 197 135 1786 72 167 108 167 125
internal_value=-0.356153 -0.507 -10.4244 -4.42047 5.84724 24.1291 11.2998 0.11351 0.273365 -0.481511 -0.174546 10.0333 -5.31821 -0.404026 4.37892 -10.4914 -23.1829 -52.4571 7.02634 22.4399 4.19723 33.6478 -1.94352 -6.47131 -0.104108 -17.8081 -37.5981 -8.05451 -13.2952 -0.85423 3.53014 0.865409 0.282651
internal_weight=17693 17628 1038 914 663 245 191 16590 16534 15347 15190 1187 418 15109 3679 556 349 133 3123 494 188 306 11430 3302 8128 422 225 3230 1858 1372 1205 7706 7539
internal_count=17693 17628 1038 914 663 245 191 16590 16534 15347 15190 1187 418 15109 3679 556 349 133 3123 494 188 306 11430 3302 8128 422 225 3230 1858 1372 1205 7706 7539
cat_boundaries=0 1 2
cat_threshold=1120 4618
is_linear=0
shrinkage=0.0383886


Tree=130
num_leaves=34
num_cat=4
split_feature=2 32 2 24 2 2 2 2 0 31 23 38 10 29 29 14 28 0 0 0 38 10 10 0 0 31 10 34 0 31 9 0 0
split_gain=9.16306e+07 1.17288e+08 9.98722e+07 2.19548e+08 1.0459e+08 8.62748e+07 5.85407e+08 2.19615e+08 3.33788e+08 1.59044e+08 2.09281e+08 1.2433e+08 1.11022e+08 9.79361e+07 8.84109e+07 2.01389e+08 1.4126e+08 1.17795e+08 1.89859e+08 9.71494e+07 1.82176e+08 3.31058e+08 2.575e+08 1.96972e+08 1.11743e+08 9.45626e+07 9.31003e+07 9.1871e+07 1.12121e+08 9.6937e+07 9.03991e+07 8.82778e+07 7.25412e+07
threshold=0.69671734453817458 1.0000000180025095e-35 0.6969150038320101 31.789485379197036 0.6976257471746653 0.70670817426230081 0.70602187110499981 0.70936197528428313 9.5938434878608341 0 4.8473486308688747 -1.0000000180025095e-35 1026.1921366486401 357.50000000000006 285.50000000000006 3.6413968085258035 1 11.648815633763521 11.562442457046151 10.569162159519083 1.0000000180025095e-35 1022.4741477889831 989.22299143210807 10.306570918752319 10.931324521953263 2 1026.7563618195034 1.0000000180025095e-35 13.726232629226416 3 1003.2167204284515 9.5721160351376611 10.533743482268333
decision_type=2 2 2 2 2 2 2 2 2 1 2 2 2 2 2 2 1 2 2 2 2 2 2 2 2 1 2 2 2 1 2 2 2
left_child=1 -1 3 -2 -4 6 11 9 31 12 -11 -6 -7 -13 16 25 17 18 26 20 22 -22 -18 -24 30 -16 -10 29 -29 -26 -21 -9 -27
right_child=2 -3 4 -5 5 7 -8 8 14 10 -12 13 -14 -15 15 -17 19 -19 -20 24 21 -23 23 -25 27 32 -28 28 -30 -31 -32 -33 -34
leaf_value=2.1689618964963326 -71.148592231735407 74.282650477857331 23.24041871298413 12.501698358547463 -14.93577987653345 36.537104872434227 -101.63380969848895 -32.752851047796582 16.386717689241625 -56.825883018028598 30.172232275616661 14.605643831855266 102.15449818500635 -19.548745509059781 -2.9796284747050508 59.048808766463885 73.075481631247399 46.870210557455842 -56.459543131529188 3.4248310589303519 -62.950722206012443 31.592608078814372 -76.643818616592 5.0858433173800073 2.8162891774521501 -67.119915833429232 -11.509945600664812 -65.445701573856269 2.3083559368287125 -4.2927069913988491 36.662595223130779 -101.53345949843896 -23.1510914107111
leaf_weight=84 91 55 274 94 699 114 95 55 1072 58 137 598 57 156 394 55 64 130 63 273 208 74 56 194 6557 66 211 71 73 4953 216 55 341
leaf_count=84 91 55 274 94 699 114 95 55 1072 58 137 598 57 156 394 55 64 130 63 273 208 74 56 194 6557 66 211 71 73 4953 216 55 341
internal_value=-0.342481 30.7033 -0.588315 -28.6451 -0.289477 -0.666617 -9.30929 0.193925 -0.514511 29.5786 4.08622 -3.27291 55.1827 7.5392 -0.0281997 -12.01 0.693319 11.8938 8.60399 -0.61327 -15.7457 -38.1414 4.36761 -13.2216 0.12895 -16.8892 11.7989 -0.625387 -31.0981 -0.244146 18.1066 -67.1434 -29.5551
internal_weight=17693 139 17554 185 17369 17095 1548 15547 15181 366 195 1453 171 754 15071 856 14215 1476 1346 12739 596 282 314 250 12143 801 1283 11654 144 11510 489 110 407
internal_count=17693 139 17554 185 17369 17095 1548 15547 15181 366 195 1453 171 754 15071 856 14215 1476 1346 12739 596 282 314 250 12143 801 1283 11654 144 11510 489 110 407
cat_boundaries=0 1 2 3 4
cat_threshold=84 1026 26 54
is_linear=0
shrinkage=0.0383886


Tree=131
num_leaves=34
num_cat=0
split_feature=2 32 2 24 2 2 2 2 1 26 40 39 29 9 29 14 29 34 27 14 13 1 20 1 1 10 32 27 1 10 32 24 39
split_gain=8.47311e+07 1.08456e+08 9.23508e+07 2.03155e+08 9.77688e+07 1.7592e+08 4.75439e+08 2.03079e+08 3.08652e+08 1.41621e+08 1.10287e+08 2.34248e+08 1.08835e+08 9.06869e+07 8.17706e+07 1.86231e+08 9.25413e+07 8.90977e+07 1.17433e+08 8.3548e+07 1.09018e+08 8.16301e+07 7.26282e+07 7.30163e+07 3.37339e+08 1.19205e+08 6.996e+07 6.8729e+07 7.07078e+07 6.25962e+07 5.50256e+07 5.30249e+07 4.07094e+07
threshold=0.69671734453817458 1.0000000180025095e-35 0.6969150038320101 31.026826138694641 0.69938919975787772 0.70670817426230081 0.70602187110499981 0.70936197528428313 0.3112836758503818 685.40077766119566 0.031174179426909168 1.0000000180025095e-35 313.50000000000006 1032.0688245548506 285.50000000000006 3.6413968085258035 273.50000000000006 1.0000000180025095e-35 0.40547371329846055 1.195392910123515 3.6890889097104078 0.31139522326716945 0.016141046280293593 0.30129284612625568 0.2999569185164041 1029.4114146497027 1.0000000180025095e-35 0.77698501658161789 0.25506814300609831 1028.231623971755 1.0000000180025095e-35 3.9082500015700878 -0.56174490092936669
decision_type=2 2 2 2 2 2 2 2 2 2 2 2 2 2 2 2 2 2 2 2 2 2 2 2 2 2 2 2 2 2 2 2 2
left_child=1 -1 3 -2 26 6 10 9 14 31 12 -12 -6 29 16 30 17 22 -19 -18 27 -10 23 24 -9 -25 -4 28 -21 -14 -16 -7 -15
right_child=2 -3 4 -5 5 7 -8 8 21 -11 11 -13 13 32 15 -17 19 18 -20 20 -22 -23 -24 25 -26 -27 -28 -29 -30 -31 -32 -33 -34
leaf_value=2.0856984518902193 -69.325789766805258 71.431046594327753 20.170481037930692 11.188210923246066 -65.741437409962415 -15.541085887172327 -97.732230439878577 0.005776734664809385 -97.635736160783679 72.537245006550151 -29.544980597837139 62.086091309165383 -7.963991036048534 41.350953592278266 -10.650787825532124 56.782009984289495 -20.505221234836046 -65.05606746376759 4.2843189937143702 48.125582786661035 -23.111207466528924 -31.495516240618652 44.883028131642632 13.734585413456937 -65.488848356972923 -22.070827523240734 -8.9616804911085435 56.518796896976454 -3.9940700352589342 -33.618848454734923 -34.347936620991938 24.403009865522993 -1.9475248465068211
leaf_weight=84 89 55 549 96 55 63 95 12258 55 83 75 91 474 64 612 55 67 71 73 68 55 55 54 1077 117 157 156 130 88 199 189 220 64
leaf_count=84 89 55 549 96 55 63 95 12258 55 83 75 91 474 64 612 55 67 71 73 68 55 55 54 1077 117 157 156 130 88 199 189 220 64
internal_value=-0.32943 29.5247 -0.565828 -27.5455 -0.278463 -0.870871 -15.5861 0.18637 -0.494872 28.4431 -7.95021 20.6864 -13.5036 -9.9167 -0.0272306 -11.5503 0.666664 0.134214 -29.9043 18.6851 26.3853 -64.5658 0.450803 0.274496 -0.613444 9.1791 13.7242 35.9039 18.7247 -15.5499 -16.2423 15.5108 19.7016
internal_weight=17693 139 17554 185 17369 16664 1117 15547 15181 366 1022 166 856 801 15071 856 14215 13807 144 408 341 110 13663 13609 12375 1234 705 286 156 673 801 283 128
internal_count=17693 139 17554 185 17369 16664 1117 15547 15181 366 1022 166 856 801 15071 856 14215 13807 144 408 341 110 13663 13609 12375 1234 705 286 156 673 801 283 128
is_linear=0
shrinkage=0.0383886


Tree=132
num_leaves=34
num_cat=2
split_feature=10 14 6 55 27 18 0 41 41 0 41 10 38 9 10 40 40 0 37 20 28 0 1 40 0 14 25 7 28 29 5 8 10
split_gain=6.78459e+07 7.54067e+07 1.5866e+08 7.28565e+07 7.4921e+07 8.67622e+07 1.14848e+08 6.47893e+07 1.25751e+08 1.39522e+08 1.05068e+08 1.1277e+08 8.88302e+07 8.18176e+07 1.40752e+08 5.99956e+07 2.39742e+08 9.93794e+07 6.52415e+07 5.83749e+07 6.55843e+07 1.20105e+08 1.42595e+08 9.82386e+07 9.63043e+07 8.0313e+07 5.23055e+07 6.12777e+07 4.88209e+07 7.06911e+07 3.65664e+07 6.90342e+07 3.21358e+07
threshold=978.60160371712948 6.7283381776758704 285.17702948433401 1.0000000180025095e-35 3.1155119995047502 0.7290118423464822 14.892467680125657 0.99138911339924218 0.99748108949426018 9.493419996423194 0.99981043035926087 1024.8976688339856 -1.0000000180025095e-35 1023.2773909215456 1011.3034887141624 -0.99763297024448894 -0.99630266176052629 11.780160107788744 0.1294095225512602 0.013719301676982891 0 14.194381159041477 0.21660880464863494 0.9916835347852474 12.385789577490991 1.3688457684750188 33.345017727174785 293.88489973033381 1 84.500000000000014 282.1996065240719 286.86425801286612 1030.8804520286478
decision_type=2 2 2 2 2 2 2 2 2 2 2 2 2 2 2 2 2 2 2 2 1 2 2 2 2 2 2 2 1 2 2 2 2
left_child=30 3 -3 4 5 7 -7 15 9 12 13 -12 -9 14 -10 17 -17 18 -2 20 21 22 -18 25 -25 -22 -5 -28 29 -6 -1 -32 -15
right_child=1 2 -4 26 28 6 -8 8 10 -11 11 -13 -14 32 -16 16 19 -19 -20 -21 23 -23 -24 24 -26 -27 27 -29 -30 -31 31 -33 -34
leaf_value=-48.705644986075974 75.65151991740133 14.311389830612482 -48.879536258592118 1.253751283723378 15.824803708222088 -1.8368673871658319 -68.680735229580065 -25.226580897706437 -5.3868543716952058 7.7271279379154763 -66.628753626696792 11.121944598339594 -77.829155806944641 -17.999701744142776 79.073826179611856 -75.073400119837046 -28.382150321442378 -0.37334679301915358 16.512594957717297 34.812684579940147 9.5381557644184465 39.998261566765855 -2.5644458131077692 -59.630463964656151 -8.3409919123609608 0.99148086820275827 66.340169610602317 17.688618068142155 -0.7706034973234368 69.892854472890605 12.1022727656649 -39.559677250354234 19.368106352534568
leaf_weight=55 56 104 134 147 98 95 63 101 54 92 56 54 89 86 63 62 346 167 54 73 1967 90 3549 67 277 9193 54 130 108 56 81 72 56
leaf_count=55 56 104 134 147 98 95 63 101 54 92 56 54 89 86 63 62 346 167 54 73 1967 90 3549 67 277 9193 54 130 108 56 81 72 56
internal_value=-0.0639509 0.194502 -21.2666 0.489697 0.141821 -0.177553 -28.4899 0.0927069 -11.7773 -31.0773 2.97225 -28.4601 -49.8668 16.322 40.0919 0.578675 0.2647 18.2882 46.6199 0.564853 0.403441 -3.83519 -4.85788 1.87342 -18.3306 2.49787 18.327 31.9669 20.5111 33.3223 -21.8598 -12.2091 -3.26299
internal_weight=17749 17541 238 17303 16972 16710 158 16552 651 282 369 110 190 259 117 15901 15624 277 110 15562 15489 3985 3895 11504 344 11160 331 184 262 154 208 153 142
internal_count=17749 17541 238 17303 16972 16710 158 16552 651 282 369 110 190 259 117 15901 15624 277 110 15562 15489 3985 3895 11504 344 11160 331 184 262 154 208 153 142
cat_boundaries=0 1 2
cat_threshold=1296 6184
is_linear=0
shrinkage=0.0383886


Tree=133
num_leaves=34
num_cat=0
split_feature=21 21 41 30 24 41 40 18 41 27 41 40 32 41 40 30 30 24 30 39 5 30 40 15 14 37 55 35 40 6 41 32 24
split_gain=7.42412e+07 1.08541e+08 6.06793e+07 1.14376e+08 1.09442e+08 6.30459e+07 2.7999e+08 9.07698e+07 8.26863e+07 1.00504e+08 8.60116e+07 1.39045e+08 8.10214e+07 7.31664e+07 1.04921e+08 8.454e+07 1.76551e+08 2.49039e+08 1.21158e+08 1.1374e+08 1.00299e+08 9.78684e+07 8.25864e+07 8.39654e+07 7.83152e+07 7.38275e+07 8.16385e+07 7.03027e+07 6.9197e+07 5.53705e+07 6.96965e+07 5.19372e+07 5.87854e+07
threshold=0.14452840542227427 0.022150945656136518 0.99981043035926087 0.0068446269678302538 24.762890516861798 0.98174098242282837 0.1849296026015865 0.058754747271262918 0.99138911339924218 0.10379750299288558 0.9980355542543059 0.099822040462190967 1.0000000180025095e-35 0.86439018870140905 -0.46801505794253101 0.11635865845311431 0.11088295687885012 6.4595494407548228 0.10540725530458592 -0.22252093395631442 284.36953262835914 0.15468856947296375 -0.43733984355855576 98.700097390275573 6.7283381776758704 0.60355339059327384 1.0000000180025095e-35 0.72916666666666685 -0.99763297024448894 295.70464756996836 -0.98212955754013376 1.0000000180025095e-35 55.187318548992067
decision_type=2 2 2 2 2 2 2 2 2 2 2 2 2 2 2 2 2 2 2 2 2 2 2 2 2 2 2 2 2 2 2 2 2
left_child=1 2 3 -1 -4 13 7 8 -7 -10 11 12 -11 15 -15 16 17 -5 20 -18 -19 31 -16 -24 25 26 28 -25 -23 -27 -31 -17 -33
right_child=-2 -3 4 5 -6 6 -8 -9 9 10 -12 -13 -14 14 22 21 19 18 -20 -21 -22 24 23 27 -26 29 -28 -29 -30 30 -32 32 -34
leaf_value=54.837281355768908 -43.422572573515744 45.858812972993128 10.752021667181246 -54.479824644968751 -65.512051685125741 8.9905089267493974 -92.489862217253574 28.482305724434195 -62.138865064036686 -58.213922490173488 15.280781446363774 23.439518901126675 -6.1088573651440603 53.98816157946478 -33.915815404874628 20.467672771642739 -20.415599074108243 14.524073418681356 56.914012431669718 -98.500436013638392 -40.521007267482162 23.170428659687719 28.192228887010376 -1.3154816512218801 -34.133795928710327 -7.2860531456200999 23.705422857043452 19.118650116532859 0.39964319506117213 -16.023424878866809 9.1191704287068571 -14.644041446178264 29.088361855301496
leaf_weight=56 58 76 54 109 57 234 57 107 68 128 121 68 67 70 73 513 56 187 71 54 66 201 251 965 102 3034 237 334 9128 210 718 155 64
leaf_count=56 58 76 54 109 57 234 57 107 68 128 121 68 67 70 73 513 56 187 71 54 66 201 251 965 102 3034 237 334 9128 210 718 155 64
internal_value=-0.0615125 0.0806462 -0.116863 0.0625575 -28.4105 -0.113243 -10.3103 -4.40333 -9.53275 -19.1223 -11.5047 -23.8281 -40.3113 0.408959 7.97151 -0.45004 -15.3188 -4.28586 12.6003 -58.7484 0.164413 0.11212 5.9868 7.86609 -0.622265 -0.369589 1.45551 3.93855 0.890258 -4.77618 3.42956 13.7865 -1.86372
internal_weight=17749 17691 17615 17504 111 17448 850 793 686 452 384 263 195 16598 1693 14905 543 433 324 110 253 14362 1623 1550 13630 13528 9566 1299 9329 3962 928 732 219
internal_count=17749 17691 17615 17504 111 17448 850 793 686 452 384 263 195 16598 1693 14905 543 433 324 110 253 14362 1623 1550 13630 13528 9566 1299 9329 3962 928 732 219
is_linear=0
shrinkage=0.0383886


Tree=134
num_leaves=34
num_cat=3
split_feature=21 21 9 1 0 31 31 0 1 1 9 0 1 1 41 9 9 5 38 18 20 39 0 9 39 9 31 41 43 41 20 34 9
split_gain=6.86505e+07 1.00368e+08 5.98837e+07 1.23056e+08 3.71399e+08 1.3994e+08 1.20561e+08 2.71686e+08 1.51126e+08 7.5107e+07 1.00307e+08 7.45974e+07 7.15602e+07 6.8185e+07 2.05773e+08 1.91008e+08 1.73761e+08 1.5938e+08 1.58291e+08 1.26486e+08 1.18808e+08 1.03168e+08 1.32052e+08 1.72799e+08 1.58784e+08 2.01246e+08 9.73196e+07 1.55023e+08 1.82098e+08 9.3406e+07 9.38146e+07 1.14386e+08 1.29891e+08
threshold=0.14452840542227427 0.022150945656136518 1003.2167204284515 0.21309702951684475 13.876859706414601 0 1 14.303924361565102 0.20619472167908834 0.27692301352049581 985.3999228563747 14.922006068462391 0.27300953381340132 0.2136457805921054 -0.7028984591669466 1008.5954527877725 1027.9665734383691 287.62208886963583 1.0000000180025095e-35 0.7290118423464822 0.0016141046280293587 0.81174490092936691 13.9473812969101 1015.3109054080687 -0.22252093395631442 1015.9622379785889 2 -0.45273527932988084 -0.24999999999999994 -0.42179730054635828 3.4746581421390738e-05 1.0000000180025095e-35 1017.9128947685588
decision_type=2 2 2 2 2 1 1 2 2 2 2 2 2 2 2 2 2 2 2 2 2 2 2 2 2 2 1 2 2 2 2 2 2
left_child=1 2 3 6 5 -5 8 -8 11 12 -11 -1 -7 15 16 18 21 -17 -4 20 -19 22 23 -15 25 -24 27 28 -16 -29 31 -31 -33
right_child=-2 -3 13 4 -6 9 7 -9 -10 10 -12 -13 -14 14 26 17 -18 19 -20 -21 -22 -23 24 -25 -26 -27 -28 29 -30 30 -32 32 -34
leaf_value=-3.3609982736628634 -41.755642155307179 44.098359003985564 76.563258841943679 -28.186588437362243 99.709215647374862 -2.6104149863075112 -94.502044070089283 -16.722146040731413 38.391615389212568 31.220768370356399 1.1914729122006962 -37.60398206157717 -41.126051522613125 -101.07714984497245 17.132916032282409 -20.724401742009469 30.551079859091747 5.8915221763671068 10.978126718492632 -42.936008946645558 62.784511670940347 -64.64867293310364 25.253470249163218 -24.639649783732395 25.949511122847564 -67.133315099054983 -2.5524785139713391 -39.874169932592352 91.044856666500195 7.2732753000288675 -11.569454309710901 16.564341085446767 -60.887909559135679
leaf_weight=297 58 76 97 255 54 581 84 312 99 235 542 137 81 55 400 373 87 3277 123 77 55 93 57 210 142 89 5855 75 56 3153 532 54 78
leaf_count=297 58 76 97 255 54 581 84 312 99 235 542 137 81 55 400 373 87 3277 123 77 55 93 57 210 142 89 5855 75 56 3153 532 54 78
internal_value=-0.0591511 0.0775504 -0.112377 -5.39972 0.600481 -2.55883 -16.6897 -32.4027 -4.32632 2.16341 10.2737 -14.1705 -7.32308 0.835154 -0.733799 5.12253 -20.38 3.09978 39.8953 5.70654 6.83064 -27.2392 -20.9479 -40.5041 -2.95332 -31.0644 0.677616 5.02157 26.2099 2.55198 3.38561 5.80756 -29.2028
internal_weight=17749 17691 17615 2677 1748 1694 929 396 533 1439 777 434 662 14938 10936 4002 733 3782 220 3409 3332 646 553 265 288 146 10203 4348 456 3892 3817 3285 132
internal_count=17749 17691 17615 2677 1748 1694 929 396 533 1439 777 434 662 14938 10936 4002 733 3782 220 3409 3332 646 553 265 288 146 10203 4348 456 3892 3817 3285 132
cat_boundaries=0 1 2 3
cat_threshold=64 86 21
is_linear=0
shrinkage=0.0383886


Tree=135
num_leaves=34
num_cat=2
split_feature=2 10 21 21 31 1 8 2 24 2 2 2 34 36 19 19 14 6 41 18 10 2 10 28 2 2 24 1 10 1 41 32 24
split_gain=8.55223e+07 1.55498e+08 7.2831e+07 7.75844e+07 7.84975e+07 1.0559e+08 9.28179e+07 8.05162e+07 1.86439e+08 1.14672e+08 8.83459e+07 3.83226e+08 1.90836e+08 7.91303e+07 7.25949e+07 7.72676e+07 7.11936e+07 9.01626e+07 9.11729e+07 9.87513e+07 9.81134e+07 8.72969e+07 7.97039e+07 6.46504e+07 1.04259e+08 1.26695e+08 1.09319e+08 9.29366e+07 8.16509e+07 7.91434e+07 5.30931e+07 5.99942e+07 5.00695e+07
threshold=0.69671734453817458 1028.5533493003743 0.15896561000286208 0.022150945656136518 0 0.31151354152990718 282.17964582106555 0.6969150038320101 31.026826138694641 0.69938919975787772 0.70670817426230081 0.70602187110499981 1.0000000180025095e-35 -0.9159756150367534 0.015980341011010653 0.0077499868411726553 1.3230280026824073 282.98521376984803 -0.99761278905001471 0.72630477249733316 1027.3208922851293 0.77168178112503805 1017.5410082143981 1 0.73603742496976221 0.74335212774624493 6.6064619661541011 0.31020223837260602 1020.6266075576131 0.31145223837260605 0.99932962452255414 1.0000000180025095e-35 34.252686743448429
decision_type=2 2 2 2 1 2 2 2 2 2 2 2 2 2 2 2 2 2 2 2 2 2 2 1 2 2 2 2 2 2 2 2 2
left_child=1 -1 3 4 5 6 -2 8 -6 -9 11 12 13 -11 15 23 -8 21 -19 20 22 -18 -20 27 26 -26 -25 28 -12 -29 31 -15 -17
right_child=2 -3 -4 -5 7 -7 16 9 -10 10 14 -13 -14 30 -16 32 17 18 19 -21 -22 -23 -24 24 25 -27 -28 29 -30 -31 -32 -33 -34
leaf_value=-18.11598259748623 -29.641505445024343 61.825100329114086 -44.533753841448942 35.461994038290165 -70.512796790246796 38.705335183955114 -23.589795713842925 16.839991289444697 13.236759883773257 32.150744451288858 24.249657784995051 -89.902597900580659 -71.608979617379703 -2.6492171801277795 35.332581492757633 -5.4608986909656601 5.4265168775070407 36.837211257903888 -1.9275863230695711 -58.952486679510038 39.65258150653252 58.437055989931821 -21.067763459843434 -39.78865282816146 17.625422815357808 0.20200158150959124 -6.0456494415473578 -15.495854830708126 -0.92723321591446184 15.744697247703215 18.230459928870989 -34.173789424790684 -57.737868006350965
leaf_weight=61 264 87 55 89 75 73 280 634 82 105 608 83 57 484 90 54 175 70 978 54 66 62 477 164 656 9848 1031 328 276 188 135 109 54
leaf_count=61 264 87 55 89 75 73 280 634 82 105 608 83 57 484 90 54 175 70 978 54 66 62 477 164 656 9848 1031 328 276 188 135 109 54
internal_value=-0.184227 28.8763 -0.427165 -0.289713 -0.470916 -6.75748 -8.15335 0.576286 -26.7709 0.864752 0.154989 -11.0112 -3.65387 0.996112 0.972068 0.737914 -5.52944 -2.84245 -6.03177 -7.93707 -6.12586 19.2943 -8.20242 1.00454 0.0677399 1.29014 -10.6765 8.76966 16.389 -4.11361 -3.49733 -8.44382 -31.5996
internal_weight=17852 148 17704 17649 17560 2499 2426 15061 157 14904 14270 973 890 833 13297 13207 2162 1882 1645 1575 1521 237 1455 13099 11699 10504 1195 1400 884 516 728 593 108
internal_count=17852 148 17704 17649 17560 2499 2426 15061 157 14904 14270 973 890 833 13297 13207 2162 1882 1645 1575 1521 237 1455 13099 11699 10504 1195 1400 884 516 728 593 108
cat_boundaries=0 1 2
cat_threshold=64 2050
is_linear=0
shrinkage=0.0383886


Tree=136
num_leaves=34
num_cat=1
split_feature=2 9 21 21 31 1 0 0 0 0 0 0 0 37 37 12 2 24 2 2 2 40 9 2 0 24 25 6 0 51 37 37 37
split_gain=7.90822e+07 1.09731e+08 6.73466e+07 7.1742e+07 7.25863e+07 9.76388e+07 9.46699e+07 2.43575e+08 1.8677e+08 2.68831e+08 1.4537e+08 2.86653e+08 1.53079e+08 7.76826e+07 7.53426e+07 8.51018e+07 7.4453e+07 1.724e+08 1.06037e+08 8.16932e+07 3.54368e+08 6.94028e+07 6.2902e+07 6.12336e+07 2.00944e+08 1.57263e+08 8.26587e+07 7.33536e+07 6.46662e+07 5.63556e+07 5.41057e+07 5.38946e+07 5.31739e+07
threshold=0.69671734453817458 1028.3090580881483 0.15896561000286208 0.022150945656136518 0 0.31151354152990718 11.263482853748908 11.818925934643097 12.599358814455455 13.125966672129577 13.897120305775262 14.177393106957643 14.760010628743727 0.1294095225512602 0.37940952255126048 60.804997019824683 0.6969150038320101 31.026826138694641 0.69938919975787772 0.70670817426230081 0.70602187110499981 0.99983759474438971 1002.4875130205102 0.70936197528428313 9.5938434878608341 3.9082500015700878 595.33156300276369 276.78002570201846 14.93322116728967 0.11077631698179569 0.37940952255126048 0.1294095225512602 0.37940952255126048
decision_type=2 2 2 2 1 2 2 2 2 2 2 2 2 2 2 2 2 2 2 2 2 2 2 2 2 2 2 2 2 2 2 2 2
left_child=1 -1 3 4 5 6 13 32 31 14 30 -12 -13 22 15 -10 17 -6 -18 20 -20 23 -2 25 -25 -21 -27 -26 -29 -24 -11 -9 -8
right_child=2 -3 -4 -5 16 -7 7 8 9 10 11 12 -14 -15 -16 -17 18 -19 19 21 -22 -23 29 24 27 26 -28 28 -30 -31 -32 -33 -34
leaf_value=-13.997625000974777 -57.239288328542777 53.928702576448273 -42.82416698071566 34.100657889092716 -67.805909972140384 37.219492787017259 59.439335256599286 -54.164988520342987 29.593244187052342 -45.524349721849532 54.056355726607933 -27.500454451266542 8.4520486790467668 -5.8259029657724559 9.11399943240467 94.35729934249548 16.193527134733561 12.728619277753038 -3.5136005675174253 -37.275824733752664 -86.451364526788197 33.629053364094283 -30.482707003070253 -63.21117509537477 19.324745666172561 16.465297355863736 64.850054676101863 -0.48980043670978335 11.092653861401033 12.156486370601293 -11.741047643765658 -17.862999237585935 13.236326770324442
leaf_weight=57 101 91 55 89 75 73 100 138 67 178 120 362 337 329 73 54 634 82 890 61 83 95 230 73 303 165 76 11768 756 57 115 107 58
leaf_count=57 101 91 55 89 75 73 100 138 67 178 120 362 337 329 73 54 634 82 890 61 83 95 230 73 303 165 76 11768 756 57 115 107 58
internal_value=-0.177155 27.7678 -0.410767 -0.278592 -0.452839 -6.49807 -7.84035 -2.92842 -7.55406 -1.78422 -9.05901 -0.757052 -10.1671 -19.5481 39.9145 58.4964 0.554163 -25.7432 0.831555 0.149039 -10.5885 0.934751 -31.1837 0.699486 0.29946 17.7866 31.7236 0.660909 0.209363 -22.0142 -32.2648 -38.3107 42.4789
internal_weight=17852 148 17704 17649 17560 2499 2426 1709 1551 1306 1112 819 699 717 194 121 15061 157 14904 14270 973 13297 388 13202 12900 302 241 12827 12524 287 293 245 158
internal_count=17852 148 17704 17649 17560 2499 2426 1709 1551 1306 1112 819 699 717 194 121 15061 157 14904 14270 973 13297 388 13202 12900 302 241 12827 12524 287 293 245 158
cat_boundaries=0 1
cat_threshold=64
is_linear=0
shrinkage=0.0383886


Tree=137
num_leaves=34
num_cat=6
split_feature=2 10 55 21 21 31 14 28 14 10 27 6 28 41 2 2 14 9 28 23 14 1 1 29 0 23 9 23 6 28 28 36 35
split_gain=7.3127e+07 1.35081e+08 6.5481e+07 6.12677e+07 6.76816e+07 6.87705e+07 8.9372e+07 9.0219e+07 8.26552e+07 1.36641e+08 1.89558e+08 1.36744e+08 1.16838e+08 2.78803e+08 1.17249e+08 1.02218e+08 8.67163e+07 8.44764e+07 1.02182e+08 1.00075e+08 8.40995e+07 8.0912e+07 1.63027e+08 8.45781e+07 2.26522e+08 8.04367e+07 1.41628e+08 7.4737e+07 1.71982e+08 8.47757e+07 7.30316e+07 7.26433e+07 7.36022e+07
threshold=0.69671734453817458 1028.5533493003743 1.0000000180025095e-35 0.15896561000286208 0.022150945656136518 0 1.227423215501019 1 1.3230280026824073 1020.0394916097025 1.2257524681025542 275.02941284327972 2 -0.77243990499604276 0.79719974499912238 0.75161189554004493 3.6413968085258035 1016.6588028966167 3 2.9844328081864657 1.6558855497035327 0.19574515595029712 0.19522102932758698 42.500000000000007 10.495499245909476 1.0000000180025095e-35 1016.8682480636338 53.871021062198494 291.14674187862352 4 5 -0.78656609248549292 0.72916666666666685
decision_type=2 2 2 2 2 1 2 1 2 2 2 2 1 2 2 2 2 2 1 2 2 2 2 2 2 2 2 2 2 1 1 2 2
left_child=1 -1 3 4 5 8 7 -7 30 17 11 -11 16 -14 -15 -12 20 21 -19 -20 -13 22 -10 24 -23 26 -8 31 29 -29 -2 32 -27
right_child=2 -3 -4 -5 -6 6 25 -9 9 10 15 12 13 14 -16 -17 -18 18 19 -21 -22 23 -24 -25 -26 27 -28 28 -30 -31 -32 -33 -34
leaf_value=-17.09692402342159 -2.0665611342263421 57.411447444428937 15.996850986092303 -41.180208851591694 32.79158155136988 -1.8444265840787573 -16.586925151103774 -27.689936143668575 -6.8282441178371425 54.878530733868182 -21.697768153342768 18.505744044020883 -81.613195493474336 -13.598496699644105 39.680619397396789 -75.789686788968922 40.680728646548062 29.921119584290121 28.705945642029146 1.3483214850925906 -8.2764886638276494 -0.21587993991595616 -77.54604105291223 3.4982553205374169 -66.506256923500146 -8.2265599839479062 30.270610766880015 42.95862200033018 -52.339133301390859 7.3072054572189016 14.809148459374116 -7.1617956052746612 10.844483459356972
leaf_weight=61 576 87 352 55 89 387 145 419 338 55 133 244 87 783 66 84 83 294 232 1308 592 364 56 3369 96 490 276 116 62 514 1101 4176 762
leaf_count=61 576 87 352 55 89 387 145 419 338 55 133 244 87 783 66 84 83 294 232 1308 592 364 56 3369 96 490 276 116 62 514 1101 4176 762
internal_value=-0.170354 26.7018 -0.394998 -0.727521 -0.598891 -0.771588 -3.58028 -15.6467 1.32333 -0.266293 -8.63688 -4.77407 -6.54276 -15.9927 -9.45663 -42.6367 3.22091 2.67315 9.55259 5.43445 -0.459644 -0.3145 -16.8796 1.39002 -14.0504 -2.09889 14.132 -3.21543 8.6658 14.6695 9.08882 -4.73014 3.38056
internal_weight=17852 148 17704 17352 17297 17208 7347 806 9861 8184 2127 1910 1855 936 849 217 919 6057 1834 1540 836 4223 394 3829 460 6541 421 6120 692 630 1677 5428 1252
internal_count=17852 148 17704 17352 17297 17208 7347 806 9861 8184 2127 1910 1855 936 849 217 919 6057 1834 1540 836 4223 394 3829 460 6541 421 6120 692 630 1677 5428 1252
cat_boundaries=0 1 2 3 4 5 6
cat_threshold=30 7008 4692 1032 2080 1084
is_linear=0
shrinkage=0.0383886


Tree=138
num_leaves=34
num_cat=1
split_feature=2 38 31 2 2 0 0 36 0 0 0 0 0 0 6 37 36 36 30 10 24 37 37 2 23 2 34 39 55 9 19 19 10
split_gain=7.16655e+07 8.07563e+07 7.09282e+07 8.89389e+07 2.45118e+08 7.49238e+07 2.62615e+08 1.21674e+08 1.04076e+08 2.1414e+08 1.37634e+08 1.98443e+08 1.68694e+08 2.50941e+08 9.68362e+07 8.35048e+07 6.41452e+07 6.09858e+07 6.00652e+07 9.07023e+07 1.33079e+08 5.93022e+07 5.86076e+07 6.75415e+07 1.76926e+08 8.16728e+07 7.29524e+07 1.78086e+08 6.68174e+07 6.76377e+07 6.06967e+07 8.4514e+07 5.83839e+07
threshold=0.69671734453817458 -1.0000000180025095e-35 0 0.70473638834575514 0.70936197528428313 14.939170852569399 14.811974400548127 0.25881904510252091 14.22402246062296 13.929108357859096 13.268576987214706 12.599358814455455 11.863492633897799 11.263482853748908 292.71496751928674 0.37940952255126048 -1.0000000180025095e-35 0.60355339059327384 0.01779603011635866 1007.3531805085071 38.707094148119957 -0.37940952255126015 0.60355339059327384 0.6969150038320101 30.257045281020222 0.6976257471746653 1.0000000180025095e-35 1.0000000180025095e-35 1.0000000180025095e-35 1033.5237646926532 0.015980341011010653 0.0072871385845826994 1021.4372091163958
decision_type=2 2 1 2 2 2 2 2 2 2 2 2 2 2 2 2 2 2 2 2 2 2 2 2 2 2 2 2 2 2 2 2 2
left_child=1 -1 3 17 -5 6 8 -8 9 10 11 12 13 -6 15 -13 -11 21 19 -4 -21 -2 23 24 -20 -25 28 -28 29 30 31 32 -27
right_child=2 -3 18 4 5 -7 7 -9 -10 16 -12 14 -14 -15 -16 -17 -18 -19 22 20 -22 -23 -24 25 -26 26 27 -29 -30 -31 -32 -33 -34
leaf_value=62.612397856644613 -44.007255011393127 3.9584024934654134 -47.978873959284627 58.301890049880583 -15.735526012250762 -34.602925050370516 15.817685101970639 86.04494023848315 -27.421009978914206 14.598489789103814 -33.707781082817711 68.217327082000608 -38.892506950373992 36.770862596135039 -0.44010790834373531 8.544814910501433 68.175701738214812 -61.113064808600434 -73.690803257257315 20.486151958164584 -51.543549077597213 2.951229997968333 -2.5188610085526371 27.900430041379849 21.543946316059031 3.8049772505774642 -56.954971438599273 25.685836377984543 24.309090119494019 37.514539961142766 38.433811739477612 -33.61524373512519 -3.9204092244115425
leaf_weight=57 68 88 92 90 495 130 90 61 347 63 261 96 241 184 112 54 69 63 58 126 54 95 4352 192 57 7909 94 65 213 81 68 97 1763
leaf_count=57 68 88 92 90 495 130 90 61 347 63 261 96 241 184 112 54 69 63 58 126 54 95 4352 192 57 7909 94 65 213 81 68 97 1763
internal_value=0.137067 27.0156 -0.082627 -6.03615 -3.79553 -6.33243 -4.55955 44.1878 -8.38934 -4.19632 -8.47753 -2.90637 -11.3004 -1.50696 26.5687 46.7354 42.6049 -29.0365 0.906021 -16.9712 -1.12269 -16.6387 1.23191 2.77228 -26.4874 3.0933 2.63042 -23.1709 3.03536 2.57848 2.29081 2.03922 2.3968
internal_weight=17885 145 17740 2519 2293 2203 2073 151 1922 1575 1443 1182 920 679 262 150 132 226 15221 272 180 163 14949 10597 115 10482 10290 159 10131 9918 9837 9769 9672
internal_count=17885 145 17740 2519 2293 2203 2073 151 1922 1575 1443 1182 920 679 262 150 132 226 15221 272 180 163 14949 10597 115 10482 10290 159 10131 9918 9837 9769 9672
cat_boundaries=0 1
cat_threshold=64
is_linear=0
shrinkage=0.0383886


Tree=139
num_leaves=34
num_cat=0
split_feature=2 32 10 21 14 6 20 11 14 35 35 1 35 25 8 2 12 35 10 27 25 10 42 0 2 12 8 12 38 11 16 38 24
split_gain=6.62689e+07 7.46751e+07 6.18494e+07 7.61254e+07 6.54481e+07 1.39851e+08 5.62325e+07 5.55666e+07 5.41011e+07 5.24925e+07 7.33228e+07 1.07407e+08 1.03659e+08 1.14485e+08 5.65077e+07 1.19065e+08 1.16301e+08 8.83872e+07 6.26037e+07 5.11614e+07 5.27061e+07 5.08811e+07 4.51277e+07 4.28331e+07 8.47778e+07 5.51682e+07 4.28168e+07 8.4121e+07 5.64651e+07 8.53132e+07 4.98395e+07 5.41862e+07 4.64721e+07
threshold=0.69671734453817458 1.0000000180025095e-35 978.60160371712948 0.024756939262740814 6.9987414877589513 285.24592402419569 0.016141046280293593 70.094134961120162 3.8144790764177969 0.93750000000000011 0.72916666666666685 0.25298889713350903 0.56250000000000011 770.42810659821077 291.50400563763543 0.79872595174458649 73.847878572733791 1.0000000180025095e-35 1016.6529697728778 3.2779659473473455 863.51342711203699 1016.6529697728778 0.25000000000000011 11.732148159872578 0.75161189554004493 51.559025141235594 294.44007383285935 55.598873833661862 -1.0000000180025095e-35 44.383930619484694 225.71010121431058 1.0000000180025095e-35 28.702055264283587
decision_type=2 2 2 2 2 2 2 2 2 2 2 2 2 2 2 2 2 2 2 2 2 2 2 2 2 2 2 2 2 2 2 2 2
left_child=1 -1 7 4 6 -6 9 -2 -5 10 12 -12 13 14 15 17 21 -4 -18 20 -15 -16 -17 24 25 -13 28 -28 29 -14 31 -30 -31
right_child=2 -3 3 8 5 -7 -8 -9 -10 -11 11 23 26 19 16 22 18 -19 -20 -21 -22 -23 -24 -25 -26 -27 27 -29 30 32 -32 -33 -34
leaf_value=3.8064451092000988 -53.120563094992995 60.20879684219863 14.748133160753 57.945276435256112 13.779235898699683 -54.323968768070031 38.273238700064681 -8.7541337265185746 4.3242162883302537 -10.131893036532677 -0.22235843446710843 40.669349090753485 15.808421641143177 8.8948839500240471 -6.3806872175090659 -41.600682243498674 44.578897965195864 -4.1407685733567146 -1.0521851563152758 43.856315319376343 -2.5242795241788092 6.1044458521496621 -14.921034788224418 33.657522934196479 -25.22580103409409 11.347316293742798 -5.4004005329890443 29.967447384928562 17.48728483442942 -39.24519710762101 -27.159984332472501 -7.8092132807571106 -15.624539851226697
leaf_weight=88 57 57 404 57 82 97 57 154 54 711 2087 103 78 2510 895 139 144 3789 64 54 781 1040 285 138 88 1154 1343 107 169 245 131 477 246
leaf_count=88 57 57 404 57 82 97 57 154 54 711 2087 103 78 2510 895 139 144 3789 64 54 781 1040 285 138 88 1154 1343 107 169 245 131 477 246
internal_value=0.131806 25.9785 -0.0794549 0.169233 -0.0327196 -23.1258 0.207065 -20.7395 31.8595 0.0807819 0.521631 5.39063 -0.825731 0.984337 -1.88997 -4.28116 3.26174 -2.3208 30.5385 6.79311 6.18495 0.32966 -23.6675 13.2897 11.1999 13.75 -7.36749 -2.79048 -12.2981 -21.4862 -5.56963 -1.19137 -27.4109
internal_weight=17885 145 17740 17529 17418 179 17239 211 111 17182 16471 3570 12901 10105 6760 4617 2143 4193 208 3345 3291 1935 424 1483 1345 1257 2796 1450 1346 569 777 646 491
internal_count=17885 145 17740 17529 17418 179 17239 211 111 17182 16471 3570 12901 10105 6760 4617 2143 4193 208 3345 3291 1935 424 1483 1345 1257 2796 1450 1346 569 777 646 491
is_linear=0
shrinkage=0.0383886


Tree=140
num_leaves=34
num_cat=2
split_feature=10 21 14 3 40 31 0 0 36 0 0 0 0 0 0 0 36 29 10 24 35 35 19 19 40 38 19 31 40 0 14 44 34
split_gain=5.83618e+07 6.94517e+07 6.16451e+07 9.02339e+07 5.71825e+07 5.68063e+07 7.31142e+07 2.30526e+08 1.11688e+08 1.06542e+08 1.86025e+08 1.4094e+08 1.61891e+08 1.79165e+08 1.92783e+08 7.67126e+07 7.78975e+07 6.3537e+07 9.38205e+07 1.15531e+08 5.92389e+07 5.86039e+07 5.46525e+07 6.03505e+07 1.57709e+08 1.57316e+08 1.42683e+08 9.82588e+07 1.29818e+08 9.08027e+07 6.5253e+07 6.00576e+07 1.2544e+08
threshold=978.60160371712948 0.024756939262740814 6.9987414877589513 285.54979776077931 0.1849296026015865 0 14.939170852569399 14.811974400548127 0.25881904510252091 14.22402246062296 13.929108357859096 13.268576987214706 12.599358814455455 11.863492633897799 11.348975741552261 13.125966672129577 0.60355339059327384 6.5000000000000009 1007.3531805085071 38.32138800905846 0.47916666666666669 0.77083333333333337 0.015980341011010653 0.00033877916885855593 0.98667101781630195 -1.0000000180025095e-35 0.00059816253424659592 1 0.47559651477048942 13.858429081247687 3.3886079097113044 0.52605993606604307 1.0000000180025095e-35
decision_type=2 2 2 2 2 1 2 2 2 2 2 2 2 2 2 2 2 2 2 2 2 2 2 2 2 2 2 1 2 2 2 2 2
left_child=-1 2 5 -4 -5 6 7 9 -9 10 11 12 13 14 -2 16 -14 18 -7 -20 -12 -11 23 31 26 -26 -25 28 -28 -30 -29 -19 -33
right_child=1 -3 3 4 -6 17 -8 8 -10 21 20 -13 15 -15 -16 -17 -18 22 19 -21 -22 -23 -24 24 25 -27 27 30 29 -31 -32 32 -34
leaf_value=-19.94331857781193 -8.2059210747930145 30.636492565399539 17.637038186547116 -11.375369726911913 -64.288826523072188 -49.998792690277135 -33.030043475864304 15.238807398801354 82.522388455124599 -34.313778972512708 67.863974247192559 -32.85393641675806 21.754149151666592 -37.402577340098794 37.577249772749113 -12.551152074163118 74.446441795912108 5.0411617101436104 18.868497889245187 -48.324963885443069 16.376499785245318 4.8362908388023325 31.129568177625043 -46.423164500656377 -87.605714900215318 -4.722678985700731 -6.9007882772532252 -1.8546070569802826 13.356261094533304 67.478612582077531 -45.125824393816288 0.53154114645055128 -36.930177410156027
leaf_weight=211 781 111 57 54 68 87 130 90 61 273 63 252 144 240 164 60 58 5799 125 54 69 71 92 91 68 67 148 260 88 95 64 7756 134
leaf_count=211 781 111 57 54 68 87 130 90 61 273 63 252 144 240 164 60 58 5799 125 54 69 71 92 91 68 67 148 260 88 95 64 7756 134
internal_value=0.126746 0.366352 0.175041 -22.238 -40.8683 0.405825 -4.99266 -3.44711 42.4197 -6.63144 -2.94871 -6.35935 -1.74522 -7.78293 -0.260462 25.5627 36.8837 1.29648 -17.2966 -1.40208 40.9502 -26.2333 1.63468 1.44844 -8.29049 -46.4713 -1.38106 4.87668 19.2508 41.4527 -10.0906 2.07522 -0.104689
internal_weight=17885 17674 17563 179 122 17384 2456 2326 151 2175 1831 1699 1447 1185 945 262 202 14928 266 179 132 344 14662 14570 881 135 746 655 331 183 324 13689 7890
internal_count=17885 17674 17563 179 122 17384 2456 2326 151 2175 1831 1699 1447 1185 945 262 202 14928 266 179 132 344 14662 14570 881 135 746 655 331 183 324 13689 7890
cat_boundaries=0 1 2
cat_threshold=64 50
is_linear=0
shrinkage=0.0383886


Tree=141
num_leaves=34
num_cat=4
split_feature=10 37 11 36 26 6 2 36 35 31 27 3 41 31 0 41 0 24 28 15 10 0 0 32 0 32 28 6 10 8 11 40 40
split_gain=7.21752e+07 6.75232e+07 6.19394e+07 5.8315e+07 1.26534e+08 6.04897e+07 1.84443e+08 7.9251e+07 8.37201e+07 5.84695e+07 1.20041e+08 8.70683e+07 9.90117e+07 1.08882e+08 1.24448e+08 9.38781e+07 1.11571e+08 8.58613e+07 7.06533e+07 7.38029e+07 6.37955e+07 6.19587e+07 1.05592e+08 7.66312e+07 7.20689e+07 2.46938e+08 5.7394e+07 5.60056e+07 7.51807e+07 5.55833e+07 5.51634e+07 5.37183e+07 5.26804e+07
threshold=978.60160371712948 -0.9159756150367534 70.094134961120162 -0.9159756150367534 680.66257358719633 279.25304143365821 0.76993756236112831 0.37940952255126054 0.22916666666666671 0 1.3579466457401439 293.63893628652812 -0.99052477729077237 1 14.904943805825953 -0.9292178835113839 14.820503516547079 23.200921885512425 2 162.25439056236942 988.11417822275882 14.865661594437169 14.912006068462391 1.0000000180025095e-35 14.760010628743727 1.0000000180025095e-35 3 292.29925618382646 1021.2445027752666 281.68098105378084 82.496703863282178 -0.78326540922535159 0.23537774960157334
decision_type=2 2 2 2 2 2 2 2 2 1 2 2 2 1 2 2 2 2 1 2 2 2 2 2 2 2 1 2 2 2 2 2 2
left_child=2 26 -1 4 -3 6 7 32 -9 10 21 -11 13 14 -13 17 20 -14 -12 -20 -17 24 -23 -24 29 -26 -2 -22 -29 30 -7 -28 -5
right_child=1 3 -4 5 -6 9 -8 8 -10 11 18 12 15 -15 -16 16 -18 -19 19 -21 27 22 23 -25 25 -27 31 28 -30 -31 -32 -33 -34
leaf_value=-57.201115125095562 -2.4696706431266477 15.718599175009711 -9.9767995971700572 1.4338207071142337 -2.8815315521573042 -11.268948979633032 70.78584904305049 -13.844272909056329 6.3207504668692041 -3.5844637711224627 -5.7522703178805212 -76.131567471544614 25.430234315553303 3.5951306078201442 -4.7494556555132501 41.912507921076092 -38.625106860269021 -25.313493586769631 45.333583103907934 5.3799981219907727 20.547715016175847 39.674765744456664 17.775691306329961 -29.819430623337496 -98.725338356068789 12.405492816155768 37.890188849550213 4.052781952523266 -24.821420006142315 -9.1827502594774497 -63.832245862705484 8.9062347090553633 31.792639792958202
leaf_weight=55 707 954 160 145 1239 62 61 502 767 5488 223 73 546 228 71 68 89 54 127 147 251 96 88 115 57 61 101 1165 150 2242 56 1407 201
leaf_count=55 707 954 160 145 1239 62 61 502 767 5488 223 73 546 228 71 68 89 54 127 147 251 96 88 115 57 61 101 1165 150 2242 56 1407 201
internal_value=0.0495665 0.320534 -22.0575 -0.584936 5.2099 -1.55258 5.25918 2.78417 -1.65626 -2.54905 -6.87572 -0.808565 4.84117 -13.5462 -38.2782 7.78569 3.23167 20.8633 10.4788 23.0572 5.51152 -10.0064 6.50102 -9.18699 -11.9983 -41.2763 6.58566 3.93088 0.759133 -10.5343 -36.2144 10.776 19.0701
internal_weight=17756 17541 215 15326 2193 13133 1676 1615 1269 11457 3274 8183 2695 372 144 2323 1723 600 497 274 1634 2777 299 203 2478 118 2215 1566 1315 2360 118 1508 346
internal_count=17756 17541 215 15326 2193 13133 1676 1615 1269 11457 3274 8183 2695 372 144 2323 1723 600 497 274 1634 2777 299 203 2478 118 2215 1566 1315 2360 118 1508 346
cat_boundaries=0 1 2 3 4
cat_threshold=65 20 1562 1616
is_linear=0
shrinkage=0.0383886


Tree=142
num_leaves=34
num_cat=4
split_feature=10 24 45 28 1 12 6 1 16 28 8 36 44 28 1 29 23 8 12 10 39 7 23 28 23 29 35 10 7 1 32 10 20
split_gain=6.67395e+07 5.38834e+07 7.57415e+07 7.34209e+07 1.10903e+08 5.58858e+07 1.63791e+08 1.27803e+08 8.33401e+07 8.29585e+07 1.23741e+08 8.14212e+07 7.25435e+07 1.03677e+08 1.09839e+08 8.31732e+07 1.25856e+08 8.47153e+07 8.44016e+07 8.18604e+07 9.61851e+07 1.24284e+08 9.27146e+07 8.56207e+07 7.81156e+07 1.32626e+08 1.34702e+08 8.44359e+07 1.19633e+08 8.37981e+07 7.70781e+07 1.21313e+08 9.00105e+07
threshold=978.60160371712948 62.083553992911582 0.88922368301820442 0 0.30092662431019596 72.745638820693941 280.55180987707564 0.23743595890941835 89.530330174915704 1 292.42882214222419 0.60355339059327384 0.74209610549551519 2 0.20210839139790512 183.50000000000003 21.339574829316557 307.04357429738099 46.669037373960613 1002.8392705563564 0.81174490092936691 305.32882482101758 2.9053883304528463 3 21.882573391116541 160.50000000000003 0.77083333333333337 1019.656551765182 293.76484221967888 0.1943876959942536 1.0000000180025095e-35 990.76286347646851 0.00096846277681761491
decision_type=2 2 2 1 2 2 2 2 2 1 2 2 2 1 2 2 2 2 2 2 2 2 2 1 2 2 2 2 2 2 2 2 2
left_child=-1 5 3 4 -3 6 7 -2 -9 -7 11 -11 13 24 15 -15 17 18 -17 -14 23 22 -22 -21 25 26 27 28 -8 -26 32 -32 -16
right_child=1 2 -4 -5 -6 9 12 8 -10 10 -12 -13 19 14 30 16 -18 -19 -20 20 21 -23 -24 -25 29 -27 -28 -29 -30 -31 31 -33 -34
leaf_value=-21.21078103128545 67.756712451274154 84.075822981085267 -17.963087048434137 7.4403452476390948 16.327976938372508 -9.1937728619259396 -26.939892668842219 57.189832958232699 9.4262877598950681 4.4639765167019663 29.58114990091212 -8.4233868960588349 -9.6165263099694123 0.58623737464397174 13.409933320998414 -79.248301603856646 28.11723971541403 5.3589938355246307 -28.119129231284429 -9.8629810987732682 18.084533289274066 -64.119549419866658 -17.89531792738676 11.550760084914728 -34.293493190409528 -5.6664026810938015 5.722971805652203 -14.398554414724625 -77.436809446796815 2.6017710854112579 47.768226305723644 -8.9089764387349852 -22.774206680292231
leaf_weight=215 71 55 116 461 101 2149 149 59 615 1583 203 1329 532 460 1636 78 54 56 122 303 186 54 244 2550 97 1659 138 147 129 1401 61 635 108
leaf_count=215 71 55 116 461 101 2149 149 59 615 1583 203 1329 532 460 1636 78 54 56 122 303 186 54 244 2550 97 1659 138 147 129 1401 61 635 108
internal_value=0.0475636 0.308128 10.4966 15.8472 37.7911 -0.136192 1.35858 18.768 13.6074 -3.41424 0.600566 -1.41765 0.157541 -2.1934 2.86084 -9.77113 -25.1402 -36.3742 -48.0596 4.36847 6.59802 -9.22561 -2.3319 9.28245 -6.54483 -11.13 -27.2295 -37.9295 -50.372 0.212679 6.85889 -3.94155 11.1692
internal_weight=17756 17541 733 617 156 16808 11544 745 674 5264 3115 2912 10799 6930 3210 770 310 256 200 3869 3337 484 430 2853 3720 2222 563 425 278 1498 2440 696 1744
internal_count=17756 17541 733 617 156 16808 11544 745 674 5264 3115 2912 10799 6930 3210 770 310 256 200 3869 3337 484 430 2853 3720 2222 563 425 278 1498 2440 696 1744
cat_boundaries=0 1 2 3 4
cat_threshold=4130 1140 850 3076
is_linear=0
shrinkage=0.0383886


Tree=143
num_leaves=34
num_cat=1
split_feature=37 16 41 41 0 38 18 41 41 41 0 38 31 34 18 16 8 43 12 16 29 37 45 41 39 29 8 11 37 12 14 45 41
split_gain=6.46603e+07 6.70777e+07 4.92556e+07 6.28341e+07 2.16028e+08 1.25782e+08 8.57611e+07 8.91367e+07 5.64223e+07 1.04354e+08 7.52912e+07 1.15827e+08 5.3042e+07 1.07603e+08 9.9739e+07 9.09598e+07 6.89121e+07 8.14576e+07 7.34364e+07 6.37393e+07 6.52238e+07 6.22639e+07 6.15255e+07 7.78922e+07 3.9542e+07 3.82394e+07 6.85314e+07 4.09707e+07 3.49628e+07 3.3103e+07 3.29257e+07 3.53795e+07 3.04868e+07
threshold=-0.9159756150367534 68.873137739327447 -0.99983123799342477 -0.99628250747696534 14.886690304456389 -1.0000000180025095e-35 0.6482811057482244 -0.065537083312030994 -0.99273797715557011 -0.99052477729077237 14.964328930459489 -1.0000000180025095e-35 0 1.0000000180025095e-35 0.12630665660215756 168.81985149166775 294.04032300509937 -0.9330127018922193 73.847878572733791 253.60060696088013 74.500000000000014 0.37940952255126048 0.40503147202717421 0.91852788691372023 -0.56174490092936669 82.500000000000014 287.3667928584253 63.054828272817183 0.37940952255126048 70.277616939358452 4.4092565770959249 0.3529115998950883 -0.94703994556331683
decision_type=2 2 2 2 2 2 2 2 2 2 2 2 1 2 2 2 2 2 2 2 2 2 2 2 2 2 2 2 2 2 2 2 2
left_child=25 30 -3 4 -4 -6 8 -8 24 -10 12 -12 14 16 19 21 17 -14 -18 20 -11 -16 23 -15 -5 26 27 -1 -21 -17 31 -2 -27
right_child=1 2 3 6 5 -7 7 -9 9 10 11 -13 13 22 15 29 18 -19 -20 28 -22 -23 -24 -25 -26 32 -28 -29 -30 -31 -32 -33 -34
leaf_value=21.421854641884316 -2.9785809507861614 27.226560232924925 -64.934788878520337 -1.5443553925434781 -27.816249149682378 23.978162797664226 -36.70260237628208 5.8702792284580267 -46.616926806345603 5.1287129317781739 -9.3652924942839189 55.908721415142509 -28.185415285138689 -71.621695042802045 41.905067373875212 13.187860892157321 4.9460859561715793 -0.36348099844071802 44.155383063847808 -34.550915919592065 -8.1407809372533908 1.7912368037458655 -2.851766889260738 -13.690660455987452 37.866986534557199 15.459387134580343 46.202591275275154 -1.5116307999129741 -10.141014505554017 -15.713229074412929 37.720119926115828 22.086522601321214 1.0999957149631161
leaf_weight=213 168 89 101 62 126 153 196 115 73 701 75 86 159 66 162 93 3157 6294 72 176 2467 88 108 71 95 257 87 249 170 157 74 164 1432
leaf_count=213 168 89 101 62 126 153 196 115 73 701 75 86 159 66 162 93 3157 6294 72 176 2467 88 108 71 95 257 87 249 170 157 74 164 1432
internal_value=0.0457362 -0.834017 -1.24771 -1.4164 -16.8279 0.58708 -1.01645 -20.9602 -0.58368 -0.837172 -0.600189 25.5015 -0.90163 0.605577 -4.6191 11.4115 1.24197 -1.04901 5.82038 -6.91321 -5.20457 27.7851 -24.5188 -41.5992 22.3032 6.14584 14.9473 9.06157 -22.5577 -4.96196 14.5642 9.40293 3.28495
internal_weight=17756 15518 15112 15023 380 279 14643 311 14332 14175 14102 161 13941 9927 4014 500 9682 6453 3229 3514 3168 250 245 137 157 2238 549 462 346 250 406 332 1689
internal_count=17756 15518 15112 15023 380 279 14643 311 14332 14175 14102 161 13941 9927 4014 500 9682 6453 3229 3514 3168 250 245 137 157 2238 549 462 346 250 406 332 1689
cat_boundaries=0 1
cat_threshold=65
is_linear=0
shrinkage=0.0383886


Tree=144
num_leaves=34
num_cat=0
split_feature=20 41 41 0 9 4 18 0 41 32 41 9 9 41 0 4 0 13 25 29 0 9 0 0 16 9 29 20 40 32 20 0 45
split_gain=7.80166e+07 5.39112e+07 6.10774e+07 1.55622e+08 8.01687e+07 6.50832e+07 1.00796e+08 9.5537e+07 1.2371e+08 9.54812e+07 8.41312e+07 1.16795e+08 9.16561e+07 8.25358e+07 2.71856e+08 9.99837e+07 1.04237e+08 1.13491e+08 8.75538e+07 8.03027e+07 7.72425e+07 1.93433e+08 1.23529e+08 6.58878e+07 6.47564e+07 6.14515e+07 8.9129e+07 6.09108e+07 9.17685e+07 6.7014e+07 1.14894e+08 9.98142e+07 1.06977e+08
threshold=0.013719301676982891 -0.99983123799342477 -0.99628250747696534 14.886690304456389 1012.9404590726077 296.6030369587574 0.67480540636402775 14.828082555492124 -0.98212955754013376 1.0000000180025095e-35 -0.93543596745397617 1011.7532311650079 986.28053049812445 -0.61915584096709908 14.108958059378015 291.02077988058164 13.915058043138824 1.9479976601212468 708.46194174532809 231.50000000000003 13.9473812969101 1015.7765007567822 14.055354732826462 14.270395245566151 78.53212902150463 988.76326664001022 164.50000000000003 0.00014767297104091009 0.99818282439137029 1.0000000180025095e-35 0.0029105792884643244 9.5938434878608341 0.88922368301820442
decision_type=2 2 2 2 2 2 2 2 2 2 2 2 2 2 2 2 2 2 2 2 2 2 2 2 2 2 2 2 2 2 2 2 2
left_child=1 -1 3 -3 -5 13 7 8 9 -7 11 -10 -12 15 24 -4 -17 -18 -16 20 21 -14 -22 -19 -15 -9 -27 -26 29 31 -31 -29 -33
right_child=-2 2 5 4 -6 6 -8 25 10 -11 12 -13 19 14 18 16 17 23 -20 -21 22 -23 -24 -25 27 26 -28 28 -30 30 -32 32 -34
leaf_value=26.194816795038196 38.47299845643294 -53.630312928752872 -19.520558065437729 41.415573958262918 -9.7765587158635103 -53.691834067357306 -33.787857866083968 -9.974451909379118 -26.848583505597446 5.1360718077519678 44.868764241033382 30.590597385555476 -71.64237184752659 11.958125923661212 29.010219677720968 -27.312405908417507 12.822426474860483 22.939722079977972 89.767835402673171 10.076610102988154 36.683918098813791 -4.4847171526324177 -4.4339383961729357 -12.959809681984638 -0.074227494866438856 5.0550116196385204 38.541341463395206 -46.750786937337615 -45.365823455544344 -11.053778712197108 41.745522670432848 -0.086904665057827596 -48.505006946427955
leaf_weight=115 78 111 717 55 250 97 97 85 62 70 72 329 83 596 93 214 676 85 56 861 122 265 917 663 9504 193 298 105 97 146 104 531 77
leaf_count=115 78 111 717 55 250 97 97 85 62 70 72 329 83 596 93 214 676 85 56 861 122 265 917 663 9504 193 298 105 97 146 104 531 77
internal_value=0.164403 -0.00397634 -0.174862 -14.7097 -0.545127 0.176372 4.80654 5.89041 3.03417 -29.0333 5.00957 21.4825 2.2333 -1.02692 0.334585 -7.56502 -2.33172 1.42239 51.8455 0.867738 -4.84879 -20.5023 0.394133 -8.88029 -0.353149 20.1616 25.3787 -1.04773 -9.77616 -6.1913 10.9107 -12.1878 -6.21884
internal_weight=17824 17746 17631 416 305 17215 3551 3454 2878 167 2711 391 2320 13664 11309 2355 1638 1424 149 2248 1387 348 1039 748 11160 576 491 10564 1060 963 250 713 608
internal_count=17824 17746 17631 416 305 17215 3551 3454 2878 167 2711 391 2320 13664 11309 2355 1638 1424 149 2248 1387 348 1039 748 11160 576 491 10564 1060 963 250 713 608
is_linear=0
shrinkage=0.0383886


Tree=145
num_leaves=34
num_cat=1
split_feature=37 35 0 41 35 0 4 12 28 3 45 18 29 24 35 12 42 32 16 2 0 0 2 2 2 24 9 10 9 9 29 23 7
split_gain=6.97631e+07 7.18136e+07 8.95197e+07 6.86159e+07 1.58475e+08 1.21686e+08 8.17019e+07 6.39777e+07 5.87099e+07 5.92059e+07 6.99775e+07 5.83432e+07 5.56959e+07 5.46512e+07 5.43991e+07 5.41768e+07 5.38505e+07 5.254e+07 8.75489e+07 1.14073e+08 8.72782e+07 2.02452e+08 5.7541e+07 7.70247e+07 1.15373e+08 1.11062e+08 7.72317e+07 1.37561e+08 6.17092e+07 7.13626e+07 5.20703e+07 1.08626e+08 6.96583e+07
threshold=-0.78656609248549325 0.72916666666666685 10.131967737396463 0.063390085881955341 0.062500000000000014 11.780160107788744 281.06602340331091 63.726976363655758 0 301.99362478815038 0.68012715015986502 0.7290118423464822 175.50000000000003 65.953624279990365 0.93750000000000011 52.679137073012257 -0.6830127018922193 1.0000000180025095e-35 121.10123250361943 0.6969150038320101 11.818925934643097 11.348975741552261 0.69938919975787772 0.71076988009093367 0.70936197528428313 4.1006865618167323 1016.8682480636338 1022.6006389607559 1025.2057028264267 1022.3164892368269 102.50000000000001 8.7513042939945223 286.09264592264066
decision_type=2 2 2 2 2 2 2 2 1 2 2 2 2 2 2 2 2 2 2 2 2 2 2 2 2 2 2 2 2 2 2 2 2
left_child=8 3 7 5 16 -2 -7 -3 9 10 30 -8 -11 -10 -4 -16 -5 18 -6 -20 21 -19 -21 24 -24 26 -25 -28 29 -27 31 32 -1
right_child=1 2 14 4 17 6 11 -9 13 12 -12 -13 -14 -15 15 -17 -18 20 19 22 -22 -23 23 25 -26 28 27 -29 -30 -31 -32 -33 -34
leaf_value=5.4023634019125248 54.762969558811697 33.849903397652 2.3775880918766736 -17.747608506798187 7.983275803213508 40.529507319068117 -0.76025244508475465 8.5404309977928339 7.9813685163634114 43.643371110659267 10.824370794917055 -36.81273878262035 -1.1024621534903993 46.409632602555696 5.3747208959374735 -18.984973898046114 15.206141417273917 -19.739873064259641 -56.680520806997841 12.001007742799704 -47.006568137504097 35.644414892939018 -17.014427887121542 -72.244147055517573 -75.986985580328835 -2.3567274327329648 18.394226027681636 -63.410787761031507 -31.345913512936434 32.585937599081845 -14.968570951556581 -12.837073157938898 60.810940559891684
leaf_weight=74 59 188 3001 84 480 70 5209 678 2090 81 375 67 83 56 208 381 562 786 75 184 126 111 385 55 56 1029 69 54 97 94 663 233 61
leaf_count=74 59 188 3001 84 480 70 5209 678 2090 81 375 67 83 56 208 381 562 786 75 184 126 111 385 55 56 1029 69 54 97 94 663 233 61
internal_value=0.158092 -1.0745 2.95647 -2.93546 -6.58689 -0.0663285 -0.671445 14.0349 4.83768 -0.82479 -3.37609 -1.21809 20.9975 8.9425 0.284069 -10.3825 10.9211 -9.72774 -6.80672 -10.1905 -17.0888 -12.8863 -8.46696 -10.5149 -24.5031 -6.10228 -34.4293 -17.5201 -1.9693 0.568115 -8.54116 3.03861 30.439
internal_weight=17824 14108 4456 9652 4247 5405 5346 866 3716 1570 1406 5276 164 2146 3590 589 646 3601 2578 2098 1023 897 2023 1839 441 1398 178 123 1220 1123 1031 368 135
internal_count=17824 14108 4456 9652 4247 5405 5346 866 3716 1570 1406 5276 164 2146 3590 589 646 3601 2578 2098 1023 897 2023 1839 441 1398 178 123 1220 1123 1031 368 135
cat_boundaries=0 1
cat_threshold=1618
is_linear=0
shrinkage=0.0383886


Tree=146
num_leaves=34
num_cat=4
split_feature=20 31 41 40 28 9 0 0 2 39 0 0 7 29 0 27 9 4 40 40 40 5 40 0 9 2 0 2 0 31 2 31 0
split_gain=7.14815e+07 5.61159e+07 9.92038e+07 6.409e+07 6.55773e+07 1.572e+08 9.72828e+07 1.54408e+08 1.42461e+08 9.94959e+07 1.19729e+08 1.00228e+08 7.25975e+07 1.21444e+08 7.82042e+07 7.9614e+07 7.26399e+07 1.58312e+08 1.04789e+08 8.19585e+07 8.57744e+07 7.52079e+07 7.50414e+07 6.76806e+07 6.46871e+07 6.29974e+07 2.32721e+08 2.14443e+08 1.9343e+08 1.71797e+08 1.59481e+08 1.56059e+08 1.75169e+08
threshold=0.013719301676982891 0 -0.99864786094873803 -0.99866806308218525 1 1025.8361773098154 9.4343983843950685 9.4143983843950689 0.6969150038320101 1.0000000180025095e-35 9.5721160351376611 9.5542763968319555 278.15588461263553 72.500000000000014 11.263482853748908 0.43656869520955888 1015.8421388567311 301.17562310586413 0.98522604642031408 0.9916835347852474 0.99818282439137029 280.67199145760338 -0.98214942551678475 12.747691732338689 1027.9665734383691 0.81497914353903089 14.926749891514442 0.81184737269308072 14.860661594437168 2 0.818562879543696 3 14.791974400548128
decision_type=2 1 2 2 1 2 2 2 2 2 2 2 2 2 2 2 2 2 2 2 2 2 2 2 2 2 2 2 2 1 2 1 2
left_child=1 2 -1 -4 6 12 7 -5 -8 11 -11 -10 -6 14 -14 -16 17 18 22 21 -21 -18 -15 -20 -12 27 28 -3 31 -29 -30 -27 -33
right_child=-2 25 3 4 5 -7 8 -9 9 10 24 -13 13 16 15 -17 19 -19 23 20 -22 -23 -24 -25 -26 26 -28 29 30 -31 -32 32 -34
leaf_value=36.560494188987477 36.821076995752712 1.1523437075571139 36.021298626387079 -5.5775709555868769 -50.555268022179483 -67.225784052974262 64.947414462539527 -76.749501453815512 -31.526463138667541 40.121418283871705 -15.803414851125336 15.53637961054552 0.024606549396958506 26.609917989901515 61.471656500358527 9.4768670999548128 27.486617155936283 47.297353675815863 -3.1998194264923949 -75.988067685080097 -11.296836619251961 -16.275909025229929 -13.961958552346665 50.38685686572218 18.353289628246504 -32.578953969789616 9.7676228821085722 67.305844861196974 -52.321257134043819 13.726631206360576 16.628059754221553 -7.9619297100050455 60.784756703216935
leaf_weight=90 78 10641 58 212 55 65 55 57 73 72 673 771 343 72 75 103 62 84 68 67 55 869 1004 71 93 139 691 108 305 424 59 144 88
leaf_count=90 78 10641 58 212 55 65 55 57 73 72 673 771 343 72 75 103 62 84 68 67 55 869 1004 71 93 139 691 108 305 424 59 144 88
internal_value=0.152023 -0.00915018 -3.38273 -4.1003 -4.56581 -8.15066 0.819416 -20.6587 4.15035 2.16232 -7.20771 11.4658 -6.86705 -6.03069 10.7389 31.3849 -9.74539 -3.67128 -7.19505 -17.2385 -46.8242 -13.3615 -11.2471 24.1717 -11.6564 1.37064 -6.22665 2.3415 -21.2635 26.1268 -41.1454 -1.75666 17.3658
internal_weight=17824 17746 5147 5057 4999 2993 2006 269 1737 1682 838 844 2928 2873 521 178 2352 1299 1215 1053 122 931 1076 139 766 12599 1426 11173 735 532 364 371 232
internal_count=17824 17746 5147 5057 4999 2993 2006 269 1737 1682 838 844 2928 2873 521 178 2352 1299 1215 1053 122 931 1076 139 766 12599 1426 11173 735 532 364 371 232
cat_boundaries=0 1 2 3 4
cat_threshold=72 6530 2 17
is_linear=0
shrinkage=0.0383886


Tree=147
num_leaves=34
num_cat=2
split_feature=25 26 36 36 11 27 27 28 45 32 25 34 36 28 40 40 10 10 11 4 1 1 10 38 10 4 23 27 25 29 41 36 1
split_gain=5.69393e+07 7.82082e+07 1.17711e+08 6.24487e+07 4.97251e+07 5.07459e+07 4.89515e+07 4.62262e+07 8.31328e+07 5.33353e+07 4.10008e+07 4.13572e+07 5.2702e+07 4.59764e+07 5.30153e+07 1.58778e+08 4.97501e+07 5.38399e+07 7.61675e+07 5.30254e+07 4.85055e+07 8.03935e+07 7.87743e+07 4.57671e+07 4.56704e+07 3.91305e+07 3.90677e+07 7.33958e+07 1.35718e+08 7.78007e+07 6.35721e+07 5.42897e+07 1.18067e+08
threshold=835.09507826136416 759.25184807812388 -0.9159756150367534 0.25881904510252091 35.783158001927774 0.11121855825308195 0.20803724725705744 0 0.62102846403886891 1.0000000180025095e-35 759.60393497678638 1.0000000180025095e-35 0.60355339059327384 1 0.67167992559793654 0.64579916509010216 1006.4866748181615 1014.8196042901367 81.119477666329843 275.7504879156366 0.3112836758503818 0.30195332888550025 982.34103361492237 1.0000000180025095e-35 1031.2237039028585 287.03613819287085 2.5732011359656775 0.1559173751249715 211.17027949755561 62.500000000000007 0.063390085881955341 0.78656609248549325 0.2330414172719977
decision_type=2 2 2 2 2 2 2 1 2 2 2 2 2 1 2 2 2 2 2 2 2 2 2 2 2 2 2 2 2 2 2 2 2
left_child=1 2 -1 25 -3 -6 -7 8 -8 -9 11 13 -13 14 15 16 20 18 23 -19 21 22 -4 -18 -21 -2 30 28 -28 -29 31 -15 -33
right_child=3 4 10 -5 5 6 7 9 -10 -11 -12 12 -14 26 -16 -17 17 19 -20 24 -22 -23 -24 -25 -26 -27 27 29 -30 -31 -32 32 -34
leaf_value=10.680329687556396 15.703357240786353 5.1577114929799546 -58.086894332925858 13.512433807153695 -26.192976606941372 20.165070031074194 14.195319646377557 -7.5354031060373812 -16.743923273822674 -24.458006911400496 5.3160145308163065 -0.0064329775420317184 -38.398879479727817 3.7520532592639495 12.847568524104467 -58.592416349877652 -1.8790826859890908 26.893816513548558 49.09436212878861 1.2467393730012861 -32.796146755925122 12.375456778155455 -7.9925530363622652 21.072949875579649 -16.089104958463199 -1.6677459092662998 -10.95371302739651 38.452591700040436 -72.007109319475433 -4.1860955044142134 -12.446984721629905 3.2554523650699658 71.319544638201279
leaf_weight=1459 223 426 56 901 231 92 306 975 220 382 1376 109 102 371 539 67 292 108 77 2078 102 248 266 228 251 1336 332 64 64 4311 230 93 63
leaf_count=1459 223 426 56 901 231 92 306 975 220 382 1376 109 102 371 539 67 292 108 77 2078 102 248 266 228 251 1336 332 64 64 4311 230 93 63
internal_value=0.0407371 -0.819439 0.412231 5.46685 -6.84957 -9.16831 -7.17706 -8.51295 1.23151 -12.2092 -0.898799 -1.74962 -18.5659 -1.38903 1.58196 -0.0232124 1.03565 3.12891 13.461 0.597822 -8.41518 -4.05224 -16.7047 8.18447 -0.621566 0.817015 -3.70265 -4.99484 -20.821 -3.56235 4.39249 11.7418 30.743
internal_weight=17978 15518 12886 2460 2632 2206 1975 1883 526 1357 11427 10051 211 9840 4312 3773 3706 3034 597 2437 672 570 322 520 2329 1559 5528 4771 396 4375 757 527 156
internal_count=17978 15518 12886 2460 2632 2206 1975 1883 526 1357 11427 10051 211 9840 4312 3773 3706 3034 597 2437 672 570 322 520 2329 1559 5528 4771 396 4375 757 527 156
cat_boundaries=0 1 2
cat_threshold=6304 4294
is_linear=0
shrinkage=0.0383886


Tree=148
num_leaves=34
num_cat=2
split_feature=25 26 26 26 16 2 2 16 11 1 27 27 7 2 31 4 11 1 2 1 10 2 31 29 29 2 2 2 2 2 16 18 29
split_gain=5.2796e+07 7.33654e+07 7.54522e+07 6.43862e+07 6.12827e+07 4.54951e+07 4.84341e+07 4.37979e+07 3.87417e+07 5.60107e+07 4.51328e+07 4.9296e+07 4.63401e+07 5.98503e+07 4.45681e+07 3.94283e+07 3.77303e+07 4.46356e+07 6.6148e+07 3.70193e+07 3.58152e+07 4.29167e+07 4.42495e+07 5.5149e+07 4.6893e+07 3.53395e+07 4.22491e+07 4.60695e+07 3.75388e+07 5.95741e+07 5.64899e+07 3.50639e+07 3.46637e+07
threshold=844.39411627179061 760.72125026481467 354.1000693370317 860.91005798780463 70.983070819712211 0.71465046073590355 0.79364839964734346 242.14270429253909 35.783158001927774 0.23946886371606885 0.11121855825308195 0.20803724725705744 300.73934900365253 0.73972862093047087 0 302.87999701835435 44.925563952947627 0.2143644744022927 0.76921168898383863 0.21818854835106441 1005.3476821124385 0.80156657007763421 1 186.50000000000003 211.50000000000003 0.71006204458744049 0.73050343539474361 0.73784276262377668 0.77128006022580964 0.77743069061214387 221.83052275236017 0.034549054463489222 319.50000000000006
decision_type=2 2 2 2 2 2 2 2 2 2 2 2 2 2 1 2 2 2 2 2 2 2 1 2 2 2 2 2 2 2 2 2 2
left_child=1 2 4 -2 -1 7 -7 31 9 15 12 -12 13 -10 16 -3 17 -13 -19 20 -8 -22 23 -23 -24 -16 -27 -28 -29 -30 -31 32 -4
right_child=3 8 5 -5 -6 6 19 -9 10 -11 11 14 -14 -15 25 -17 -18 18 -20 -21 21 22 24 -25 -26 26 27 28 29 30 -32 -33 -34
leaf_value=16.957106765699905 9.4902323884768993 25.850738855666744 -15.247729429773676 -6.0298611034401155 -1.6882409099399913 12.227570744536616 -12.539793388392628 -29.399615579664321 -34.006843116977798 -32.560686136944113 20.271659297141596 2.8759387565508456 -53.049447138263197 10.442794933801249 7.9347650447155669 0.33030348203855697 4.6681469641824895 3.8088135599899138 -51.020948933494473 -27.703141657746887 31.598490476408625 6.0720666179936442 5.2496667019479295 -37.385128133532589 43.037862181178156 -31.196054998400921 15.649345994649416 -26.421511445294335 29.820407270892048 -18.533644251408798 19.419786734027049 18.441770780720972 5.1640635243712394
leaf_weight=267 1615 133 226 521 9604 1544 172 82 101 55 96 133 61 80 109 271 558 55 79 61 91 96 403 78 55 194 84 252 54 385 68 127 268
leaf_count=267 1615 133 226 521 9604 1544 172 82 101 55 96 133 61 80 109 271 558 55 79 61 91 96 403 78 55 194 84 252 54 385 68 127 268
internal_value=0.0391733 -0.724712 0.477336 5.70466 -1.1839 5.59694 8.02308 -3.03082 -6.40231 3.78393 -8.42721 -6.59077 -24.1128 -14.3605 -7.89914 8.73188 -0.998564 -12.8788 -28.5161 1.23254 3.20471 6.95031 3.40126 -12.6799 9.57846 -12.7469 -15.0437 -11.3265 -14.312 -8.29304 -12.8364 0.451027 -4.17409
internal_weight=17978 15842 13074 2136 9871 3203 2500 703 2768 459 2309 2067 242 181 1971 404 825 267 134 956 895 723 632 174 458 1146 1037 843 759 507 453 621 494
internal_count=17978 15842 13074 2136 9871 3203 2500 703 2768 459 2309 2067 242 181 1971 404 825 267 134 956 895 723 632 174 458 1146 1037 843 759 507 453 621 494
cat_boundaries=0 1 2
cat_threshold=11 17
is_linear=0
shrinkage=0.0383886


Tree=149
num_leaves=34
num_cat=1
split_feature=25 16 35 35 1 35 29 55 6 9 2 2 1 13 1 2 2 40 29 40 28 1 1 44 40 36 39 45 10 4 10 1 1
split_gain=4.88203e+07 6.7033e+07 6.36908e+07 7.9371e+07 6.34022e+07 5.47349e+07 5.30364e+07 4.95807e+07 5.03556e+07 6.46627e+07 4.94948e+07 1.44419e+08 1.36082e+08 2.44844e+08 1.72238e+08 7.78064e+07 2.00198e+08 9.36302e+07 8.62945e+07 6.46835e+07 9.94239e+07 1.60849e+08 9.83915e+07 1.39754e+08 1.3442e+08 5.35911e+07 4.88555e+07 4.22701e+07 4.1772e+07 4.10499e+07 3.99005e+07 3.90516e+07 6.07394e+07
threshold=844.39411627179061 70.983070819712211 0.72916666666666685 0.93750000000000011 0.25055428775155425 0.47916666666666669 2.5000000000000004 0.14425730830803504 274.0397490392312 1009.0028266805992 0.73050343539474361 0.729461768728077 0.29669155949823606 3.8081736056054214 0.29485354602110464 0.73883827249170098 0.73972862093047087 -0.99275805973510278 273.50000000000006 0.534952257794027 0 0.2737774765286895 0.28103516419973551 0.40503147202717421 -0.76141707087277943 0.91597561503675362 1.0000000180025095e-35 0.3529115998950883 1026.4811339798905 283.50598948093813 1024.8976688339856 0.31112149931579086 0.30195332888550025
decision_type=2 2 2 2 2 2 2 2 2 2 2 2 2 2 2 2 2 2 2 2 1 2 2 2 2 2 2 2 2 2 2 2 2
left_child=1 27 6 4 -4 -2 -3 8 9 -8 11 19 14 -14 15 17 -17 -12 -18 20 22 25 23 -10 -24 -22 -19 -1 30 -29 31 32 -6
right_child=5 2 3 -5 28 -7 7 -9 10 -11 12 -13 13 -15 -16 16 18 26 -20 -21 21 -23 24 -25 -26 -27 -28 29 -30 -31 -32 -33 -34
leaf_value=2.7010885242666518 13.917311151179064 -32.888891331383576 0.5776070568297107 -8.6940557697099923 9.9873980457111884 1.0069069168473006 -7.6582715537046138 24.324420858128679 -3.6223650815148063 40.55517717664619 61.634562112194359 -57.889407350757587 -20.855686630096738 79.33463634274429 -55.092759032409255 -66.405329228619692 -2.1164694483459479 -6.9949860026404531 35.320214237942821 25.703123399813656 -19.341259540728778 -71.09148719107678 -62.890518310058944 60.869866595081731 -4.2126952752274853 14.530483677886625 23.770559076686073 53.432265961100654 -2.8559024567049178 15.873374510068647 45.585878840185309 -9.6772682135256201 32.083757894297619
leaf_weight=239 741 85 2016 737 953 1395 76 101 125 89 56 80 64 82 89 71 6619 160 92 94 362 83 59 82 2315 85 145 59 275 157 55 110 227
leaf_count=239 741 85 2016 737 953 1395 76 101 125 89 56 80 64 82 89 71 6619 160 92 94 362 83 59 82 2315 85 145 59 275 157 55 110 227
internal_value=0.0376696 -0.696891 -1.1263 2.79335 5.12179 5.48566 -2.68256 -2.44763 -2.69735 18.3477 -3.023 -6.94263 -1.27782 35.4155 -2.01859 -1.35729 -2.28166 16.0085 -1.60325 -5.67094 -6.61892 -21.6056 -3.44439 21.9252 -5.671 -12.9003 7.63121 13.8247 10.7768 26.1326 13.5641 12.1988 14.2382
internal_weight=17978 15842 15387 4373 3636 2136 11014 10929 10828 165 10663 3285 7378 146 7232 7143 6782 361 6711 3205 3111 530 2581 207 2374 447 305 455 1620 216 1345 1290 1180
internal_count=17978 15842 15387 4373 3636 2136 11014 10929 10828 165 10663 3285 7378 146 7232 7143 6782 361 6711 3205 3111 530 2581 207 2374 447 305 455 1620 216 1345 1290 1180
cat_boundaries=0 1
cat_threshold=6146
is_linear=0
shrinkage=0.0383886


Tree=150
num_leaves=34
num_cat=2
split_feature=55 40 26 11 24 9 35 36 6 9 0 40 40 37 0 10 28 26 38 24 40 44 24 16 0 13 10 40 40 0 18 10 28
split_gain=6.36716e+07 6.5399e+07 4.46458e+07 7.2495e+07 7.11779e+07 6.83711e+07 5.64768e+07 5.4849e+07 5.34299e+07 7.33016e+07 5.49198e+07 5.00959e+07 1.06628e+08 1.19234e+08 4.97174e+07 4.96012e+07 7.75303e+07 8.80088e+07 8.26991e+07 1.30004e+08 6.36279e+07 5.64152e+07 5.57181e+07 6.99449e+07 9.17656e+07 6.65945e+07 5.39893e+07 6.88484e+07 5.11914e+07 8.37017e+07 4.86631e+07 7.40939e+07 6.29562e+07
threshold=1.0000000180025095e-35 -0.35846811432664222 782.40821542881997 72.320090867684115 62.083553992911582 979.77255079083068 1.0000000180025095e-35 -0.5 279.12879517031899 1020.8266892719372 11.905452375063666 0.93845596220871974 0.50557357885840837 0.37940952255126048 9.5542763968319555 1016.5480630156305 0 640.30284630312019 0.87837969732492682 7.4852296649014916 0.99939377080793557 0.59496852797282596 2.5426812795444338 112.71246162880963 13.897120305775262 1.3967651116421831 985.81322582272344 0.73283908552571664 -0.16799356919963607 11.519011831879236 0.086947108691614844 1018.7979364616053 1
decision_type=2 2 2 2 2 2 2 2 2 2 2 2 2 2 2 2 1 2 2 2 2 2 2 2 2 2 2 2 2 2 2 2 1
left_child=2 -2 3 5 6 -1 -5 -8 10 14 -9 12 -11 -14 -10 26 17 21 20 -20 22 -17 -18 24 25 -24 27 -7 -25 -30 -4 32 -32
right_child=1 -3 30 4 -6 15 7 8 9 11 -12 -13 13 -15 -16 16 18 -19 19 -21 -22 -23 23 28 -26 -27 -28 -29 29 -31 31 -33 -34
leaf_value=-31.73928097203633 -5.0758817833499545 28.116555108031879 -1.8092637423566473 12.274812174940193 10.220575670459256 6.0771720769939108 2.8896645404356334 -2.3720498314079661 26.769821434402679 -16.632646783054177 28.055298534023578 1.8724806903420901 -98.857629399804452 -21.939719381008903 -6.8791303155682044 37.723431982988039 11.559836956590502 -0.42936780727544516 47.933433495106989 1.689616497979735 40.318054723652274 15.520792594585878 -10.513540305614761 -0.84996419218379793 -16.772524322530384 34.317445272423406 -0.90774514940945283 53.106357769964291 -52.868710458135212 -10.053177565737538 -17.315745950739707 -41.316157204308254 8.4554874058570473
leaf_weight=81 139 236 3268 304 596 185 1075 978 67 553 96 135 54 66 1893 239 465 375 148 227 58 573 64 884 119 206 3278 61 76 587 349 114 223
leaf_count=81 139 236 3268 304 596 185 1075 978 67 553 96 135 54 66 1893 239 465 375 148 227 58 573 64 884 119 206 3278 61 76 587 349 114 223
internal_value=0.162665 15.8132 -0.174688 0.880004 -2.3478 3.34213 -3.78254 -4.77531 -6.91999 -9.7399 0.347701 -19.4696 -23.7507 -56.553 -5.72888 3.71875 6.63262 14.8273 3.13693 19.9406 0.587114 22.0558 -0.372645 -3.23867 11.3125 23.6908 0.393922 17.739 -6.89764 -14.9612 -3.76049 -13.0558 -7.42344
internal_weight=17772 375 17397 13443 5817 7626 5221 4917 3842 2768 1074 808 673 120 1960 7545 4021 1187 2834 375 2459 812 2401 1936 389 270 3524 246 1547 663 3954 686 572
internal_count=17772 375 17397 13443 5817 7626 5221 4917 3842 2768 1074 808 673 120 1960 7545 4021 1187 2834 375 2459 812 2401 1936 389 270 3524 246 1547 663 3954 686 572
cat_boundaries=0 1 2
cat_threshold=3142 1138
is_linear=0
shrinkage=0.0383886


Tree=151
num_leaves=34
num_cat=4
split_feature=34 0 28 38 44 2 2 24 48 2 29 0 10 10 0 0 1 31 0 37 24 1 16 0 31 10 10 6 19 1 24 20 31
split_gain=6.48669e+07 1.86673e+08 1.59087e+08 8.66407e+07 6.53376e+07 5.7821e+07 1.12469e+08 1.89625e+08 4.74108e+07 5.04616e+07 5.40482e+07 7.79215e+07 6.0731e+07 9.19862e+07 8.14184e+07 5.31694e+07 2.88177e+08 2.19168e+08 1.85794e+08 1.76346e+08 1.01147e+08 1.00029e+08 1.82064e+08 1.63772e+08 8.60626e+07 1.46612e+08 9.60041e+07 8.67282e+07 8.49622e+07 8.12551e+07 5.54587e+07 5.25968e+07 5.67162e+07
threshold=1.0000000180025095e-35 9.4488816080864613 0 0.6078576107927941 0.59496852797282596 0.69671734453817458 0.6969150038320101 29.385796082637039 0.11077631698179569 0.6976257471746653 285.50000000000006 11.053260374613874 1030.8804520286478 1032.8197926009311 10.131967737396463 13.147335034660054 0.23393914586899056 1 13.165505060466311 0.37940952255126048 16.236142184718236 0.23585621520698893 148.74915309986585 12.916517146251097 2 982.34103361492237 1023.6983973345799 299.59257876808482 0.015980341011010653 0.23502288187365558 59.185903626144174 0.0024132550911453161 3
decision_type=2 2 1 2 2 2 2 2 2 2 2 2 2 2 2 2 2 1 2 2 2 2 2 2 1 2 2 2 2 2 2 2 1
left_child=5 -2 4 -4 -3 -1 7 -7 9 -8 12 31 15 14 -14 16 17 20 -17 -19 -11 22 -18 28 26 -26 27 -20 -23 -24 -27 32 -12
right_child=1 2 3 -5 -6 6 8 -9 -10 10 11 -13 13 -15 -16 18 21 19 24 -21 -22 23 29 -25 25 30 -28 -29 -30 -31 -32 -33 -34
leaf_value=28.880494374359493 -81.21410111264197 -11.364436984779832 50.299299594813007 -4.3650885088268607 -70.54684871352238 -73.703004246802749 18.146438608370136 8.1817182433492857 -16.43876090313756 -35.864274059523389 3.9844522554496637 -28.313379923896328 -8.1201904004203342 15.801264448373615 -69.118014306147501 -70.840271120847561 -67.242436024034532 112.18464428180634 1.1188589763901311 24.060753815607498 33.070908052731042 2.2813521445606715 22.151458553888109 50.616694336561842 -47.782434896934916 -2.3609533136165419 57.089941616279695 20.458655095719187 47.441697188381298 -29.560815805919116 24.047354106831794 -39.119760660710867 -9.4757487386675479
leaf_weight=105 55 54 77 96 56 80 245 87 237 55 1089 194 64 70 65 55 84 88 1607 54 73 6267 109 107 104 5006 54 434 62 76 120 57 786
leaf_count=105 55 54 77 96 56 80 245 87 237 55 1089 194 64 70 65 55 84 88 1607 54 73 6267 109 107 104 5006 54 434 62 76 120 57 786
internal_value=0.156229 -16.5004 -3.92341 18.8742 -38.036 0.479158 0.307067 -31.0444 0.612144 0.850908 0.596866 -5.12062 1.43206 -19.6295 -38.8557 1.72403 4.12722 43.0118 -0.547275 73.4971 3.20018 2.56139 -20.3735 3.51999 -0.0194744 -2.65317 6.5368 5.2313 2.72375 0.907407 -1.74273 -2.79173 -1.68734
internal_weight=17772 338 283 173 110 17434 17329 167 17162 16925 16680 2126 14554 199 129 14355 6975 270 7380 142 128 6705 269 6436 7325 5230 2095 2041 6329 185 5126 1932 1875
internal_count=17772 338 283 173 110 17434 17329 167 17162 16925 16680 2126 14554 199 129 14355 6975 270 7380 142 128 6705 269 6436 7325 5230 2095 2041 6329 185 5126 1932 1875
cat_boundaries=0 1 2 3 4
cat_threshold=280 73 10 29
is_linear=0
shrinkage=0.0383886


end of trees

feature_importances:
daylight_length_hr=610
utc_time_day_fraction=374
day_of_year_cos=333
sunset_day_fraction_utc=288
sunrise_day_fraction_utc=287
day_of_year=285
day_of_year_sin=239
month=228
pressure_rolling3h=169
day_of_week=164
temp_min=140
day_hour_sin=132
pressure=128
is_weekend=100
day_of_week_sin=95
temp_min_rolling3h=92
clouds_all_rolling3h=92
date_fraction_of_year=89
day_hour_cos=88
solar_flux_Wm2_rolling3h=86
temp_max=77
temp=65
day_of_week_cos=58
solar_flux_Wm2=56
wind_speed_rolling3h=53
wind_deg_rolling3h=52
is_holiday=52
severity=49
temp_rolling3h=48
rain_1h_rolling3h=48
rain_3h_rolling3h=44
wx_clear=44
temp_max_rolling3h=43
humidity_rolling3h=43
clouds_all=37
wx_clouds=33
rain_3h=30
humidity=27
wind_speed=27
snow_3h=20
wx_rain=18
month_sin=15
wind_deg=14
rain_1h=11
month_cos=10
snow_3h_rolling3h=9
wx_thunderstorm=6
season=4
wx_fog=3
wx_drizzle=1

parameters:
[boosting: gbdt]
[objective: regression]
[metric: rmse]
[tree_learner: serial]
[device_type: cpu]
[data_sample_strategy: bagging]
[data: ]
[valid: ]
[num_iterations: 5000]
[learning_rate: 0.0383886]
[num_leaves: 34]
[num_threads: -1]
[seed: 42]
[deterministic: 0]
[force_col_wise: 0]
[force_row_wise: 0]
[histogram_pool_size: -1]
[max_depth: 12]
[min_data_in_leaf: 54]
[min_sum_hessian_in_leaf: 0.001]
[bagging_fraction: 0.747204]
[pos_bagging_fraction: 1]
[neg_bagging_fraction: 1]
[bagging_freq: 3]
[bagging_seed: 400]
[bagging_by_query: 0]
[feature_fraction: 0.60846]
[feature_fraction_bynode: 1]
[feature_fraction_seed: 30056]
[extra_trees: 0]
[extra_seed: 12879]
[early_stopping_round: 0]
[early_stopping_min_delta: 0]
[first_metric_only: 0]
[max_delta_step: 0]
[lambda_l1: 0.411722]
[lambda_l2: 0.000112437]
[linear_lambda: 0]
[min_gain_to_split: 0]
[drop_rate: 0.1]
[max_drop: 50]
[skip_drop: 0.5]
[xgboost_dart_mode: 0]
[uniform_drop: 0]
[drop_seed: 17869]
[top_rate: 0.2]
[other_rate: 0.1]
[min_data_per_group: 100]
[max_cat_threshold: 32]
[cat_l2: 10]
[cat_smooth: 10]
[max_cat_to_onehot: 4]
[top_k: 20]
[monotone_constraints: ]
[monotone_constraints_method: basic]
[monotone_penalty: 0]
[feature_contri: ]
[forcedsplits_filename: ]
[refit_decay_rate: 0.9]
[cegb_tradeoff: 1]
[cegb_penalty_split: 0]
[cegb_penalty_feature_lazy: ]
[cegb_penalty_feature_coupled: ]
[path_smooth: 0]
[interaction_constraints: ]
[verbosity: -1]
[saved_feature_importance_type: 0]
[use_quantized_grad: 0]
[num_grad_quant_bins: 4]
[quant_train_renew_leaf: 0]
[stochastic_rounding: 1]
[linear_tree: 0]
[max_bin: 255]
[max_bin_by_feature: ]
[min_data_in_bin: 3]
[bin_construct_sample_cnt: 200000]
[data_random_seed: 175]
[is_enable_sparse: 1]
[enable_bundle: 1]
[use_missing: 1]
[zero_as_missing: 0]
[feature_pre_filter: 1]
[pre_partition: 0]
[two_round: 0]
[header: 0]
[label_column: ]
[weight_column: ]
[group_column: ]
[ignore_column: ]
[categorical_feature: 28,31]
[forcedbins_filename: ]
[precise_float_parser: 0]
[parser_config_file: ]
[objective_seed: 16083]
[num_class: 1]
[is_unbalance: 0]
[scale_pos_weight: 1]
[sigmoid: 1]
[boost_from_average: 1]
[reg_sqrt: 0]
[alpha: 0.9]
[fair_c: 1]
[poisson_max_delta_step: 0.7]
[tweedie_variance_power: 1.5]
[lambdarank_truncation_level: 30]
[lambdarank_norm: 1]
[label_gain: ]
[lambdarank_position_bias_regularization: 0]
[eval_at: ]
[multi_error_top_k: 1]
[auc_mu_weights: ]
[num_machines: 1]
[local_listen_port: 12400]
[time_out: 120]
[machine_list_filename: ]
[machines: ]
[gpu_platform_id: -1]
[gpu_device_id: -1]
[gpu_use_dp: 0]
[num_gpu: 1]

end of parameters

pandas_categorical:[]
