tree
version=v4
num_class=1
num_tree_per_iteration=1
label_index=0
max_feature_idx=55
objective=quantile
feature_names=daylight_length_hr sunrise_day_fraction_utc sunset_day_fraction_utc temp temp_rolling3h temp_min temp_min_rolling3h temp_max temp_max_rolling3h pressure pressure_rolling3h humidity humidity_rolling3h wind_speed wind_speed_rolling3h wind_deg wind_deg_rolling3h rain_1h rain_1h_rolling3h rain_3h rain_3h_rolling3h snow_3h snow_3h_rolling3h clouds_all clouds_all_rolling3h solar_flux_Wm2 solar_flux_Wm2_rolling3h severity month day_of_year date_fraction_of_year day_of_week is_weekend season is_holiday utc_time_day_fraction day_hour_sin day_hour_cos day_of_week_sin day_of_week_cos day_of_year_sin day_of_year_cos month_sin month_cos wx_clear wx_clouds wx_drizzle wx_dust wx_fog wx_haze wx_mist wx_rain wx_smoke wx_snow wx_squall wx_thunderstorm
feature_infos=[9.3596828722609828:14.968733129411385] [0.19410002162982243:0.31163495189900325] [0.69654878201595027:0.81871011031084839] [269.72646691159127:309.90396711280073] [270.65299242019142:309.71861066259783] [268.89369968804607:308.92749021087917] [269.32665650944756:308.62831380393885] [269.72646691159127:313.73456373403258] [270.65299242019142:312.96198277559347] [766.84632627970336:244890.38201182318] [836.29636365775127:243203.46984729479] [19.249089573633061:99.999999999999986] [21.277255594968903:99.313404638227453] [0:19.886087171848004] [0.27367250609567723:11.315541801258044] [0:344.88001392443181] [14.526704245087544:339.7524872426664] [0:4.405107912851479] [0:3.163355462094652] [0:0.12065750398577889] [0:0.04212472235621962] [0:1.1205772508398473] [0:1.1205772508398473] [0:96.351263531536162] [0:94.622869702986321] [0:875.66486422107903] [0:872.6892700871565] [0:4.5344590809815166] -1:1:3:5:7:8:4:6:2:9:12:10:11 [1:366] [0.0027378507871321013:1.0020533880903491] -1:0:3:4:5:6:1:2 [0:1] [0:3] [0:1] [0:0.95833333333333337] [-1:1] [-1:1] [-0.97492791218182362:0.97492791218182362] [-0.90096886790241903:1] [-0.9999994220246925:0.99998555065071859] [-0.99997919295908233:0.9999907524084426] [-1:1] [-1:1] [0:1] [0:1] [0:0.72632749390432283] [0:0.24213528291329262] [0:0.82968275562592209] [0:0.58754747271262941] [0:0.84452486614631483] [0:1] none [0:0.48419221099103016] none [0:0.84452486614631483]
tree_sizes=843 890 889 887 865 880 882 880 874 865 886 880 880 888 861 860 867 853 884 863 862 861 862 861 858 858 851 874 851 860 862 868 848 863 858 855 874 853 884 857 864 879 879 881 855 876 872 873 875 853 855 857 854 858 876 878 863 868 877 869 875 878 845 849 891 889 892 869 871 871 873 876 876 880 860 874 862 870 855 864 864 878 873 856 869 869 854 863 877 880 881 860 861 880 856 849 876 878 879 763 785 865 862 857 771 860 868 775 865 869 864 865 889 849 886 855 860 884 861 861 876 857 860 862 853 869 869 868 873 772 882 849 882 853 897 853 847 858 869 879 863 857 859 858 850 879 870 877 765 862

Tree=0
num_leaves=8
num_cat=1
split_feature=14 29 28 9 1 37 14
split_gain=278.04 71.0763 52.6569 31.3324 29.544 23.4804 19.7856
threshold=2.0924644130978587 96.500000000000014 0 1005.613379147984 0.25378266024685364 0.1294095225512602 2.7653701583116592
decision_type=2 2 1 2 2 2 2
left_child=1 4 3 -2 -1 -3 -4
right_child=2 5 6 -5 -6 -7 -8
leaf_value=4883.9003145294982 4934.5943009470684 4729.4181502055872 4792.3407676324578 4848.5800554214193 4793.6650187062223 4768.1111112671615 4829.8750090044869
leaf_weight=350 1493 3661 2414 3558 2254 3861 3958
leaf_count=350 1493 3661 2414 3558 2254 3861 3958
internal_value=4799.5 4799.49 4799.5 4799.51 4799.5 4799.49 4799.5
internal_weight=21549 10126 11423 5051 2604 7522 6372
internal_count=21549 10126 11423 5051 2604 7522 6372
cat_boundaries=0 1
cat_threshold=4142
is_linear=0
shrinkage=1


Tree=1
num_leaves=8
num_cat=1
split_feature=13 29 18 0 28 35 26
split_gain=201.045 66.498 53.4271 28.5576 28.3298 27.972 20.8229
threshold=2.1752124776785924 96.500000000000014 1.0000000180025095e-35 12.299519314018371 0 0.72916666666666685 814.68172883487239
decision_type=2 2 2 2 1 2 2
left_child=1 3 6 -1 -4 -3 -2
right_child=2 5 4 -5 -6 -7 -8
leaf_value=-1.5983105055717948 17.894767997676084 -51.78089158802959 10.971626687742914 79.955783847048195 75.084103234639073 -7.5410279995083194 -23.752115351975387
leaf_weight=2364 2959 6078 1537 379 4832 1770 1630
leaf_count=2364 2959 6078 1537 379 4832 1770 1630
internal_value=-7.00948e-05 -0.00413594 0.00385958 0.00141061 0.00631236 -0.00607455 0.000455401
internal_weight=21549 10591 10958 2743 6369 7848 4589
internal_count=21549 10591 10958 2743 6369 7848 4589
cat_boundaries=0 1
cat_threshold=3392
is_linear=0
shrinkage=0.0413828


Tree=2
num_leaves=8
num_cat=1
split_feature=13 29 17 28 0 37 13
split_gain=185.924 59.9278 55.4405 35.6035 26.9543 24.472 21.2674
threshold=2.0866993264773854 96.500000000000014 1.0000000180025095e-35 0 12.299519314018371 0.1294095225512602 3.5354667779983218
decision_type=2 2 2 1 2 2 2
left_child=1 4 6 -4 -1 -3 -2
right_child=2 5 3 -5 -6 -7 -8
leaf_value=-2.3615828003422283 -4.9835238923055414 -63.92148588443424 98.629220220080796 18.108104206473552 77.764322796375481 -24.98821302443476 36.738988550710779
leaf_weight=2246 4169 3350 2987 2161 352 4098 2186
leaf_count=2246 4169 3350 2987 2161 352 4098 2186
internal_value=-7.20152e-05 -0.00418524 0.00352022 0.00671225 0.00122651 -0.00607297 0.000934451
internal_weight=21549 10046 11503 5148 2598 7448 6355
internal_count=21549 10046 11503 5148 2598 7448 6355
cat_boundaries=0 1
cat_threshold=4270
is_linear=0
shrinkage=0.0413828


Tree=3
num_leaves=8
num_cat=1
split_feature=13 18 28 40 40 10 41
split_gain=172.975 54.012 47.933 50.9648 28.7495 26.0369 19.6398
threshold=2.0866993264773854 1.0000000180025095e-35 0 0.99374995976406788 -0.59869031648930193 1025.9534281187596 -0.97874870457683594
decision_type=2 2 1 2 2 2 2
left_child=2 6 5 -4 -3 -1 -2
right_child=1 4 3 -5 -6 -7 -8
leaf_value=51.409697550672938 -44.616475564793475 0.88277968932256634 -39.480430674377985 73.884088260626783 67.920722557933075 -64.462271403774139 7.4400641420974853
leaf_weight=814 509 1263 8610 362 5344 260 4387
leaf_count=814 509 1263 8610 362 5344 260 4387
internal_value=-7.77765e-05 0.00338711 -0.00404519 -0.00503118 0.00582817 0.00419936 9.29761e-05
internal_weight=21549 11503 10046 8972 6607 1074 4896
internal_count=21549 11503 10046 8972 6607 1074 4896
cat_boundaries=0 1
cat_threshold=2
is_linear=0
shrinkage=0.0413828


Tree=4
num_leaves=8
num_cat=0
split_feature=29 18 29 10 40 9 18
split_gain=106.147 54.2824 24.3356 24.2745 22.3884 19.4954 7.14517
threshold=171.50000000000003 0.010335526172159932 176.50000000000003 1028.8576297373149 0.99865421017599998 1004.9367941896601 0.48104150174518956
decision_type=2 2 2 2 2 2 2
left_child=1 4 6 -4 -1 -3 -2
right_child=2 5 3 -5 -6 -7 -8
leaf_value=-4.083167688278615 -97.233192966456784 103.86149395136945 -13.560830729634681 -52.033200534466481 116.62853277171868 36.742919394654237 -21.118953180203274
leaf_weight=5361 216 1789 9153 952 200 3772 106
leaf_count=5361 216 1789 9153 952 200 3772 106
internal_value=-6.6254e-05 0.00274596 -0.00306591 -0.00270903 -0.000145112 0.00563703 -0.0142655
internal_weight=21549 11122 10427 10105 5561 5561 322
internal_count=21549 11122 10427 10105 5561 5561 322
is_linear=0
shrinkage=0.0413828


Tree=5
num_leaves=8
num_cat=1
split_feature=14 28 40 7 14 10 40
split_gain=217.205 46.7728 45.5967 44.5085 28.1033 22.8536 19.2391
threshold=2.0818116196233607 0 0.99374995976406788 293.99866434911809 4.7241117268179602 1026.1921366486401 -0.66528616069191604
decision_type=2 1 2 2 2 2 2
left_child=1 5 -3 6 -5 -1 -2
right_child=3 2 -4 4 -6 -7 -8
leaf_value=46.595774673246559 -3.5342417651153468 -42.522554831017885 69.637090601726598 -1.4830277673471746 93.055757354507392 -64.849929536609849 61.658760061430741
leaf_weight=827 682 8615 351 4372 514 248 5940
leaf_count=827 682 8615 351 4372 514 248 5940
internal_value=-5.47316e-05 -0.00450261 -0.00547714 0.00382615 0.000830028 0.00364245 0.00603682
internal_weight=21549 10041 8966 11508 4886 1075 6622
internal_count=21549 10041 8966 11508 4886 1075 6622
cat_boundaries=0 1
cat_threshold=2
is_linear=0
shrinkage=0.0413828


Tree=6
num_leaves=8
num_cat=2
split_feature=14 28 29 17 28 14 35
split_gain=202.038 51.2431 47.5507 32.3577 23.5613 20.6452 16.9942
threshold=1.9063596413182793 0 96.500000000000014 1.0000000180025095e-35 1 2.7653701583116592 0.77083333333333337
decision_type=2 1 2 2 1 2 2
left_child=2 3 4 -2 -1 -3 -4
right_child=1 5 6 -5 -6 -7 -8
leaf_value=30.911332974137171 22.440860116242398 -10.028563963377323 -49.770165520284699 89.024905471901008 -32.055937678233093 26.51002982122829 -12.717850909808197
leaf_weight=1080 2643 3354 5374 2989 1134 3958 1017
leaf_count=1080 2643 3354 5374 2989 1134 3958 1017
internal_value=-3.16867e-05 0.00323543 -0.00494622 0.00619789 0.000280371 0.000943859 -0.00675684
internal_weight=21549 12944 8605 5632 2214 7312 6391
internal_count=21549 12944 8605 5632 2214 7312 6391
cat_boundaries=0 1 2
cat_threshold=4142 18
is_linear=0
shrinkage=0.0413828


Tree=7
num_leaves=8
num_cat=2
split_feature=14 30 28 17 37 28 40
split_gain=185.947 47.579 41.7029 26.9125 23.8964 23.3243 16.168
threshold=2.0818116196233607 0.26420260095824782 0 1.0000000180025095e-35 0.1294095225512602 1 -0.98214942551678475
decision_type=2 2 1 2 2 1 2
left_child=1 5 3 -2 -3 -1 -4
right_child=2 4 6 -5 -6 -7 -8
leaf_value=33.127654206461962 24.55132535822618 -58.075932612648899 -41.188499419154816 89.78719736941926 -22.228966007511353 -25.474537878257497 15.014539030811955
leaf_weight=1233 2294 3635 343 2794 3832 1341 6077
leaf_count=1233 2294 3635 343 2794 3832 1341 6077
internal_value=-4.51296e-05 -0.00416054 0.00354566 0.00633974 -0.00583306 0.000691321 0.00131936
internal_weight=21549 10041 11508 5088 7467 2574 6420
internal_count=21549 10041 11508 5088 7467 2574 6420
cat_boundaries=0 1 2
cat_threshold=4142 18
is_linear=0
shrinkage=0.0413828


Tree=8
num_leaves=8
num_cat=1
split_feature=13 29 9 13 0 7 28
split_gain=131.76 42.843 38.3389 36.2286 27.9404 20.1885 17.9378
threshold=2.8072862819524 96.500000000000014 1005.613379147984 1.7431401388196475 12.299519314018371 302.66087543741895 0
decision_type=2 2 2 2 2 2 1
left_child=1 4 6 -3 -1 -4 -2
right_child=2 3 5 -5 -6 -7 -8
leaf_value=0.11538963916491345 -18.030740349814682 -39.668341230053372 38.678582598400013 -7.5852899389389314 72.695009175804245 -8.469231337989342 118.42345427195089
leaf_weight=3072 154 5576 4560 4948 513 1342 1384
leaf_count=3072 154 5576 4560 4948 513 1342 1384
internal_value=-5.08908e-05 -0.00240073 0.00440527 -0.00373169 0.0015064 0.00288881 0.0102246
internal_weight=21549 14109 7440 10524 3585 5902 1538
internal_count=21549 14109 7440 10524 3585 5902 1538
cat_boundaries=0 1
cat_threshold=320
is_linear=0
shrinkage=0.0413828


Tree=9
num_leaves=8
num_cat=0
split_feature=14 30 7 14 25 2 14
split_gain=167.405 45.7837 41.6686 24.6517 23.658 20.4326 16.7821
threshold=2.0924644130978587 0.26420260095824782 293.99866434911809 4.7241117268179602 82.00043822520216 0.77209844779170467 3.0002700301028118
decision_type=2 2 2 2 2 2 2
left_child=1 5 6 -4 -3 -1 -2
right_child=2 4 3 -5 -6 -7 -8
leaf_value=-1.0135836970936951 20.066274457013058 -22.000673528749385 -3.7150449158190026 87.398116072993716 -57.548538290131539 121.85685191767381 80.030018390939418
leaf_weight=2446 2777 4207 4323 499 3311 152 3789
leaf_count=2446 2777 4207 4323 499 3311 152 3789
internal_value=-6.54305e-05 -0.00393947 0.00337589 0.000454851 -0.00557606 0.000796436 0.00552107
internal_weight=21504 10116 11388 4822 7518 2598 6566
internal_count=21504 10116 11388 4822 7518 2598 6566
is_linear=0
shrinkage=0.0413828


Tree=10
num_leaves=8
num_cat=1
split_feature=13 7 29 37 13 9 28
split_gain=115.666 40.8947 37.0608 25.1405 22.7366 21.8478 21.2901
threshold=2.1029130204503135 293.99866434911809 96.500000000000014 0.1294095225512602 4.7700998097054139 1005.613379147984 0
decision_type=2 2 2 2 2 2 1
left_child=2 5 6 -4 -3 -2 -1
right_child=1 4 3 -5 -6 -7 -8
leaf_value=31.626085975626303 88.082801165453176 -6.9281178101129024 -52.363899877191052 -16.511547203167336 72.092424716029669 29.369176986588894 -20.127074405219314
leaf_weight=1237 1688 4274 3354 4128 569 4870 1384
leaf_count=1237 1688 4274 3354 4128 569 4870 1384
internal_value=-7.12037e-05 0.00278584 -0.00329531 -0.00477877 -9.8266e-05 0.00491571 0.000939442
internal_weight=21504 11401 10103 7482 4843 6558 2621
internal_count=21504 11401 10103 7482 4843 6558 2621
cat_boundaries=0 1
cat_threshold=18
is_linear=0
shrinkage=0.0413828


Tree=11
num_leaves=8
num_cat=2
split_feature=14 30 28 10 37 28 14
split_gain=145.446 40.2155 35.7026 26.9435 24.3945 19.2261 13.7186
threshold=2.0924644130978587 0.26420260095824782 0 1005.9782701405574 -0.12940952255126037 1 3.139511009003928
decision_type=2 2 1 2 2 1 2
left_child=1 5 3 -2 -3 -1 -4
right_child=2 4 6 -5 -6 -7 -8
leaf_value=30.317308528369701 98.673383207690918 -55.585552293432514 -4.720586030351507 32.215951656704647 -21.349024390151527 -22.143494662628385 28.667234086504646
leaf_weight=1239 1514 3037 3464 3506 4481 1359 2904
leaf_count=1239 1514 3037 3464 3506 4481 1359 2904
internal_value=-7.89014e-05 -0.00368993 0.00312879 0.00573436 -0.00522377 0.00074865 0.00106409
internal_weight=21504 10116 11388 5020 7518 2598 6368
internal_count=21504 10116 11388 5020 7518 2598 6368
cat_boundaries=0 1 2
cat_threshold=4142 18
is_linear=0
shrinkage=0.0413828


Tree=12
num_leaves=8
num_cat=1
split_feature=40 9 2 40 35 2 31
split_gain=81.2701 35.2768 38.7819 32.7439 25.6265 22.4157 9.75161
threshold=0.20180702842483325 1011.2854972825527 0.71629301135925816 0.099822040462190967 0.68750000000000011 0.80994774824053029 0
decision_type=2 2 2 2 2 2 1
left_child=3 5 -3 4 -1 -2 -5
right_child=1 2 -4 6 -6 -7 -8
leaf_value=-21.363872448169779 67.287127313137063 137.5222686434434 1.5838400563371904 -25.637309747997403 8.6003227034921501 -22.559985601408805 -74.477188813276101
leaf_weight=7359 2997 303 6587 373 3032 434 419
leaf_count=7359 2997 303 6587 373 3032 434 419
internal_value=-5.19595e-05 0.0025962 0.00088892 -0.002496 -0.00187778 0.00602469 -0.010607
internal_weight=21504 10321 6890 11183 10391 3431 792
internal_count=21504 10321 6890 11183 10391 3431 792
cat_boundaries=0 1
cat_threshold=100
is_linear=0
shrinkage=0.0413828


Tree=13
num_leaves=8
num_cat=1
split_feature=14 40 30 30 14 37 28
split_gain=131.784 37.891 32.6839 27.3616 24.9437 17.7814 16.2951
threshold=1.9063596413182793 0.20180702842483325 0.26420260095824782 0.88569472963723495 3.9055099249956813 0.1294095225512602 0
decision_type=2 2 2 2 2 2 1
left_child=2 3 6 -2 -3 -4 -1
right_child=1 4 5 -5 -6 -7 -8
leaf_value=25.460521474724391 -5.2933577900169979 24.365917160679381 -52.798664398557506 55.04361777543874 101.17515497420392 -22.318223080662172 -26.746960848126868
leaf_weight=1073 5165 4865 3059 720 2170 3317 1135
leaf_count=1073 5165 4865 3059 720 2170 3317 1135
internal_value=-4.61862e-05 0.00259444 -0.00402065 0.000144154 0.00464417 -0.00552334 0.000318618
internal_weight=21504 12920 8584 5885 7035 6376 2208
internal_count=21504 12920 8584 5885 7035 6376 2208
cat_boundaries=0 1
cat_threshold=18
is_linear=0
shrinkage=0.0413828


Tree=14
num_leaves=8
num_cat=0
split_feature=14 3 29 14 14 37 0
split_gain=122.553 34.3612 30.6117 22.2187 19.4117 16.7222 15.9907
threshold=1.9063596413182793 291.49170725291157 96.500000000000014 4.7241117268179602 3.0002700301028118 0.1294095225512602 9.474994185443169
decision_type=2 2 2 2 2 2 2
left_child=2 4 6 -3 -2 -4 -1
right_child=1 3 5 -5 -6 -7 -8
leaf_value=119.19282117193126 14.829068358848209 -4.5337524354819134 -50.613705397833947 81.15473506052453 69.754172374331219 -21.394631490690408 -4.8108190886320976
leaf_weight=157 3568 5217 3059 542 3593 3317 2051
leaf_count=157 3568 5217 3059 542 3593 3317 2051
internal_value=-4.81106e-05 0.00249834 -0.00388085 0.000118565 0.0044122 -0.00533512 0.000318618
internal_weight=21504 12920 8584 5759 7161 6376 2208
internal_count=21504 12920 8584 5759 7161 6376 2208
is_linear=0
shrinkage=0.0413828


Tree=15
num_leaves=8
num_cat=3
split_feature=14 18 28 40 28 31 41
split_gain=113.4 38.8303 25.4893 25.3524 23.1633 17.2103 15.0638
threshold=1.8225130389524218 1.0000000180025095e-35 0 0.99374995976406788 1 2 -0.97874870457683594
decision_type=2 2 1 2 1 1 2
left_child=2 6 5 -4 -3 -1 -2
right_child=1 4 3 -5 -6 -7 -8
leaf_value=40.939055991929727 -38.613918763824529 8.8770625841527515 -35.438749966848853 59.675517653491966 51.396336942493761 -26.195235923223755 2.760233051920352
leaf_weight=489 583 2840 6770 265 4734 377 5446
leaf_count=489 583 2840 6770 265 4734 377 5446
internal_value=-5.58083e-05 0.00223448 -0.00399896 -0.00481968 0.00420713 0.00269272 -0.000243671
internal_weight=21504 13603 7901 7035 7574 866 6029
internal_count=21504 13603 7901 7035 7574 866 6029
cat_boundaries=0 1 2 3
cat_threshold=2 3408 101
is_linear=0
shrinkage=0.0413828


Tree=16
num_leaves=8
num_cat=0
split_feature=14 25 16 14 15 29 21
split_gain=105.51 38.405 30.3006 27.853 26.2296 13.6913 7.19615
threshold=2.5717996460873578 612.73282321817999 245.26401499847131 1.4600960554520961 129.63980027890736 171.50000000000003 1.0000000180025095e-35
decision_type=2 2 2 2 2 2 2
left_child=1 3 4 -1 -2 -3 -4
right_child=2 5 6 -5 -6 -7 -8
leaf_value=-24.626323151212638 48.071011177074297 -25.570075233940095 128.55669961326183 6.6693016242257572 9.8540392283551608 -51.111385437532356 -21.493553041649104
leaf_weight=3234 1751 1941 1122 5372 5489 2499 96
leaf_count=3234 1751 1941 1122 5372 5489 2499 96
internal_value=-5.77328e-05 -0.00239174 0.00354235 -0.000778994 0.00252641 -0.00551771 0.00958124
internal_weight=21504 13046 8458 8606 7240 4440 1218
internal_count=21504 13046 8458 8606 7240 4440 1218
is_linear=0
shrinkage=0.0413828


Tree=17
num_leaves=8
num_cat=0
split_feature=40 40 0 9 10 0 40
split_gain=64.8327 35.2744 32.5263 34.549 25.6814 13.0987 9.71145
threshold=0.20180702842483325 0.099822040462190967 9.7639537887404124 1011.2854972825527 1031.6627651740471 9.618917698413437 0.1849296026015865
decision_type=2 2 2 2 2 2 2
left_child=1 4 5 -4 -1 -2 -3
right_child=2 6 3 -5 -6 -7 -8
leaf_value=-7.2763367800176706 -88.851148640227009 -65.056423408678469 48.998858567094622 0.75198123930279326 -56.409845793645353 112.03664448548385 -3.5617989048349834
leaf_weight=9974 66 662 3289 6587 417 379 130
leaf_count=9974 66 662 3289 6587 417 379 130
internal_value=-5.77328e-05 -0.00224066 0.00230751 0.00181438 -0.001599 0.0132518 -0.0106592
internal_weight=21504 11183 10321 9876 10391 445 792
internal_count=21504 11183 10321 9876 10391 445 792
is_linear=0
shrinkage=0.0413828


Tree=18
num_leaves=8
num_cat=1
split_feature=14 37 9 14 40 16 28
split_gain=96.7359 32.1704 29.5744 23.4646 22.6706 19.8617 15.5642
threshold=2.5859776595011872 -0.12940952255126037 1005.613379147984 1.4368630741273629 0.99374995976406788 74.905516379799266 0
decision_type=2 2 2 2 2 2 1
left_child=1 4 6 -3 -1 -4 -2
right_child=2 3 5 -5 -6 -7 -8
leaf_value=-35.604058656207194 -8.3976656642670289 -22.120988024584726 78.79243127453681 7.0890611671046067 68.351124116824636 15.171018183375116 93.074636704317683
leaf_weight=5355 257 2760 244 4926 172 6440 1483
leaf_count=5355 257 2760 244 4926 172 6440 1483
internal_value=-6.59846e-05 -0.00227538 0.00339945 -0.000543803 -0.00468337 0.00214839 0.00820521
internal_weight=21637 13213 8424 7686 5527 6684 1740
internal_count=21637 13213 8424 7686 5527 6684 1740
cat_boundaries=0 1
cat_threshold=1344
is_linear=0
shrinkage=0.0413828


Tree=19
num_leaves=8
num_cat=0
split_feature=13 40 25 40 33 42 38
split_gain=75.3721 34.6551 34.4411 25.7873 42.47 29.5362 15.6211
threshold=3.1484483948174562 0.99761913169647187 612.73282321817999 0.67802080537253973 1.0000000180025095e-35 0.68301270189221941 0.87837969732492682
decision_type=2 2 2 2 2 2 2
left_child=1 2 -1 5 -5 -2 -3
right_child=3 6 -4 4 -6 -7 -8
leaf_value=-2.9675782751918156 27.29401511401916 97.791930824497015 -32.358602767268259 233.23316801601661 42.796339604005553 -95.143748993210764 -35.954395678254727
leaf_weight=10151 3274 317 5135 455 1790 447 68
leaf_count=10151 3274 317 5135 455 1790 447 68
internal_value=-6.02468e-05 -0.00156727 -0.00187612 0.00389828 0.00740098 0.00178499 0.010695
internal_weight=21637 15671 15286 5966 2245 3721 385
internal_count=21637 15671 15286 5966 2245 3721 385
is_linear=0
shrinkage=0.0413828


Tree=20
num_leaves=8
num_cat=3
split_feature=14 51 28 28 1 40 31
split_gain=87.4853 35.7887 29.6709 24.9601 18.6558 17.6396 12.9282
threshold=1.7425374246520062 1.0000000180025095e-35 0 1 0.30953108157386366 -0.97876850416056738 2
decision_type=2 2 1 1 2 2 1
left_child=3 5 -3 6 -5 -2 -1
right_child=1 2 -4 4 -6 -7 -8
leaf_value=40.923256991216626 -53.913891390236309 2.8804305613192067 55.971179425826506 -27.674479073368712 -77.151357186397746 3.2459846043176239 -14.961718568220185
leaf_weight=448 340 2316 3680 6223 256 8026 348
leaf_count=448 340 2316 3680 6223 256 8026 348
internal_value=-2.00823e-05 0.00185275 0.00429288 -0.00371735 -0.00456302 0.000103878 0.00318329
internal_weight=21637 14362 5996 7275 6479 8366 796
internal_count=21637 14362 5996 7275 6479 8366 796
cat_boundaries=0 1 2 3
cat_threshold=3408 2 101
is_linear=0
shrinkage=0.0413828


Tree=21
num_leaves=8
num_cat=0
split_feature=13 25 12 10 2 29 13
split_gain=65.2251 30.9715 25.0989 24.5485 19.4818 14.221 8.95313
threshold=3.2766363824230376 612.73282321817999 87.744480868809589 1005.9782701405574 0.70602187110499981 171.50000000000003 4.6230114096005019
decision_type=2 2 2 2 2 2 2
left_child=1 2 -1 6 -5 -3 -2
right_child=3 5 -4 4 -6 -7 -8
leaf_value=5.0061798149680596 57.564216894636175 -12.490982150734803 -27.606562584674265 108.00340611773771 17.167277585300805 -37.866626084111118 166.07660433906744
leaf_weight=9135 631 2551 1505 192 4102 2957 564
leaf_count=9135 631 2551 1505 192 4102 2957 564
internal_value=-1.81697e-05 -0.00134287 -3.88936e-05 0.00387893 0.00241898 -0.0038618 0.009125
internal_weight=21637 16148 10640 5489 4294 5508 1195
internal_count=21637 16148 10640 5489 4294 5508 1195
is_linear=0
shrinkage=0.0413828


Tree=22
num_leaves=8
num_cat=0
split_feature=13 40 25 40 0 42 38
split_gain=58.9394 34.6842 32.5317 24.7551 41.9332 30.6758 18.348
threshold=3.5354667779983218 0.99761913169647187 612.73282321817999 0.67802080537253973 11.392509279963924 0.68301270189221941 0.87837969732492682
decision_type=2 2 2 2 2 2 2
left_child=1 2 -1 5 -5 -2 -3
right_child=3 6 -4 4 -6 -7 -8
leaf_value=-0.69393933534662156 31.895189680086094 95.004941695574232 -27.328939357816164 222.44740663901186 41.367685807588487 -102.56336419932197 -41.923039692682202
leaf_weight=10811 2433 349 5771 431 1362 403 77
leaf_count=10811 2433 349 5771 431 1362 403 77
internal_value=-4.11208e-05 -0.00116791 -0.00146744 0.00409895 0.00790497 0.00169267 0.0104914
internal_weight=21637 17008 16582 4629 1793 2836 426
internal_count=21637 17008 16582 4629 1793 2836 426
is_linear=0
shrinkage=0.0413828


Tree=23
num_leaves=8
num_cat=0
split_feature=14 16 29 40 14 24 14
split_gain=74.3858 26.0019 23.2235 19.4351 17.5558 15.8632 13.7892
threshold=2.0601963765573901 244.24404283935996 96.500000000000014 -0.98214942551678475 1.1953929101235146 41.359660757455998 2.8730268363318023
decision_type=2 2 2 2 2 2 2
left_child=2 3 5 -2 -4 -1 -3
right_child=1 6 4 -5 -6 -7 -8
leaf_value=16.8556263440829 -42.031778532756263 8.0293397927749108 -45.51427039014645 13.403723349646221 -19.417670960897393 -36.29515515094306 107.3231343047345
leaf_weight=2087 338 498 1761 9734 5620 469 1130
leaf_count=2087 338 498 1761 9734 5620 469 1130
internal_value=-2.19948e-05 0.00221416 -0.00265488 0.00142983 -0.00383216 0.000744761 0.0070666
internal_weight=21637 11700 9937 10072 7381 2556 1628
internal_count=21637 11700 9937 10072 7381 2556 1628
is_linear=0
shrinkage=0.0413828


Tree=24
num_leaves=8
num_cat=0
split_feature=14 18 29 0 16 26 29
split_gain=69.7369 35.0724 23.8528 21.6736 21.3373 13.0396 3.34808
threshold=1.7425374246520062 1.0000000180025095e-35 4.5000000000000009 14.918216744876958 244.24404283935996 828.96694582751445 2.5000000000000004
decision_type=2 2 2 2 2 2 2
left_child=2 5 6 -4 -3 -2 -1
right_child=1 4 3 -5 -6 -7 -8
leaf_value=67.516641379201985 2.7681932389116999 19.47891213931214 -21.067636403013026 -66.732344961356688 82.098593248228639 -28.923326149653569 121.37656078196613
leaf_weight=60 4959 6544 6806 329 1347 1512 80
leaf_count=60 4959 6544 6806 329 1347 1512 80
internal_value=-1.81697e-05 0.00165393 -0.00331916 -0.00365109 0.00350582 -0.000604339 0.0135971
internal_weight=21637 14362 7275 7135 7891 6471 140
internal_count=21637 14362 7275 7135 7891 6471 140
is_linear=0
shrinkage=0.0413828


Tree=25
num_leaves=8
num_cat=0
split_feature=13 25 13 9 16 29 13
split_gain=50.2828 28.8032 23.382 23.007 18.2462 13.023 9.70648
threshold=3.5354667779983218 612.73282321817999 1.4321898711122771 1005.613379147984 83.546563033923164 171.50000000000003 4.6230114096005019
decision_type=2 2 2 2 2 2 2
left_child=1 2 -1 6 -5 -3 -2
right_child=3 5 -4 4 -6 -7 -8
leaf_value=-15.183168546875237 52.900449613404987 -10.056854183814952 9.4715218874537435 95.370523003401871 15.323696376020944 -33.40095829752881 158.26557482426313
leaf_weight=3616 472 2773 7472 195 3413 3147 549
leaf_count=3616 472 2773 7472 195 3413 3147 549
internal_value=-4.68586e-05 -0.00108761 0.000156753 0.00377711 0.00222513 -0.00341828 0.00926148
internal_weight=21637 17008 11088 4629 3608 5920 1021
internal_count=21637 17008 11088 4629 3608 5920 1021
is_linear=0
shrinkage=0.0413828


Tree=26
num_leaves=8
num_cat=0
split_feature=13 40 29 38 9 29 22
split_gain=47.8368 31.8728 29.373 25.291 23.4294 22.4821 9.44562
threshold=4.3970506432423599 0.99700008544936913 36.500000000000007 0.6078576107927941 1005.613379147984 42.500000000000007 0.001954495204953222
decision_type=2 2 2 2 2 2 2
left_child=1 2 -1 -3 6 -6 -2
right_child=4 3 -4 -5 5 -7 -8
leaf_value=26.875489183149341 164.40431561276299 98.440150612921812 -10.1858177823555 -14.488933550921407 -76.227564076576542 61.272661331393763 -17.297660004304536
leaf_weight=1828 526 358 16660 170 419 1601 75
leaf_count=1828 526 358 16660 170 419 1601 75
internal_value=-5.4509e-05 -0.000776908 -0.00106322 0.00924842 0.00518667 0.0030525 0.0123597
internal_weight=21637 19016 18488 528 2621 2020 601
internal_count=21637 19016 18488 528 2621 2020 601
is_linear=0
shrinkage=0.0413828


Tree=27
num_leaves=8
num_cat=1
split_feature=14 40 51 0 28 40 2
split_gain=65.0376 27.2981 25.9525 24.5325 29.1099 5.34877 1.7942
threshold=1.7425374246520062 0.99818282439137029 1.0000000180025095e-35 14.918216744876958 0 0.99995780822346225 0.81771868790366831
decision_type=2 2 2 2 1 2 2
left_child=3 2 -2 4 -1 -3 -5
right_child=1 5 -4 6 -6 -7 -8
leaf_value=24.769129324829247 -1.1308534053620243 98.589179979061356 27.511168244019618 -71.705289717344044 -24.545465628142626 24.991261398086426 -62.572207140154681
leaf_weight=1060 8251 244 5895 85 5840 57 246
leaf_count=1060 8251 244 5895 85 5840 57 246
internal_value=1.90898e-05 0.00162272 0.00136032 -0.00318484 -0.0026569 0.0139546 -0.0141901
internal_weight=21678 14447 14146 7231 6900 301 331
internal_count=21678 14447 14146 7231 6900 301 331
cat_boundaries=0 1
cat_threshold=66
is_linear=0
shrinkage=0.0413828


Tree=28
num_leaves=8
num_cat=0
split_feature=14 14 29 25 9 16 8
split_gain=59.4735 28.4059 24.9919 22.9191 20.944 17.6324 13.4929
threshold=3.139511009003928 1.495286772218406 4.5000000000000009 615.1527359533203 1005.613379147984 87.927629838996765 288.35436930886948
decision_type=2 2 2 2 2 2 2
left_child=1 2 -1 -3 6 -6 -2
right_child=4 3 -4 -5 5 -7 -8
leaf_value=119.75129894527088 118.79735104372331 9.1031551361789944 -27.123743563203771 -16.60464555177041 67.232360584976519 16.78026492003746 43.43576036035784
leaf_weight=106 739 6657 4889 4091 288 4393 515
leaf_count=106 739 6657 4889 4091 288 4393 515
internal_value=3.62706e-05 -0.00129461 -0.00387317 -9.62571e-05 0.00356652 0.00229414 0.00831616
internal_weight=21678 15743 4995 10748 5935 4681 1254
internal_count=21678 15743 4995 10748 5935 4681 1254
is_linear=0
shrinkage=0.0413828


Tree=29
num_leaves=8
num_cat=0
split_feature=14 14 30 16 15 37 42
split_gain=54.3959 25.5487 20.7616 20.291 23.3155 18.8501 8.50794
threshold=3.139511009003928 1.495286772218406 0.012320328542094456 245.26401499847131 117.88087179025548 -0.12940952255126037 0.93301270189221952
decision_type=2 2 2 2 2 2 2
left_child=1 2 -1 4 -2 -3 -5
right_child=3 5 -4 6 -6 -7 -8
leaf_value=114.79564937611333 53.644612585809988 -13.861219602068072 -26.001285858888082 114.31936578020131 9.4547176249906801 9.4394534232275031 1.1626891063819351
leaf_weight=106 889 4880 4889 838 4050 5868 158
leaf_count=106 889 4880 4889 838 4050 5868 158
internal_value=4.39065e-05 -0.00122889 -0.00367433 0.0034201 0.00233349 -9.24068e-05 0.00880839
internal_weight=21678 15743 4995 5935 4939 10748 996
internal_count=21678 15743 4995 5935 4939 10748 996
is_linear=0
shrinkage=0.0413828


Tree=30
num_leaves=8
num_cat=0
split_feature=14 40 25 16 15 22 10
split_gain=50.9699 24.7655 24.2035 24.1841 21.3635 8.95539 4.29157
threshold=2.5717996460873578 0.99865421017599998 261.5713034241158 245.26401499847131 129.63980027890736 1.0000000180025095e-35 1021.1265066234261
decision_type=2 2 2 2 2 2 2
left_child=1 2 -1 4 -2 -5 -3
right_child=3 6 -4 5 -6 -7 -8
leaf_value=-2.1471356808482351 34.964199987924125 96.646293162324255 -27.325237423920314 92.50395862123095 3.8377035222579821 -68.218343445672474 40.268651717738081
leaf_weight=7456 1764 106 5426 1131 5558 110 127
leaf_count=7456 1764 106 5426 1131 5558 110 127
internal_value=6.10873e-05 -0.00156034 -0.00180219 0.00254444 0.00163904 0.00788641 0.0118109
internal_weight=21678 13115 12882 8563 7322 1241 233
internal_count=21678 13115 12882 8563 7322 1241 233
is_linear=0
shrinkage=0.0413828


Tree=31
num_leaves=8
num_cat=2
split_feature=13 18 28 0 28 0 2
split_gain=37.6849 26.8568 21.6637 19.145 23.9171 14.0216 3.84931
threshold=1.8298002878792547 0.0052119872132085901 0 14.918216744876958 1 14.286605921980717 0.81823214048688075
decision_type=2 2 1 2 1 2 2
left_child=3 5 -3 4 -1 -2 -5
right_child=1 2 -4 6 -6 -7 -8
leaf_value=25.658528726143576 4.9352303792461072 -3.2344453003356608 36.140183243275203 -26.461429533880835 -17.605119619886317 -23.205165625958472 -62.368889947061
leaf_weight=1172 4383 2010 5293 161 6575 1844 240
leaf_count=1172 4383 2010 5293 161 6575 1844 240
internal_value=4.96334e-05 0.0013886 0.0030911 -0.00217377 -0.00171739 -0.000608082 -0.0109907
internal_weight=21678 13530 7303 8148 7747 6227 401
internal_count=21678 13530 7303 8148 7747 6227 401
cat_boundaries=0 1 2
cat_threshold=3344 66
is_linear=0
shrinkage=0.0413828


Tree=32
num_leaves=8
num_cat=0
split_feature=14 25 1 0 0 9 14
split_gain=47.7841 25.114 19.561 31.1686 17.5019 16.9636 12.9542
threshold=3.139511009003928 82.00043822520216 0.31102062593850105 10.165654931285504 9.506362547973648 1028.8886378909033 1.5994210215656237
decision_type=2 2 2 2 2 2 2
left_child=1 5 3 -2 -4 -1 -3
right_child=2 6 4 -5 -6 -7 -8
leaf_value=5.5612826100286519 114.29870246588976 -34.527910982071347 36.273469419161792 24.606205939124596 -112.39423982218649 -31.006021295479279 -11.606397687890025
leaf_weight=7743 524 2436 94 5168 149 762 4802
leaf_count=7743 524 2436 94 5168 149 762 4802
internal_value=7.44502e-05 -0.00111849 0.00323881 0.00372969 -0.0082595 0.000406287 -0.00291018
internal_weight=21678 15743 5935 5692 243 8505 7238
internal_count=21678 15743 5935 5692 243 8505 7238
is_linear=0
shrinkage=0.0413828


Tree=33
num_leaves=8
num_cat=2
split_feature=14 40 40 0 28 31 30
split_gain=44.518 26.4427 24.0652 23.3749 22.2538 8.52401 2.41925
threshold=1.7425374246520062 0.99818282439137029 -0.98214942551678475 14.918216744876958 0 1 0.46954140999315547
decision_type=2 2 2 2 1 1 2
left_child=3 2 -2 4 -1 -3 -5
right_child=1 5 -4 6 -6 -7 -8
leaf_value=25.164260067627268 -37.116150878977564 35.252695515493869 11.21344107419144 -38.131833241223255 -20.219483323364773 156.80160648401611 -65.286552506306393
leaf_weight=1060 495 126 13651 125 5840 175 206
leaf_count=1060 495 126 13651 125 5840 175 206
internal_value=7.82681e-05 0.00140502 0.00114676 -0.00257248 -0.00205715 0.0135422 -0.013315
internal_weight=21678 14447 14146 7231 6900 301 331
internal_count=21678 14447 14146 7231 6900 301 331
cat_boundaries=0 1 2
cat_threshold=66 38
is_linear=0
shrinkage=0.0413828


Tree=34
num_leaves=8
num_cat=0
split_feature=14 37 30 0 0 11 41
split_gain=43.0467 20.6481 19.6163 28.1015 15.7135 15.4527 13.8645
threshold=3.139511009003928 -0.12940952255126037 0.034223134839151272 10.165654931285504 9.506362547973648 83.257102925655929 0.74298546529340237
decision_type=2 2 2 2 2 2 2
left_child=1 6 4 -4 -2 -3 -1
right_child=2 5 3 -5 -6 -7 -8
leaf_value=-25.828839318580687 30.118946523071529 7.6317876431215455 109.40713972228154 23.12388700102241 -108.20709040386012 -16.140348727315718 3.6260756341719236
leaf_weight=5245 92 6602 526 5168 149 2355 1541
leaf_count=5245 92 6602 526 5168 149 2355 1541
internal_value=6.10873e-05 -0.00107118 0.00306449 0.00355395 -0.00849976 0.000233318 -0.00279301
internal_weight=21678 15743 5935 5694 241 8957 6786
internal_count=21678 15743 5935 5694 241 8957 6786
is_linear=0
shrinkage=0.0413828


Tree=35
num_leaves=8
num_cat=0
split_feature=14 14 0 0 0 25 1
split_gain=40.8176 21.8785 24.9198 21.1817 20.0704 19.2203 2.82727
threshold=1.7425374246520062 4.4092565770959249 10.610372835933651 14.918216744876958 14.778180654549983 803.88542531119003 0.19461756167377894
decision_type=2 2 2 2 2 2 2
left_child=3 5 -3 4 -1 -2 -5
right_child=1 2 -4 6 -6 -7 -8
leaf_value=-16.565157478067999 10.779953719469169 -15.51138484811632 84.611198539517417 -35.4849585750964 68.006255886609111 -14.993105015626648 -62.693755943329336
leaf_weight=6498 9080 731 1725 125 402 2911 206
leaf_count=6498 9080 731 1725 125 402 2911 206
internal_value=7.44502e-05 0.00134486 0.00490326 -0.00246374 -0.00197318 0.000616032 -0.0126899
internal_weight=21678 14447 2456 7231 6900 11991 331
internal_count=21678 14447 2456 7231 6900 11991 331
is_linear=0
shrinkage=0.0413828


Tree=36
num_leaves=8
num_cat=1
split_feature=14 16 16 40 25 28 10
split_gain=38.843 23.3876 20.3846 19.1096 18.2638 10.6788 5.07025
threshold=2.4258692477108381 245.26401499847131 130.55043307495183 0.99865421017599998 82.00043822520216 0 1021.1265066234261
decision_type=2 2 2 2 2 1 2
left_child=3 2 -2 4 -1 -3 -5
right_child=1 5 -4 6 -6 -7 -8
leaf_value=-1.9927875799747965 33.126330946413169 4.9724820132686887 0.4745957438516531 91.779055280310104 -25.594067721177403 88.689721815548523 21.806324997584067
leaf_weight=6818 1745 351 6330 96 5209 967 124
leaf_count=6818 1745 351 6330 96 5209 967 124
internal_value=-1.7211e-05 0.00198477 0.00115052 -0.00155266 -0.00177375 0.00709599 0.0105338
internal_weight=21640 9393 8075 12247 12027 1318 220
internal_count=21640 9393 8075 12247 12027 1318 220
cat_boundaries=0 1
cat_threshold=3208
is_linear=0
shrinkage=0.0413828


Tree=37
num_leaves=8
num_cat=0
split_feature=29 0 10 13 29 10 2
split_gain=35.1293 34.0248 30.8018 20.6123 29.6594 18.2811 14.8048
threshold=94.500000000000014 12.255394788745496 1005.9782701405574 1.7431401388196475 102.50000000000001 1026.1921366486401 0.69938919975787772
decision_type=2 2 2 2 2 2 2
left_child=1 2 -1 6 -5 -3 -2
right_child=3 5 -4 4 -6 -7 -8
leaf_value=58.863839317756984 16.044376731574356 83.475720371509652 -5.3271201658109062 -58.39984521963369 3.5913389662146358 -54.740940591844286 -23.405125110861345
leaf_weight=1535 669 746 3833 395 9511 33 4918
leaf_count=1535 669 746 3833 395 9511 33 4918
internal_value=-2.48603e-05 0.00262219 0.00144932 -0.0010751 5.84857e-05 0.0107043 -0.00308501
internal_weight=21640 6147 5368 15493 9906 779 5587
internal_count=21640 6147 5368 15493 9906 779 5587
is_linear=0
shrinkage=0.0413828


Tree=38
num_leaves=8
num_cat=1
split_feature=14 37 9 28 14 2 41
split_gain=35.6896 19.3219 18.6318 23.1493 14.1826 12.7965 12.1673
threshold=3.139511009003928 -0.37940952255126015 1011.451057012713 0 1.1843618502068878 0.70473638834575514 0.74298546529340237
decision_type=2 2 2 1 2 2 2
left_child=1 6 3 -2 -3 -4 -1
right_child=2 4 5 -5 -6 -7 -8
leaf_value=-26.684214069214281 0.098687524293069873 -25.047205569082251 92.722941267911011 92.81391226337864 4.38070664933967 3.4664799425813277 3.8029750456482052
leaf_weight=4331 766 1575 166 1362 8560 3638 1242
leaf_count=4331 766 1575 166 1362 8560 3638 1242
internal_value=-2.10356e-05 -0.0010538 0.00271374 0.0058146 2.24574e-05 0.000979089 -0.00301108
internal_weight=21640 15708 5932 2128 10135 3804 5573
internal_count=21640 15708 5932 2128 10135 3804 5573
cat_boundaries=0 1
cat_threshold=3120
is_linear=0
shrinkage=0.0413828


Tree=39
num_leaves=8
num_cat=0
split_feature=40 40 1 40 40 38 9
split_gain=31.6982 44.3443 22.01 20.7094 24.2273 14.2953 10.0208
threshold=0.1849296026015865 0.099822040462190967 0.28957833463002619 0.99818282439137029 0.88220160189607266 0.87837969732492682 1027.9665734383691
decision_type=2 2 2 2 2 2 2
left_child=1 2 -1 4 -2 -5 -3
right_child=3 6 -4 5 -6 -7 -8
leaf_value=-12.104018026356117 19.904146538453446 -55.574379141992701 16.532389921901199 80.443677445203249 -14.571287680961998 -32.345298494303762 19.740215057043731
leaf_weight=8275 6828 603 2155 387 3276 66 50
leaf_count=8275 6828 603 2155 387 3276 66 50
internal_value=-1.91232e-06 -0.0015477 -0.000892727 0.0016209 0.0012328 0.0102772 -0.0120092
internal_weight=21640 11083 10430 10557 10104 453 653
internal_count=21640 11083 10430 10557 10104 453 653
is_linear=0
shrinkage=0.0413828


Tree=40
num_leaves=8
num_cat=0
split_feature=14 16 16 25 10 40 21
split_gain=33.6697 20.277 18.3838 16.2015 14.4386 11.1753 10.0592
threshold=2.4258692477108381 245.26401499847131 130.55043307495183 82.00043822520216 1032.8197926009311 0.99374995976406788 0.0050295676607462923
decision_type=2 2 2 2 2 2 2
left_child=3 2 -2 4 -1 -5 -3
right_child=1 6 -4 5 -6 -7 -8
leaf_value=0.88308682802390692 31.213842041260488 73.346873193345473 0.49985681156738326 -24.355112013053802 -46.425812486568404 55.279135454975567 -76.874891993501095
leaf_weight=6791 1745 1219 6330 5116 157 183 99
leaf_count=6791 1745 1219 6330 5116 157 183 99
internal_value=1.91232e-06 0.00186582 0.00108902 -0.00142764 -0.000113165 -0.00315116 0.00662502
internal_weight=21640 9393 8075 12247 6948 5299 1318
internal_count=21640 9393 8075 12247 6948 5299 1318
is_linear=0
shrinkage=0.0413828


Tree=41
num_leaves=8
num_cat=1
split_feature=14 40 29 16 15 28 10
split_gain=31.1934 22.0829 19.5096 18.6634 18.4109 14.5745 10.3407
threshold=3.021847989824638 0.99761913169647187 36.500000000000007 245.26401499847131 131.32933733640814 0 1021.1265066234261
decision_type=2 2 2 2 2 1 2
left_child=1 2 -1 4 -2 -5 -3
right_child=3 6 -4 5 -6 -7 -8
leaf_value=22.356332739127286 35.444544291675719 70.827955402981104 -11.355127825179334 -18.930152902233168 1.6863357139307484 90.995894216815046 5.9238075185724455
leaf_weight=1549 1189 200 13371 183 4131 842 175
leaf_count=1549 1189 200 13371 183 4131 842 175
internal_value=-2.2948e-05 -0.00103491 -0.0012842 0.00241644 0.00143129 0.00752965 0.00888349
internal_weight=21640 15295 14920 6345 5320 1025 375
internal_count=21640 15295 14920 6345 5320 1025 375
cat_boundaries=0 1
cat_threshold=1032
is_linear=0
shrinkage=0.0413828


Tree=42
num_leaves=8
num_cat=1
split_feature=14 40 31 41 30 41 2
split_gain=29.9311 25.3478 35.4989 19.849 18.9078 19.4333 13.8499
threshold=4.3612030816777398 0.99374995976406788 0 0.80798785254895478 0.034223134839151272 0.85561368268953431 0.70670817426230081
decision_type=2 2 1 2 2 2 2
left_child=1 3 -3 -1 6 -6 -2
right_child=4 2 -4 -5 5 -7 -8
leaf_value=-10.028147448765022 61.477816772320459 -34.359104114609828 73.950699891413976 12.167213171403811 44.331189121523181 131.14472331743349 -103.81531931077707
leaf_weight=14887 42 214 549 3453 2192 185 118
leaf_count=14887 42 214 549 3453 2192 185 118
internal_value=-2.2948e-05 -0.000583818 0.00680674 -0.000891288 0.00420027 0.00512715 -0.00956972
internal_weight=21640 19103 763 18340 2537 2377 160
internal_count=21640 19103 763 18340 2537 2377 160
cat_boundaries=0 1
cat_threshold=6
is_linear=0
shrinkage=0.0413828


Tree=43
num_leaves=8
num_cat=1
split_feature=14 40 7 0 28 2 44
split_gain=29.5043 22.1304 18.8741 15.1321 23.3946 10.4294 7.94365
threshold=2.164268619915148 -0.97876850416056738 303.01895364743262 14.918216744876958 0 0.81823214048688075 0.28396383057052793
decision_type=2 2 2 2 1 2 2
left_child=3 6 -3 4 -1 -5 -2
right_child=1 2 -4 5 -6 -7 -8
leaf_value=25.49558219576442 -55.173502457810628 20.048027550108074 -13.146693047738571 -12.921208809706508 -13.196596619860413 -52.426197022789246 -10.82145245715609
leaf_weight=1475 148 8987 1672 223 8671 289 175
leaf_count=1475 148 8987 1672 223 8671 289 175
internal_value=5.73699e-06 0.00151107 0.00183445 -0.00154535 -0.00119507 -0.0084867 -0.00916057
internal_weight=21640 10982 10659 10658 10146 512 323
internal_count=21640 10982 10659 10658 10146 512 323
cat_boundaries=0 1
cat_threshold=66
is_linear=0
shrinkage=0.0413828


Tree=44
num_leaves=8
num_cat=0
split_feature=13 40 38 9 26 21 29
split_gain=28.0428 24.6823 36.8327 19.4678 19.2594 16.001 14.911
threshold=4.5832120129327363 0.99374995976406788 0.6078576107927941 1005.613379147984 285.52643167166792 0.0050295676607462923 42.500000000000007
decision_type=2 2 2 2 2 2 2
left_child=1 4 -3 5 -1 -2 -5
right_child=3 2 -4 6 -6 -7 -8
leaf_value=2.3376196497075648 135.44268206736078 71.722829596467065 -34.261242479310553 -64.450219506428795 -14.386664505563948 -49.015792847753595 47.246946084723618
leaf_weight=10205 490 553 213 386 8357 73 1363
leaf_count=10205 490 553 213 386 8357 73 1363
internal_value=-1.1474e-05 -0.000526706 0.00675307 0.0042958 -0.000827122 0.0109889 0.00214131
internal_weight=21640 19328 766 2312 18562 563 1749
internal_count=21640 19328 766 2312 18562 563 1749
is_linear=0
shrinkage=0.0413828


Tree=45
num_leaves=8
num_cat=1
split_feature=14 18 27 0 28 0 10
split_gain=27.5905 16.44 19.6857 16.27 17.4851 13.6961 5.41925
threshold=1.9063596413182793 0.013683625304783861 0.56885416221185536 14.918216744876958 0 9.4066329566419657 1020.1264255770121
decision_type=2 2 2 2 1 2 2
left_child=3 5 -3 4 -1 -2 -5
right_child=1 2 -4 6 -6 -7 -8
leaf_value=22.888994707643839 67.945049550525539 51.850808908065069 10.935235740160866 -45.504180255611196 -14.247659230594078 -3.2628830302312526 5.6114119746189779
leaf_weight=1233 139 1250 4943 345 6979 6666 67
leaf_count=1233 139 1250 4943 345 6979 6666 67
internal_value=-3.82784e-06 0.00120029 0.00274304 -0.00181866 -0.00141605 -0.000203722 -0.00984347
internal_weight=21622 12998 6193 8624 8212 6805 412
internal_count=21622 12998 6193 8624 8212 6805 412
cat_boundaries=0 1
cat_threshold=66
is_linear=0
shrinkage=0.0413828


Tree=46
num_leaves=8
num_cat=1
split_feature=40 40 18 31 44 10 12
split_gain=28.7607 22.4006 20.8479 14.6664 11.8076 8.96157 2.43671
threshold=0.99818282439137029 -0.98214942551678475 1.0000000180025095e-35 0 0.86316374695216147 1022.3394921629713 73.846209943707137
decision_type=2 2 2 1 2 2 2
left_child=1 4 -3 6 -1 -5 -2
right_child=3 2 -4 5 -6 -7 -8
leaf_value=-41.00586063667653 134.98528950554316 -8.0999117788721033 10.493550893129827 36.574688618228961 47.292291428021109 -21.687209852025465 85.508073995135234
leaf_weight=839 213 10528 9674 123 127 70 48
leaf_count=839 213 10528 9674 123 127 70 48
internal_value=-5.74176e-06 -0.000226777 6.75989e-05 0.0103001 -0.00638306 0.0011212 0.0164156
internal_weight=21622 21168 20202 454 966 193 261
internal_count=21622 21168 20202 454 966 193 261
cat_boundaries=0 1
cat_threshold=89
is_linear=0
shrinkage=0.0413828


Tree=47
num_leaves=8
num_cat=1
split_feature=40 13 0 40 31 10 10
split_gain=25.7285 22.9324 17.278 16.5174 13.6501 8.6394 2.44131
threshold=0.99818282439137029 4.5832120129327363 10.610372835933651 -0.67803021058859225 0 1022.3394921629713 1021.1265066234261
decision_type=2 2 2 2 1 2 2
left_child=1 3 -3 -1 6 -6 -2
right_child=4 2 -4 -5 5 -7 -8
leaf_value=-15.715256075606801 147.44711361351281 -15.725978301351279 67.189983435056774 0.24205288212964673 35.061123909625401 -20.789731385353161 66.480118883645304
leaf_weight=4747 161 696 1549 14176 123 70 100
leaf_count=4747 161 696 1549 14176 123 70 100
internal_value=5.74176e-06 -0.000203317 0.00375118 -0.000672474 0.0097532 0.000917348 0.0156521
internal_weight=21622 21168 2245 18923 454 193 261
internal_count=21622 21168 2245 18923 454 193 261
cat_boundaries=0 1
cat_threshold=89
is_linear=0
shrinkage=0.0413828


Tree=48
num_leaves=8
num_cat=1
split_feature=40 51 10 38 31 9 10
split_gain=24.795 20.0296 23.4925 19.293 13.0858 7.52876 2.95687
threshold=0.99818282439137029 1.0000000180025095e-35 1031.6627651740471 -1.0000000180025095e-35 0 1022.7090181780229 1021.1265066234261
decision_type=2 2 2 2 1 2 2
left_child=1 2 -1 -3 6 -6 -2
right_child=4 3 -4 -5 5 -7 -8
leaf_value=-5.7319817864466751 141.34533240956719 25.78794929064 -55.739548194378372 -2.1023094263419915 28.760191967644989 -20.936714133720152 63.728982358154688
leaf_weight=13103 161 3377 471 4217 128 65 100
leaf_count=13103 161 3377 471 4217 128 65 100
internal_value=1.91392e-06 -0.000203317 -0.00115545 0.00149859 0.0095709 0.000917348 0.0153467
internal_weight=21622 21168 13574 7594 454 193 261
internal_count=21622 21168 13574 7594 454 193 261
cat_boundaries=0 1
cat_threshold=89
is_linear=0
shrinkage=0.0413828


Tree=49
num_leaves=8
num_cat=0
split_feature=14 29 48 29 29 29 23
split_gain=24.932 18.0107 16.6421 19.6953 11.7973 9.85879 2.38668
threshold=1.495286772218406 4.5000000000000009 1.0000000180025095e-35 347.50000000000006 356.50000000000006 260.50000000000006 21.339574829316557
decision_type=2 2 2 2 2 2 2
left_child=1 6 3 -2 -3 -4 -1
right_child=2 4 5 -5 -6 -7 -8
leaf_value=113.88085103758961 5.568645288059205 -14.781642120931066 -8.1715288553101306 50.769711142241206 -60.211129273058894 -51.062272291642792 29.349807284031446
leaf_weight=69 15683 4717 282 371 180 284 36
leaf_count=69 15683 4717 282 371 180 284 36
internal_value=-1.14835e-05 -0.00257298 0.000759432 0.00100531 -0.0029366 -0.00621473 0.0143853
internal_weight=21622 5002 16620 16054 4897 566 105
internal_count=21622 5002 16620 16054 4897 566 105
is_linear=0
shrinkage=0.0413828


Tree=50
num_leaves=8
num_cat=0
split_feature=40 14 0 14 10 19 23
split_gain=23.5332 23.2777 19.7427 16.7433 11.6073 11.4872 3.19355
threshold=0.99818282439137029 4.4609227687488628 10.610372835933651 1.1953929101235146 1023.8596106891149 0.00033877916885855593 36.320669257958777
decision_type=2 2 2 2 2 2 2
left_child=1 3 -3 -1 6 -6 -2
right_child=4 2 -4 -5 5 -7 -8
leaf_value=-25.628138103412603 60.935827647335728 -19.088164792791016 66.637750021109383 -1.4222261474449716 -43.347779937339503 59.997112218080495 108.85818331053029
leaf_weight=2269 274 705 1610 16584 54 47 79
leaf_count=2269 274 705 1610 16584 54 47 79
internal_value=-2.4881e-05 -0.000224822 0.00369138 -0.000705701 0.00929745 -0.00307295 0.0128369
internal_weight=21622 21168 2315 18853 454 101 353
internal_count=21622 21168 2315 18853 454 101 353
is_linear=0
shrinkage=0.0413828


Tree=51
num_leaves=8
num_cat=0
split_feature=14 40 2 29 2 40 44
split_gain=22.321 21.1824 15.578 24.7955 21.3784 14.655 8.94873
threshold=2.0601963765573901 -0.98214942551678475 0.69938919975787772 311.50000000000006 0.69787383499518374 0.99818282439137029 0.28396383057052793
decision_type=2 2 2 2 2 2 2
left_child=2 6 4 -4 -1 -3 -2
right_child=1 5 3 -5 -6 -7 -8
leaf_value=-2.0497247691227889 -48.736982595301356 9.4845757215182704 -8.311580644388485 -49.108832071154502 50.954476671628456 61.810739834540279 -7.1316272532457265
leaf_weight=636 163 11125 8257 749 249 247 196
leaf_count=636 163 11125 8257 749 249 247 196
internal_value=-2.67949e-05 0.00119411 -0.00147482 -0.00198965 0.0037642 0.00150655 -0.00870305
internal_weight=21622 11731 9891 9006 885 11372 359
internal_count=21622 11731 9891 9006 885 11372 359
is_linear=0
shrinkage=0.0413828


Tree=52
num_leaves=8
num_cat=0
split_feature=14 40 30 40 0 44 24
split_gain=21.4678 21.3957 17.661 17.6582 13.0859 9.1668 2.38668
threshold=1.495286772218406 -0.98214942551678475 0.012320328542094456 0.99818282439137029 14.918216744876958 0.23184395843844199 22.187447296155067
decision_type=2 2 2 2 2 2 2
left_child=2 5 6 -3 -4 -2 -1
right_child=1 3 4 -5 -6 -7 -8
leaf_value=109.57094993846759 -46.29584125961788 5.6816996396295725 -12.493468748343616 54.29289917094345 -42.878606295483237 -17.001263933719105 25.753220469496323
leaf_weight=69 227 15633 4661 342 236 418 36
leaf_count=69 227 15633 4661 342 236 418 36
internal_value=-3.06228e-05 0.000684734 -0.00240752 0.000983085 -0.00276759 -0.00670465 0.0143853
internal_weight=21622 16620 5002 15975 4897 645 105
internal_count=21622 16620 5002 15975 4897 645 105
is_linear=0
shrinkage=0.0413828


Tree=53
num_leaves=8
num_cat=0
split_feature=40 38 40 40 18 0 38
split_gain=21.5016 21.7239 17.0344 32.6588 20.2649 8.40748 2.46942
threshold=0.99700008544936913 0.6078576107927941 -0.67803021058859225 -0.77245553105869302 0.15569339094905957 12.512395042651052 -0.8783796973249266
decision_type=2 2 2 2 2 2 2
left_child=2 6 3 -1 -4 -3 -2
right_child=1 5 4 -5 -6 -7 -8
leaf_value=-4.103778354492353 32.81289531234124 -52.867889560439941 -0.92758445508971066 -43.569635461749378 32.360637931452693 3.2173647007534281 99.139119568431113
leaf_weight=4129 90 42 13950 869 2092 128 322
leaf_count=4129 90 42 13950 869 2092 128 322
internal_value=-2.4881e-05 0.00782149 -0.000241924 -0.00235149 0.000415325 -0.00462511 0.0129572
internal_weight=21622 582 21040 4998 16042 170 412
internal_count=21622 582 21040 4998 16042 170 412
is_linear=0
shrinkage=0.0413828


Tree=54
num_leaves=8
num_cat=1
split_feature=14 0 28 0 25 11 40
split_gain=22.4806 24.1769 34.2481 31.1372 20.3547 15.5747 13.2477
threshold=4.7241117268179602 10.610372835933651 0 10.306570918752319 515.73123694511037 84.610007348008835 0.99374995976406788
decision_type=2 2 1 2 2 2 2
left_child=4 3 -3 -2 5 -1 -6
right_child=1 2 -4 -5 6 -7 -8
leaf_value=10.184143416539536 36.639282665511914 155.57778589214979 24.285148076081189 -141.87075252094874 -14.995111581570285 -12.325033255355921 36.67711667246602
leaf_weight=8992 452 439 876 191 7847 2519 334
leaf_count=8992 452 439 876 191 7847 2519 334
internal_value=-1.91144e-06 0.00422705 0.00744261 -0.0023491 -0.000422403 0.000699241 -0.0020006
internal_weight=21650 1958 1315 643 19692 11511 8181
internal_count=21650 1958 1315 643 19692 11511 8181
cat_boundaries=0 1
cat_threshold=580
is_linear=0
shrinkage=0.0413828


Tree=55
num_leaves=8
num_cat=1
split_feature=14 1 28 40 25 11 40
split_gain=20.8372 21.9328 34.5984 24.5456 18.8172 14.0751 12.1747
threshold=4.7241117268179602 0.29403088672726913 0 0.57782244426053786 515.73123694511037 83.257102925655929 0.99374995976406788
decision_type=2 2 1 2 2 2 2
left_child=4 2 -2 -3 5 -1 -6
right_child=1 3 -4 -5 6 -7 -8
leaf_value=10.156615197910712 149.13953432897233 21.924989905051319 22.713597365467564 -143.79328885017279 -14.374571187410224 -11.31986637638888 35.15931319946224
leaf_weight=8611 439 414 940 165 7847 2900 334
leaf_count=8611 439 414 940 165 7847 2900 334
internal_value=7.64578e-06 0.0040791 0.00691714 -0.00268023 -0.000397185 0.000681266 -0.00191461
internal_weight=21650 1958 1379 579 19692 11511 8181
internal_count=21650 1958 1379 579 19692 11511 8181
cat_boundaries=0 1
cat_threshold=580
is_linear=0
shrinkage=0.0413828


Tree=56
num_leaves=8
num_cat=0
split_feature=13 25 41 9 41 11 38
split_gain=20.3619 18.9423 17.6875 16.5816 13.6023 13.3519 11.0973
threshold=4.6230114096005019 261.5713034241158 0.97648852793709995 1010.9059216367907 0.99611390731392835 85.048047738431237 -0.60785761079279388
decision_type=2 2 2 2 2 2 2
left_child=1 5 3 -2 -4 -1 -3
right_child=2 6 4 -5 -6 -7 -8
leaf_value=9.9042669583587077 104.23570552990039 2.5090346560943528 -103.30037550879668 15.354392792238091 57.837312151474762 -11.917215144364231 -17.058476857537109
leaf_weight=8394 878 2546 120 1190 44 2224 6254
leaf_count=8394 878 2546 120 1190 44 2224 6254
internal_value=1.91144e-06 -0.000428363 0.00374522 0.00478264 -0.00933632 0.000748305 -0.00184812
internal_weight=21650 19418 2232 2068 164 10618 8800
internal_count=21650 19418 2232 2068 164 10618 8800
is_linear=0
shrinkage=0.0413828


Tree=57
num_leaves=8
num_cat=0
split_feature=13 10 30 25 22 44 32
split_gain=20.3203 16.5371 18.1737 16.4878 13.7827 12.4088 8.82111
threshold=4.6230114096005019 1004.6721228448309 0.11635865845311431 522.93779987203743 0.001954495204953222 0.23184395843844199 1.0000000180025095e-35
decision_type=2 2 2 2 2 2 2
left_child=3 4 -3 5 -2 -1 -5
right_child=1 2 -4 6 -6 -7 -8
leaf_value=-9.1087538803041337 115.95797117626014 -72.548232934857154 46.189568218528144 -16.851317940795237 -47.138910199914484 9.2232749066387498 1.6398371343010076
leaf_weight=2921 434 396 1335 5567 67 8655 2275
leaf_count=2921 434 396 1335 5567 67 8655 2275
internal_value=5.73434e-06 0.00374522 0.00182888 -0.000424101 0.0103663 0.000568406 -0.00188919
internal_weight=21650 2232 1731 19418 501 11576 7842
internal_count=21650 2232 1731 19418 501 11576 7842
is_linear=0
shrinkage=0.0413828


Tree=58
num_leaves=8
num_cat=0
split_feature=40 40 18 38 38 10 24
split_gain=20.1319 31.6545 20.76 19.7963 17.621 17.558 14.8613
threshold=-0.67803021058859225 -0.77245553105869302 1.0000000180025095e-35 1.0000000180025095e-35 -1.0000000180025095e-35 1031.6627651740471 54.032855099678628
decision_type=2 2 2 2 2 2 2
left_child=1 6 5 -3 -4 -2 -1
right_child=2 3 4 -5 -6 -7 -8
leaf_value=-0.19393546842401077 -1.9021862519356167 -16.594462778738862 30.508059543262334 -61.348295407553685 3.6544976399051352 -48.895189216470669 -48.413115696061062
leaf_weight=3781 7960 512 3744 371 4554 400 328
leaf_count=3781 7960 512 3744 371 4554 400 328
internal_value=1.7203e-05 -0.00228799 0.000708015 -0.00939666 0.00217437 -0.000747465 -0.000760381
internal_weight=21650 4992 16658 883 8298 8360 4109
internal_count=21650 4992 16658 883 8298 8360 4109
is_linear=0
shrinkage=0.0413828


Tree=59
num_leaves=8
num_cat=2
split_feature=14 0 28 0 0 20 28
split_gain=18.9906 21.1621 33.697 30.4638 16.4551 23.4807 16.3073
threshold=4.7241117268179602 10.610372835933651 0 10.306570918752319 14.912006068462391 0.0010889966134960325 1
decision_type=2 2 1 2 2 2 1
left_child=4 3 -3 -2 6 -6 -1
right_child=1 2 -4 -5 5 -7 -8
leaf_value=13.037446907974321 29.664397287322529 137.41456983531961 17.137758331638953 -129.32741714726245 -31.433784395928676 85.53818268063759 -5.6382613898577647
leaf_weight=5408 452 439 876 191 1183 99 13002
leaf_count=5408 452 439 876 191 1183 99 13002
internal_value=-1.91145e-05 0.00386775 0.00687616 -0.00228474 -0.000405591 -0.00493882 -8.99138e-05
internal_weight=21650 1958 1315 643 19692 1282 18410
internal_count=21650 1958 1315 643 19692 1282 18410
cat_boundaries=0 1 2
cat_threshold=580 4170
is_linear=0
shrinkage=0.0413828


Tree=60
num_leaves=8
num_cat=0
split_feature=40 40 38 41 41 24 41
split_gain=17.9452 30.5374 19.8575 18.2681 19.1077 15.1461 14.5447
threshold=-0.67803021058859225 -0.77245553105869302 1.0000000180025095e-35 -0.97874870457683594 -0.99628250747696534 54.032855099678628 -0.96234030595689413
decision_type=2 2 2 2 2 2 2
left_child=1 5 -3 4 -2 -1 -5
right_child=3 2 -4 6 -6 -7 -8
leaf_value=0.13012512509666044 23.875643879063109 -15.674409377082998 -58.576201039841187 39.686130415630188 -34.847797389517268 -46.176315879045099 6.0321654757816257
leaf_weight=3781 670 512 371 523 914 328 14551
leaf_count=3781 670 512 371 523 914 328 14551
internal_value=-3.82289e-06 -0.00218023 -0.00916233 0.000648392 -0.0035792 -0.00067981 0.00109263
internal_weight=21650 4992 883 16658 1584 4109 15074
internal_count=21650 4992 883 16658 1584 4109 15074
is_linear=0
shrinkage=0.0413828


Tree=61
num_leaves=8
num_cat=1
split_feature=14 0 28 0 40 38 37
split_gain=18.2833 19.2954 33.9719 28.4879 16.6827 29.6694 15.1055
threshold=4.7241117268179602 10.610372835933651 0 10.306570918752319 0.99374995976406788 0.6078576107927941 -0.12940952255126037
decision_type=2 2 1 2 2 2 2
left_child=4 3 -3 -2 6 -6 -1
right_child=1 2 -4 -5 5 -7 -8
leaf_value=-11.910816972275347 28.187171925798658 131.47833567082506 16.178920941606684 -124.2251087280094 57.572370830074306 -32.169164798980731 2.6647417160066578
leaf_weight=8458 452 439 876 191 558 204 10472
leaf_count=8458 452 439 876 191 558 204 10472
internal_value=-3.05832e-05 0.00378321 0.00665587 -0.00209166 -0.000409794 0.00559374 -0.000651457
internal_weight=21650 1958 1315 643 19692 762 18930
internal_count=21650 1958 1315 643 19692 762 18930
cat_boundaries=0 1
cat_threshold=580
is_linear=0
shrinkage=0.0413828


Tree=62
num_leaves=8
num_cat=0
split_feature=14 29 0 0 0 10 24
split_gain=17.6179 16.6928 15.7651 15.3983 14.5875 8.91675 2.56372
threshold=1.495286772218406 4.5000000000000009 9.3968193454500248 14.918216744876958 9.6379393104415616 1033.4726786108945 22.187447296155067
decision_type=2 2 2 2 2 2 2
left_child=1 6 5 -3 -4 -2 -1
right_child=2 3 4 -5 -6 -7 -8
leaf_value=98.754965176817237 48.710380763932712 -12.136894301846159 -29.097171027815012 -43.772545569549287 5.4805689113036653 -19.706864780749203 29.345446638704789
leaf_weight=68 362 4632 989 237 15285 39 38
leaf_count=68 362 4632 989 237 15285 39 38
internal_value=-3.05832e-05 -0.00219183 0.000614228 -0.00254552 0.00041449 0.0087203 0.0140544
internal_weight=21650 4975 16675 4869 16274 401 106
internal_count=21650 4975 16675 4869 16274 401 106
is_linear=0
shrinkage=0.0413828


Tree=63
num_leaves=8
num_cat=0
split_feature=40 18 45 9 24 40 6
split_gain=18.7769 17.4224 22.4551 18.9892 5.08426 5.75557 0.0672731
threshold=0.99865421017599998 0.013683625304783861 0.37897153596113126 1032.458896384104 39.48522106680408 0.99995780822346225 285.94025018454761
decision_type=2 2 2 2 2 2 2
left_child=1 3 -3 -1 5 -2 -6
right_child=4 2 -4 -5 6 -7 -8
leaf_value=-5.4365414817362963 45.554859662862313 21.15826148961526 -6.1672339701945207 -47.880293795845247 96.479036969275853 -18.976263458717455 171.97063703100525
leaf_weight=12489 287 4270 4123 323 34 49 31
leaf_count=12489 287 4270 4123 323 34 49 31
internal_value=-4.78835e-05 -0.000215647 0.00124992 -0.00117572 0.0088235 0.00677396 0.0194178
internal_weight=21606 21205 8393 12812 401 336 65
internal_count=21606 21205 8393 12812 401 336 65
is_linear=0
shrinkage=0.0413828


Tree=64
num_leaves=8
num_cat=1
split_feature=18 27 38 9 2 28 29
split_gain=16.6907 21.9705 20.9641 18.7025 18.5449 14.2787 4.15386
threshold=0.013683625304783861 0.56885416221185536 -1.0000000180025095e-35 1032.458896384104 0.81823214048688075 0 356.50000000000006
decision_type=2 2 2 2 2 1 2
left_child=3 5 -3 4 -1 -2 -5
right_child=1 2 -4 6 -6 -7 -8
leaf_value=-2.2975661893331756 60.185804989276541 17.557637512003105 -9.6196475240732617 -36.949657007195754 -47.939969608846866 16.243867570988328 -46.18855089100208
leaf_weight=12202 706 2989 3740 184 506 1140 139
leaf_count=12202 706 2989 3740 184 506 1140 139
internal_value=-5.93755e-05 0.00135852 0.000261372 -0.000992413 -0.000742468 0.0053578 -0.0108261
internal_weight=21606 8575 6729 13031 12708 1846 323
internal_count=21606 8575 6729 13031 12708 1846 323
cat_boundaries=0 1
cat_threshold=1570
is_linear=0
shrinkage=0.0413828


Tree=65
num_leaves=8
num_cat=1
split_feature=40 40 7 31 40 40 0
split_gain=18.4527 28.4127 20.3155 18.0364 16.0516 13.4085 12.8001
threshold=-0.67803021058859225 -0.77245553105869302 303.91820012961449 0 -0.98214942551678475 0.99865421017599998 14.918216744876958
decision_type=2 2 2 1 2 2 2
left_child=1 4 5 -3 -1 -2 -4
right_child=2 3 6 -5 -6 -7 -8
leaf_value=-31.197460755283391 6.3945242751105518 -15.102101298011716 -13.331808277653636 -55.321341603733714 3.9847288364646367 43.52167372672276 -50.813911036093472
leaf_weight=974 14750 504 1155 365 3149 401 308
leaf_count=974 14750 504 1155 365 3149 401 308
internal_value=-6.51216e-05 -0.00227141 0.000597802 -0.00907183 -0.000838095 0.00104748 -0.00405908
internal_weight=21606 4992 16614 869 4123 15151 1463
internal_count=21606 4992 16614 869 4123 15151 1463
cat_boundaries=0 1
cat_threshold=113
is_linear=0
shrinkage=0.0413828


Tree=66
num_leaves=8
num_cat=1
split_feature=40 40 41 31 41 14 1
split_gain=17.1437 27.9825 17.7274 17.6336 17.1817 16.248 14.7987
threshold=-0.67803021058859225 -0.77245553105869302 -0.97874870457683594 0 -0.99628250747696534 1.1569454583553522 0.24294105230394622
decision_type=2 2 2 1 2 2 2
left_child=1 6 4 -3 -2 -4 -1
right_child=2 3 5 -5 -6 -7 -8
leaf_value=11.160638587386027 16.61497233703755 -14.477133364886667 -22.453827609727472 -53.031987040581519 -32.369886239775617 10.053133892357907 -17.27754678947332
leaf_weight=1695 674 504 1337 365 927 13676 2428
leaf_count=1695 674 504 1337 365 927 13676 2428
internal_value=-5.36295e-05 -0.00218023 0.000585348 -0.00892897 -0.00355411 0.00102678 -0.000757799
internal_weight=21606 4992 16614 869 1601 15013 4123
internal_count=21606 4992 16614 869 1601 15013 4123
cat_boundaries=0 1
cat_threshold=113
is_linear=0
shrinkage=0.0413828


Tree=67
num_leaves=8
num_cat=1
split_feature=40 14 30 40 31 40 18
split_gain=16.6561 15.2566 16.5597 15.9376 5.01446 7.02824 2.38042
threshold=0.99865421017599998 1.9063596413182793 0.012320328542094456 -0.98214942551678475 0 0.99995780822346225 0.0052119872132086022
decision_type=2 2 2 2 1 2 2
left_child=1 2 -1 -3 6 -6 -2
right_child=4 3 -4 -5 5 -7 -8
leaf_value=82.079716186516976 71.973528708858098 -32.2969381568846 -10.985899273266133 6.7238815336183642 24.201987008506009 -34.961705995488828 138.11953209295245
leaf_weight=165 85 435 8284 12321 199 43 74
leaf_count=165 85 435 8284 12321 199 43 74
internal_value=-4.78835e-05 -0.00020589 -0.0015698 0.0006975 0.00830751 0.00394121 0.013835
internal_weight=21606 21205 8449 12756 401 242 159
internal_count=21606 21205 8449 12756 401 242 159
cat_boundaries=0 1
cat_threshold=73
is_linear=0
shrinkage=0.0413828


Tree=68
num_leaves=8
num_cat=0
split_feature=51 41 41 27 15 21 10
split_gain=15.2837 17.1539 17.4907 17.1356 14.5261 10.3023 1.03134
threshold=1.0000000180025095e-35 0.99981043035926087 -0.97874870457683594 0.46505665921896983 258.40241817377614 1.0000000180025095e-35 1024.7201584711599
decision_type=2 2 2 2 2 2 2
left_child=1 2 -1 5 -5 -2 -3
right_child=3 6 -4 4 -6 -7 -8
leaf_value=-31.226491762541805 45.053957556111172 -64.88554893040093 -1.8791467329431308 -0.83766790437046657 49.201267185093954 -113.9539444784395 -78.531462674088345
leaf_weight=1081 1197 39 12616 5745 814 48 66
leaf_count=1081 1197 39 12616 5745 814 48 66
internal_value=-4.78835e-05 -0.00087551 -0.000747773 0.00141584 0.000570994 0.00586672 -0.0175383
internal_weight=21606 13802 13697 7804 6559 1245 105
internal_count=21606 13802 13697 7804 6559 1245 105
is_linear=0
shrinkage=0.0413828


Tree=69
num_leaves=8
num_cat=0
split_feature=40 40 38 7 14 9 2
split_gain=15.3527 26.2096 18.5623 17.5569 15.4908 13.5721 11.5026
threshold=-0.67803021058859225 -0.77245553105869302 1.0000000180025095e-35 303.91820012961449 1.1569454583553522 1003.2167204284516 0.80640457781023966
decision_type=2 2 2 2 2 2 2
left_child=1 5 -3 4 -2 -1 -5
right_child=3 2 -4 6 -6 -7 -8
leaf_value=-33.182975667416073 -18.322285567732433 -13.8977082373868 -51.080960757348855 28.906346585254148 9.759739279965963 1.6467580785688642 -29.391299729275737
leaf_weight=622 1426 504 365 300 13725 3501 1163
leaf_count=622 1426 504 365 300 13725 3501 1163
internal_value=-5.17142e-05 -0.00206417 -0.00859562 0.000552967 0.000970999 -0.000687539 -0.00377622
internal_weight=21606 4992 869 16614 15151 4123 1463
internal_count=21606 4992 869 16614 15151 4123 1463
is_linear=0
shrinkage=0.0413828


Tree=70
num_leaves=8
num_cat=2
split_feature=14 15 15 44 1 28 31
split_gain=14.9348 17.0502 15.4367 14.1606 13.6459 12.9721 12.0014
threshold=3.139511009003928 251.5177840056248 105.6011984850601 0.077737566926842624 0.30311331381490464 0 1
decision_type=2 2 2 2 2 1 1
left_child=3 2 -2 6 -5 -3 -1
right_child=1 5 -4 4 -6 -7 -8
leaf_value=-7.4822961674091335 32.177586162533835 -29.542402845659165 -1.3654363127267679 -4.8476344684080788 17.166880807498828 75.251103538105482 -34.844778591523678
leaf_weight=938 723 173 4203 12027 2085 787 670
leaf_count=938 723 173 4203 12027 2085 787 670
internal_value=-5.55449e-05 0.00172253 0.000739279 -0.000721304 -0.000302043 0.00676781 -0.00440078
internal_weight=21606 5886 4926 15720 14112 960 1608
internal_count=21606 5886 4926 15720 14112 960 1608
cat_boundaries=0 1 2
cat_threshold=136 116
is_linear=0
shrinkage=0.0413828


Tree=71
num_leaves=8
num_cat=1
split_feature=14 0 0 40 31 9 10
split_gain=14.2496 17.6892 18.0978 14.7428 13.6734 7.45634 4.26307
threshold=1.7425374246520062 14.918216744876958 14.778180654549983 -0.97876850416056738 0 1018.5201012302606 1018.9198371465523
decision_type=2 2 2 2 1 2 2
left_child=1 2 -1 5 -5 -2 -3
right_child=3 6 -4 4 -6 -7 -8
leaf_value=-9.6945410352984247 -39.792355311993539 -44.718089643403232 66.607116945707588 16.286702908868044 -0.89944327957479231 2.9887385649015039 -15.488415337352794
leaf_weight=6496 370 239 412 5915 7882 193 99
leaf_count=6496 370 239 412 5915 7882 193 99
internal_value=-3.44761e-05 -0.00153058 -0.0010783 0.000720453 0.000988305 -0.00584357 -0.0107742
internal_weight=21606 7246 6908 14360 13797 563 338
internal_count=21606 7246 6908 14360 13797 563 338
cat_boundaries=0 1
cat_threshold=98
is_linear=0
shrinkage=0.0413828


Tree=72
num_leaves=8
num_cat=1
split_feature=14 16 29 41 29 28 24
split_gain=14.3564 16.7993 15.1135 14.9167 20.8102 9.99134 4.03702
threshold=3.0002700301028118 244.24404283935996 42.500000000000007 0.99981043035926087 4.5000000000000009 0 45.680622275960751
decision_type=2 2 2 2 2 1 2
left_child=3 2 -2 4 -1 -3 -5
right_child=1 5 -4 6 -6 -7 -8
leaf_value=95.686356456315025 -37.632101543302639 -26.695133926373167 11.109343717444883 -80.099449508085513 -3.82346430979198 66.642426357738231 -12.20956881939534
leaf_weight=146 679 183 4679 88 14939 897 32
leaf_count=146 679 183 4679 88 14939 897 32
internal_value=5.25818e-05 0.00169054 0.000741462 -0.000640951 -0.000525344 0.00639901 -0.0151736
internal_weight=21643 6438 5358 15205 15085 1080 120
internal_count=21643 6438 5358 15205 15085 1080 120
cat_boundaries=0 1
cat_threshold=1032
is_linear=0
shrinkage=0.0413828


Tree=73
num_leaves=8
num_cat=1
split_feature=18 24 9 28 2 15 30
split_gain=12.7555 20.5164 18.5847 17.5249 16.4096 12.1442 4.03635
threshold=0.013683625304783861 12.951184862683151 1032.458896384104 0 0.70096585135394884 246.57963453151436 0.9760438056125943
decision_type=2 2 2 1 2 2 2
left_child=2 3 4 -2 -1 -3 -4
right_child=1 5 6 -5 -6 -7 -8
leaf_value=25.505701717045387 65.0228225229976 -3.3940207824339557 -44.952883970785983 8.4182214465094649 -5.4599758460631058 28.666683047807183 -42.882276160481382
leaf_weight=785 839 5490 190 1038 11908 1244 149
leaf_count=785 839 5490 190 1038 11908 1244 149
internal_value=6.40542e-05 0.00129997 -0.000752589 0.005126 -0.000497194 0.000233524 -0.0103152
internal_weight=21643 8611 13032 1877 12693 6734 339
internal_count=21643 8611 13032 1877 12693 6734 339
cat_boundaries=0 1
cat_threshold=678
is_linear=0
shrinkage=0.0413828


Tree=74
num_leaves=8
num_cat=0
split_feature=13 9 22 0 2 41 27
split_gain=14.3136 14.6338 16.4054 13.9296 12.7284 12.8691 12.0246
threshold=4.5832120129327363 1004.2829153860487 0.0016765225535820972 10.610372835933651 0.81863794884685326 -0.99761278905001471 0.50185016103114977
decision_type=2 2 2 2 2 2 2
left_child=4 2 -2 -3 5 -1 -6
right_child=1 3 -4 -5 6 -7 -8
leaf_value=137.95200725628985 92.73219928793128 -56.639747926221943 -38.609766826673926 41.015997044025873 -51.279680828536847 -1.3584372034689869 -6.1973435229879694
leaf_weight=241 431 512 71 1275 201 18670 242
leaf_count=241 431 512 71 1275 201 18670 242
internal_value=6.02301e-05 0.00315479 0.00939768 0.00140104 -0.000305763 -0.000143333 -0.00723965
internal_weight=21643 2289 502 1787 19354 18911 443
internal_count=21643 2289 502 1787 19354 18911 443
is_linear=0
shrinkage=0.0413828


Tree=75
num_leaves=8
num_cat=1
split_feature=13 9 21 29 28 29 3
split_gain=14.357 13.7887 15.5618 11.6555 11.8219 11.3203 0.261963
threshold=4.5832120129327363 1004.2829153860487 0.0050295676607462923 364.50000000000006 0 42.500000000000007 281.10846005439834
decision_type=2 2 2 2 1 2 2
left_child=3 2 -2 4 -1 -3 -5
right_child=1 5 -4 6 -6 -7 -8
leaf_value=12.162817125638176 88.634912743904067 -64.747613365692999 -38.755167198972934 -64.332146228156418 -3.8388743733293968 36.551220434172535 -55.549600996629067
leaf_weight=2986 432 396 70 32 16305 1391 31
leaf_count=2986 432 396 70 32 16305 1391 31
internal_value=7.36145e-05 0.00317286 0.00923281 -0.000292934 -0.000234898 0.00147051 -0.0180637
internal_weight=21643 2289 502 19354 19291 1787 63
internal_count=21643 2289 502 19354 19291 1787 63
cat_boundaries=0 1
cat_threshold=4098
is_linear=0
shrinkage=0.0413828


Tree=76
num_leaves=8
num_cat=0
split_feature=48 1 1 29 29 9 1
split_gain=14.6106 16.4149 25.972 20.6981 11.0001 6.34937 5.26029
threshold=1.0000000180025095e-35 0.30311331381490464 0.31102062593850105 42.500000000000007 260.50000000000006 1026.0507511297903 0.28869455644608594
decision_type=2 2 2 2 2 2 2
left_child=1 3 -3 -1 5 -2 -6
right_child=4 2 -4 -5 6 -7 -8
leaf_value=-62.794613963753356 12.515916744269399 33.634305784441622 -24.690534098892993 0.77468156000316801 -59.203075653241278 -59.859919993628687 -26.077159401879509
leaf_weight=686 456 1857 778 17252 179 90 345
leaf_count=686 456 1857 778 17252 179 90 345
internal_value=7.36145e-05 0.000318825 0.00336874 -0.000129192 -0.00464106 -0.000530548 -0.00892415
internal_weight=21643 20573 2635 17938 1070 546 524
internal_count=21643 20573 2635 17938 1070 546 524
is_linear=0
shrinkage=0.0413828


Tree=77
num_leaves=8
num_cat=2
split_feature=48 14 41 28 31 2 48
split_gain=13.831 14.3775 13.5856 10.1714 8.76736 7.52098 5.14481
threshold=1.0000000180025095e-35 1.1953929101235146 0.95178258287705175 0 1 0.69704050166185028 0.16289618911388162
decision_type=2 2 2 1 1 2 2
left_child=1 4 -3 6 -1 -5 -2
right_child=3 2 -4 5 -6 -7 -8
leaf_value=5.9497251335162371 -12.579878873550964 1.739409731555406 29.297131862973124 3.9743379752668511 -27.751015850915596 -43.502798209415623 32.720237732177857
leaf_weight=556 307 17072 1504 108 1441 561 94
leaf_count=556 307 17072 1504 108 1441 561 94
internal_value=6.21421e-05 0.000300721 0.000659417 -0.00452504 -0.00303585 -0.00758786 0.000755159
internal_weight=21643 20573 18576 1070 1997 669 401
internal_count=21643 20573 18576 1070 1997 669 401
cat_boundaries=0 1 2
cat_threshold=374 33
is_linear=0
shrinkage=0.0413828


Tree=78
num_leaves=8
num_cat=0
split_feature=14 48 0 40 9 2 2
split_gain=13.1688 15.0463 18.637 10.2835 8.21513 6.15579 5.28753
threshold=1.1953929101235146 1.0000000180025095e-35 9.3968193454500248 0.49065764355977465 993.45929899936107 0.69704050166185028 0.7205234639773116
decision_type=2 2 2 2 2 2 2
left_child=4 2 -2 -3 6 -6 -1
right_child=1 3 -4 -5 5 -7 -8
leaf_value=-78.142381705188114 34.001866162888248 -36.121032386898094 2.5833918415445845 20.207616279843531 47.897033946315695 -15.176946508559137 -38.69667107835582
leaf_weight=60 469 529 18107 232 112 1943 191
leaf_count=60 469 529 18107 232 112 1943 191
internal_value=4.87577e-05 0.000401266 0.000634911 -0.005302 -0.00290721 -0.00204397 -0.00997471
internal_weight=21643 19337 18576 761 2306 2055 251
internal_count=21643 19337 18576 761 2306 2055 251
is_linear=0
shrinkage=0.0413828


Tree=79
num_leaves=8
num_cat=0
split_feature=13 3 0 37 44 2 16
split_gain=13.4911 14.1871 18.1167 12.6421 11.1225 7.61031 2.66794
threshold=4.5832120129327363 303.00445931544795 10.610372835933651 -0.12940952255126037 0.077737566926842624 0.81863794884685326 172.05991239012258
decision_type=2 2 2 2 2 2 2
left_child=3 2 -2 5 -5 -1 -3
right_child=1 6 -4 4 -6 -7 -8
leaf_value=-7.6392894969486926 -12.544113500842526 -66.562861530576868 66.221415717285737 -16.995935987677353 6.4327488325083548 -51.392641615357896 -28.674459212622438
leaf_weight=8261 701 35 1353 1102 9802 189 200
leaf_count=8261 701 35 1353 1102 9802 189 200
internal_value=2.39008e-05 0.00302823 0.00413022 -0.000331422 0.000599641 -0.00153288 -0.00660362
internal_weight=21643 2289 2054 19354 10904 8450 235
internal_count=21643 2289 2054 19354 10904 8450 235
is_linear=0
shrinkage=0.0413828


Tree=80
num_leaves=8
num_cat=0
split_feature=48 1 1 30 10 40 2
split_gain=12.7141 13.9724 24.0042 19.8362 10.1723 11.913 3.71053
threshold=1.0000000180025095e-35 0.30311331381490464 0.31102062593850105 0.11635865845311431 1030.8804520286478 -0.66528616069191604 0.69938919975787772
decision_type=2 2 2 2 2 2 2
left_child=1 3 -3 -1 5 -2 -6
right_child=4 2 -4 -5 6 -7 -8
leaf_value=-60.16984747220959 -46.770285842816655 31.089888617101476 -24.653645617481889 0.68808656901499987 -14.230367613702446 0.77389196329748466 -47.392064226675977
leaf_weight=686 216 1857 778 17252 35 687 132
leaf_count=686 216 1857 778 17252 35 687 132
internal_value=2.77249e-05 0.000256468 0.00307034 -0.000156876 -0.00437033 -0.00263512 -0.0137529
internal_weight=21643 20573 2635 17938 1070 903 167
internal_count=21643 20573 2635 17938 1070 903 167
is_linear=0
shrinkage=0.0413828


Tree=81
num_leaves=8
num_cat=1
split_feature=23 40 11 28 0 38 0
split_gain=13.2828 14.2441 14.8224 12.4884 10.6263 7.01055 4.30355
threshold=0.44301891312273034 -0.98214942551678475 84.610007348008835 0 11.434296319745153 0.87837969732492682 10.306570918752319
decision_type=2 2 2 1 2 2 2
left_child=3 4 -3 6 -2 -5 -1
right_child=1 2 -4 5 -6 -7 -8
leaf_value=-61.576053724865844 -68.158141008048545 6.3533164861147693 -11.181544717328388 -9.782804531041652 -18.886868468720341 20.789373510544905 -31.565470692421229
leaf_weight=86 89 16417 2897 733 824 115 468
leaf_count=86 89 16417 2897 733 824 115 468
internal_value=-9.56644e-07 0.000269039 0.000507804 -0.00389624 -0.00478191 -0.000675244 -0.0086581
internal_weight=21629 20227 19314 1402 913 848 554
internal_count=21629 20227 19314 1402 913 848 554
cat_boundaries=0 1
cat_threshold=2712
is_linear=0
shrinkage=0.0413828


Tree=82
num_leaves=8
num_cat=1
split_feature=40 51 27 9 31 40 40
split_gain=12.6071 12.0316 15.8436 13.2274 7.37682 6.8617 3.36713
threshold=0.99865421017599998 1.0000000180025095e-35 0.46505665921896983 1032.0688245548506 0 0.99995780822346225 0.99983759474438971
decision_type=2 2 2 2 1 2 2
left_child=1 3 -3 -1 6 -6 -2
right_child=4 2 -4 -5 5 -7 -8
leaf_value=-3.759190537488196 40.107283693107689 39.614758951796261 2.0621410854163531 -37.191206927728814 11.023780214176544 -65.54116703775 172.27702431087246
leaf_weight=13235 128 1229 6381 398 123 45 90
leaf_count=13235 128 1229 6381 398 123 45 90
internal_value=-1.43498e-05 -0.000149027 0.00116916 -0.000884845 0.00739743 0.000464972 0.0121607
internal_weight=21629 21243 7610 13633 386 168 218
internal_count=21629 21243 7610 13633 386 168 218
cat_boundaries=0 1
cat_threshold=89
is_linear=0
shrinkage=0.0413828


Tree=83
num_leaves=8
num_cat=0
split_feature=13 9 25 12 30 4 16
split_gain=12.366 15.0027 14.1816 14.6362 11.2593 10.0021 6.82792
threshold=4.6230114096005019 1005.613379147984 800.12551041935797 73.604007296569776 0.11635865845311431 279.04853568040647 229.08901341093855
decision_type=2 2 2 2 2 2 2
left_child=2 5 3 -1 -3 -2 -4
right_child=1 4 6 -5 -6 -7 -8
leaf_value=7.6345633668517641 -51.284890390790167 -61.873021911830449 -17.418602834461478 -7.7060722583332781 31.951420598529985 81.101278637928203 39.194807902726716
leaf_weight=9368 47 383 3693 6091 1311 483 253
leaf_count=9368 47 383 3693 6091 1311 483 253
internal_value=-2.00897e-05 0.00290275 -0.000355076 0.00021014 0.00100159 0.00897928 -0.00256939
internal_weight=21629 2224 19405 15459 1694 530 3946
internal_count=21629 2224 19405 15459 1694 530 3946
is_linear=0
shrinkage=0.0413828


Tree=84
num_leaves=8
num_cat=1
split_feature=40 2 29 9 31 40 40
split_gain=12.9216 12.1248 21.8969 15.0933 7.0448 7.10836 3.36713
threshold=0.99865421017599998 0.70138251802061535 309.50000000000006 1019.4413792933292 0 0.99995780822346225 0.99983759474438971
decision_type=2 2 2 2 1 2 2
left_child=1 3 -3 -1 6 -6 -2
right_child=4 2 -4 -5 5 -7 -8
leaf_value=47.352886275998792 38.936197039335255 -0.88019592222654119 -32.26366002826326 3.3104484085145742 10.581880642712752 -62.509987809994776 163.67559402423828
leaf_weight=476 128 18794 768 1205 123 45 90
leaf_count=476 128 18794 768 1205 123 45 90
internal_value=9.56644e-07 -0.000135391 -0.00042521 0.00323726 0.00750464 0.000697459 0.0121607
internal_weight=21629 21243 19562 1681 386 168 218
internal_count=21629 21243 19562 1681 386 168 218
cat_boundaries=0 1
cat_threshold=89
is_linear=0
shrinkage=0.0413828


Tree=85
num_leaves=8
num_cat=2
split_feature=23 40 31 28 1 40 10
split_gain=12.0527 13.3755 13.8734 12.2657 10.8401 6.93965 4.42681
threshold=0.44301891312273034 -0.98214942551678475 0 1 0.2584328716379321 -0.92923668111203805 1024.8976688339856
decision_type=2 2 1 1 2 2 2
left_child=3 4 -3 6 -2 -5 -1
right_child=1 2 -4 5 -6 -7 -8
leaf_value=-29.532418753539954 -17.859443377025279 10.701889655512137 -2.3677181763700399 190.58209078856368 -64.826672933697296 -5.7945684809220568 -52.265981845224502
leaf_weight=437 824 8223 11091 36 89 812 117
leaf_count=437 824 8223 11091 36 89 812 117
internal_value=-8.60986e-06 0.000248579 0.00047995 -0.00371914 -0.00464593 -0.000530549 -0.00843798
internal_weight=21629 20227 19314 1402 913 848 554
internal_count=21629 20227 19314 1402 913 848 554
cat_boundaries=0 1 2
cat_threshold=98 2712
is_linear=0
shrinkage=0.0413828


Tree=86
num_leaves=8
num_cat=0
split_feature=14 0 10 10 10 30 2
split_gain=12.212 15.8071 17.4814 12.1294 7.24832 7.03544 6.75123
threshold=1.1953929101235146 9.3968193454500248 1026.7563618195034 1034.302509203952 993.78115287576713 0.14373716632443537 0.7205234639773116
decision_type=2 2 2 2 2 2 2
left_child=4 3 -3 -2 6 -6 -1
right_child=1 2 -4 -5 5 -7 -8
leaf_value=-74.288630947858479 35.345537257267608 2.9482730368382284 -28.042347011258208 -32.232714437432421 26.125883179614213 -16.549084343870252 -33.881981711641451
leaf_weight=66 503 17464 1286 45 267 1788 210
leaf_count=66 503 17464 1286 45 267 1788 210
internal_value=-2.00897e-05 0.000321662 0.000119183 0.00724954 -0.0028494 -0.00200369 -0.00914618
internal_weight=21629 19298 18750 548 2331 2055 276
internal_count=21629 19298 18750 548 2331 2055 276
is_linear=0
shrinkage=0.0413828


Tree=87
num_leaves=8
num_cat=2
split_feature=40 16 29 28 31 40 12
split_gain=12.6722 11.6659 19.1154 9.56879 6.82158 6.20973 4.85404
threshold=0.99865421017599998 120.19399371307118 62.500000000000007 0 1 0.99995780822346225 67.899126622710213
decision_type=2 2 2 1 1 2 2
left_child=1 3 -3 -1 6 -6 -2
right_child=4 2 -4 -5 5 -7 -8
leaf_value=-5.5472648741510069 102.10034978378083 18.451081887848851 -7.18907044535902 17.447159002986734 10.055710074150022 -60.48802918886927 53.385376271422324
leaf_weight=1364 144 3467 13730 2682 123 45 74
leaf_count=1364 144 3467 13730 2682 123 45 74
internal_value=-3.34828e-05 -0.000168508 -0.000638899 0.00183083 0.00739743 0.000697459 0.0119792
internal_weight=21629 21243 17197 4046 386 168 218
internal_count=21629 21243 17197 4046 386 168 218
cat_boundaries=0 1 2
cat_threshold=1286 89
is_linear=0
shrinkage=0.0413828


Tree=88
num_leaves=8
num_cat=1
split_feature=14 41 28 37 11 29 22
split_gain=11.7566 14.199 18.061 11.4517 10.6041 8.69915 8.00156
threshold=4.9818966685138877 0.97648852793709995 0 -0.12940952255126037 81.810627203542836 6.5000000000000009 0.016504626175160544
decision_type=2 2 1 2 2 2 2
left_child=3 2 -2 6 -5 -3 -1
right_child=1 5 -4 4 -6 -7 -8
leaf_value=-6.9808810790360258 117.9310657804017 36.844013999239806 25.932952473113087 7.8370592322186745 -8.680581255236465 -110.55379000697481 -88.812520921914214
leaf_weight=8914 257 46 1198 8165 2901 92 56
leaf_count=8914 257 46 1198 8165 2901 92 56
internal_value=-3.15695e-05 0.00339012 0.00459335 -0.000303617 0.000587123 -0.00929608 -0.0014025
internal_weight=21629 1593 1455 20036 11066 138 8970
internal_count=21629 1593 1455 20036 11066 138 8970
cat_boundaries=0 1
cat_threshold=578
is_linear=0
shrinkage=0.0413828


Tree=89
num_leaves=8
num_cat=1
split_feature=14 24 31 36 24 5 41
split_gain=11.4003 12.0144 13.2083 7.04973 5.86249 7.17583 1.95161
threshold=1.0507297965396074 0.31395611271891383 0 -0.37940952255126059 43.30073408312731 290.93681391104127 0.92519182738459482
decision_type=2 2 1 2 2 2 2
left_child=4 3 -3 -2 5 -1 -6
right_child=1 2 -4 -5 6 -7 -8
leaf_value=-1.0358708872066893 0.49280274106501726 10.218342779123448 -2.5428209925844119 -29.27642784460291 -68.274100823760875 -27.951283380669569 -74.427363402337832
leaf_weight=817 311 8315 11144 480 100 408 54
leaf_count=817 311 8315 11144 480 100 408 54
internal_value=-3.53961e-05 0.000212534 0.000415764 -0.00478701 -0.00367614 -0.00271944 -0.0112862
internal_weight=21629 20250 19459 791 1379 1225 154
internal_count=21629 20250 19459 791 1379 1225 154
cat_boundaries=0 1
cat_threshold=98
is_linear=0
shrinkage=0.0413828


Tree=90
num_leaves=8
num_cat=1
split_feature=29 29 1 1 31 9 39
split_gain=12.9585 26.1455 19.1581 20.6195 16.0586 11.4613 4.67831
threshold=94.500000000000014 102.50000000000001 0.25721936607548651 0.27605419742791787 0 1023.930567970876 -0.56174490092936669
decision_type=2 2 2 2 1 2 2
left_child=2 6 5 -4 -3 -1 -2
right_child=1 4 3 -5 -6 -7 -8
leaf_value=52.159174923010056 -8.7321228008958389 7.4181022561612995 -28.43723677861448 16.291563732947608 -8.6286926318724362 -11.932078736011071 -60.855496419833798
leaf_weight=759 122 6402 1186 4064 8552 156 403
leaf_count=759 122 6402 1186 4064 8552 156 403
internal_value=-9.75109e-05 -0.000736545 0.00150697 0.000543889 -0.000417869 0.00703281 -0.00981363
internal_weight=21644 15479 6165 5250 14954 915 525
internal_count=21644 15479 6165 5250 14954 915 525
cat_boundaries=0 1
cat_threshold=98
is_linear=0
shrinkage=0.0413828


Tree=91
num_leaves=8
num_cat=0
split_feature=14 10 1 24 37 14 6
split_gain=13.1444 15.8184 14.2608 13.0823 13.6296 8.7126 7.83845
threshold=4.9818966685138877 1004.6721228448309 0.29403088672726913 55.813641696495843 -0.12940952255126037 1.7425374246520062 278.85545173705992
decision_type=2 2 2 2 2 2 2
left_child=3 6 -3 4 -1 -5 -2
right_child=1 2 -4 5 -6 -7 -8
leaf_value=-7.0491097342699698 -56.729686816084509 49.440746355471902 -61.524741241862372 -42.206015458393267 5.3325742412730026 -10.300857594950982 85.751722971193715
leaf_weight=8345 39 853 364 380 10285 1023 355
leaf_count=8345 39 853 364 380 10285 1023 355
internal_value=-8.98629e-05 0.00350637 0.00117314 -0.000379062 -8.8852e-05 -0.00423267 0.0107133
internal_weight=21644 1611 1217 20033 18630 1403 394
internal_count=21644 1611 1217 20033 18630 1403 394
is_linear=0
shrinkage=0.0413828


Tree=92
num_leaves=8
num_cat=0
split_feature=13 0 0 0 37 44 22
split_gain=12.4087 12.5832 25.6176 21.8898 12.0941 10.7796 6.35753
threshold=5.1904184746347157 10.610372835933651 11.392509279963924 10.306570918752319 -0.12940952255126037 0.077737566926842624 0.016504626175160544
decision_type=2 2 2 2 2 2 2
left_child=4 3 -3 -2 6 -6 -1
right_child=1 2 -4 -5 5 -7 -8
leaf_value=-7.3562155092632375 35.531376282725113 118.44853247188175 25.826211932998525 -115.39218024971476 -14.45395160317114 5.8425382746704191 -69.933051984407129
leaf_weight=8924 357 228 723 161 1154 10035 62
leaf_count=8924 357 228 723 161 1154 10035 62
internal_value=-8.03031e-05 0.00359177 0.00641847 -0.00159779 -0.000347677 0.000560327 -0.00147829
internal_weight=21644 1469 951 518 20175 11189 8986
internal_count=21644 1469 951 518 20175 11189 8986
is_linear=0
shrinkage=0.0413828


Tree=93
num_leaves=8
num_cat=1
split_feature=29 29 2 9 38 31 13
split_gain=12.2873 24.1755 18.3454 21.7659 15.637 14.9997 10.4686
threshold=94.500000000000014 102.50000000000001 0.76648162271319287 1007.1264250785717 0.6078576107927941 0 2.9723864251144598
decision_type=2 2 2 2 2 1 2
left_child=2 6 3 -1 -4 -3 -2
right_child=1 5 4 -5 -6 -7 -8
leaf_value=39.775239271797581 -19.519176254044119 6.7552827337233978 58.357996176009415 -6.7700431094009401 -9.9548650191372747 -8.2446713741441116 -111.92530176915264
leaf_weight=1630 327 6402 549 3810 176 8552 198
leaf_count=1630 327 6402 549 3810 176 8552 198
internal_value=-6.88312e-05 -0.000691095 0.00149354 0.000669428 0.00767722 -0.000384661 -0.00941951
internal_weight=21644 15479 6165 5440 725 14954 525
internal_count=21644 15479 6165 5440 725 14954 525
cat_boundaries=0 1
cat_threshold=98
is_linear=0
shrinkage=0.0413828


Tree=94
num_leaves=8
num_cat=0
split_feature=13 0 19 1 0 0 0
split_gain=11.1575 12.0929 18.2883 12.3625 11.7769 22.9524 20.1492
threshold=5.1904184746347157 14.912006068462391 0.0017464581819943579 0.19598897204287505 10.610372835933651 11.392509279963924 10.306570918752319
decision_type=2 2 2 2 2 2 2
left_child=1 3 -3 -1 6 -6 -2
right_child=4 2 -4 -5 5 -7 -8
leaf_value=54.933773015940979 33.247558218689882 -25.719672800956904 74.558011893802345 -1.4382048616885452 112.09298116486646 24.047580944113523 -110.27573545222002
leaf_weight=577 357 1226 72 18300 228 723 161
leaf_count=577 357 1226 72 18300 228 723 161
internal_value=-5.92713e-05 -0.000312807 -0.00417654 -4.71331e-05 0.00342274 0.00615738 -0.00159779
internal_weight=21644 20175 1298 18877 1469 951 518
internal_count=21644 20175 1298 18877 1469 951 518
is_linear=0
shrinkage=0.0413828


Tree=95
num_leaves=8
num_cat=0
split_feature=40 45 41 41 40 10 23
split_gain=11.6224 12.6514 11.4918 16.944 10.8928 9.43503 7.27932
threshold=-0.98214942551678475 0.077737566926842624 0.99981043035926087 0.99611390731392835 -0.99467753128998015 986.28082437860178 44.331679607675554
decision_type=2 2 2 2 2 2 2
left_child=1 4 3 -2 -1 -3 -4
right_child=2 5 6 -5 -6 -7 -8
leaf_value=148.73742689169288 0.18632392590601263 45.45172557083567 -68.42978731956147 59.748301130569736 -83.635949658726474 -36.738045855203993 11.451553644638562
leaf_weight=101 20126 71 92 437 40 736 41
leaf_count=101 20126 71 92 437 40 736 41
internal_value=-5.92713e-05 -0.00453989 0.000145968 0.000224393 0.00689709 -0.00653817 -0.0119792
internal_weight=21644 948 20696 20563 141 807 133
internal_count=21644 948 20696 20563 141 807 133
is_linear=0
shrinkage=0.0413828


Tree=96
num_leaves=8
num_cat=1
split_feature=29 29 0 31 16 0 0
split_gain=10.6281 23.1289 17.6349 14.2562 13.9781 13.8277 5.77196
threshold=94.500000000000014 102.50000000000001 12.299519314018371 0 120.19399371307118 11.392509279963924 12.831024258447746
decision_type=2 2 2 1 2 2 2
left_child=2 6 5 -4 -3 -1 -2
right_child=1 4 3 -5 -6 -7 -8
leaf_value=14.650519000294546 3.8683358420901022 12.048029169592089 -9.4910979765055448 55.994782600214883 -5.0090577693488187 -18.984261733142478 -50.858111372519851
leaf_weight=4064 67 2965 176 549 11989 1376 458
leaf_count=4064 67 2965 176 549 11989 1376 458
internal_value=-6.69192e-05 -0.000645646 0.00138614 0.0074489 -0.000345918 0.000578143 -0.00918303
internal_weight=21644 15479 6165 725 14954 5440 525
internal_count=21644 15479 6165 725 14954 5440 525
cat_boundaries=0 1
cat_threshold=6
is_linear=0
shrinkage=0.0413828


Tree=97
num_leaves=8
num_cat=1
split_feature=40 28 40 16 45 40 10
split_gain=11.6422 12.5789 39.3545 14.9505 10.7784 9.86861 9.2346
threshold=-0.98214942551678475 0 0.80926549319045582 140.0931174199049 0.077737566926842624 -0.99467753128998015 986.28082437860178
decision_type=2 1 2 2 2 2 2
left_child=4 2 -2 -3 5 -1 -6
right_child=1 3 -4 -5 6 -7 -8
leaf_value=142.78953791854374 5.4375796171799209 8.5176291981249594 108.97319912415456 -8.3424337657640528 43.778092875146768 -79.967566962771954 -35.010431892660321
leaf_weight=101 6106 4374 354 9862 71 40 736
leaf_count=101 6106 4374 354 9862 71 40 736
internal_value=-5.54473e-05 0.000149967 0.00166299 -0.000537402 -0.00453989 0.00601661 -0.00638433
internal_weight=21644 20696 6460 14236 948 141 807
internal_count=21644 20696 6460 14236 948 141 807
cat_boundaries=0 1
cat_threshold=4614
is_linear=0
shrinkage=0.0413828


Tree=98
num_leaves=8
num_cat=1
split_feature=40 28 40 10 45 2 39
split_gain=10.7819 11.468 36.3962 13.8403 9.74933 8.55263 5.72058
threshold=-0.98214942551678475 0 0.80926549319045582 1026.7563618195034 1.0000000180025095e-35 0.73412694221051766 1.0000000180025095e-35
decision_type=2 1 2 2 2 2 2
left_child=4 2 -2 -3 6 -6 -1
right_child=1 3 -4 -5 5 -7 -8
leaf_value=-5.4129133205998095 5.2125570969694941 -1.4287019816765287 104.4635780006614 -32.863189087034499 -60.69066889152802 -22.300287363695066 244.36583061665803
leaf_weight=39 6106 13678 354 558 84 779 46
leaf_count=39 6106 13678 354 558 84 779 46
internal_value=-4.97114e-05 0.000147967 0.00159263 -0.000508353 -0.00436527 -0.00568234 0.00900675
internal_weight=21644 20696 6460 14236 948 863 85
internal_count=21644 20696 6460 14236 948 863 85
cat_boundaries=0 1
cat_threshold=4614
is_linear=0
shrinkage=0.0413828


Tree=99
num_leaves=7
num_cat=0
split_feature=41 41 9 29 18 9
split_gain=9.98934 13.8536 21.1658 20.2143 9.36701 0.537468
threshold=0.99981043035926087 0.99611390731392835 1030.9315880790598 10.500000000000002 1.0000000180025095e-35 1024.6409912275483
decision_type=2 2 2 2 2 2
left_child=1 3 -3 -1 5 -2
right_child=4 2 -4 -5 -6 -7
leaf_value=-57.270749822990659 -69.272668582820245 69.648614020119112 -32.70188532665145 0.25211100464070152 31.543225290907195 -59.013681753680324
leaf_weight=327 31 353 84 20678 37 62
leaf_count=327 31 353 84 20678 37 62
internal_value=-2.30203e-05 4.63198e-05 0.00733905 -0.000105403 -0.0114598 -0.0184663
internal_weight=21572 21442 437 21005 130 93
internal_count=21572 21442 437 21005 130 93
is_linear=0
shrinkage=0.0413828


Tree=100
num_leaves=7
num_cat=1
split_feature=41 41 1 31 18 8
split_gain=10.5325 11.8129 19.7239 10.1285 8.53521 0.263267
threshold=0.99981043035926087 0.99611390731392835 0.31139522326716945 0 1.0000000180025095e-35 276.32550388738679
decision_type=2 2 2 1 2 2
left_child=1 2 -1 -3 5 -2
right_child=4 3 -4 -5 -6 -7
leaf_value=0.24167793374684335 -45.83001813071094 83.100741684010643 -54.900723199602261 16.545526701422379 30.237876854610381 -61.191616287952264
leaf_weight=20678 31 151 327 286 37 62
leaf_count=20678 31 151 327 286 37 62
internal_value=-3.45305e-05 3.66698e-05 -0.000103432 0.00677086 -0.0117781 -0.0184663
internal_weight=21572 21442 21005 437 130 93
internal_count=21572 21442 21005 437 130 93
cat_boundaries=0 1
cat_threshold=84
is_linear=0
shrinkage=0.0413828


Tree=101
num_leaves=8
num_cat=0
split_feature=48 1 1 29 29 2 48
split_gain=10.8416 12.2866 20.6015 19.4262 8.84914 9.1914 5.01604
threshold=1.0000000180025095e-35 0.30311331381490464 0.31102062593850105 42.500000000000007 260.50000000000006 0.69704050166185028 0.26819521897933563
decision_type=2 2 2 2 2 2 2
left_child=1 3 -3 -1 6 -6 -2
right_child=4 2 -4 -5 5 -7 -8
leaf_value=-61.325111631985791 -12.031103399619115 30.093170153854551 -19.095776015005125 0.29876270611639621 6.7591993342529681 -39.020050161364793 27.157114683603279
leaf_weight=673 448 1842 774 17198 107 418 112
leaf_count=673 448 1842 774 17198 107 418 112
internal_value=-3.06937e-05 0.000182806 0.00283162 -0.000204934 -0.004062 -0.00792184 -0.000443387
internal_weight=21572 20487 2616 17871 1085 525 560
internal_count=21572 20487 2616 17871 1085 525 560
is_linear=0
shrinkage=0.0413828


Tree=102
num_leaves=8
num_cat=0
split_feature=10 30 40 30 27 40 23
split_gain=11.0026 24.3112 17.3905 13.7533 13.4543 8.38791 7.15375
threshold=1028.8576297373149 0.88569472963723495 0.49065764355977465 0.84736481861738544 0.93564219413875926 0.42958674266195179 0.9569816999589984
decision_type=2 2 2 2 2 2 2
left_child=1 3 5 -1 -3 -2 -4
right_child=2 4 6 -5 -6 -7 -8
leaf_value=0.22080227128440644 -20.49433361357536 65.077347181620752 -13.371073478999538 -30.516106028737628 6.9808599726939127 -100.30627742480983 68.178660788064406
leaf_weight=18639 1054 499 43 525 574 61 177
leaf_count=18639 1054 499 43 525 574 61 177
internal_value=-3.45305e-05 0.000205513 -0.00367331 -0.000133883 0.0062672 -0.00577132 0.00695981
internal_weight=21572 20237 1335 19164 1073 1115 220
internal_count=21572 20237 1335 19164 1073 1115 220
is_linear=0
shrinkage=0.0413828


Tree=103
num_leaves=8
num_cat=0
split_feature=48 0 9 9 40 16 2
split_gain=10.8726 11.9185 10.476 10.295 10.7487 10.0276 2.88089
threshold=1.0000000180025095e-35 9.3968193454500248 1029.4487254329931 1030.9315880790598 -0.66528616069191604 104.64820306243796 0.69938919975787772
decision_type=2 2 2 2 2 2 2
left_child=1 2 -1 4 -2 -3 -5
right_child=3 5 -4 6 -6 -7 -8
leaf_value=40.947136708712215 -40.101188893802345 13.516549221832719 -0.42533015670297997 -22.809063252958598 0.19763328528478433 -1.8844633802857309 -39.368796805651165
leaf_weight=313 221 2507 252 33 710 17415 121
leaf_count=313 221 2507 252 33 710 17415 121
internal_value=-2.49387e-05 0.000188866 0.00611586 -0.004062 -0.00242252 2.07724e-05 -0.0139733
internal_weight=21572 20487 565 1085 931 19922 154
internal_count=21572 20487 565 1085 931 19922 154
is_linear=0
shrinkage=0.0413828


Tree=104
num_leaves=7
num_cat=0
split_feature=14 7 12 0 45 0
split_gain=10.3463 9.68655 10.2901 8.48284 5.94231 5.89156
threshold=1.0347605875974664 307.7061409166858 83.280612092822778 14.157909883266251 0.86316374695216147 9.4230300218645908
decision_type=2 2 2 2 2 2
left_child=4 2 -2 -3 5 -1
right_child=1 3 -4 -5 -6 -7
leaf_value=-41.160464461471008 4.410828429834087 36.988623871931175 -9.8542263762967863 -33.510953462193854 -70.86889542327765 -9.337167412837724
leaf_weight=108 16797 121 2996 366 55 1129
leaf_count=108 16797 121 2996 366 55 1129
internal_value=-2.87754e-05 0.000199976 0.000341843 -0.00556585 -0.00361939 -0.0030276
internal_weight=21572 20280 19793 487 1292 1237
internal_count=21572 20280 19793 487 1292 1237
is_linear=0
shrinkage=0.0413828


Tree=105
num_leaves=8
num_cat=0
split_feature=48 1 44 29 9 40 2
split_gain=9.90904 11.5274 19.4106 17.49 8.54017 10.869 2.33781
threshold=1.0000000180025095e-35 0.30311331381490464 0.077737566926842624 42.500000000000007 1030.9315880790598 -0.66528616069191604 0.69938919975787772
decision_type=2 2 2 2 2 2 2
left_child=1 3 -3 -1 5 -2 -6
right_child=4 2 -4 -5 6 -7 -8
leaf_value=-59.131176837899261 -38.03389163405825 -32.905986254822544 26.895990744221095 0.3238472900786043 -21.45736336657605 0.42405540086009558 -36.7342876446152
leaf_weight=673 221 438 2178 17198 33 710 121
leaf_count=673 221 438 2178 17198 33 710 121
internal_value=-1.72652e-05 0.000186846 0.00275253 -0.000188725 -0.00387129 -0.00237807 -0.0128985
internal_weight=21572 20487 2616 17871 1085 931 154
internal_count=21572 20487 2616 17871 1085 931 154
is_linear=0
shrinkage=0.0413828


Tree=106
num_leaves=8
num_cat=1
split_feature=14 0 31 0 29 24 45
split_gain=9.87557 12.0333 14.2417 11.9541 11.8043 9.83432 5.55569
threshold=1.495286772218406 9.3968193454500248 0 9.6379393104415616 4.5000000000000009 53.494847247447467 0.28396383057052793
decision_type=2 2 1 2 2 2 2
left_child=4 2 -2 -3 6 -6 -1
right_child=1 3 -4 -5 5 -7 -8
leaf_value=98.533837355540783 -9.1281139840917191 -27.528347337379028 43.07991013240526 3.2639833014999011 -6.7633476746710297 -53.667252748802497 -3.3935745465376908
leaf_weight=76 158 979 249 15195 4608 275 32
leaf_count=76 158 979 249 15195 4608 275 32
internal_value=-4.02855e-05 0.0004455 0.0074733 0.000268653 -0.00165415 -0.00195346 0.0118783
internal_weight=21572 16581 407 16174 4991 4883 108
internal_count=21572 16581 407 16174 4991 4883 108
cat_boundaries=0 1
cat_threshold=84
is_linear=0
shrinkage=0.0413828


Tree=107
num_leaves=7
num_cat=0
split_feature=14 40 1 41 2 24
split_gain=9.38136 10.1954 10.6813 10.2284 5.69091 7.04592
threshold=0.98788386018985197 -0.98214942551678475 0.2584328716379321 -0.97874870457683594 0.69704050166185028 41.359660757455998
decision_type=2 2 2 2 2 2
left_child=4 2 -2 -3 -1 -6
right_child=1 3 -4 -5 5 -7
leaf_value=76.574127618859094 -15.544382152231368 -16.682195400986213 -58.055449784518437 3.4262981538789048 -13.903449070873524 -73.21830966794046
leaf_weight=54 794 1504 84 18161 853 122
leaf_count=54 794 1504 84 18161 853 122
internal_value=-2.49387e-05 0.000168207 -0.00419484 0.000363007 -0.00388089 -0.00460516
internal_weight=21572 20543 878 19665 1029 975
internal_count=21572 20543 878 19665 1029 975
is_linear=0
shrinkage=0.0413828


Tree=108
num_leaves=8
num_cat=3
split_feature=37 18 31 40 44 28 28
split_gain=9.20353 9.54927 22.9374 8.53384 7.57595 8.59599 6.39218
threshold=0.37940952255126048 0.1417308583174107 0 0.99700008544936913 0.23184395843844199 1 2
decision_type=2 2 1 2 2 1 1
left_child=1 3 -3 -1 6 -6 -2
right_child=4 2 -4 -5 5 -7 -8
leaf_value=-7.6560734231207066 6.137056438599199 37.1698806136393 -13.936929626862263 30.245307286496597 35.898058747819547 6.5467422503421906 -15.968591685856689
leaf_weight=11402 960 1072 716 342 798 5247 1053
leaf_count=11402 960 1072 716 342 798 5247 1053
internal_value=-2.87514e-05 -0.000688083 0.00212932 -0.00111703 0.00107848 0.00181071 -0.0011204
internal_weight=21590 13532 1788 11744 8058 6045 2013
internal_count=21590 13532 1788 11744 8058 6045 2013
cat_boundaries=0 1 2 3
cat_threshold=120 1026 4652
is_linear=0
shrinkage=0.0413828


Tree=109
num_leaves=8
num_cat=1
split_feature=14 29 24 0 31 0 44
split_gain=9.56114 11.9089 10.225 10.2005 11.9383 11.6618 3.2227
threshold=1.495286772218406 4.5000000000000009 55.813641696495843 9.4066329566419657 0 9.6379393104415616 0.43807022208212731
decision_type=2 2 2 2 1 2 2
left_child=1 6 -3 4 -2 -5 -1
right_child=3 2 -4 5 -6 -7 -8
leaf_value=12.304139576693464 0.35215553305176195 -6.4154009449588445 -50.918363178003247 -28.734761211847854 50.087480199301567 3.1204474230346868 103.90038716675372
leaf_weight=43 245 4657 230 932 197 15223 63
leaf_count=43 245 4657 230 932 197 15223 63
internal_value=-3.25849e-05 -0.00162034 -0.00191799 0.000445071 0.00664746 0.000275373 0.0121024
internal_weight=21590 4993 4887 16597 442 16155 106
internal_count=21590 4993 4887 16597 442 16155 106
cat_boundaries=0 1
cat_threshold=92
is_linear=0
shrinkage=0.0413828


Tree=110
num_leaves=8
num_cat=2
split_feature=40 31 24 30 31 0 37
split_gain=9.20474 9.17378 16.6921 12.5075 8.2886 3.38326 2.85772
threshold=0.99939377080793557 0 1.0000000180025095e-35 0.099931553730321712 1 12.599358814455455 0.78656609248549303
decision_type=2 1 2 2 1 2 2
left_child=1 2 -1 -3 5 -2 -6
right_child=4 3 -4 -5 6 -7 -8
leaf_value=-32.511043792052163 13.720288289981946 23.759702499491155 6.5782673104101956 -7.681324364335941 109.9025279630731 -41.397972089252605 38.934370800705878
leaf_weight=366 45 1327 8821 10815 120 62 34
leaf_count=366 45 1327 8821 10815 120 62 34
internal_value=-3.45017e-05 -0.000129024 0.000857174 -0.000875197 0.00768989 -0.00159163 0.0133736
internal_weight=21590 21329 9187 12142 261 107 154
internal_count=21590 21329 9187 12142 261 107 154
cat_boundaries=0 1 2
cat_threshold=98 38
is_linear=0
shrinkage=0.0413828


Tree=111
num_leaves=8
num_cat=3
split_feature=16 28 31 0 28 9 29
split_gain=9.60115 12.5653 15.3013 10.6139 9.65428 16.9876 13.3475
threshold=120.19399371307118 0 1 14.958737943598278 2 1009.3795465617629 295.50000000000006
decision_type=2 1 1 2 1 2 2
left_child=4 2 -2 -3 6 -6 -1
right_child=1 3 -4 -5 5 -7 -8
leaf_value=1.9869108845751147 -30.094136070692265 1.7910117669985037 -5.3561308727654486 -26.970979073574917 44.10064994785386 8.6300360512690908 -45.958846033561542
leaf_weight=1211 1158 12911 3007 394 452 2301 156
leaf_count=1211 1158 12911 3007 394 452 2301 156
internal_value=-1.91676e-05 -0.000442965 -0.0024235 0.000178709 0.00177785 0.00318272 -0.00106688
internal_weight=21590 17470 4165 13305 4120 2753 1367
internal_count=21590 17470 4165 13305 4120 2753 1367
cat_boundaries=0 1 2 3
cat_threshold=2192 12 1286
is_linear=0
shrinkage=0.0413828


Tree=112
num_leaves=8
num_cat=1
split_feature=16 30 0 40 1 30 28
split_gain=9.01237 11.9177 30.4548 13.7524 9.71603 12.0579 10.9504
threshold=120.19399371307118 0.17111567419575638 11.014135849340999 0.99374995976406788 0.30787508894669485 0.050650239561943887 0
decision_type=2 2 2 2 2 2 1
left_child=4 2 -2 -3 6 -6 -1
right_child=1 3 -4 -5 5 -7 -8
leaf_value=-9.6706408000035484 0.42604133392640248 -6.8126927551464904 103.52229662513997 27.013025047390283 32.960164432748989 -37.149504691231819 20.731115456882872
leaf_weight=1102 2905 13331 566 668 111 190 2717
leaf_count=1102 2905 13331 566 668 111 190 2717
internal_value=-1.34173e-05 -0.000424014 0.00174664 -0.00096222 0.00172763 -0.00543062 0.00229182
internal_weight=21590 17470 3471 13999 4120 301 3819
internal_count=21590 17470 3471 13999 4120 301 3819
cat_boundaries=0 1
cat_threshold=1284
is_linear=0
shrinkage=0.0413828


Tree=113
num_leaves=8
num_cat=0
split_feature=14 0 10 10 10 7 2
split_gain=8.80916 10.374 13.1701 9.51276 7.07004 7.24158 6.56886
threshold=1.1953929101235146 9.3968193454500248 1026.7563618195034 1034.302509203952 994.50665898968725 275.16778144847592 0.72588441871104525
decision_type=2 2 2 2 2 2 2
left_child=4 3 -3 -2 6 -6 -1
right_child=1 2 -4 -5 5 -7 -8
leaf_value=-54.287393202389104 27.87405329379688 2.028388258165188 -24.070558971754338 -31.268456710725658 60.826277237096342 -9.4966891987425601 -19.298185960780447
leaf_weight=97 499 17465 1246 47 38 2015 183
leaf_count=97 499 17465 1246 47 38 2015 183
internal_value=-1.91675e-06 0.000289037 0.00012496 0.00591182 -0.0024035 -0.00156219 -0.00857213
internal_weight=21590 19257 18711 546 2333 2053 280
internal_count=21590 19257 18711 546 2333 2053 280
is_linear=0
shrinkage=0.0413828


Tree=114
num_leaves=8
num_cat=1
split_feature=37 31 18 41 13 44 10
split_gain=8.76165 8.46104 13.073 10.0346 8.00813 11.7896 6.12525
threshold=0.37940952255126048 0 0.1417308583174107 -0.97874870457683594 3.2089508137987059 0.11077631698179569 1009.5486215679761
decision_type=2 1 2 2 2 2 2
left_child=1 2 -1 -3 5 -2 -6
right_child=4 3 -4 -5 6 -7 -8
leaf_value=-2.4451988159258353 -20.661055872809342 -47.417503956437827 27.790611420549112 -7.0729237020969906 55.428205055799616 6.0001275429848393 13.827498644151323
leaf_weight=6712 910 421 1032 5367 499 5752 897
leaf_count=6712 910 421 1032 5367 499 5752 897
internal_value=-1.72508e-05 -0.00066056 0.000234827 -0.00185573 0.00106307 0.000465883 0.00391299
internal_weight=21590 13532 7744 5788 8058 6662 1396
internal_count=21590 13532 7744 5788 8058 6662 1396
cat_boundaries=0 1
cat_threshold=114
is_linear=0
shrinkage=0.0413828


Tree=115
num_leaves=8
num_cat=0
split_feature=14 24 41 16 16 12 16
split_gain=8.53883 9.83312 8.8324 8.47838 9.20152 8.37813 4.3831
threshold=1.495286772218406 57.769712371959379 0.99958851518450398 272.49083771786462 120.19399371307118 73.846209943707137 134.90484433256788
decision_type=2 2 2 2 2 2 2
left_child=1 2 -1 4 -2 -5 -3
right_child=3 6 -4 5 -6 -7 -8
leaf_value=-3.7446305311628012 12.378706693691871 -13.709704353309071 -39.197388045845116 56.976861920937765 -1.6041980069658024 -6.2181662837036464 -66.368508683545002
leaf_weight=4740 2814 86 51 515 12983 285 116
leaf_count=4740 2814 86 51 515 12983 285 116
internal_value=-3.83351e-06 -0.0015043 -0.00112721 0.000447564 0.00023708 0.00460384 -0.0104481
internal_weight=21590 4993 4791 16597 15797 800 202
internal_count=21590 4993 4791 16597 15797 800 202
is_linear=0
shrinkage=0.0413828


Tree=116
num_leaves=8
num_cat=0
split_feature=14 29 48 29 24 16 45
split_gain=8.24368 10.3763 9.47834 13.6526 9.31616 6.85899 3.20025
threshold=1.495286772218406 4.5000000000000009 1.0000000180025095e-35 323.50000000000006 55.813641696495843 209.05274573885768 0.28396383057052793
decision_type=2 2 2 2 2 2 2
left_child=1 6 3 -2 -3 -4 -1
right_child=2 4 5 -5 -6 -7 -8
leaf_value=105.00485493064004 1.3504642948508569 -5.5007829860178239 -3.7078219370280219 29.307334395686208 -46.367077000333083 -43.344077000067628 0.8271901505121092
leaf_weight=73 14996 4657 319 1037 230 245 33
leaf_count=73 14996 4657 319 1037 230 245 33
internal_value=-1.34173e-05 -0.00148773 0.00043011 0.000615593 -0.00176557 -0.00484266 0.0113216
internal_weight=21590 4993 16597 16033 4887 564 106
internal_count=21590 4993 16597 16033 4887 564 106
is_linear=0
shrinkage=0.0413828


Tree=117
num_leaves=8
num_cat=1
split_feature=13 0 28 0 44 18 10
split_gain=10.4205 11.782 26.9244 21.4926 9.99618 13.1877 8.65419
threshold=4.8984585630022233 10.610372835933651 0 10.306570918752319 0.077737566926842624 0.74409895378350688 1017.2636098411681
decision_type=2 2 1 2 2 2 2
left_child=4 3 -3 -2 6 -6 -1
right_child=1 2 -4 -5 5 -7 -8
leaf_value=-6.5957915105683176 30.361554256314605 88.255600851755716 6.8970533968245222 -103.91751398308304 0.41600738585041513 -56.889873547252293 -36.036723778863774
leaf_weight=1794 427 411 836 175 17305 119 577
leaf_count=1794 427 411 836 175 17305 119 577
internal_value=-7.26551e-05 0.00289836 0.00519359 -0.00185604 -0.000350171 -7.12514e-06 -0.00287114
internal_weight=21644 1849 1247 602 19795 17424 2371
internal_count=21644 1849 1247 602 19795 17424 2371
cat_boundaries=0 1
cat_threshold=580
is_linear=0
shrinkage=0.0413828


Tree=118
num_leaves=8
num_cat=0
split_feature=2 0 29 24 38 39 37
split_gain=9.25294 13.7947 13.7267 12.927 11.9601 11.562 9.3435
threshold=0.70138251802061535 9.7936976117924655 313.50000000000006 10.309392566598373 -1.0000000180025095e-35 0.81174490092936691 0.37940952255126048
decision_type=2 2 2 2 2 2 2
left_child=1 5 6 -4 -3 -1 -2
right_child=2 4 3 -5 -6 -7 -8
leaf_value=11.514771010396133 -4.7812342781190846 133.61321719424197 -41.643857305820944 2.5749932569856568 -27.828634706257759 -25.429908443390207 5.900727552588199
leaf_weight=1334 12077 131 323 251 41 216 7271
leaf_count=1334 12077 131 323 251 41 216 7271
internal_value=-7.45671e-05 0.00283576 -0.000326127 -0.00663278 0.0139546 0.00160192 -0.000139026
internal_weight=21644 1722 19922 574 172 1550 19348
internal_count=21644 1722 19922 574 172 1550 19348
is_linear=0
shrinkage=0.0413828


Tree=119
num_leaves=8
num_cat=0
split_feature=14 40 2 11 10 2 10
split_gain=10.6662 11.1954 10.5751 10.4538 6.71305 6.90212 6.65238
threshold=1.1569454583553522 -0.97876850416056738 0.73412694221051766 84.610007348008835 994.50665898968725 0.72588441871104525 1004.100319186298
decision_type=2 2 2 2 2 2 2
left_child=4 2 -2 -3 5 -1 -6
right_child=1 3 -4 -5 6 -7 -8
leaf_value=-51.803232640781154 -52.109326561528164 4.8051037252741473 -14.961286367002714 -10.204128269562242 54.777682499070139 -17.643627352521488 -11.918993356327404
leaf_weight=86 111 16206 812 2476 46 167 1740
leaf_count=86 111 16206 812 2476 46 167 1740
internal_value=-8.4127e-05 0.000212139 -0.00423692 0.000431948 -0.00293272 -0.00924159 -0.00203902
internal_weight=21644 19605 923 18682 2039 253 1786
internal_count=21644 19605 923 18682 2039 253 1786
is_linear=0
shrinkage=0.0413828


Tree=120
num_leaves=8
num_cat=1
split_feature=12 26 15 28 6 10 23
split_gain=9.52675 10.8439 11.2981 9.11661 9.63491 9.24407 8.89939
threshold=73.147828310000861 315.73078215296636 259.32131254517742 0 282.38483556534965 1034.302509203952 0.9569816999589984
decision_type=2 2 2 1 2 2 2
left_child=1 6 -3 4 -2 -5 -1
right_child=3 2 -4 5 -6 -7 -8
leaf_value=-11.330292695804033 73.101327812809558 -4.3747612706235017 41.756682108317214 -3.3205428002032233 -32.59988757483741 -39.084257065596425 13.479922969028229
leaf_weight=607 69 7721 533 6311 734 94 5575
leaf_count=607 69 7721 533 6311 734 94 5575
internal_value=-6.30953e-05 0.000550395 -0.000431176 -0.00129178 -0.00542099 -0.000764437 0.00186096
internal_weight=21644 14436 8254 7208 803 6405 6182
internal_count=21644 14436 8254 7208 803 6405 6182
cat_boundaries=0 1
cat_threshold=864
is_linear=0
shrinkage=0.0413828


Tree=121
num_leaves=8
num_cat=0
split_feature=14 40 0 27 10 16 0
split_gain=9.3708 9.83412 11.2192 10.1611 4.91981 4.99377 4.27585
threshold=1.0507297965396074 -0.97876850416056738 11.434296319745153 1.0000000180025095e-35 993.78115287576713 257.27703555844124 11.096690999780789
decision_type=2 2 2 2 2 2 2
left_child=4 2 -2 -3 6 -6 -1
right_child=1 3 -4 -5 5 -7 -8
leaf_value=-59.384770872810748 -49.68985200170404 -13.570471334240928 -13.717792628250811 2.9597229318524629 -9.9055598197765597 -70.554036825074746 -14.766003982763852
leaf_weight=79 112 1202 847 18110 1162 41 91
leaf_count=79 112 1202 847 18110 1162 41 91
internal_value=-8.2215e-05 0.000141883 -0.00394841 0.000345 -0.0033908 -0.00245958 -0.00998051
internal_weight=21644 20271 959 19312 1373 1203 170
internal_count=21644 20271 959 19312 1373 1203 170
is_linear=0
shrinkage=0.0413828


Tree=122
num_leaves=8
num_cat=0
split_feature=13 0 0 0 44 41 40
split_gain=9.37219 11.1258 23.1575 21.4926 9.98462 12.1515 8.25293
threshold=4.8984585630022233 10.610372835933651 11.392509279963924 10.306570918752319 0.077737566926842624 0.99981043035926087 0.9916835347852474
decision_type=2 2 2 2 2 2 2
left_child=4 3 -3 -2 6 -6 -1
right_child=1 2 -4 -5 5 -7 -8
leaf_value=-14.566541486981807 27.981749627348382 89.341441753442723 16.721775248199599 -99.694354973048306 0.50319405998121125 -42.331384013863271 40.263229385264658
leaf_weight=2259 427 265 982 175 17328 96 112
leaf_count=2259 427 265 982 175 17328 96 112
internal_value=-5.35354e-05 0.00276408 0.00499448 -0.00185604 -0.000316721 2.61255e-05 -0.00283623
internal_weight=21644 1849 1247 602 19795 17424 2371
internal_count=21644 1849 1247 602 19795 17424 2371
is_linear=0
shrinkage=0.0413828


Tree=123
num_leaves=8
num_cat=0
split_feature=12 9 17 9 29 10 10
split_gain=8.97125 10.7224 12.8918 11.2648 9.38908 17.3317 11.7701
threshold=73.147828310000861 1010.4768365760374 0.1531528475552843 1017.5511933710615 323.50000000000006 1025.9534281187596 1034.302509203952
decision_type=2 2 2 2 2 2 2
left_child=1 2 -1 -3 5 -2 -6
right_child=4 3 -4 -5 6 -7 -8
leaf_value=13.615338761645306 -6.6102736772411612 -7.7453004974784472 67.488108763118944 6.5426302728131471 9.3420210085391524 -48.989791133537508 -36.603483305997926
leaf_weight=2187 5330 5691 343 6215 1250 545 83
leaf_count=2187 5330 5691 343 6215 1250 545 83
internal_value=-6.50072e-05 0.000530329 0.00297695 1.04274e-05 -0.00125733 -0.00196877 0.00187821
internal_weight=21644 14436 2530 11906 7208 5875 1333
internal_count=21644 14436 2530 11906 7208 5875 1333
is_linear=0
shrinkage=0.0413828


Tree=124
num_leaves=8
num_cat=0
split_feature=13 0 0 0 26 12 2
split_gain=8.99021 11.8424 19.0718 16.3952 9.60683 10.7737 7.19884
threshold=5.1904184746347157 10.610372835933651 10.306570918752319 11.392509279963924 310.84804196127601 73.846209943707137 0.81863794884685326
decision_type=2 2 2 2 2 2 2
left_child=4 2 -2 -3 5 -1 -6
right_child=1 3 -4 -5 6 -7 -8
leaf_value=8.7818889274807059 29.6757491786068 89.795666357082837 -96.188256143267836 25.19643581361586 -5.7563959764444617 -4.4852427356867564 -40.063251362108559
leaf_weight=6098 367 222 156 714 8816 5019 252
leaf_count=6098 367 222 156 714 8816 5019 252
internal_value=-8.7951e-05 0.00304911 -0.00193858 0.00583604 -0.000314702 0.000500674 -0.00131432
internal_weight=21644 1459 523 936 20185 11117 9068
internal_count=21644 1459 523 936 20185 11117 9068
is_linear=0
shrinkage=0.0413828


Tree=125
num_leaves=8
num_cat=2
split_feature=2 10 32 31 12 10 28
split_gain=8.92595 13.0537 14.0177 13.2788 12.7299 12.046 10.0734
threshold=0.70138251802061535 1019.50438415741 1.0000000180025095e-35 0 73.147828310000861 1025.9534281187596 1
decision_type=2 2 2 1 2 2 1
left_child=1 2 -1 -3 6 -6 -2
right_child=4 3 -4 -5 5 -7 -8
leaf_value=14.154685738524632 31.431006822922249 -26.864067770317245 96.092679577469966 11.783795548881219 -6.3404150582637158 -33.297150299618693 0.30455778333177108
leaf_weight=304 836 328 180 910 5340 654 13092
leaf_count=304 836 328 180 910 5340 654 13092
internal_value=-7.07432e-05 0.00278769 0.00855016 0.000534834 -0.000317818 -0.00191242 0.000368429
internal_weight=21644 1722 484 1238 19922 5994 13928
internal_count=21644 1722 484 1238 19922 5994 13928
cat_boundaries=0 1 2
cat_threshold=65 2
is_linear=0
shrinkage=0.0413828


Tree=126
num_leaves=8
num_cat=0
split_feature=51 16 24 41 41 22 24
split_gain=9.52128 16.3398 13.3777 12.4718 12.8222 7.73732 1.87473
threshold=1.0000000180025095e-35 263.5348371729695 13.609221382217182 0.99981043035926087 -0.97874870457683594 1.0000000180025095e-35 31.789485379197032
decision_type=2 2 2 2 2 2 2
left_child=3 2 -2 4 -1 -3 -5
right_child=1 5 -4 6 -6 -7 -8
leaf_value=-26.818497300306774 23.28872298658095 59.945968146190694 -2.4360140045745355 -54.464096115017476 -1.3220190733245583 -89.522175709930167 -23.444336988623544
leaf_weight=1060 1846 557 5339 74 12681 76 32
leaf_count=1060 1846 557 5339 74 12681 76 32
internal_value=-4.29778e-05 0.00111159 0.000550043 -0.000694844 -0.000585763 0.00748551 -0.0148352
internal_weight=21665 7818 7185 13847 13741 633 106
internal_count=21665 7818 7185 13847 13741 633 106
is_linear=0
shrinkage=0.0413828


Tree=127
num_leaves=8
num_cat=1
split_feature=40 40 40 16 31 1 10
split_gain=9.28503 10.2828 62.6325 16.4611 9.02524 3.19273 2.50954
threshold=0.99939377080793557 0.88220160189607266 0.82899317702918729 83.546563033923164 0 0.24596536319385279 1021.1265066234261
decision_type=2 2 2 2 1 2 2
left_child=1 2 -1 -3 5 -2 -6
right_child=4 3 -4 -5 6 -7 -8
leaf_value=-1.3532934427261298 -49.452143201310079 51.97395392032049 120.61424951206905 -16.485245012366708 104.63877408551504 15.480472888639783 53.524396632939485
leaf_weight=17154 65 258 786 3208 96 37 61
leaf_count=17154 65 258 786 3208 96 37 61
internal_value=-3.91575e-05 -0.000133393 0.000265275 -0.0021969 0.00774927 -0.00221692 0.0135051
internal_weight=21665 21406 17940 3466 259 102 157
internal_count=21665 21406 17940 3466 259 102 157
cat_boundaries=0 1
cat_threshold=38
is_linear=0
shrinkage=0.0413828


Tree=128
num_leaves=8
num_cat=1
split_feature=40 40 40 40 31 0 40
split_gain=9.6699 9.67773 57.6896 16.2664 8.54865 2.93135 2.47901
threshold=0.99939377080793557 0.88220160189607266 0.82899317702918729 0.94138322595482449 0 12.599358814455455 0.99983759474438971
decision_type=2 2 2 2 1 2 2
left_child=1 2 -1 -3 5 -2 -6
right_child=4 3 -4 -5 6 -7 -8
leaf_value=-1.2972903085183427 14.839846862228113 -40.367000645068245 115.62288859245247 -0.82432043328329696 51.238340738811431 -47.405672772112567 131.99256754313808
leaf_weight=17154 37 1115 786 2351 67 65 90
leaf_count=17154 37 1115 786 2351 67 65 90
internal_value=-3.91575e-05 -0.000135326 0.000251434 -0.0021372 0.00790905 -0.00184743 0.0135051
internal_weight=21665 21406 17940 3466 259 102 157
internal_count=21665 21406 17940 3466 259 102 157
cat_boundaries=0 1
cat_threshold=38
is_linear=0
shrinkage=0.0413828


Tree=129
num_leaves=7
num_cat=0
split_feature=40 51 16 41 38 10
split_gain=9.28047 9.02564 15.1208 10.3774 5.5512 6.81361
threshold=0.99939377080793557 1.0000000180025095e-35 263.5348371729695 -0.98521978256641018 -0.8783796973249266 1021.1265066234261
decision_type=2 2 2 2 2 2
left_child=1 3 -3 -1 -2 -6
right_child=4 2 -4 -5 5 -7
leaf_value=-28.627733995879826 -23.29416498173839 2.6957119665902973 47.522999471665209 -2.5575045818036184 81.186654005502916 8.6681678255548658
leaf_weight=861 44 7078 627 12840 114 101
leaf_count=861 44 7078 627 12840 114 101
internal_value=-3.72474e-05 -0.00013146 0.00100167 -0.000768698 0.00774927 0.01049
internal_weight=21665 21406 7705 13701 259 215
internal_count=21665 21406 7705 13701 259 215
is_linear=0
shrinkage=0.0413828


Tree=130
num_leaves=8
num_cat=2
split_feature=37 17 31 2 16 28 11
split_gain=9.18698 8.7471 19.5073 8.18678 7.80195 10.2703 7.55736
threshold=0.37940952255126048 0.046775212537491444 0 0.81823214048688075 140.92342168090263 1 65.888994824094908
decision_type=2 2 1 2 2 1 2
left_child=1 3 -3 -1 6 -6 -2
right_child=4 2 -4 -5 5 -7 -8
leaf_value=-5.8880999964698999 32.241973061503181 24.105870948377806 -12.611288149421567 -36.947996974652739 -11.029272775075487 8.0897972166666356 6.5745431762425968
leaf_weight=10011 856 1898 1301 341 1907 4137 1214
leaf_count=10011 856 1898 1301 341 1907 4137 1214
internal_value=-3.53373e-05 -0.000694753 0.0011966 -0.00127922 0.00106594 0.000314959 0.00325865
internal_weight=21665 13551 3199 10352 8114 6044 2070
internal_count=21665 13551 3199 10352 8114 6044 2070
cat_boundaries=0 1 2
cat_threshold=120 2704
is_linear=0
shrinkage=0.0413828


Tree=131
num_leaves=8
num_cat=0
split_feature=40 34 40 7 1 9 10
split_gain=9.24408 9.65648 10.0193 5.74324 4.23197 6.86578 5.12334
threshold=0.99939377080793557 1.0000000180025095e-35 0.88220160189607266 292.52607209022443 0.24422653506319084 1017.8166248624678 1015.33430823297
decision_type=2 2 2 2 2 2 2
left_child=1 2 -1 -3 6 -6 -2
right_child=4 3 -4 -5 5 -7 -8
leaf_value=2.1317764180648462 -14.985839919327274 -17.805562068566619 -10.929460911875784 -40.345119688347872 47.085012243876243 -15.1678493044198 133.42699018647923
leaf_weight=17576 31 299 3426 105 42 81 105
leaf_count=17576 31 299 3426 105 42 81 105
internal_value=-2.19664e-05 -0.000115994 5.91126e-06 -0.00645325 0.00774927 0.00218688 0.0127799
internal_weight=21665 21406 21002 404 259 123 136
internal_count=21665 21406 21002 404 259 123 136
is_linear=0
shrinkage=0.0413828


Tree=132
num_leaves=8
num_cat=1
split_feature=37 40 31 40 13 9 10
split_gain=8.5296 8.16642 9.77926 9.10912 7.28539 7.27117 6.34961
threshold=0.37940952255126048 0.99865421017599998 0 0.88220160189607266 3.2089508137987059 1005.613379147984 1028.8576297373149
decision_type=2 2 1 2 2 2 2
left_child=1 3 -3 -1 6 -6 -2
right_child=4 2 -4 -5 5 -7 -8
leaf_value=-1.5094749327780228 4.0539528601767332 97.14466755681832 -5.855301130671716 -19.058384523013284 49.390765061072891 12.747806355792477 -16.838833152215162
leaf_weight=11222 6256 114 131 2084 384 1008 466
leaf_count=11222 6256 114 131 2084 384 1008 466
internal_value=-1.05057e-05 -0.000645891 0.00684081 -0.000783742 0.00105064 0.00377559 0.00048635
internal_weight=21665 13551 245 13306 8114 1392 6722
internal_count=21665 13551 245 13306 8114 1392 6722
cat_boundaries=0 1
cat_threshold=88
is_linear=0
shrinkage=0.0413828


Tree=133
num_leaves=8
num_cat=0
split_feature=40 34 30 10 41 10 10
split_gain=8.469 9.09363 9.77068 4.70662 4.25771 6.10923 4.91459
threshold=0.99939377080793557 1.0000000180025095e-35 0.01779603011635866 1017.8098252378136 1.0000000180025095e-35 1017.7109288497221 1015.33430823297
decision_type=2 2 2 2 2 2 2
left_child=1 2 -1 -3 6 -6 -2
right_child=4 3 -4 -5 5 -7 -8
leaf_value=47.545910054892694 -14.123374187641282 -41.718565079019356 -0.45808327540050842 -9.0940345151203967 45.275733871944432 -13.942802904268127 127.19842211819086
leaf_weight=290 31 200 20712 204 39 84 105
leaf_count=290 31 200 20712 204 39 84 105
internal_value=-8.59555e-06 -9.8595e-05 1.97042e-05 -0.00624838 0.00742971 0.00185044 0.0124756
internal_weight=21665 21406 21002 404 259 123 136
internal_count=21665 21406 21002 404 259 123 136
is_linear=0
shrinkage=0.0413828


Tree=134
num_leaves=8
num_cat=1
split_feature=51 51 28 38 41 41 9
split_gain=8.21653 12.603 17.9424 15.4088 9.99625 10.3826 2.08075
threshold=1.0000000180025095e-35 0.077737566926842624 0 -1.0000000180025095e-35 0.99981043035926087 0.99611390731392835 1024.8219674211362
decision_type=2 2 1 2 2 2 2
left_child=4 2 -2 -3 5 -1 -6
right_child=1 3 -4 -5 6 -7 -8
leaf_value=-3.7892969729275623 35.613628238951527 14.176492290102855 -4.0350901244617319 -11.373703886493372 -50.184898789142757 38.896758137963914 -43.06004933369497
leaf_weight=13393 1808 2086 1314 2610 43 348 63
leaf_count=13393 1808 2086 1314 2610 43 348 63
internal_value=-8.59555e-06 0.00106395 0.00310172 -0.000290808 -0.000614153 -0.000516495 -0.0132736
internal_weight=21665 7818 3122 4696 13847 13741 106
internal_count=21665 7818 3122 4696 13847 13741 106
cat_boundaries=0 1
cat_threshold=1702
is_linear=0
shrinkage=0.0413828


Tree=135
num_leaves=8
num_cat=0
split_feature=14 1 1 2 10 16 2
split_gain=7.50778 9.34724 29.3034 17.8521 5.8848 6.85267 5.53779
threshold=1.1953929101235146 0.31102062593850105 0.31020223837260602 0.70796903256899502 994.50665898968725 261.84635658488162 0.72588441871104525
decision_type=2 2 2 2 2 2 2
left_child=4 2 -2 -3 6 -6 -1
right_child=1 3 -4 -5 5 -7 -8
leaf_value=-46.844487013823226 1.3414962055974562 7.5984414110947682 59.203477594578523 -72.641608203084317 -4.3314652963874654 -62.158012951915516 -15.163271073901081
leaf_weight=99 18270 431 368 301 1964 76 186
leaf_count=99 18270 431 368 301 1964 76 186
internal_value=2.38435e-05 0.000290556 0.000470714 -0.00429657 -0.00219818 -0.00142 -0.00776833
internal_weight=21695 19370 18638 732 2325 2040 285
internal_count=21695 19370 18638 732 2325 2040 285
is_linear=0
shrinkage=0.0413828


Tree=136
num_leaves=8
num_cat=0
split_feature=0 1 23 9 40 38 20
split_gain=9.27555 12.0096 10.8926 9.49997 8.44464 16.1838 11.605
threshold=14.958737943598278 0.19461756167377894 1.2742857373563858 987.75999712001135 0.99700008544936913 0.6078576107927941 0.00080711760971097473
decision_type=2 2 2 2 2 2 2
left_child=4 3 -3 -2 6 -6 -1
right_child=1 2 -4 -5 5 -7 -8
leaf_value=1.634229700542889 85.961036029601374 6.4471534970299924 -46.17205401869807 -7.5404720965032963 39.057816894696074 -16.663218795498953 -22.57293365186981
leaf_weight=19231 50 86 243 153 422 177 1333
leaf_count=19231 50 86 243 153 422 177 1333
internal_value=2.9566e-05 -0.00536731 -0.0102513 0.00254819 0.000165234 0.00500877 2.41487e-05
internal_weight=21695 532 329 203 21163 599 20564
internal_count=21695 532 329 203 21163 599 20564
is_linear=0
shrinkage=0.0413828


Tree=137
num_leaves=8
num_cat=2
split_feature=0 1 23 9 24 31 28
split_gain=8.51585 11.9203 9.66788 9.25425 8.22785 8.82931 8.48437
threshold=14.958737943598278 0.19461756167377894 1.2742857373563858 987.75999712001135 0.31395611271891383 0 1
decision_type=2 2 2 2 2 1 1
left_child=4 3 -3 -2 6 -6 -1
right_child=1 2 -4 -5 5 -7 -8
leaf_value=-52.349222725502358 82.403723708846357 6.1803519363684227 -44.261323015191778 -7.2284259005504667 7.1308542743165599 -2.2509720281862702 -6.9719026209960129
leaf_weight=100 50 86 243 153 8710 11661 692
leaf_count=100 50 86 243 153 8710 11661 692
internal_value=3.71959e-05 -0.00513395 -0.00999978 0.00275205 0.00016719 0.000328081 -0.00397108
internal_weight=21695 532 329 203 21163 20371 792
internal_count=21695 532 329 203 21163 20371 792
cat_boundaries=0 1 2
cat_threshold=98 528
is_linear=0
shrinkage=0.0413828


Tree=138
num_leaves=8
num_cat=1
split_feature=0 1 18 10 22 9 31
split_gain=7.9868 10.8584 10.181 9.18975 7.81702 10.4495 10.3606
threshold=14.958737943598278 0.19461756167377894 0.24841370336354585 987.66219799868202 1.0000000180025095e-35 979.06978417728772 0
decision_type=2 2 2 2 2 2 1
left_child=4 3 -3 -2 5 -1 -6
right_child=1 2 -4 -5 6 -7 -8
leaf_value=46.929539121419502 78.756057869899877 -45.20160915184433 1.7122112744784881 -6.5883724695461057 22.929742228073671 0.78651379195052296 -90.299871545191152
leaf_weight=291 49 212 117 154 113 20591 168
leaf_count=291 49 212 117 154 113 20591 168
internal_value=2.9566e-05 -0.00497838 -0.00962243 0.00254819 0.000155457 0.000247718 -0.00670076
internal_weight=21695 532 329 203 21163 20882 281
internal_count=21695 532 329 203 21163 20882 281
cat_boundaries=0 1
cat_threshold=41
is_linear=0
shrinkage=0.0413828


Tree=139
num_leaves=8
num_cat=2
split_feature=16 1 28 24 28 38 1
split_gain=7.21689 10.9784 11.4313 9.16102 14.4642 9.44524 8.78819
threshold=111.76007579883304 0.30787508894669485 0 51.43029714326844 1 1.0000000180025095e-35 0.30922614659118097
decision_type=2 2 1 2 1 2 2
left_child=1 2 -1 4 -2 -5 -3
right_child=3 6 -4 5 -6 -7 -8
leaf_value=-9.2203895476640501 13.421222298212198 -51.760415700285265 21.770756768242322 -4.3678022985114318 -3.4676361343668467 -36.479160653634565 -7.5138578310690329
leaf_weight=896 3248 81 2211 1195 13194 682 188
leaf_count=896 3248 81 2211 1195 13194 682 188
internal_value=3.14735e-05 0.00178966 0.00248404 -0.000292542 2.01352e-05 -0.00303151 -0.00623048
internal_weight=21695 3376 3107 18319 16442 1877 269
internal_count=21695 3376 3107 18319 16442 1877 269
cat_boundaries=0 1 2
cat_threshold=1284 5122
is_linear=0
shrinkage=0.0413828


Tree=140
num_leaves=8
num_cat=1
split_feature=40 19 14 31 40 25 40
split_gain=8.55966 7.61506 7.52229 7.2574 4.05623 3.26034 2.72854
threshold=0.99939377080793557 0.011500314466067125 1.1953929101235146 0 0.95242846126021108 764.14853626854074 0.99983759474438971
decision_type=2 2 2 1 2 2 2
left_child=1 2 -1 5 -3 -2 -5
right_child=3 4 -4 6 -6 -7 -8
leaf_value=-9.9168545794079428 7.0565091561722433 -20.36059463856968 1.5003307294834187 33.390967226238381 -53.63508578792927 -27.372961406093541 108.76450072997135
leaf_weight=2286 78 71 19002 68 71 31 88
leaf_count=2286 78 71 19002 68 71 31 88
internal_value=2.5751e-05 -6.56564e-05 -1.94394e-06 0.00741765 -0.00961707 -0.00121713 0.0127139
internal_weight=21695 21430 21288 265 142 109 156
internal_count=21695 21430 21288 265 142 109 156
cat_boundaries=0 1
cat_threshold=38
is_linear=0
shrinkage=0.0413828


Tree=141
num_leaves=8
num_cat=0
split_feature=40 38 40 40 40 40 0
split_gain=7.07237 13.8508 8.36756 7.68382 48.561 13.5642 4.13366
threshold=0.99700008544936913 0.6078576107927941 0.99865421017599998 0.88220160189607266 0.82899317702918729 0.94138322595482449 12.468270517378178
decision_type=2 2 2 2 2 2 2
left_child=3 6 -3 4 -1 -5 -2
right_child=1 2 -4 5 -6 -7 -8
leaf_value=-1.2506798856526538 71.077886859664062 -45.656658018949919 3.2871156900441747 -36.428879811179641 105.63428621719935 0.072824320996007372 26.327739886057323
leaf_weight=17131 43 66 111 1131 787 2047 379
leaf_count=17131 43 66 111 1131 787 2047 379
internal_value=2.1936e-05 0.00445608 -0.0052605 -0.000103967 0.000228647 -0.00197929 0.00853151
internal_weight=21695 599 177 21096 17918 3178 422
internal_count=21695 599 177 21096 17918 3178 422
is_linear=0
shrinkage=0.0413828


Tree=142
num_leaves=8
num_cat=0
split_feature=48 29 10 23 16 1 38
split_gain=7.12425 11.207 16.523 10.1004 8.49551 10.8256 3.53232
threshold=1.0000000180025095e-35 323.50000000000006 1028.5533493003743 11.927634673868933 208.43234760258628 0.30528257475808956 0.87837969732492682
decision_type=2 2 2 2 2 2 2
left_child=1 3 -3 -1 5 -2 -6
right_child=4 2 -4 -5 6 -7 -8
leaf_value=5.2543752029154929 17.412131391032446 39.864889960002316 -6.1505374780730842 -4.8604008930653828 -42.437334391359585 -20.776578462294577 2.0999782420388677
leaf_weight=8855 444 885 622 10258 333 242 56
leaf_count=8855 444 885 622 10258 333 242 56
internal_value=3.14735e-05 0.0002027 0.0036385 -6.82028e-05 -0.00325288 -0.000482598 -0.00813825
internal_weight=21695 20620 1507 19113 1075 686 389
internal_count=21695 20620 1507 19113 1075 686 389
is_linear=0
shrinkage=0.0413828


Tree=143
num_leaves=8
num_cat=0
split_feature=37 16 16 11 21 41 11
split_gain=7.06752 9.4085 8.97081 8.09434 7.43347 7.33115 1.12618
threshold=-0.12940952255126037 142.28338107894214 298.5870920726141 65.888994824094908 0.016521999465871236 -0.013976481981245173 55.832749734356177
decision_type=2 2 2 2 2 2 2
left_child=2 3 4 -2 -1 -3 -4
right_child=1 5 6 -5 -6 -7 -8
leaf_value=-4.0196516506568507 24.549409655000531 -5.5378887528830454 70.540207543820202 4.9954239515561616 -69.758691369250556 7.0802945272907429 51.314777673859808
leaf_weight=9731 1286 4503 35 1838 92 4179 31
leaf_count=9731 1286 4503 35 1838 92 4179 31
internal_value=3.14735e-05 0.000715069 -0.000784638 0.0026626 -0.000886805 1.42995e-05 0.0144211
internal_weight=21695 11806 9889 3124 9823 8682 66
internal_count=21695 11806 9889 3124 9823 8682 66
is_linear=0
shrinkage=0.0413828


Tree=144
num_leaves=8
num_cat=0
split_feature=40 0 0 9 0 33 3
split_gain=7.4777 11.9326 10.6665 7.84109 14.3968 8.88231 0.515583
threshold=-0.98214942551678475 11.434296319745153 11.950196198115718 1026.6387408437743 10.131967737396463 2.5000000000000004 287.94543859268737
decision_type=2 2 2 2 2 2 2
left_child=1 6 -3 4 -2 -5 -1
right_child=3 2 -4 5 -6 -7 -8
leaf_value=-45.509360047566773 20.5844524655577 6.1786041462857115 -39.881416905495506 -4.5994889624609963 -0.37241224968864084 -35.858999415657394 -73.145903261305207
leaf_weight=31 2781 519 348 1702 15980 298 55
leaf_count=31 2781 519 348 1702 15980 298 55
internal_value=1.90581e-06 -0.00358246 -0.00212403 0.00016644 0.000429026 -0.00229675 -0.0182852
internal_weight=21714 953 867 20761 18761 2000 86
internal_count=21714 953 867 20761 18761 2000 86
is_linear=0
shrinkage=0.0413828


Tree=145
num_leaves=8
num_cat=1
split_feature=13 0 28 0 24 41 10
split_gain=7.32568 11.2234 17.1361 16.6515 8.52491 11.9718 8.36343
threshold=5.1904184746347157 10.610372835933651 0 10.306570918752319 50.907914426550768 0.99981043035926087 1017.2636098411681
decision_type=2 2 1 2 2 2 2
left_child=4 3 -3 -2 5 -1 -6
right_child=1 2 -4 -5 6 -7 -8
leaf_value=0.79881773163268577 26.713479173845464 7.2549551194412727 77.660182758969412 -92.753754637493671 -6.1573958998166658 -50.377862078106318 -33.63908719281492
leaf_weight=18175 353 536 382 154 1527 101 486
leaf_count=18175 353 536 382 154 1527 101 486
internal_value=-7.62325e-06 0.0028605 0.00558983 -0.00208138 -0.000209066 7.24585e-05 -0.00276502
internal_weight=21714 1425 918 507 20289 18276 2013
internal_count=21714 1425 918 507 20289 18276 2013
cat_boundaries=0 1
cat_threshold=1208
is_linear=0
shrinkage=0.0413828


Tree=146
num_leaves=8
num_cat=2
split_feature=16 28 40 24 28 9 9
split_gain=7.0622 11.7021 29.8493 17.8369 8.21053 16.1815 13.6506
threshold=130.55043307495183 0 0.79904096188274243 1.5715424009815691 1 1009.3795465617629 999.35539712294224
decision_type=2 1 2 2 1 2 2
left_child=4 2 -2 -3 6 -6 -1
right_child=1 3 -4 -5 5 -7 -8
leaf_value=-34.570137907204042 0.6911553896385414 -29.126927484463693 74.991908456882342 -4.5546788568349914 35.998607262193737 5.503186178239492 7.2498657576006043
leaf_weight=470 7779 704 395 7675 575 2916 1200
leaf_count=470 7779 704 395 7675 575 2916 1200
internal_value=-9.52906e-06 -0.000426254 0.000687691 -0.00151196 0.00132704 0.00246453 -0.0010592
internal_weight=21714 16553 8174 8379 5161 3491 1670
internal_count=21714 16553 8174 8379 5161 3491 1670
cat_boundaries=0 1 2
cat_threshold=5446 1286
is_linear=0
shrinkage=0.0413828


Tree=147
num_leaves=8
num_cat=1
split_feature=14 0 0 28 24 41 14
split_gain=7.21606 14.279 17.8235 17.2659 8.9031 11.9976 7.15982
threshold=5.1935992971591194 10.610372835933651 10.306570918752319 0 50.907914426550768 0.99981043035926087 2.4090752693896076
decision_type=2 2 2 1 2 2 2
left_child=4 2 -2 -3 5 -1 -6
right_child=1 3 -4 -5 6 -7 -8
leaf_value=0.88531353505574117 25.579397400506885 76.081389862641117 -91.605575107500002 15.860639717330519 -28.310455977482647 -48.321684744229579 -1.506827044216059
leaf_weight=18255 345 309 152 532 979 101 1041
leaf_count=18255 345 309 152 532 979 101 1041
internal_value=-5.71743e-06 0.00293824 -0.00262285 0.00622464 -0.000199034 8.79239e-05 -0.00280666
internal_weight=21714 1338 497 841 20376 18356 2020
internal_count=21714 1338 497 841 20376 18356 2020
cat_boundaries=0 1
cat_threshold=580
is_linear=0
shrinkage=0.0413828


Tree=148
num_leaves=7
num_cat=0
split_feature=16 16 1 35 11 1
split_gain=7.03497 7.3959 8.93595 7.29427 5.5603 4.16044
threshold=298.5870920726141 133.14732438672641 0.30195332888550025 0.72916666666666685 57.102776871446927 0.27692301352049581
decision_type=2 2 2 2 2 2
left_child=1 3 -3 -1 -2 -6
right_child=4 2 -4 -5 5 -7
leaf_value=2.3466066905070986 65.775877989549102 -4.8813554698921591 8.762995546752963 22.718568810274448 -63.527024729246577 65.099150930481912
leaf_weight=4248 55 13556 2569 1170 50 66
leaf_count=4248 55 13556 2569 1170 50 66
internal_value=-1.14349e-05 -7.77981e-05 -0.000522258 0.001245 0.00834912 0.00321071
internal_weight=21714 21543 16125 5418 171 116
internal_count=21714 21543 16125 5418 171 116
is_linear=0
shrinkage=0.0413828


Tree=149
num_leaves=8
num_cat=2
split_feature=40 1 2 10 28 28 7
split_gain=6.8905 10.6202 9.67709 8.1066 23.2604 14.7141 1.01073
threshold=-0.98214942551678475 0.2584328716379321 0.74429601314198024 1026.4811339798905 0 1 290.01756730343226
decision_type=2 2 2 2 1 1 2
left_child=1 2 -1 5 -5 -2 -3
right_child=3 6 -4 4 -6 -7 -8
leaf_value=13.431644796727987 15.401741264208802 -36.743863467450176 -30.823239824031781 3.6622449015146241 -38.76621318688963 -1.1228428943424831 -70.015209347161615
leaf_weight=390 4400 31 477 1244 779 14338 55
leaf_count=390 4400 31 477 1244 779 14338 55
internal_value=-1.14349e-05 -0.00345219 -0.0020763 0.000146507 -0.00234223 0.000415198 -0.0173229
internal_weight=21714 953 867 20761 2023 18738 86
internal_count=21714 953 867 20761 2023 18738 86
cat_boundaries=0 1 2
cat_threshold=4356 6658
is_linear=0
shrinkage=0.0413828


end of trees

feature_importances:
day_of_year_sin=128
daylight_length_hr=90
wind_speed_rolling3h=83
month=64
pressure_rolling3h=59
day_of_year=56
pressure=47
sunset_day_fraction_utc=39
wind_deg_rolling3h=39
day_of_year_cos=39
day_of_week=38
sunrise_day_fraction_utc=37
wind_speed=35
clouds_all_rolling3h=25
day_of_week_sin=24
day_hour_cos=23
date_fraction_of_year=22
rain_1h_rolling3h=21
solar_flux_Wm2=18
wx_clear=14
wx_fog=12
temp_max=11
humidity=11
humidity_rolling3h=10
clouds_all=10
wind_deg=9
wx_rain=9
snow_3h_rolling3h=8
severity=7
wx_clouds=7
snow_3h=6
rain_1h=5
solar_flux_Wm2_rolling3h=5
temp=4
utc_time_day_fraction=4
temp_min_rolling3h=3
rain_3h=3
day_of_week_cos=3
month_sin=3
temp_max_rolling3h=2
rain_3h_rolling3h=2
is_weekend=2
season=2
is_holiday=2
temp_rolling3h=1
temp_min=1
day_hour_sin=1

parameters:
[boosting: gbdt]
[objective: quantile]
[metric: quantile]
[tree_learner: serial]
[device_type: cpu]
[data_sample_strategy: bagging]
[data: ]
[valid: ]
[num_iterations: 209]
[learning_rate: 0.0413828]
[num_leaves: 135]
[num_threads: -1]
[seed: 42]
[deterministic: 0]
[force_col_wise: 0]
[force_row_wise: 0]
[histogram_pool_size: -1]
[max_depth: 3]
[min_data_in_leaf: 31]
[min_sum_hessian_in_leaf: 0.001]
[bagging_fraction: 0.907289]
[pos_bagging_fraction: 1]
[neg_bagging_fraction: 1]
[bagging_freq: 9]
[bagging_seed: 400]
[bagging_by_query: 0]
[feature_fraction: 0.663776]
[feature_fraction_bynode: 1]
[feature_fraction_seed: 30056]
[extra_trees: 0]
[extra_seed: 12879]
[early_stopping_round: 0]
[early_stopping_min_delta: 0]
[first_metric_only: 0]
[max_delta_step: 0]
[lambda_l1: 3.91754e-06]
[lambda_l2: 0.000988924]
[linear_lambda: 0]
[min_gain_to_split: 0]
[drop_rate: 0.1]
[max_drop: 50]
[skip_drop: 0.5]
[xgboost_dart_mode: 0]
[uniform_drop: 0]
[drop_seed: 17869]
[top_rate: 0.2]
[other_rate: 0.1]
[min_data_per_group: 100]
[max_cat_threshold: 32]
[cat_l2: 10]
[cat_smooth: 10]
[max_cat_to_onehot: 4]
[top_k: 20]
[monotone_constraints: ]
[monotone_constraints_method: basic]
[monotone_penalty: 0]
[feature_contri: ]
[forcedsplits_filename: ]
[refit_decay_rate: 0.9]
[cegb_tradeoff: 1]
[cegb_penalty_split: 0]
[cegb_penalty_feature_lazy: ]
[cegb_penalty_feature_coupled: ]
[path_smooth: 0]
[interaction_constraints: ]
[verbosity: -1]
[saved_feature_importance_type: 0]
[use_quantized_grad: 0]
[num_grad_quant_bins: 4]
[quant_train_renew_leaf: 0]
[stochastic_rounding: 1]
[linear_tree: 0]
[max_bin: 255]
[max_bin_by_feature: ]
[min_data_in_bin: 3]
[bin_construct_sample_cnt: 200000]
[data_random_seed: 175]
[is_enable_sparse: 1]
[enable_bundle: 1]
[use_missing: 1]
[zero_as_missing: 0]
[feature_pre_filter: 1]
[pre_partition: 0]
[two_round: 0]
[header: 0]
[label_column: ]
[weight_column: ]
[group_column: ]
[ignore_column: ]
[categorical_feature: 28,31]
[forcedbins_filename: ]
[precise_float_parser: 0]
[parser_config_file: ]
[objective_seed: 16083]
[num_class: 1]
[is_unbalance: 0]
[scale_pos_weight: 1]
[sigmoid: 1]
[boost_from_average: 1]
[reg_sqrt: 0]
[alpha: 0.5]
[fair_c: 1]
[poisson_max_delta_step: 0.7]
[tweedie_variance_power: 1.5]
[lambdarank_truncation_level: 30]
[lambdarank_norm: 1]
[label_gain: ]
[lambdarank_position_bias_regularization: 0]
[eval_at: ]
[multi_error_top_k: 1]
[auc_mu_weights: ]
[num_machines: 1]
[local_listen_port: 12400]
[time_out: 120]
[machine_list_filename: ]
[machines: ]
[gpu_platform_id: -1]
[gpu_device_id: -1]
[gpu_use_dp: 0]
[num_gpu: 1]

end of parameters

pandas_categorical:[]
