tree
version=v4
num_class=1
num_tree_per_iteration=1
label_index=0
max_feature_idx=55
objective=regression
feature_names=daylight_length_hr sunrise_day_fraction_utc sunset_day_fraction_utc temp temp_rolling3h temp_min temp_min_rolling3h temp_max temp_max_rolling3h pressure pressure_rolling3h humidity humidity_rolling3h wind_speed wind_speed_rolling3h wind_deg wind_deg_rolling3h rain_1h rain_1h_rolling3h rain_3h rain_3h_rolling3h snow_3h snow_3h_rolling3h clouds_all clouds_all_rolling3h solar_flux_Wm2 solar_flux_Wm2_rolling3h severity month day_of_year date_fraction_of_year day_of_week is_weekend season is_holiday utc_time_day_fraction day_hour_sin day_hour_cos day_of_week_sin day_of_week_cos day_of_year_sin day_of_year_cos month_sin month_cos wx_clear wx_clouds wx_drizzle wx_dust wx_fog wx_haze wx_mist wx_rain wx_smoke wx_snow wx_squall wx_thunderstorm
feature_infos=[9.3596828722609828:14.968733129411385] [0.19410002162982243:0.31163495189900325] [0.69654878201595027:0.81871011031084839] [269.72646691159127:309.90396711280073] [270.65299242019142:309.71861066259783] [268.89369968804607:308.92749021087917] [269.32665650944756:308.62831380393885] [269.72646691159127:313.73456373403258] [270.65299242019142:312.96198277559347] [766.84632627970336:244890.38201182318] [836.29636365775127:243203.46984729479] [19.249089573633061:99.999999999999986] [21.277255594968903:99.313404638227453] [0:19.886087171848004] [0.27367250609567723:11.315541801258044] [0:344.88001392443181] [14.526704245087544:339.7524872426664] [0:4.405107912851479] [0:3.163355462094652] [0:0.12065750398577889] [0:0.04212472235621962] [0:1.1205772508398473] [0:1.1205772508398473] [0:96.351263531536162] [0:94.622869702986321] [0:875.66486422107903] [0:872.6892700871565] [0:4.5344590809815166] -1:1:3:5:7:8:4:6:2:9:12:10:11 [1:366] [0.0027378507871321013:1.0020533880903491] -1:0:3:4:5:6:1:2 [0:1] [0:3] [0:1] [0:0.95833333333333337] [-1:1] [-1:1] [-0.97492791218182362:0.97492791218182362] [-0.90096886790241903:1] [-0.9999994220246925:0.99998555065071859] [-0.99997919295908233:0.9999907524084426] [-1:1] [-1:1] [0:1] [0:1] [0:0.72632749390432283] [0:0.24213528291329262] [0:0.82968275562592209] [0:0.58754747271262941] [0:0.84452486614631483] [0:1] none [0:0.48419221099103016] none [0:0.84452486614631483]
tree_sizes=853 862 888 860 863 880 863 863 889 868 881 873 873 875 867 874 865 868 891 872 862 860 865 859 866 882 889 865 867 872 863 866 866 776 896 866 870 861 879 791 862 896 888 874 860 864 863 884 887 865 884 863 887 877 886 861 875 889 870 880 860 886 865 881 884 875 887 870 873 893 878 892 881 878 862 866 862 880 868 859 857 863 878 879 887 856 856 889 861 856 868 885 871 869 769 890 881 860 874 889 878 875 868 886 870 857 880 877 868 872 865 882 874 864 875 882 878 874 856 890 861 783 867 874 865 884 873 889 768 882 876 872 772 873 780 870 874 861 859 861 778 885 885 870 864 883 879 883 867 881 870 859 871 686 686 866 874 864 868 868 879 681 879 893 885 880 856 869 885 866 879 790 782 885 886 801 875 873 864 780 869 798 868 861 896 885 790 796 777 799 878 859 870 788 883 879 875 887 860 864 870 856 878 869 869 861 871 859 877

Tree=0
num_leaves=8
num_cat=0
split_feature=14 9 14 40 13 40 29
split_gain=1.56436e+10 3.90266e+09 3.18557e+09 2.30929e+09 2.0289e+09 1.70452e+09 1.28627e+09
threshold=3.0002700301028118 1011.451057012713 1.9063596413182793 0.99761913169647187 4.5832120129327363 0.69056404122701587 155.50000000000003
decision_type=2 2 2 2 2 2 2
left_child=2 4 3 -1 -2 -3 -4
right_child=1 5 6 -5 -6 -7 -8
leaf_value=5369.043018447529 5473.9915032171539 5425.3410333488255 5431.1625130490274 5508.628488231192 5553.0248037655292 5483.6255701574819 5394.2747264478885
leaf_weight=8397 1215 2935 2920 208 1026 1215 3633
leaf_count=8397 1215 2935 2920 208 1026 1215 3633
internal_value=5411.87 5466.17 5388.97 5372.42 5510.18 5442.41 5410.71
internal_weight=21549 6391 15158 8605 2241 4150 6553
internal_count=21549 6391 15158 8605 2241 4150 6553
is_linear=0
shrinkage=1


Tree=1
num_leaves=8
num_cat=0
split_feature=13 9 29 13 40 40 13
split_gain=1.32316e+10 3.86625e+09 2.99268e+09 2.1668e+09 1.94427e+09 1.8368e+09 1.2021e+09
threshold=3.1268234321631052 1005.613379147984 162.50000000000003 4.5832120129327363 0.68432406471780916 0.99865421017599998 1.726808912593387
decision_type=2 2 2 2 2 2 2
left_child=2 3 5 -2 -3 -1 -4
right_child=1 4 6 -5 -6 -7 -8
leaf_value=-4.1671924253903487 68.847433149482796 16.257381561604621 -51.797664451906584 178.25869110300897 72.230591566692524 105.948806282112 -20.903842980998387
leaf_weight=6619 712 3173 4336 549 1598 270 4292
leaf_count=6619 712 3173 4336 549 1598 270 4292
internal_value=0.0279584 52.0379 -20.1901 116.482 35.0051 0.148589 -36.4295
internal_weight=21549 6032 15517 1261 4771 6889 8628
internal_count=21549 6032 15517 1261 4771 6889 8628
is_linear=0
shrinkage=0.0413828


Tree=2
num_leaves=8
num_cat=1
split_feature=13 10 29 28 7 40 13
split_gain=1.21592e+10 3.52664e+09 2.75012e+09 1.87696e+09 1.78975e+09 1.68792e+09 1.10467e+09
threshold=3.1268234321631052 1011.3034887141623 162.50000000000003 0 293.99866434911809 0.99865421017599998 1.726808912593387
decision_type=2 2 2 1 2 2 2
left_child=2 3 5 -2 -3 -1 -4
right_child=1 4 6 -5 -6 -7 -8
leaf_value=-3.994742145721168 125.88452718671974 55.343624638902646 -49.654130678698841 44.436895336138086 -0.43809403399457142 101.56436033023346 -20.038782982875347
leaf_weight=6619 1234 1928 4336 856 2014 270 4292
leaf_count=6619 1234 1928 4336 856 2014 270 4292
internal_value=0.0268018 49.8845 -19.3546 93.341 26.8443 0.142441 -34.922
internal_weight=21549 6032 15517 2090 3942 6889 8628
internal_count=21549 6032 15517 2090 3942 6889 8628
cat_boundaries=0 1
cat_threshold=590
is_linear=0
shrinkage=0.0413828


Tree=3
num_leaves=8
num_cat=0
split_feature=13 16 40 13 13 38 9
split_gain=1.11776e+10 3.3642e+09 2.25695e+09 2.13593e+09 1.87593e+09 9.40914e+08 8.7767e+08
threshold=3.1268234321631052 244.24404283935996 0.99552231814189451 1.8298002878792547 4.5832120129327363 0.6078576107927941 1007.1264250785717
decision_type=2 2 2 2 2 2 2
left_child=2 4 3 -1 -2 -4 -3
right_child=1 6 5 -5 -6 -7 -8
leaf_value=-36.21666726440295 15.66268823865604 162.61116925826926 106.0280483815407 -4.9821972970513873 68.881927151900655 -22.160211833901904 84.258650671536699
leaf_weight=7893 3294 419 345 7142 1730 137 589
leaf_count=7893 3294 419 345 7142 1730 137 589
internal_value=0.0289639 47.8318 -18.5537 -21.3795 33.9886 69.5928 116.828
internal_weight=21549 6032 15517 15035 5024 482 1008
internal_count=21549 6032 15517 15035 5024 482 1008
is_linear=0
shrinkage=0.0413828


Tree=4
num_leaves=8
num_cat=0
split_feature=29 51 16 29 10 29 29
split_gain=6.55799e+09 2.9966e+09 2.00971e+09 1.61295e+09 1.565e+09 1.69473e+09 1.9175e+08
threshold=94.500000000000014 1.0000000180025095e-35 244.24404283935996 90.500000000000014 1028.8576297373149 323.50000000000006 363.50000000000006
decision_type=2 2 2 2 2 2 2
left_child=1 3 -3 -1 5 -2 -6
right_child=4 2 -4 -5 6 -7 -8
leaf_value=2.7978752633954498 -14.97819839691569 45.460483193515522 122.5742214746667 142.17421932609824 -60.43524958045635 39.071619754780585 -130.67754223231236
leaf_weight=3113 13403 2053 806 149 880 1073 72
leaf_count=3113 13403 2053 806 149 880 1073 72
internal_value=0.0277663 36.2717 67.2002 9.16428 -14.3519 -10.9719 -65.7478
internal_weight=21549 6121 2859 3262 15428 14476 952
internal_count=21549 6121 2859 3262 15428 14476 952
is_linear=0
shrinkage=0.0413828


Tree=5
num_leaves=8
num_cat=1
split_feature=14 14 9 40 25 7 31
split_gain=1.14875e+10 3.65985e+09 2.50709e+09 1.9272e+09 1.6103e+09 1.60332e+09 6.91278e+08
threshold=2.5717996460873578 4.7241117268179602 1004.9367941896601 0.99552231814189451 246.11488805267595 293.99866434911809 0
decision_type=2 2 2 2 2 2 1
left_child=3 5 -3 4 -1 -2 -5
right_child=1 2 -4 6 -6 -7 -8
leaf_value=-14.451667132389208 41.778529748835098 170.92626256834987 60.896372103665016 -20.82725871191969 -44.30735719461741 0.77356538418254672 98.940964647097005
leaf_weight=7255 3507 467 1474 117 5394 3056 279
leaf_count=7255 3507 467 1474 117 5394 3056 279
internal_value=0.0266172 37.4489 87.3694 -24.3689 -27.1832 22.685 65.5275
internal_weight=21549 8504 1941 13045 12649 6563 396
internal_count=21549 8504 1941 13045 12649 6563 396
cat_boundaries=0 1
cat_threshold=6
is_linear=0
shrinkage=0.0413828


Tree=6
num_leaves=8
num_cat=0
split_feature=14 14 9 29 0 1 14
split_gain=1.05698e+10 2.85595e+09 2.34304e+09 2.16777e+09 2.15419e+09 1.46522e+09 1.29169e+09
threshold=2.8160678802096126 4.7840464719937801 1004.9367941896601 126.50000000000001 13.897120305775262 0.27880887182719 1.9063596413182793
decision_type=2 2 2 2 2 2 2
left_child=3 5 -3 4 -1 -2 -5
right_child=1 2 -4 6 -6 -7 -8
leaf_value=-3.7795818547049316 14.663795989972369 167.54124795838547 58.855933981952369 -44.197792939106883 133.31688779753787 68.439922395544457 -12.908525839037068
leaf_weight=4613 4285 448 1405 5806 205 1088 3699
leaf_count=4613 4285 448 1405 5806 205 1088 3699
internal_value=0.0270163 40.8315 85.1329 -20.559 2.05373 25.5531 -32.0212
internal_weight=21549 7226 1853 14323 4818 5373 9505
internal_count=21549 7226 1853 14323 4818 5373 9505
is_linear=0
shrinkage=0.0413828


Tree=7
num_leaves=8
num_cat=0
split_feature=14 14 0 30 1 0 14
split_gain=9.75371e+09 3.08406e+09 2.15367e+09 1.91e+09 1.5123e+09 1.19514e+09 1.17627e+09
threshold=2.5717996460873578 4.7241117268179602 10.610372835933651 0.26420260095824782 0.27912466511656686 12.640368478567412 1.9063596413182793
decision_type=2 2 2 2 2 2 2
left_child=3 4 -3 5 -2 -1 -5
right_child=1 2 -4 6 -6 -7 -8
leaf_value=-1.3474582911136059 10.926882580737068 17.525828071617106 110.5878136354719 -42.091998039107224 60.303902402430417 106.90349298803066 -11.800256293155179
leaf_weight=3125 5230 631 1310 6391 1333 185 3344
leaf_count=3125 5230 631 1310 6391 1333 185 3344
internal_value=0.0258992 34.5087 80.3343 -22.4533 20.9558 4.70285 -31.6867
internal_weight=21549 8504 1941 13045 6563 3310 9735
internal_count=21549 8504 1941 13045 6563 3310 9735
is_linear=0
shrinkage=0.0413828


Tree=8
num_leaves=8
num_cat=1
split_feature=13 9 29 28 40 40 35
split_gain=7.94711e+09 2.74842e+09 1.97982e+09 1.42416e+09 1.37985e+09 1.20725e+09 1.04143e+09
threshold=3.1268234321631052 1011.451057012713 161.50000000000003 0 0.68432406471780916 0.99907018497641664 0.68750000000000011
decision_type=2 2 2 1 2 2 2
left_child=2 3 5 -2 -3 -1 -4
right_child=1 4 6 -5 -6 -7 -8
leaf_value=-2.1930593175969895 106.57579989613595 4.1012085245029706 -37.381698724398717 36.074005143428479 58.117299177330032 95.282294193145248 -4.9341214892993497
leaf_weight=6610 1247 2779 6375 863 1143 225 2307
leaf_count=6610 1247 2779 6375 863 1143 225 2307
internal_value=0.024828 40.3322 -15.6441 78.4163 19.8433 1.01573 -28.7597
internal_weight=21549 6032 15517 2110 3922 6835 8682
internal_count=21549 6032 15517 2110 3922 6835 8682
cat_boundaries=0 1
cat_threshold=590
is_linear=0
shrinkage=0.0413828


Tree=9
num_leaves=8
num_cat=0
split_feature=14 14 9 30 7 40 25
split_gain=8.79658e+09 2.75204e+09 2.38794e+09 1.72929e+09 1.30458e+09 1.062e+09 1.02773e+09
threshold=2.5717996460873578 4.4609227687488628 1004.9367941896601 0.44490075290896652 293.99866434911809 0.99907018497641664 33.345017727174785
decision_type=2 2 2 2 2 2 2
left_child=3 4 -3 5 -2 -1 -5
right_child=1 2 -4 6 -6 -7 -8
leaf_value=-7.3529847201926115 36.053150943889023 145.67458927240861 47.542045296754743 -20.151523801297742 -2.2166108142383507 91.44767266235182 -50.924480059929273
leaf_weight=5377 3281 559 1767 4017 2851 193 3459
leaf_count=5377 3281 559 1767 4017 2851 193 3459
internal_value=-0.0731998 32.7985 71.126 -21.3846 18.2601 -3.92954 -34.3896
internal_weight=21504 8458 2326 13046 6132 5570 7476
internal_count=21504 8458 2326 13046 6132 5570 7476
is_linear=0
shrinkage=0.0413828


Tree=10
num_leaves=8
num_cat=1
split_feature=13 9 29 28 29 25 13
split_gain=7.01394e+09 2.5098e+09 1.9412e+09 1.3158e+09 1.04997e+09 9.35742e+08 8.21471e+08
threshold=3.2570585893796902 1009.0028266805992 161.50000000000003 0 317.50000000000006 440.10090918382599 1.8298002878792547
decision_type=2 2 2 1 2 2 2
left_child=2 3 6 -2 -3 -4 -1
right_child=1 4 5 -5 -6 -7 -8
leaf_value=-12.3087205745658 37.063894820904572 18.225315199559802 -15.850760036217773 116.03004512053266 126.44061746558762 -43.192021985603851 15.97518424835701
leaf_weight=3411 644 3806 5361 920 160 3572 3630
leaf_count=3411 644 3806 5361 920 160 3572 3630
internal_value=-0.0701701 40.0984 -13.976 84.4935 22.5911 -26.7836 2.2731
internal_weight=21504 5530 15974 1564 3966 8933 7041
internal_count=21504 5530 15974 1564 3966 8933 7041
cat_boundaries=0 1
cat_threshold=1520
is_linear=0
shrinkage=0.0413828


Tree=11
num_leaves=8
num_cat=0
split_feature=14 16 30 14 14 0 21
split_gain=7.58778e+09 2.50029e+09 1.50259e+09 1.45774e+09 1.05993e+09 1.04538e+09 9.12929e+08
threshold=2.5717996460873578 245.26401499847131 0.26420260095824782 4.4609227687488628 1.7425374246520062 12.640368478567412 1.0000000180025095e-35
decision_type=2 2 2 2 2 2 2
left_child=2 3 5 -2 -4 -1 -3
right_child=1 6 4 -5 -6 -7 -8
leaf_value=-1.5170484683961378 10.737066379373765 95.801646095051808 -40.374100014452026 54.076823963840596 -12.938242353034061 97.980717057450121 -37.160932658642821
leaf_weight=3110 5486 1122 5361 1754 4383 192 96
leaf_count=3110 5486 1122 5361 1754 4383 192 96
internal_value=-0.0643197 30.4654 -19.8574 21.2368 -28.033 4.26843 85.3218
internal_weight=21504 8458 13046 7240 9744 3302 1218
internal_count=21504 8458 13046 7240 9744 3302 1218
is_linear=0
shrinkage=0.0413828


Tree=12
num_leaves=8
num_cat=0
split_feature=29 17 9 2 36 51 10
split_gain=4.12648e+09 2.18214e+09 2.05683e+09 1.56156e+09 1.50034e+09 6.35347e+08 5.90698e+08
threshold=94.500000000000014 0.041050875914351588 1006.1323425135096 0.76577907061594985 1.0000000180025095e-35 1.0000000180025095e-35 1028.8576297373149
decision_type=2 2 2 2 2 2 2
left_child=1 3 -3 -1 6 -6 -2
right_child=4 2 -4 -5 5 -7 -8
leaf_value=2.6285865261195185 4.2510116125584974 122.7973617171985 32.840371728154679 77.535746781451479 -32.476379458499856 -6.8473549473815298 -45.0781659011882
leaf_weight=3703 7251 688 1185 547 5274 2415 441
leaf_count=3703 7251 688 1185 547 5274 2415 441
internal_value=-0.0616576 28.67 65.8839 12.2696 -11.4994 -24.4267 1.42285
internal_weight=21504 6123 1873 4250 15381 7689 7692
internal_count=21504 6123 1873 4250 15381 7689 7692
is_linear=0
shrinkage=0.0413828


Tree=13
num_leaves=8
num_cat=0
split_feature=14 9 14 14 30 40 30
split_gain=6.78608e+09 2.13256e+09 1.94588e+09 1.62484e+09 1.29019e+09 1.19154e+09 9.38596e+08
threshold=3.1150352661557261 1005.613379147984 1.7947164865851239 5.6069094908939432 0.012320328542094456 0.68432406471780916 0.42573579739904183
decision_type=2 2 2 2 2 2 2
left_child=2 3 4 -2 -1 -3 -4
right_child=1 5 6 -5 -6 -7 -8
leaf_value=91.284732882211529 61.821906259498711 9.5731336150233552 16.124507296715677 179.02780482201763 -31.692983815755785 53.690490875178121 -12.574720496455473
leaf_weight=149 1016 3063 3465 253 7496 1594 4468
leaf_count=149 1016 3063 3465 253 7496 1594 4468
internal_value=-0.0591057 37.6326 -14.3973 85.1893 -29.2962 24.6737 -0.0393836
internal_weight=21504 5926 15578 1269 7645 4657 7933
internal_count=21504 5926 15578 1269 7645 4657 7933
is_linear=0
shrinkage=0.0413828


Tree=14
num_leaves=8
num_cat=0
split_feature=14 9 14 14 2 29 29
split_gain=6.23605e+09 1.95971e+09 1.78816e+09 1.49314e+09 1.26944e+09 1.18562e+09 8.6252e+08
threshold=3.1150352661557261 1005.613379147984 1.7947164865851239 5.6069094908939432 0.70473638834575514 4.5000000000000009 155.50000000000003
decision_type=2 2 2 2 2 2 2
left_child=2 3 5 -2 -3 -1 -4
right_child=1 4 6 -5 -6 -7 -8
leaf_value=87.507134047476683 59.263542165307634 132.3512259648034 15.457229392443653 171.61915379255558 19.357989955621072 -30.381438111745076 -12.054343000369776
leaf_weight=149 1016 177 3465 253 4480 7496 4468
leaf_count=149 1016 177 3465 253 4480 7496 4468
internal_value=-0.0566591 36.0752 -13.8015 81.6639 23.6526 -28.0838 -0.0377538
internal_weight=21504 5926 15578 1269 4657 7645 7933
internal_count=21504 5926 15578 1269 4657 7645 7933
is_linear=0
shrinkage=0.0413828


Tree=15
num_leaves=8
num_cat=0
split_feature=14 16 40 29 14 22 38
split_gain=5.76379e+09 2.0938e+09 1.22612e+09 1.23202e+09 1.18698e+09 9.85278e+08 7.31674e+08
threshold=2.5717996460873578 245.26401499847131 0.99374995976406788 66.500000000000014 4.4609227687488628 1.0000000180025095e-35 0.6078576107927941
decision_type=2 2 2 2 2 2 2
left_child=2 4 3 -1 -2 -3 -4
right_child=1 5 6 -5 -6 -7 -8
leaf_value=8.1392947709944963 8.6343838457090882 88.185664887206585 82.731477785801587 -25.753382719848432 47.742701030048529 -44.425505660793831 -31.001816665321275
leaf_weight=2233 5486 1113 325 10350 1754 105 138
leaf_count=2233 5486 1113 325 10350 1754 105 138
internal_value=-0.0543136 26.5541 -17.3051 -19.7387 18.109 76.7536 48.8326
internal_weight=21504 8458 13046 12583 7240 1218 463
internal_count=21504 8458 13046 12583 7240 1218 463
is_linear=0
shrinkage=0.0413828


Tree=16
num_leaves=8
num_cat=0
split_feature=14 14 29 0 25 10 0
split_gain=5.33091e+09 2.27536e+09 1.81436e+09 1.18679e+09 9.78058e+08 6.29779e+08 4.49516e+08
threshold=2.164268619915148 4.4609227687488628 12.500000000000002 10.236078030948967 261.5713034241158 1026.7563618195034 14.918216744876958
decision_type=2 2 2 2 2 2 2
left_child=4 3 -3 -2 5 -1 -6
right_child=1 2 -4 -5 6 -7 -8
leaf_value=-5.3581049658062163 48.766055359277523 -77.426563775092774 66.56750617619663 4.240612917671073 -32.548843271394816 -44.153503376607034 -87.40163658338011
leaf_weight=5453 1191 161 2165 7363 4073 825 273
leaf_count=5453 1191 161 2165 7363 4073 825 273
internal_value=-0.0520656 20.3085 56.6006 10.44 -20.9033 -10.4563 -35.9945
internal_weight=21504 10880 2326 8554 10624 6278 4346
internal_count=21504 10880 2326 8554 10624 6278 4346
is_linear=0
shrinkage=0.0413828


Tree=17
num_leaves=8
num_cat=0
split_feature=40 17 9 40 40 29 40
split_gain=3.14401e+09 1.78165e+09 1.47313e+09 1.3903e+09 1.33356e+09 1.35831e+09 3.07299e+08
threshold=0.20180702842483325 0.046775212537491444 1004.9367941896601 0.99983759474438971 0.099822040462190967 186.50000000000003 0.1849296026015865
decision_type=2 2 2 2 2 2 2
left_child=4 3 -3 -2 5 -1 -6
right_child=1 2 -4 -5 6 -7 -8
leaf_value=35.375805691982514 3.7650071687567426 86.431006868154512 23.358619896972524 167.40562658208324 -78.43657561329978 -16.101528795379565 -8.8439922597219365
leaf_weight=968 7358 945 1928 90 662 9423 130
leaf_count=968 7358 945 1928 90 662 9423 130
internal_value=-0.0499115 16.4211 44.1047 5.74243 -15.2513 -11.306 -67.0136
internal_weight=21504 10321 2873 7448 11183 10391 792
internal_count=21504 10321 2873 7448 11183 10391 792
is_linear=0
shrinkage=0.0413828


Tree=18
num_leaves=8
num_cat=1
split_feature=14 10 14 29 28 40 41
split_gain=4.66215e+09 1.69397e+09 1.4092e+09 1.05754e+09 1.01252e+09 8.73474e+08 6.92124e+08
threshold=3.1150352661557261 1011.3034887141623 1.7425374246520062 4.5000000000000009 0 0.69056404122701587 0.95178258287705175
decision_type=2 2 2 2 1 2 2
left_child=2 4 3 -1 -2 -3 -4
right_child=1 5 6 -5 -6 -7 -8
leaf_value=87.092183290381911 18.865181306071154 1.6198461908295356 -3.9529932819883946 -27.755503893847226 80.416441309322124 44.699318249143317 42.176262524658192
leaf_weight=140 706 2717 7776 7135 1417 1146 600
leaf_count=140 706 2717 7776 7135 1417 1146 600
internal_value=-0.341398 30.7197 -12.2213 -25.5454 60.4153 14.3998 -0.648601
internal_weight=21637 5986 15651 7275 2123 3863 8376
internal_count=21637 5986 15651 7275 2123 3863 8376
cat_boundaries=0 1
cat_threshold=1072
is_linear=0
shrinkage=0.0413828


Tree=19
num_leaves=8
num_cat=0
split_feature=13 40 0 42 13 25 51
split_gain=3.89115e+09 1.65822e+09 3.01597e+09 2.12183e+09 1.65435e+09 1.08296e+09 9.89144e+08
threshold=4.6230114096005019 0.67802080537253973 11.392509279963924 0.68301270189221941 2.0735898447348098 33.345017727174785 1.0000000180025095e-35
decision_type=2 2 2 2 2 2 2
left_child=4 3 -3 -2 5 -1 -6
right_child=1 2 -4 -5 6 -7 -8
leaf_value=-6.7655790500389195 48.580940417445007 202.08691943079765 43.216194599527199 -80.58160907731839 -4.9487290890081068 -34.497982159921278 22.386123677286538
leaf_weight=5956 1006 297 658 278 5564 4052 3826
leaf_count=5956 1006 297 658 278 5564 4052 3826
internal_value=-0.32537 51.3296 92.6243 20.6158 -6.28761 -17.9938 6.18899
internal_weight=21637 2239 955 1284 19398 10008 9390
internal_count=21637 2239 955 1284 19398 10008 9390
is_linear=0
shrinkage=0.0413828


Tree=20
num_leaves=8
num_cat=0
split_feature=14 14 1 1 40 29 0
split_gain=4.01415e+09 1.72556e+09 1.93141e+09 1.12211e+09 1.08218e+09 9.93892e+08 5.13505e+08
threshold=2.164268619915148 4.9145006190131708 0.29403088672726913 0.27880887182719 0.99761913169647187 66.500000000000014 12.640368478567412
decision_type=2 2 2 2 2 2 2
left_child=4 3 -3 -2 5 -1 -6
right_child=1 2 -4 -5 6 -7 -8
leaf_value=7.1279554142645498 2.6137501286526961 85.41037003903395 -10.101612637719574 37.389904858304284 -1.7878328431375343 -26.3554265581595 113.38103843709536
leaf_weight=1844 7199 1167 526 2039 117 8592 153
leaf_count=1844 7199 1167 526 2039 117 8592 153
internal_value=-0.311905 17.3282 55.7357 10.2895 -18.3228 -20.439 63.4747
internal_weight=21637 10931 1693 9238 10706 10436 270
internal_count=21637 10931 1693 9238 10706 10436 270
is_linear=0
shrinkage=0.0413828


Tree=21
num_leaves=8
num_cat=0
split_feature=13 29 29 0 17 10 0
split_gain=3.32904e+09 1.5199e+09 1.46536e+09 2.0626e+09 8.1465e+08 6.81149e+08 4.35902e+08
threshold=4.6230114096005019 161.50000000000003 12.500000000000002 10.165654931285504 1.0000000180025095e-35 1029.1234603050516 9.506362547973648
decision_type=2 2 2 2 2 2 2
left_child=1 4 6 -4 -1 -3 -2
right_child=2 5 3 -5 -6 -7 -8
leaf_value=-3.4160130249043323 17.703901418571224 -13.217561117485438 180.88737891281113 42.949635610928738 22.188516793876335 -50.732851697594242 -127.5991141010178
leaf_weight=5333 55 9617 206 1879 3541 907 99
leaf_count=5333 55 9617 206 1879 3541 907 99
internal_value=-0.298997 -5.8138 47.4795 56.5781 6.80099 -16.4508 -75.7054
internal_weight=21637 19398 2239 2085 8874 10524 154
internal_count=21637 19398 2239 2085 8874 10524 154
is_linear=0
shrinkage=0.0413828


Tree=22
num_leaves=8
num_cat=0
split_feature=13 40 0 42 29 40 25
split_gain=3.05921e+09 1.47001e+09 2.74471e+09 1.89298e+09 1.39671e+09 9.33421e+08 6.82359e+08
threshold=4.6230114096005019 0.67802080537253973 11.392509279963924 0.68301270189221941 161.50000000000003 0.99865421017599998 440.10090918382599
decision_type=2 2 2 2 2 2 2
left_child=4 3 -3 -2 5 -1 -6
right_child=1 2 -4 -5 6 -7 -8
leaf_value=3.7636961182198685 43.010357918500652 188.8195879009082 37.261483669976691 -78.988019788150879 -6.5719947026702155 71.884334717759728 -27.842003493402792
leaf_weight=8515 1006 297 658 278 5973 359 4551
leaf_count=8515 1006 297 658 278 5973 359 4551
internal_value=-0.286624 45.5147 84.3954 16.5963 -5.57321 6.51954 -15.77
internal_weight=21637 2239 955 1284 19398 8874 10524
internal_count=21637 2239 955 1284 19398 8874 10524
is_linear=0
shrinkage=0.0413828


Tree=23
num_leaves=8
num_cat=0
split_feature=14 1 0 29 40 25 0
split_gain=3.4724e+09 1.42304e+09 3.16679e+09 1.03424e+09 9.91562e+08 9.05089e+08 5.96521e+08
threshold=2.0601963765573901 0.27605419742791787 10.970705224174084 70.500000000000014 0.99939377080793557 33.345017727174785 12.640368478567412
decision_type=2 2 2 2 2 2 2
left_child=4 3 -3 -2 5 -1 -6
right_child=1 2 -4 -5 6 -7 -8
leaf_value=-8.7130041220063266 -67.942131662233223 23.994905360485046 155.23803256061152 9.0522860342740668 -16.776198826709233 -34.063426247218317 161.97857575384182
leaf_weight=5516 310 2784 355 8251 52 4286 83
leaf_count=5516 310 2784 355 8251 52 4286 83
internal_value=-0.274762 15.0034 38.8377 6.26425 -18.2635 -19.7977 93.1253
internal_weight=21637 11700 3139 8561 9937 9802 135
internal_count=21637 11700 3139 8561 9937 9802 135
is_linear=0
shrinkage=0.0413828


Tree=24
num_leaves=8
num_cat=0
split_feature=14 9 14 14 2 29 25
split_gain=3.21175e+09 1.38447e+09 1.07821e+09 1.05748e+09 1.03402e+09 9.3821e+08 7.13082e+08
threshold=3.1150352661557261 1005.613379147984 5.6069094908939432 1.7425374246520062 0.70473638834575514 4.5000000000000009 615.1527359533203
decision_type=2 2 2 2 2 2 2
left_child=3 2 -2 5 -3 -1 -5
right_child=1 4 -4 6 -6 -7 -8
leaf_value=84.426846958940374 44.816761162880745 113.52813323590965 140.15435249025634 9.7297533543439148 11.290416005125588 -23.747556244895332 -14.932685063237354
leaf_weight=140 1031 176 253 5038 4526 7135 3338
leaf_count=140 1031 176 253 5038 4526 7135 3338
internal_value=-0.263391 25.5173 63.6022 -10.1237 15.1173 -21.6658 -0.0987118
internal_weight=21637 5986 1284 15651 4702 7275 8376
internal_count=21637 5986 1284 15651 4702 7275 8376
is_linear=0
shrinkage=0.0413828


Tree=25
num_leaves=8
num_cat=1
split_feature=13 1 0 29 28 10 0
split_gain=2.54442e+09 1.31616e+09 2.03839e+09 1.17417e+09 7.79695e+08 6.14481e+08 3.99464e+08
threshold=4.3970506432423599 0.31102062593850105 10.165654931285504 161.50000000000003 0 1029.1234603050516 9.506362547973648
decision_type=2 2 2 2 1 2 2
left_child=3 2 -2 4 -1 -5 -3
right_child=1 6 -4 5 -6 -7 -8
leaf_value=26.544680635600912 160.88828933160178 11.260590015592353 33.213275253977251 -11.800413329685437 -1.6770864399844234 -47.494242495720314 -124.05348450405745
leaf_weight=2263 237 58 2221 9458 6390 905 105
leaf_count=2263 237 58 2221 9458 6390 905 105
internal_value=-0.252491 37.9721 45.5237 -5.52103 5.73243 -14.9176 -75.9051
internal_weight=21637 2621 2458 19016 8653 10363 163
internal_count=21637 2621 2458 19016 8653 10363 163
cat_boundaries=0 1
cat_threshold=66
is_linear=0
shrinkage=0.0413828


Tree=26
num_leaves=8
num_cat=1
split_feature=13 40 0 28 13 51 25
split_gain=2.35123e+09 1.30537e+09 2.29466e+09 2.09167e+09 1.1905e+09 9.83041e+08 8.31639e+08
threshold=4.6788396037637847 0.68432406471780916 11.392509279963924 0 1.8669996946553928 1.0000000180025095e-35 33.345017727174785
decision_type=2 2 2 1 2 2 2
left_child=4 3 -3 -2 6 -6 -1
right_child=1 2 -4 -5 5 -7 -8
leaf_value=-5.9781183763411923 -59.843545578607625 174.81963803384809 33.479850152190494 51.751732882716993 -5.7933993348365735 19.486207352569256 -32.538099869963702
leaf_weight=5109 430 289 616 823 6684 4348 3338
leaf_count=5109 430 289 616 823 6684 4348 3338
internal_value=-0.241566 40.7436 78.615 13.3903 -4.78215 4.16996 -16.4738
internal_weight=21637 2158 905 1253 19479 11032 8447
internal_count=21637 2158 905 1253 19479 11032 8447
cat_boundaries=0 1
cat_threshold=132
is_linear=0
shrinkage=0.0413828


Tree=27
num_leaves=8
num_cat=0
split_feature=14 40 1 40 25 0 24
split_gain=2.79422e+09 1.11451e+09 1.3611e+09 8.82324e+08 6.96636e+08 4.88382e+08 1.64265e+08
threshold=2.164268619915148 -0.97509794945709805 0.23978465700544571 0.99939377080793557 522.93779987203743 12.640368478567412 16.418803829697264
decision_type=2 2 2 2 2 2 2
left_child=3 6 -3 4 -1 -5 -2
right_child=1 2 -4 5 -6 -7 -8
leaf_value=-8.3145237459680192 -21.070135438952658 4.0742634320164202 33.920289958490166 -12.661717268697275 -30.46775317107765 148.62309882798257 -75.285196211028506
leaf_weight=6741 161 5894 4706 51 3802 87 236
leaf_count=6741 161 5894 4706 51 3802 87 236
internal_value=0.132895 14.7752 17.3248 -14.9426 -16.3034 89.0182 -53.2988
internal_weight=21678 10997 10600 10681 10543 138 397
internal_count=21678 10997 10600 10681 10543 138 397
is_linear=0
shrinkage=0.0413828


Tree=28
num_leaves=8
num_cat=0
split_feature=14 9 14 22 29 29 25
split_gain=2.5788e+09 1.32021e+09 9.82215e+08 8.94212e+08 8.73511e+08 8.72061e+08 6.79841e+08
threshold=3.1605767214961111 1005.613379147984 1.7425374246520062 0.0042825161601863938 4.5000000000000009 42.500000000000007 800.12551041935797
decision_type=2 2 2 2 2 2 2
left_child=2 3 4 -2 -1 -3 -4
right_child=1 5 6 -5 -6 -7 -8
leaf_value=81.835685946908711 73.321077922938301 -30.638194658966739 7.444904818233316 -44.268306123585916 -21.825346819919744 20.779933901837726 -19.79955797660535
leaf_weight=142 1112 659 6534 123 7089 3955 2064
leaf_count=142 1112 659 6534 123 7089 3955 2064
internal_value=0.127395 23.6078 -8.54889 61.6097 -19.7897 13.4361 0.904711
internal_weight=21678 5849 15829 1235 7231 4614 8598
internal_count=21678 5849 15829 1235 7231 4614 8598
is_linear=0
shrinkage=0.0413828


Tree=29
num_leaves=8
num_cat=0
split_feature=14 16 22 2 24 41 14
split_gain=2.38276e+09 1.10935e+09 8.12916e+08 7.73483e+08 7.2358e+08 7.89399e+08 2.55517e+08
threshold=2.1039425740799618 244.24404283935996 1.0000000180025095e-35 0.70473638834575514 51.89834230177199 -0.065537083312030994 1.2817849729979869
decision_type=2 2 2 2 2 2 2
left_child=4 3 -3 -2 5 -1 -6
right_child=1 2 -4 -5 6 -7 -8
leaf_value=-23.48455001329107 57.475375389213177 53.131000724611653 -61.992969251718527 5.1840900379561443 -98.554670398283363 0.39007095216973314 -40.539831433599289
leaf_weight=4636 511 1491 113 9317 167 4856 587
leaf_count=4636 511 1491 113 9317 167 4856 587
internal_value=0.122123 13.1109 45.0206 7.90294 -14.3701 -11.2706 -53.3894
internal_weight=21678 11432 1604 9828 10246 9492 754
internal_count=21678 11432 1604 9828 10246 9492 754
is_linear=0
shrinkage=0.0413828


Tree=30
num_leaves=8
num_cat=0
split_feature=14 10 40 14 14 30 1
split_gain=2.25854e+09 1.1847e+09 9.55701e+08 9.15333e+08 8.85141e+08 8.28616e+08 5.2496e+08
threshold=3.1605767214961111 1005.3516255737424 0.99907018497641664 5.9698189833828943 1.495286772218406 0.11635865845311431 0.24422653506319084
decision_type=2 2 2 2 2 2 2
left_child=2 3 4 -2 -1 -3 -4
right_child=1 5 6 -5 -6 -7 -8
leaf_value=-23.791401334110557 43.712137664106393 -30.473912508993742 142.07284227118782 145.9876945643241 -2.5625550478043295 19.663486183248843 17.275816070849586
leaf_weight=4908 1043 658 108 175 10689 3973 124
leaf_count=4908 1043 658 108 175 10689 3973 124
internal_value=0.117069 22.0911 -8.0026 58.407 -9.24276 12.5397 75.3713
internal_weight=21678 5849 15829 1218 15597 4631 232
internal_count=21678 5849 15829 1218 15597 4631 232
is_linear=0
shrinkage=0.0413828


Tree=31
num_leaves=8
num_cat=0
split_feature=13 9 0 29 10 2 37
split_gain=1.76351e+09 1.13303e+09 8.79742e+08 7.67127e+08 7.70355e+08 7.29823e+08 6.7785e+08
threshold=3.4899327494203392 1010.9059216367907 9.662608922941013 34.500000000000007 1026.4811339798905 0.70473638834575514 0.1294095225512602
decision_type=2 2 2 2 2 2 2
left_child=3 2 -2 4 -1 -3 -5
right_child=1 5 -4 6 -6 -7 -8
leaf_value=36.009441670248336 -67.740353848271766 99.804618693142857 57.06245853415308 -17.858704409668089 -31.634354513259403 3.1413421975232012 -0.38170852728510529
leaf_weight=1270 103 140 1588 7595 373 3002 7607
leaf_count=1270 103 140 1588 7595 373 3002 7607
internal_value=0.112225 22.1479 49.4606 -6.21004 20.6527 7.44846 -9.11331
internal_weight=21678 4833 1691 16845 1643 3142 15202
internal_count=21678 4833 1691 16845 1643 3142 15202
is_linear=0
shrinkage=0.0413828


Tree=32
num_leaves=8
num_cat=0
split_feature=14 14 1 0 0 41 1
split_gain=1.99792e+09 1.05418e+09 1.32215e+09 8.51177e+08 7.41848e+08 1.41879e+09 9.66907e+07
threshold=1.9063596413182793 4.4609227687488628 0.31102062593850105 10.236078030948967 14.918216744876958 -0.99938741687870725 0.19461756167377894
decision_type=2 2 2 2 2 2 2
left_child=4 3 -3 -2 5 -1 -6
right_child=1 2 -4 -5 6 -7 -8
leaf_value=211.65145882130872 32.118610191559632 43.752146850426875 -77.016586167449205 -0.21215464622191035 -44.38005029092691 -13.996649853128513 -85.593582150288412
leaf_weight=48 1648 2205 167 9067 159 8132 252
leaf_count=48 1648 2205 167 9067 159 8132 252
internal_value=0.107581 10.2865 35.2494 4.76042 -15.3984 -12.6725 -69.6498
internal_weight=21678 13087 2372 10715 8591 8180 411
internal_count=21678 13087 2372 10715 8591 8180 411
is_linear=0
shrinkage=0.0413828


Tree=33
num_leaves=7
num_cat=0
split_feature=14 40 30 0 40 30
split_gain=1.84766e+09 1.15665e+09 1.0951e+09 1.08534e+09 8.36308e+08 7.72245e+08
threshold=1.7947164865851239 0.21862473630160603 0.88569472963723495 10.236078030948967 0.99983759474438971 0.012320328542094456
decision_type=2 2 2 2 2 2
left_child=4 2 -2 -3 5 -1
right_child=1 3 -4 -5 -6 -7
leaf_value=75.181253070049223 -9.9428995952166801 62.591060343976785 40.599614047692896 14.350036297111396 182.76287209467608 -19.038480281132511
leaf_weight=152 5778 911 841 6478 36 7482
leaf_count=152 5778 911 841 6478 36 7482
internal_value=0.103129 9.043 -3.52104 20.2977 -16.2241 -17.1625
internal_weight=21678 14008 6619 7389 7670 7634
internal_count=21678 14008 6619 7389 7670 7634
is_linear=0
shrinkage=0.0413828


Tree=34
num_leaves=8
num_cat=1
split_feature=14 9 28 30 37 11 41
split_gain=1.75291e+09 9.11507e+08 1.01894e+09 7.86978e+08 7.41935e+08 5.96263e+08 3.81171e+08
threshold=2.5717996460873578 1005.613379147984 0 0.88569472963723495 -0.12940952255126037 85.302864317835926 -0.065537083312030994
decision_type=2 2 1 2 2 2 2
left_child=4 2 -2 -3 6 -6 -1
right_child=1 3 -4 -5 5 -7 -8
leaf_value=-32.494175066321901 -18.489812279602084 4.9853612576882416 57.905548150807832 77.077715996126372 5.2225947243091486 -22.233743463807464 -10.61321158628482
leaf_weight=2608 382 6551 1360 270 5891 1759 2857
leaf_count=2608 382 6551 1360 270 5891 1759 2857
internal_value=0.0988623 14.6622 41.3792 7.83905 -9.40981 -1.09057 -21.0552
internal_weight=21678 8563 1742 6821 13115 7650 5465
internal_count=21678 8563 1742 6821 13115 7650 5465
cat_boundaries=0 1
cat_threshold=1360
is_linear=0
shrinkage=0.0413828


Tree=35
num_leaves=8
num_cat=0
split_feature=14 0 0 0 14 24 51
split_gain=1.64813e+09 1.25445e+09 2.74139e+09 2.19295e+09 9.49378e+08 7.43967e+08 6.75929e+08
threshold=4.4092565770959249 10.610372835933651 11.392509279963924 10.165654931285504 1.7425374246520062 54.032855099678628 1.0000000180025095e-35
decision_type=2 2 2 2 2 2 2
left_child=4 3 -3 -2 5 -1 -6
right_child=1 2 -4 -5 6 -7 -8
leaf_value=-12.476325213272901 52.510032673245249 157.3403793475816 25.612125332916563 -91.344216253766518 -4.6665321392513066 -68.421344861972756 15.495115127064087
leaf_weight=6798 396 336 1389 335 7337 433 4654
leaf_count=6798 396 336 1389 335 7337 433 4654
internal_value=0.0955236 32.0177 51.2706 -13.415 -3.98318 -15.8264 3.1587
internal_weight=21678 2456 1725 731 19222 7231 11991
internal_count=21678 2456 1725 731 19222 7231 11991
is_linear=0
shrinkage=0.0413828


Tree=36
num_leaves=8
num_cat=0
split_feature=14 16 22 40 25 16 38
split_gain=1.48705e+09 1.03536e+09 9.49839e+08 8.35139e+08 8.23928e+08 6.65628e+08 6.15351e+08
threshold=3.0002700301028118 244.24404283935996 1.0000000180025095e-35 0.99552231814189451 246.11488805267595 83.546563033923164 0.6078576107927941
decision_type=2 2 2 2 2 2 2
left_child=3 5 -3 4 -1 -2 -5
right_child=1 2 -4 6 -6 -7 -8
leaf_value=-0.28963809964174075 66.868208471913903 66.708472910792352 -62.715184999284972 77.744486197708724 -20.00401866955448 5.4081310708027743 -24.196675745268472
leaf_weight=8243 321 963 108 332 6488 5039 146
leaf_count=8243 321 963 108 332 6488 5039 146
internal_value=-0.171521 16.5112 53.6573 -7.22566 -8.97248 9.08887 46.6077
internal_weight=21640 6431 1071 15209 14731 5360 478
internal_count=21640 6431 1071 15209 14731 5360 478
is_linear=0
shrinkage=0.0413828


Tree=37
num_leaves=8
num_cat=0
split_feature=29 0 0 29 13 13 10
split_gain=1.39943e+09 1.36684e+09 1.30367e+09 7.64222e+08 8.8359e+08 4.90385e+08 4.49023e+08
threshold=94.500000000000014 12.255394788745496 11.392509279963924 102.50000000000001 1.7867036330026982 2.9723864251144598 1023.3705833318131
decision_type=2 2 2 2 2 2 2
left_child=1 2 -1 5 -5 -2 -3
right_child=3 6 -4 4 -6 -7 -8
leaf_value=20.725391733914623 -25.238125617198452 83.804320512563692 -26.694330457075978 -17.95358987340671 2.7701045184866691 -108.42173965358531 6.2124334925104243
leaf_weight=4053 327 618 1315 5672 9301 193 161
leaf_count=4053 327 618 1315 5672 9301 193 161
internal_value=-0.164423 16.5428 9.10897 -6.79316 -5.08035 -56.1122 67.768
internal_weight=21640 6147 5368 15493 14973 520 779
internal_count=21640 6147 5368 15493 14973 520 779
is_linear=0
shrinkage=0.0413828


Tree=38
num_leaves=8
num_cat=2
split_feature=17 28 0 9 0 0 28
split_gain=1.36312e+09 1.19017e+09 1.49287e+09 7.77068e+08 5.68707e+08 1.95123e+09 4.76123e+08
threshold=1.0000000180025095e-35 0 14.886690304456389 999.35539712294224 14.241601499568004 13.876859706414601 1
decision_type=2 1 2 2 2 2 1
left_child=4 2 -2 -3 5 -1 -6
right_child=1 3 -4 -5 6 -7 -8
leaf_value=-9.0522869100637156 24.774473001349005 -44.86916260178527 194.20787390766873 4.9736481159998798 0.65449384807609179 52.512336135014344 -32.336823697503732
leaf_weight=9118 4168 648 91 3090 1083 976 2466
leaf_count=9118 4168 648 91 3090 1083 976 2466
internal_value=-0.157618 13.4083 28.3282 -3.65707 -8.10946 -3.09953 -22.3586
internal_weight=21640 7997 4259 3738 13643 10094 3549
internal_count=21640 7997 4259 3738 13643 10094 3549
cat_boundaries=0 1 2
cat_threshold=4270 64
is_linear=0
shrinkage=0.0413828


Tree=39
num_leaves=7
num_cat=0
split_feature=17 29 21 40 1 10
split_gain=1.25275e+09 8.39506e+08 8.7997e+08 8.17585e+08 7.79924e+08 5.58813e+08
threshold=1.0000000180025095e-35 94.500000000000014 1.0000000180025095e-35 0.99983759474438971 0.20501011229713353 1028.8576297373149
decision_type=2 2 2 2 2 2
left_child=3 2 -2 5 -3 -1
right_child=1 4 -4 -5 -6 -7
leaf_value=-5.9423629867553531 36.968063390267744 27.273142020559966 -52.389638142354002 145.9400625561839 -7.8978376125150742 -36.621176313911533
leaf_weight=12477 2685 1550 203 59 3559 1107
leaf_count=12477 2685 1550 203 59 3559 1107
internal_value=-0.151701 12.8535 30.687 -7.77482 2.77255 -8.44247
internal_weight=21640 7997 2888 13643 5109 13584
internal_count=21640 7997 2888 13643 5109 13584
is_linear=0
shrinkage=0.0413828


Tree=40
num_leaves=8
num_cat=0
split_feature=14 1 0 40 38 40 0
split_gain=1.27549e+09 1.05753e+09 1.80316e+09 8.36363e+08 9.68495e+08 8.60198e+08 3.76839e+08
threshold=4.3164649876999865 0.31102062593850105 10.165654931285504 0.99374995976406788 0.6078576107927941 0.91248814248966237 9.506362547973648
decision_type=2 2 2 2 2 2 2
left_child=3 2 -2 5 -5 -1 -3
right_child=1 6 -4 4 -6 -7 -8
leaf_value=-2.522679224557816 140.11712601749662 10.331558217963661 21.822010231340858 67.902034807979106 -35.963634526038696 -31.449389722251691 -122.81998507268045
leaf_weight=16279 245 56 2222 546 214 1974 104
leaf_count=16279 245 56 2222 546 214 1974 104
internal_value=-0.145423 26.8833 33.5701 -3.87995 38.6556 -5.65101 -76.2172
internal_weight=21640 2627 2467 19013 760 18253 160
internal_count=21640 2627 2467 19013 760 18253 160
is_linear=0
shrinkage=0.0413828


Tree=41
num_leaves=8
num_cat=1
split_feature=14 16 22 40 10 28 2
split_gain=1.21254e+09 8.51664e+08 7.78999e+08 6.86692e+08 6.42202e+08 1.07443e+09 1.83223e+08
threshold=2.164268619915148 244.24404283935996 1.0000000180025095e-35 -0.97509794945709805 1026.7563618195034 0 0.69938919975787772
decision_type=2 2 2 2 2 1 2
left_child=4 3 -3 -2 5 -1 -6
right_child=1 2 -4 -5 6 -7 -8
leaf_value=30.103099390742738 -51.309748678677614 46.175866378687878 -64.852725247266505 7.0465915064623097 -15.712323253280193 -11.634300887571548 -47.760652274782196
leaf_weight=1205 359 1442 117 9064 466 8100 887
leaf_count=1205 359 1442 117 9064 466 8100 887
internal_value=-0.139405 9.51082 37.8433 4.82331 -10.083 -6.20945 -36.7226
internal_weight=21640 10982 1559 9423 10658 9305 1353
internal_count=21640 10982 1559 9423 10658 9305 1353
cat_boundaries=0 1
cat_threshold=4098
is_linear=0
shrinkage=0.0413828


Tree=42
num_leaves=8
num_cat=1
split_feature=14 18 24 15 30 31 14
split_gain=1.13907e+09 9.25745e+08 6.70488e+08 6.29508e+08 5.69392e+08 5.43183e+08 1.343e+08
threshold=1.7425374246520062 0.013683625304783861 54.032855099678628 242.94265442855848 0.012320328542094456 0 1.2817849729979869
decision_type=2 2 2 2 2 1 2
left_child=2 5 4 -3 -1 -2 -4
right_child=1 3 6 -5 -6 -7 -8
leaf_value=73.162735746616534 23.145958168479115 11.239695656261389 -97.427661623974629 42.204916307423844 -12.069033013572112 -7.6766743027778466 -47.851743432821046
leaf_weight=137 1139 5233 135 1432 6636 6623 305
leaf_count=137 1139 5233 135 1432 6636 6623 305
internal_value=-0.133283 6.58003 -13.5608 17.8927 -10.345 -3.13381 -63.0627
internal_weight=21640 14427 7213 6665 6773 7762 440
internal_count=21640 14427 7213 6665 6773 7762 440
cat_boundaries=0 1
cat_threshold=2
is_linear=0
shrinkage=0.0413828


Tree=43
num_leaves=8
num_cat=0
split_feature=40 40 0 14 40 10 24
split_gain=1.09372e+09 1.11891e+09 1.06434e+09 9.02143e+08 7.42447e+08 4.10757e+08 3.07138e+08
threshold=0.20180702842483325 0.099822040462190967 9.7639537887404124 3.8434436242441028 -0.074117382312902977 1010.7409322720142 40.490411476531087
decision_type=2 2 2 2 2 2 2
left_child=1 4 5 -4 -1 -2 -3
right_child=2 6 3 -5 -6 -7 -8
leaf_value=-9.5027837925562952 14.229451070205439 -46.092040554838476 0.097176324694759258 30.143027199762429 25.049366120902643 98.743561163698473 -119.56969769560109
leaf_weight=9226 145 670 7780 2194 1204 307 114
leaf_count=9226 145 670 7780 2194 1204 307 114
internal_value=-0.127472 -9.09809 9.52115 6.70642 -5.51421 71.6318 -56.7764
internal_weight=21640 11214 10426 9974 10430 452 784
internal_count=21640 11214 10426 9974 10430 452 784
is_linear=0
shrinkage=0.0413828


Tree=44
num_leaves=8
num_cat=0
split_feature=29 29 9 29 13 13 9
split_gain=1.01321e+09 1.1915e+09 1.1775e+09 7.19545e+08 7.85767e+08 4.74308e+08 4.3408e+08
threshold=94.500000000000014 82.500000000000014 1005.613379147984 102.50000000000001 6.2583613880529221 2.9723864251144598 1023.930567970876
decision_type=2 2 2 2 2 2 2
left_child=1 2 -1 5 -5 -2 -3
right_child=3 6 -4 4 -6 -7 -8
leaf_value=37.934989608040659 -23.254520039640386 77.130529077058867 -5.0506209178177395 -5.1012533299020841 85.708011855512808 -105.06319281944045 -0.81982734086590037
leaf_weight=1524 327 627 3844 14808 165 193 152
leaf_count=1524 327 627 3844 14808 165 193 152
internal_value=-0.122197 14.0938 7.1532 -5.76254 -4.10054 -53.6183 61.9207
internal_weight=21640 6147 5368 15493 14973 520 779
internal_count=21640 6147 5368 15493 14973 520 779
is_linear=0
shrinkage=0.0413828


Tree=45
num_leaves=8
num_cat=0
split_feature=14 9 1 21 0 2 1
split_gain=1.02723e+09 6.47828e+08 7.50442e+08 7.05057e+08 5.94125e+08 1.21193e+09 1.66958e+08
threshold=2.0601963765573901 1011.5861088988664 0.30940308462601379 0.0050295676607462923 14.918216744876958 0.81850586443825935 0.19461756167377894
decision_type=2 2 2 2 2 2 2
left_child=4 3 -3 -2 5 -1 -6
right_child=1 2 -4 -5 6 -7 -8
leaf_value=-8.7663589257841412 27.065413377902519 -1.3150128422308405 52.978750623807315 -60.049791194599997 -25.707204391853583 197.57683228636731 -75.359067210961328
leaf_weight=9363 3364 7738 462 167 197 49 282
leaf_count=9363 3364 7738 462 167 197 49 282
internal_value=-0.156936 8.12551 1.74398 22.9453 -9.98015 -7.69209 -54.9387
internal_weight=21622 11731 8200 3531 9891 9412 479
internal_count=21622 11731 8200 3531 9891 9412 479
is_linear=0
shrinkage=0.0413828


Tree=46
num_leaves=8
num_cat=2
split_feature=40 29 0 31 31 40 40
split_gain=9.20681e+08 8.90292e+08 2.86949e+09 8.89818e+08 6.41069e+08 2.32414e+08 6.18939e+07
threshold=0.99818282439137029 62.500000000000007 11.014135849340999 0 1 0.99983759474438971 0.99995780822346225
decision_type=2 2 2 1 1 2 2
left_child=1 2 -1 5 -3 -2 -5
right_child=3 4 -4 6 -6 -7 -8
leaf_value=1.672238975495915 82.48836336915079 1.3912026441061149 100.2999458214575 0.78308019803265771 -14.799805578082687 165.57049394233019 -55.533879888708789
leaf_weight=3479 175 9785 591 150 7313 86 43
leaf_count=3479 175 9785 591 150 7313 86 43
internal_value=-0.150442 -1.40103 15.9939 58.159 -5.54171 105.811 -11.1849
internal_weight=21622 21168 4070 454 17098 261 193
internal_count=21622 21168 4070 454 17098 261 193
cat_boundaries=0 1 2
cat_threshold=89 102
is_linear=0
shrinkage=0.0413828


Tree=47
num_leaves=8
num_cat=1
split_feature=40 0 40 29 40 44 31
split_gain=8.67492e+08 1.21845e+09 9.68687e+08 7.15314e+08 6.94902e+08 4.54237e+08 2.83676e+08
threshold=0.21862473630160603 9.7639537887404124 0.099822040462190967 186.50000000000003 0.99818282439137029 0.52605993606604307 0
decision_type=2 2 2 2 2 2 1
left_child=2 6 3 -1 -3 -4 -2
right_child=1 4 5 -5 -6 -7 -8
leaf_value=28.956208653656716 123.25866607559055 3.3310167530178023 -88.442756335967829 -7.9438795346701587 55.752188109896629 -27.333784130673209 44.857006987587631
leaf_weight=994 155 9390 322 9480 454 590 237
leaf_count=994 155 9390 322 9480 454 590 237
internal_value=-0.144472 8.59782 -8.00378 -4.442 5.74866 -48.9096 80.1466
internal_weight=21622 10236 11386 10474 9844 912 392
internal_count=21622 10236 11386 10474 9844 912 392
cat_boundaries=0 1
cat_threshold=19
is_linear=0
shrinkage=0.0413828


Tree=48
num_leaves=8
num_cat=1
split_feature=51 40 40 9 41 31 12
split_gain=8.40756e+08 6.98364e+08 6.36669e+08 5.90065e+08 5.68049e+08 3.53161e+08 9.3245e+07
threshold=1.0000000180025095e-35 0.99983759474438971 -0.63921128368950708 975.56241545827277 -0.97874870457683594 0 63.724962788929723
decision_type=2 2 2 2 2 1 2
left_child=1 4 5 -4 -1 -2 -3
right_child=2 6 3 -5 -6 -7 -8
leaf_value=-35.960252429006609 17.374629554355025 174.32709353283303 110.77354582207803 14.922770389307694 -4.4689521198549622 -25.65185136825939 75.765977051858414
leaf_weight=1063 458 35 112 6123 12708 1092 31
leaf_count=1063 458 35 112 6123 12708 1092 31
internal_value=-0.135276 -6.25618 10.744 16.6446 -6.89981 -12.9916 128.035
internal_weight=21622 13837 7785 6235 13771 1550 66
internal_count=21622 13837 7785 6235 13771 1550 66
cat_boundaries=0 1
cat_threshold=34
is_linear=0
shrinkage=0.0413828


Tree=49
num_leaves=8
num_cat=0
split_feature=14 29 1 2 25 12 29
split_gain=9.07678e+08 6.11904e+08 1.10235e+09 7.5342e+08 5.484e+08 4.72491e+08 2.60948e+08
threshold=2.0601963765573901 323.50000000000006 0.29125895170974542 0.71235220749048322 33.345017727174785 83.509320262829647 100.50000000000001
decision_type=2 2 2 2 2 2 2
left_child=4 3 -3 -2 5 -1 -6
right_child=1 2 -4 -5 6 -7 -8
leaf_value=6.798786001330436 -39.573518739032018 203.0315619659076 27.964729863944363 8.0624736592919692 -2.1408608593644747 -19.806449728470767 -26.149206377409875
leaf_weight=3991 601 70 513 10547 1015 1602 3283
leaf_count=3991 601 70 513 10547 1015 1602 3283
internal_value=-0.129835 7.65574 48.9851 5.49437 -9.36375 -0.82174 -20.4795
internal_weight=21622 11731 583 11148 9891 5593 4298
internal_count=21622 11731 583 11148 9891 5593 4298
is_linear=0
shrinkage=0.0413828


Tree=50
num_leaves=8
num_cat=1
split_feature=14 1 28 0 0 2 20
split_gain=8.81511e+08 1.34464e+09 1.58507e+09 1.49571e+09 6.84423e+08 1.44705e+09 5.53034e+08
threshold=4.9145006190131708 0.29403088672726913 0 10.306570918752319 14.918216744876958 0.81838345871477747 0.0011553238322612382
decision_type=2 2 1 2 2 2 2
left_child=4 2 -2 -3 5 -1 -6
right_child=1 3 -4 -5 6 -7 -8
leaf_value=-1.7249619730532399 121.96268545865098 19.132713536714714 18.61362097038695 -134.78014733162638 -39.78334935950916 113.36456978830439 67.818116455493069
leaf_weight=18513 377 363 777 154 1161 189 88
leaf_count=18513 377 363 777 154 1161 189 88
internal_value=-0.124462 28.7478 53.5949 -26.7138 -2.54266 -0.561876 -32.2021
internal_weight=21622 1671 1154 517 19951 18702 1249
internal_count=21622 1671 1154 517 19951 18702 1249
cat_boundaries=0 1
cat_threshold=580
is_linear=0
shrinkage=0.0413828


Tree=51
num_leaves=8
num_cat=0
split_feature=14 1 1 0 0 2 20
split_gain=8.16409e+08 1.21206e+09 1.4987e+09 1.42423e+09 6.33493e+08 1.36462e+09 4.91098e+08
threshold=4.7241117268179602 0.29403088672726913 0.27880887182719 10.306570918752319 14.918216744876958 0.81838345871477747 0.0011553238322612382
decision_type=2 2 2 2 2 2 2
left_child=4 2 -2 -3 5 -1 -6
right_child=1 3 -4 -5 6 -7 -8
leaf_value=-1.8508087753675933 23.107469090182409 16.574844848808862 126.58430655722134 -129.1860684404005 -38.418208047740826 110.21378365454859 64.662507387269798
leaf_weight=18276 1057 394 310 162 1150 188 85
leaf_count=18276 1057 394 310 162 1150 188 85
internal_value=-0.116621 25.6204 46.5734 -25.8952 -2.62905 -0.709764 -31.3235
internal_weight=21622 1923 1367 556 19699 18464 1235
internal_count=21622 1923 1367 556 19699 18464 1235
is_linear=0
shrinkage=0.0413828


Tree=52
num_leaves=8
num_cat=1
split_feature=14 40 1 24 28 44 14
split_gain=7.96912e+08 6.94833e+08 5.94385e+08 5.35431e+08 5.96299e+08 3.92346e+08 1.69637e+08
threshold=2.0601963765573901 -0.97509794945709805 0.23978465700544571 54.032855099678628 0 0.88922368301820442 1.2817849729979869
decision_type=2 2 2 2 1 2 2
left_child=3 5 -3 4 -1 -2 -5
right_child=1 2 -4 6 -6 -7 -8
leaf_value=10.972524983414697 -53.97054255734561 0.67993523749546769 19.797971610569469 -87.093594846060796 -12.645370285367505 81.58231609136368 -34.608810553512775
leaf_weight=2500 426 6226 5039 135 6774 40 482
leaf_count=2500 426 6226 5039 135 6774 40 482
internal_value=-0.111794 7.18329 9.23171 -8.76396 -6.28048 -42.335 -46.0926
internal_weight=21622 11731 11265 9891 9274 466 617
internal_count=21622 11731 11265 9891 9274 466 617
cat_boundaries=0 1
cat_threshold=1034
is_linear=0
shrinkage=0.0413828


Tree=53
num_leaves=8
num_cat=1
split_feature=17 28 0 9 40 37 9
split_gain=7.47409e+08 7.23063e+08 1.31051e+09 7.02226e+08 5.93888e+08 5.76861e+08 9.2038e+07
threshold=1.0000000180025095e-35 0 14.87092219379783 999.35539712294224 0.99983759474438971 0.37940952255126048 1019.3086130057663
decision_type=2 1 2 2 2 2 2
left_child=4 2 -2 -3 5 -1 -6
right_child=1 3 -4 -5 6 -7 -8
leaf_value=-13.129303094271512 18.010955533320633 -42.203150942989346 163.39777508704105 4.991698012828234 69.975702164977491 4.4735228474345003 170.02899025232506
leaf_weight=8533 4099 655 109 3073 31 5090 32
leaf_count=8533 4099 655 109 3073 31 5090 32
internal_value=-0.1072 9.9967 21.7253 -3.2915 -5.96608 -6.55231 120.798
internal_weight=21622 7936 4208 3728 13686 13623 63
internal_count=21622 7936 4208 3728 13686 13623 63
cat_boundaries=0 1
cat_threshold=4270
is_linear=0
shrinkage=0.0413828


Tree=54
num_leaves=8
num_cat=1
split_feature=14 1 28 0 37 11 40
split_gain=7.39494e+08 1.27463e+09 1.42562e+09 1.26776e+09 7.29188e+08 5.95969e+08 4.2916e+08
threshold=4.9145006190131708 0.29403088672726913 0 10.306570918752319 -0.12940952255126037 83.257102925655929 0.99374995976406788
decision_type=2 2 1 2 2 2 2
left_child=4 2 -2 -3 6 -6 -1
right_child=1 3 -4 -5 5 -7 -8
leaf_value=-13.019590338718819 114.66640304999959 13.742907583751053 17.216453682204765 -126.57982401070943 10.010940913712187 -12.752974182583053 34.250703505768755
leaf_weight=8596 382 382 783 155 8441 2569 342
leaf_count=8596 382 382 783 155 8441 2569 342
internal_value=-0.195421 25.9881 50.3021 -26.7601 -2.42945 4.69936 -11.2109
internal_weight=21650 1702 1165 537 19948 11010 8938
internal_count=21650 1702 1165 537 19948 11010 8938
cat_boundaries=0 1
cat_threshold=580
is_linear=0
shrinkage=0.0413828


Tree=55
num_leaves=8
num_cat=0
split_feature=14 29 40 1 29 24 39
split_gain=7.09157e+08 7.2453e+08 6.28068e+08 9.28022e+08 7.7756e+08 4.39875e+08 2.40603e+08
threshold=1.495286772218406 4.5000000000000009 0.21862473630160603 0.30940308462601379 323.50000000000006 54.032855099678628 1.0000000180025095e-35
decision_type=2 2 2 2 2 2 2
left_child=1 6 4 -4 -2 -3 -1
right_child=2 5 3 -5 -6 -7 -8
leaf_value=161.67000565132267 -9.4157310411094386 -13.1836739177394 8.9513087686846653 76.595809907807975 26.624697829152883 -67.065531433387378 36.416509647424235
leaf_weight=48 7071 4594 8042 363 1199 275 58
leaf_count=48 7071 4594 8042 363 1199 275 58
internal_value=-0.184813 -13.8968 3.90616 11.8728 -4.19052 -16.2269 93.1361
internal_weight=21650 4975 16675 8405 8270 4869 106
internal_count=21650 4975 16675 8405 8270 4869 106
is_linear=0
shrinkage=0.0413828


Tree=56
num_leaves=8
num_cat=0
split_feature=14 29 41 29 37 11 51
split_gain=6.67394e+08 9.71365e+08 9.78668e+08 6.79824e+08 6.73632e+08 5.45565e+08 3.50359e+08
threshold=4.9145006190131708 42.500000000000007 0.81800285027139297 62.500000000000007 -0.12940952255126037 83.257102925655929 1.0000000180025095e-35
decision_type=2 2 2 2 2 2 2
left_child=4 2 -2 -3 6 -6 -1
right_child=1 3 -4 -5 5 -7 -8
leaf_value=-16.516733954113683 -122.09843028498315 100.98784645591613 10.411917924722086 27.581848708426289 9.6343721259883406 -12.145649209943791 0.88040886745242097
leaf_weight=5970 129 282 367 924 8441 2569 2968
leaf_count=5970 129 282 367 924 8441 2569 2968
internal_value=-0.177164 24.6972 -24.0516 44.7465 -2.29949 4.55237 -10.7397
internal_weight=21650 1702 496 1206 19948 11010 8938
internal_count=21650 1702 496 1206 19948 11010 8938
is_linear=0
shrinkage=0.0413828


Tree=57
num_leaves=8
num_cat=1
split_feature=14 30 1 24 28 44 38
split_gain=6.42896e+08 5.22583e+08 1.03968e+09 4.96239e+08 5.04891e+08 3.30794e+08 1.42996e+08
threshold=1.7947164865851239 0.034223134839151272 0.30940308462601379 50.907914426550768 0 0.43807022208212731 0.6078576107927941
decision_type=2 2 2 2 1 2 2
left_child=3 5 -3 4 -1 -2 -5
right_child=1 2 -4 6 -6 -7 -8
leaf_value=16.435571852105873 -70.714567248120417 4.2633079084686232 66.648153284705529 -33.213489504133136 -11.984376333458069 12.011454631687393 -78.017309505606988
leaf_weight=1306 249 13134 474 432 5761 124 170
leaf_count=1306 249 13134 474 432 5761 124 170
internal_value=-0.169833 5.11172 6.43633 -9.79839 -6.726 -43.2132 -45.8658
internal_weight=21650 13981 13608 7669 7067 373 602
internal_count=21650 13981 13608 7669 7067 373 602
cat_boundaries=0 1
cat_threshold=1026
is_linear=0
shrinkage=0.0413828


Tree=58
num_leaves=8
num_cat=2
split_feature=40 31 18 40 31 12 39
split_gain=6.48805e+08 7.02057e+08 6.65626e+08 7.91005e+08 6.62973e+08 3.04229e+08 2.88255e+08
threshold=0.99700008544936913 0 0.10928811342191423 0.88621069759564464 1 66.268165586695801 0.81174490092936691
decision_type=2 1 2 2 1 2 2
left_child=2 5 3 -1 -4 -2 -3
right_child=1 6 4 -5 -6 -7 -8
leaf_value=-1.0992569075602414 141.39420893213108 -17.767208796054437 31.616054283443095 -26.861166840416786 -5.991318306409064 44.731615475458831 69.010548160231536
leaf_weight=15441 135 257 1893 2352 1389 95 88
leaf_count=15441 135 257 1893 2352 1389 95 88
internal_value=-0.16272 43.2081 -1.34603 -4.50464 15.778 97.2409 4.24451
internal_weight=21650 575 21075 17793 3282 230 345
internal_count=21650 575 21075 17793 3282 230 345
cat_boundaries=0 1 2
cat_threshold=88 116
is_linear=0
shrinkage=0.0413828


Tree=59
num_leaves=8
num_cat=1
split_feature=14 0 0 28 25 11 2
split_gain=6.03812e+08 1.30196e+09 1.31632e+09 9.34945e+08 5.95635e+08 5.02605e+08 3.49091e+08
threshold=5.1935992971591194 10.610372835933651 10.165654931285504 0 246.11488805267595 88.431029427025791 0.81863794884685326
decision_type=2 2 2 1 2 2 2
left_child=4 2 -2 -3 5 -1 -6
right_child=1 3 -4 -5 6 -7 -8
leaf_value=8.277707230070833 37.258436423985074 113.04721536110627 -95.38751680296437 22.611079544855659 -8.1373330736932719 -17.911217394445757 -56.574660987427286
leaf_weight=9289 271 317 243 531 9286 1451 262
leaf_count=9289 271 317 243 531 9286 1451 262
internal_value=-0.155496 26.5176 -25.4517 58.0178 -1.94615 4.73952 -9.46647
internal_weight=21650 1362 514 848 20288 10740 9548
internal_count=21650 1362 514 848 20288 10740 9548
cat_boundaries=0 1
cat_threshold=580
is_linear=0
shrinkage=0.0413828


Tree=60
num_leaves=8
num_cat=3
split_feature=40 31 17 28 28 12 39
split_gain=5.95529e+08 6.43345e+08 5.94721e+08 1.10592e+09 6.81107e+08 2.80747e+08 2.64817e+08
threshold=0.99700008544936913 0 0.14790635580332698 1 2 66.268165586695801 0.81174490092936691
decision_type=2 1 2 1 1 2 2
left_child=2 5 4 -4 -1 -2 -3
right_child=1 6 3 -5 -6 -7 -8
leaf_value=-20.926982190269459 135.53265054661773 -16.992605520368514 60.880015657935125 0.47043794483308543 -0.17749306734908521 42.675461281446871 66.182336802981141
leaf_weight=3287 135 257 710 1870 15208 95 88
leaf_count=3287 135 257 710 1870 15208 95 88
internal_value=-0.146468 41.4056 -1.28016 17.3326 -3.87658 93.1298 4.1042
internal_weight=21650 575 21075 2580 18495 230 345
internal_count=21650 575 21075 2580 18495 230 345
cat_boundaries=0 1 2 3
cat_threshold=88 4230 144
is_linear=0
shrinkage=0.0413828


Tree=61
num_leaves=8
num_cat=1
split_feature=40 40 40 40 28 40 0
split_gain=5.89572e+08 4.98516e+09 2.01624e+09 8.81029e+08 5.81131e+08 2.26449e+09 8.9601e+08
threshold=0.81925054981890411 0.8697513045430848 0.86113431103781346 0.99374995976406788 0 0.4450565456874816 10.610372835933651
decision_type=2 2 2 2 1 2 2
left_child=4 2 -2 -3 5 -1 -6
right_child=1 3 -4 -5 6 -7 -8
leaf_value=-1.7089788220225626 80.274003816708301 -15.600447530087187 259.30063658661004 32.377655099122506 -53.128953867074308 83.537130845371877 -6.8826736964221409
leaf_weight=7422 586 3089 132 832 786 575 8228
leaf_count=7422 586 3089 132 832 786 575 8228
internal_value=-0.139637 12.9375 113.187 -5.41993 -3.70585 4.41487 -10.9032
internal_weight=21650 4639 718 3921 17011 7997 9014
internal_count=21650 4639 718 3921 17011 7997 9014
cat_boundaries=0 1
cat_threshold=7234
is_linear=0
shrinkage=0.0413828


Tree=62
num_leaves=8
num_cat=0
split_feature=14 29 18 44 0 41 39
split_gain=5.87922e+08 6.53121e+08 4.78948e+08 6.41285e+08 4.55024e+08 4.07226e+08 2.21732e+08
threshold=1.495286772218406 4.5000000000000009 0.013683625304783861 0.92226243307315758 14.241601499568004 -0.99938741687870725 1.0000000180025095e-35
decision_type=2 2 2 2 2 2 2
left_child=1 6 4 -4 -2 -3 -1
right_child=2 5 3 -5 -6 -7 -8
leaf_value=154.79400525225276 3.0620073110360702 103.86572525940959 8.3271300743833621 58.741530559460408 -17.303576366775598 -16.037882274493963 34.552886236034823
leaf_weight=48 6713 49 6892 461 2609 4820 58
leaf_count=48 6713 49 6892 461 2609 4820 58
internal_value=-0.133858 -12.6188 3.59105 11.4879 -2.63782 -14.8312 89.0026
internal_weight=21650 4975 16675 7353 9322 4869 106
internal_count=21650 4975 16675 7353 9322 4869 106
is_linear=0
shrinkage=0.0413828


Tree=63
num_leaves=8
num_cat=0
split_feature=40 40 18 40 23 38 38
split_gain=6.49802e+08 8.43551e+08 7.48612e+08 8.12324e+08 6.26927e+08 5.32173e+08 4.81781e+08
threshold=-0.66528616069191604 -0.77245553105869302 0.15502516177133371 -0.51297808981038739 4.8043048355998925 -1.0000000180025095e-35 0.87837969732492682
decision_type=2 2 2 2 2 2 2
left_child=1 4 3 -2 -1 -4 -3
right_child=2 6 5 -5 -6 -7 -8
leaf_value=34.626096252949417 35.48544366507862 -34.807530684988429 48.897982612853617 -2.0120085379452965 -11.167419047408515 7.6549517304037042 -114.98328865830153
leaf_weight=599 1069 825 1007 13285 3524 1145 152
leaf_count=599 1069 825 1007 13285 3524 1145 152
internal_value=0.203783 -12.7072 4.193 0.78058 -4.51441 26.9541 -47.2812
internal_weight=21606 5100 16506 14354 4123 2152 977
internal_count=21606 5100 16506 14354 4123 2152 977
is_linear=0
shrinkage=0.0413828


Tree=64
num_leaves=8
num_cat=1
split_feature=18 2 1 28 44 1 20
split_gain=5.69531e+08 5.54591e+08 7.50203e+08 4.63485e+08 4.77354e+08 4.20108e+08 2.999e+08
threshold=0.0052119872132086196 0.81594456128095816 0.19598897204287505 0 0.92226243307315758 0.21728014571457374 0.0020205209918685422
decision_type=2 2 2 1 2 2 2
left_child=1 2 -1 5 -5 -2 -3
right_child=3 6 -4 4 -6 -7 -8
leaf_value=55.591548965963341 51.098628796168377 -36.42696409671786 -5.0316449781098687 7.0741764760956416 42.336703914826195 -44.035005939410368 86.53582315512692
leaf_weight=362 95 1151 10185 8579 712 487 35
leaf_count=362 95 1151 10185 8579 712 487 35
internal_value=0.19535 -5.96793 -2.9509 7.51975 9.76595 -28.0247 -32.7981
internal_weight=21606 11733 10547 9873 9291 582 1186
internal_count=21606 11733 10547 9873 9291 582 1186
cat_boundaries=0 1
cat_threshold=256
is_linear=0
shrinkage=0.0413828


Tree=65
num_leaves=8
num_cat=0
split_feature=40 40 10 40 40 40 45
split_gain=5.91812e+08 1.28955e+09 5.86913e+08 5.84225e+08 4.32224e+09 1.14596e+09 1.42342e+08
threshold=0.1849296026015865 0.099822040462190967 1028.8576297373149 0.88220160189607266 0.83376496542330847 0.94138322595482449 0.43807022208212731
decision_type=2 2 2 2 2 2 2
left_child=1 2 -1 4 -2 -5 -3
right_child=3 6 -4 5 -6 -7 -8
leaf_value=0.13201941405757339 3.0817410176580133 -50.884772676435844 -34.307453267248505 -41.57153640411542 110.39577803190947 8.9368489919617726 -94.136913503516467
leaf_weight=9544 6060 479 930 1092 719 2603 179
leaf_count=9544 6060 479 930 1092 719 2603 179
internal_value=0.187266 -6.4562 -2.92591 7.24809 14.4638 -5.99013 -62.6511
internal_weight=21606 11132 10474 10474 6779 3695 658
internal_count=21606 11132 10474 10474 6779 3695 658
is_linear=0
shrinkage=0.0413828


Tree=66
num_leaves=8
num_cat=1
split_feature=40 40 40 1 7 44 31
split_gain=5.81071e+08 7.56773e+08 6.82671e+08 1.10116e+09 7.58955e+08 5.74478e+08 3.73742e+08
threshold=-0.66528616069191604 -0.77245553105869302 -0.51297808981038739 0.21590096914514181 303.20869403146997 0.86316374695216147 0
decision_type=2 2 2 2 2 2 1
left_child=1 5 3 -2 -4 -1 -3
right_child=2 6 4 -5 -6 -7 -8
leaf_value=-10.355635485044328 108.6662670223797 -103.14152726020086 4.4418493544972639 12.935887509508976 -28.261330306501463 34.9377816453013 -32.380981693161644
leaf_weight=3569 264 152 13978 933 1331 554 825
leaf_count=3569 264 152 13978 933 1331 554 825
internal_value=0.179516 -12.0296 3.95187 34.0494 1.59856 -4.26963 -44.777
internal_weight=21606 5100 16506 1197 15309 4123 977
internal_count=21606 5100 16506 1197 15309 4123 977
cat_boundaries=0 1
cat_threshold=4
is_linear=0
shrinkage=0.0413828


Tree=67
num_leaves=8
num_cat=2
split_feature=40 31 14 28 40 30 40
split_gain=5.61914e+08 7.02945e+08 5.49105e+08 5.52891e+08 5.05779e+08 2.42171e+08 3.559e+07
threshold=0.99818282439137029 0 1.7425374246520062 1 -0.97509794945709805 0.24777549623545519 0.99995780822346225
decision_type=2 1 2 1 2 2 2
left_child=2 5 3 -1 -4 -2 -3
right_child=1 6 4 -5 -6 -7 -8
leaf_value=-43.260612911624897 42.493150292631249 -6.5449344604784461 -31.908417333097489 -6.146561658634683 5.6356039325443588 123.01877995090223 -49.096316466089249
leaf_weight=763 107 155 644 6322 13413 159 43
leaf_count=763 107 155 644 6322 13413 159 43
internal_value=0.169491 45.2181 -0.819186 -10.2132 3.91558 87.3436 -15.0271
internal_weight=21606 464 21142 7085 14057 266 198
internal_count=21606 464 21142 7085 14057 266 198
cat_boundaries=0 1 2
cat_threshold=89 20
is_linear=0
shrinkage=0.0413828


Tree=68
num_leaves=8
num_cat=2
split_feature=40 31 18 40 31 0 39
split_gain=5.19443e+08 6.4698e+08 5.38428e+08 6.56146e+08 5.54965e+08 2.23998e+08 2.09869e+08
threshold=0.99700008544936913 0 0.10928811342191423 0.89404822654372251 1 12.599358814455455 0.81174490092936691
decision_type=2 1 2 2 1 2 2
left_child=2 5 3 -1 -4 -2 -3
right_child=1 6 4 -5 -6 -7 -8
leaf_value=-0.75478312502114497 39.735681543365423 -18.025798321731166 29.220333291760429 -24.844285625536074 -5.2480397530324776 121.43357871032363 56.226699470872809
leaf_weight=15539 91 260 1865 2212 1396 156 87
leaf_count=15539 91 260 1865 2212 1396 156 87
internal_value=0.161531 38.3245 -0.917321 -3.75664 14.5383 87.7808 0.574377
internal_weight=21606 594 21012 17751 3261 247 347
internal_count=21606 594 21012 17751 3261 247 347
cat_boundaries=0 1 2
cat_threshold=88 116
is_linear=0
shrinkage=0.0413828


Tree=69
num_leaves=8
num_cat=1
split_feature=40 40 28 29 0 27 38
split_gain=5.20895e+08 7.04265e+08 6.73539e+08 1.00113e+09 8.42587e+08 4.69173e+08 4.12866e+08
threshold=-0.66528616069191604 -0.77245553105869302 0 42.500000000000007 9.6379393104415616 0.229415930495074 0.87837969732492682
decision_type=2 2 1 2 2 2 2
left_child=1 5 4 -4 -2 -1 -3
right_child=2 6 3 -5 -6 -7 -8
leaf_value=26.871951254875281 -12.101573218119192 -31.448096230700855 -48.164161707979169 2.2539581445723638 33.811806486156797 -10.24756726437394 -105.66836442064178
leaf_weight=703 966 825 713 12478 2349 3420 152
leaf_count=703 966 825 713 12478 2349 3420 152
internal_value=0.155306 -11.4043 3.72699 -0.470889 20.3711 -3.91843 -42.9953
internal_weight=21606 5100 16506 13191 3315 4123 977
internal_count=21606 5100 16506 13191 3315 4123 977
cat_boundaries=0 1
cat_threshold=2306
is_linear=0
shrinkage=0.0413828


Tree=70
num_leaves=8
num_cat=1
split_feature=14 1 28 10 43 1 2
split_gain=5.03568e+08 6.88487e+08 8.59181e+08 5.6589e+08 8.68994e+08 3.6731e+08 1.88166e+08
threshold=3.411216419943639 0.31102062593850105 0 1028.8576297373149 0.6830127018922193 0.31162409359230914 0.72500492857896948
decision_type=2 2 1 2 2 2 2
left_child=3 2 -2 4 -1 -3 -5
right_child=1 5 -4 6 -6 -7 -8
leaf_value=-5.8185977726405422 85.010592070647107 -101.74147522725204 10.630425715202222 -38.361977527868895 19.319277472867338 8.7298255325867125 1.8389873727418844
leaf_weight=12589 274 136 4392 985 2897 83 250
leaf_count=12589 274 136 4392 985 2897 83 250
internal_value=0.148879 11.8374 15.2032 -3.26591 -1.116 -59.8735 -30.2241
internal_weight=21606 4885 4666 16721 15486 219 1235
internal_count=21606 4885 4666 16721 15486 219 1235
cat_boundaries=0 1
cat_threshold=2
is_linear=0
shrinkage=0.0413828


Tree=71
num_leaves=8
num_cat=1
split_feature=40 40 40 16 18 28 24
split_gain=5.10674e+08 4.9199e+09 1.41062e+09 7.06073e+08 5.11324e+08 8.30939e+08 7.07415e+08
threshold=0.82899317702918729 0.8697513045430848 0.86113431103781346 83.546563033923164 0.013683625304783861 0 12.951184862683151
decision_type=2 2 2 2 2 1 2
left_child=4 2 -2 -3 5 -1 -6
right_child=1 3 -4 -5 6 -7 -8
leaf_value=-25.535834357554418 90.178375300670936 58.496190015579494 244.78654878542531 -9.1629614820030891 31.026397212544602 -0.78230198024800235 -1.4601893766618341
leaf_weight=3391 454 285 130 3609 1499 7337 4901
leaf_count=3391 454 285 130 3609 1499 7337 4901
internal_value=0.14455 12.5873 124.595 -4.21101 -3.10852 -8.63115 6.14878
internal_weight=21606 4478 584 3894 17128 10728 6400
internal_count=21606 4478 584 3894 17128 10728 6400
cat_boundaries=0 1
cat_threshold=164
is_linear=0
shrinkage=0.0413828


Tree=72
num_leaves=8
num_cat=1
split_feature=14 29 17 28 41 40 27
split_gain=5.12375e+08 6.12163e+08 4.41984e+08 6.01502e+08 3.93647e+08 3.53901e+08 8.08551e+07
threshold=1.495286772218406 4.5000000000000009 0.14468628607948592 0 -0.99938741687870725 0.99700008544936913 0.58325403146096189
decision_type=2 2 2 1 2 2 2
left_child=1 6 5 -4 -3 -2 -1
right_child=2 4 3 -5 -6 -7 -8
leaf_value=118.56356322891905 0.041031175977144958 105.98471414212651 40.26797678721438 0.23712534144615871 -14.359001120236265 39.626952085883218 43.65825259252874
leaf_weight=62 13693 47 1248 1325 4829 398 41
leaf_count=62 13693 47 1248 1325 4829 398 41
internal_value=0.558609 -11.09 4.03907 19.811 -13.199 1.15914 88.7476
internal_weight=21643 4979 16664 2573 4876 14091 103
internal_count=21643 4979 16664 2573 4876 14091 103
cat_boundaries=0 1
cat_threshold=6286
is_linear=0
shrinkage=0.0413828


Tree=73
num_leaves=8
num_cat=1
split_feature=10 30 2 30 28 6 24
split_gain=4.68752e+08 9.17807e+08 1.03244e+09 5.92206e+08 4.50668e+08 2.89991e+08 2.04418e+08
threshold=1028.5533493003743 0.88569472963723495 0.70012165971392115 0.84736481861738544 0 279.254376189715 47.522132549465979
decision_type=2 2 2 2 1 2 2
left_child=1 3 -3 -1 5 -2 -6
right_child=4 2 -4 -5 6 -7 -8
leaf_value=1.3176634214582212 -44.38384060603817 23.381151697587217 142.15821468847736 -44.054662077286615 -25.028442032168794 87.454855803330517 -84.472650996123207
leaf_weight=18660 40 885 146 506 1198 100 108
leaf_count=18660 40 885 146 506 1198 100 108
internal_value=0.536267 2.16584 40.2013 0.11979 -22.2248 46.4675 -29.7167
internal_weight=21643 20197 1031 19166 1446 140 1306
internal_count=21643 20197 1031 19166 1446 140 1306
cat_boundaries=0 1
cat_threshold=4
is_linear=0
shrinkage=0.0413828


Tree=74
num_leaves=8
num_cat=0
split_feature=13 1 10 1 0 0 20
split_gain=4.92773e+08 9.06547e+08 1.13971e+09 8.54235e+08 4.36524e+08 1.30379e+09 3.98869e+08
threshold=5.6344626547993988 0.29403088672726913 997.24061386826759 0.28320442514292038 14.912006068462391 14.886690304456389 0.00077311143662594096
decision_type=2 2 2 2 2 2 2
left_child=4 3 -3 -2 5 -1 -6
right_child=1 2 -4 -5 6 -7 -8
leaf_value=-0.68500794765164275 35.387682464646474 103.81521313612714 -67.425232866409999 157.87912968346578 -31.210982321321524 82.907034389402753 45.913892843504712
leaf_weight=18999 520 89 264 120 1199 325 127
leaf_count=18999 520 89 264 120 1199 325 127
internal_value=0.514075 28.9895 -24.2511 58.355 -0.855229 0.720886 -23.8242
internal_weight=21643 993 353 640 20650 19324 1326
internal_count=21643 993 353 640 20650 19324 1326
is_linear=0
shrinkage=0.0413828


Tree=75
num_leaves=8
num_cat=2
split_feature=13 29 28 40 31 40 29
split_gain=4.52833e+08 6.89773e+08 7.04709e+08 4.28938e+08 7.91754e+08 5.96489e+08 2.60773e+08
threshold=5.6344626547993988 12.500000000000002 0 0.99374995976406788 1 0.91248814248966237 6.5000000000000009
decision_type=2 2 1 2 1 2 2
left_child=3 6 -3 5 -5 -1 -2
right_child=1 2 -4 4 -6 -7 -8
leaf_value=0.53558501909804079 18.185781803557884 6.1427813607299591 80.478689492008584 73.907100151080556 -7.8861554862952969 -22.120144151260345 -120.83473004906629
leaf_weight=17593 35 502 388 355 458 2244 68
leaf_count=17593 35 502 388 355 458 2244 68
internal_value=0.492802 27.7898 39.5232 -0.819837 28.6413 -2.02728 -73.595
internal_weight=21643 993 890 20650 813 19837 103
internal_count=21643 993 890 20650 813 19837 103
cat_boundaries=0 1 2
cat_threshold=1204 88
is_linear=0
shrinkage=0.0413828


Tree=76
num_leaves=8
num_cat=0
split_feature=14 29 17 40 51 40 14
split_gain=4.55512e+08 5.6078e+08 3.91471e+08 4.42026e+08 3.5393e+08 3.19141e+08 6.20463e+07
threshold=1.495286772218406 4.5000000000000009 0.14468628607948592 -0.63921128368950708 0.077737566926842624 -0.99866806308218525 1.3518560027529865
decision_type=2 2 2 2 2 2 2
left_child=1 6 4 -4 -2 -3 -1
right_child=2 5 3 -5 -6 -7 -8
leaf_value=60.488214258228453 3.4864475438211162 87.517975950309818 -21.4967124223033 25.937622295136169 -16.583479655503186 -13.64681372203952 127.05509936367551
leaf_weight=65 12378 54 398 2175 1713 4822 38
leaf_count=65 12378 54 398 2175 1713 4822 38
internal_value=0.475327 -10.5079 3.75698 18.6003 1.04661 -12.5264 85.0479
internal_weight=21643 4979 16664 2573 14091 4876 103
internal_count=21643 4979 16664 2573 14091 4876 103
is_linear=0
shrinkage=0.0413828


Tree=77
num_leaves=8
num_cat=1
split_feature=14 2 2 2 24 41 31
split_gain=4.26973e+08 6.49641e+08 1.08124e+09 5.95082e+08 4.92493e+08 5.40863e+08 1.99445e+08
threshold=2.5717996460873578 0.70473638834575514 0.71235220749048322 0.70012165971392115 50.907914426550768 0.99981043035926087 0
decision_type=2 2 2 2 2 2 1
left_child=4 3 -3 -2 5 -1 -6
right_child=1 2 -4 -5 6 -7 -8
leaf_value=-1.0556230804097371 24.78160763998461 -61.145342700974119 8.7815465454860409 142.76913007171137 16.903776331398941 -98.671685459162603 -37.65909046128143
leaf_weight=11956 215 398 7802 111 129 98 934
leaf_count=11956 215 398 7802 111 129 98 934
internal_value=0.455657 7.66518 5.38753 64.9556 -4.2305 -1.84926 -31.2329
internal_weight=21643 8526 8200 326 13117 12054 1063
internal_count=21643 8526 8200 326 13117 12054 1063
cat_boundaries=0 1
cat_threshold=64
is_linear=0
shrinkage=0.0413828


Tree=78
num_leaves=8
num_cat=0
split_feature=29 0 0 29 14 24 32
split_gain=4.16615e+08 1.8312e+09 7.82894e+08 6.70035e+08 8.24508e+08 7.52041e+08 6.28869e+08
threshold=62.500000000000007 11.014135849340999 10.273140293585405 70.500000000000014 6.7283381776758713 11.804985406162659 1.0000000180025095e-35
decision_type=2 2 2 2 2 2 2
left_child=1 2 -1 5 -5 -2 -3
right_child=3 6 -4 4 -6 -7 -8
leaf_value=15.679230325161123 -7.9613769889583068 102.94454192290095 -25.302172207542601 -1.5946862800606942 120.02527719311229 -109.54723454771029 -0.54604255537931323
leaf_weight=2225 312 456 1245 16972 96 208 129
leaf_count=2225 312 456 1245 16972 96 208 129
internal_value=0.436404 12.3939 0.975525 -2.32047 -0.910621 -48.5959 80.1236
internal_weight=21643 4055 3470 17588 17068 520 585
internal_count=21643 4055 3470 17588 17068 520 585
is_linear=0
shrinkage=0.0413828


Tree=79
num_leaves=8
num_cat=0
split_feature=10 29 2 40 29 6 0
split_gain=4.18327e+08 8.30812e+08 8.83397e+08 5.54683e+08 5.31959e+08 3.09516e+08 2.39885e+08
threshold=1028.5533493003743 323.50000000000006 0.70012165971392115 0.49065764355977465 309.50000000000006 279.13016297201676 9.5938434878608341
decision_type=2 2 2 2 2 2 2
left_child=1 4 -3 6 -1 -5 -2
right_child=3 2 -4 5 -6 -7 -8
leaf_value=1.1464151760424295 -19.685278126923123 22.58698192166133 132.45681399840328 -38.370708828243053 -41.85609122085949 65.920234984827914 -59.063307714308642
leaf_weight=18660 813 885 146 68 506 172 393
leaf_count=18660 813 885 146 68 506 172 393
internal_value=0.418344 1.95778 38.1458 -21.0837 0.0111074 36.3711 -32.5175
internal_weight=21643 20197 1031 1446 19166 240 1206
internal_count=21643 20197 1031 1446 19166 240 1206
is_linear=0
shrinkage=0.0413828


Tree=80
num_leaves=8
num_cat=2
split_feature=12 10 28 7 10 2 28
split_gain=4.05036e+08 6.56786e+08 4.94714e+08 4.18584e+08 2.2228e+08 4.9735e+08 1.92154e+08
threshold=83.280612092822778 976.4353666064253 0 283.01316558619743 1025.9534281187596 0.69704050166185028 1
decision_type=2 2 1 2 2 2 1
left_child=1 3 -3 -1 5 -2 -6
right_child=4 2 -4 -5 6 -7 -8
leaf_value=-10.703299695332642 101.96458958817672 -5.9180214362660095 7.952585158527862 176.04554408561035 -13.85096460556983 -9.8842703235128582 -55.603607796671255
leaf_weight=31 70 7452 10737 61 478 2485 329
leaf_count=31 70 7452 10737 61 478 2485 329
internal_value=0.401032 2.8288 2.27094 113.12 -12.8 -6.81988 -31.7335
internal_weight=21643 18281 18189 92 3362 2555 807
internal_count=21643 18281 18189 92 3362 2555 807
cat_boundaries=0 1 2
cat_threshold=912 4100
is_linear=0
shrinkage=0.0413828


Tree=81
num_leaves=8
num_cat=0
split_feature=21 29 0 29 38 9 9
split_gain=4.18475e+08 5.12848e+08 1.57143e+09 6.56389e+08 2.46483e+08 3.0496e+08 1.50719e+08
threshold=1.0000000180025095e-35 62.500000000000007 11.014135849340999 70.500000000000014 -1.0000000180025095e-35 984.70094045241854 979.06978417728772
decision_type=2 2 2 2 2 2 2
left_child=1 2 -1 -3 5 -2 -6
right_child=4 3 -4 -5 6 -7 -8
leaf_value=2.9999994663550331 -194.20530423151962 -48.602144840731967 76.788907676153585 -1.0930491234306858 -90.356958638305827 -40.903189005886418 5.4221081303972278
leaf_weight=3247 40 513 583 17056 39 50 101
leaf_count=3247 40 513 583 17056 39 50 101
internal_value=-0.0858552 0.510912 14.2321 -2.48028 -55.6084 -109.039 -21.2597
internal_weight=21629 21399 3830 17569 230 90 140
internal_count=21629 21399 3830 17569 230 90 140
is_linear=0
shrinkage=0.0413828


Tree=82
num_leaves=8
num_cat=1
split_feature=40 31 37 13 10 6 39
split_gain=4.11869e+08 5.64567e+08 4.13156e+08 3.81609e+08 2.26117e+08 2.10185e+08 1.79356e+08
threshold=0.99700008544936913 0 0.1294095225512602 1.5819244665366539 1028.8576297373149 286.86177233165159 0.81174490092936691
decision_type=2 1 2 2 2 2 2
left_child=2 5 3 -1 -4 -2 -3
right_child=1 6 4 -5 -6 -7 -8
leaf_value=-20.592037994012703 54.46323709601279 -18.895810963055002 6.9032722064789303 -2.3369266003196163 -19.392404683966685 133.87916690554363 51.140901501349617
leaf_weight=2516 156 255 9041 8891 597 90 83
leaf_count=2516 156 255 9041 8891 597 90 83
internal_value=-0.0823028 34.1984 -1.03359 -6.36339 5.27446 80.2558 -1.64857
internal_weight=21629 584 21045 11407 9638 246 338
internal_count=21629 584 21045 11407 9638 246 338
cat_boundaries=0 1
cat_threshold=88
is_linear=0
shrinkage=0.0413828


Tree=83
num_leaves=8
num_cat=1
split_feature=12 10 41 3 28 10 24
split_gain=4.06766e+08 5.50397e+08 4.83469e+08 2.4694e+08 1.78165e+08 3.62943e+08 2.57833e+08
threshold=83.280612092822778 976.4353666064253 -0.54940789553007929 283.40491905724929 0 1025.9534281187596 68.768667441442489
decision_type=2 2 2 2 1 2 2
left_child=1 3 -3 -1 5 -2 -6
right_child=4 2 -4 -5 6 -7 -8
leaf_value=19.558506621738406 3.7945977138968949 -6.3819185974121657 7.3873071062001268 166.77719007655219 -19.080680048361248 -30.315372081651006 -77.109135225378594
leaf_weight=32 1637 7285 10903 50 771 793 158
leaf_count=32 1637 7285 10903 50 771 793 158
internal_value=-0.0788965 2.35449 1.8722 109.327 -13.3143 -7.3067 -28.6417
internal_weight=21629 18270 18188 82 3359 2430 929
internal_count=21629 18270 18188 82 3359 2430 929
cat_boundaries=0 1
cat_threshold=6286
is_linear=0
shrinkage=0.0413828


Tree=84
num_leaves=8
num_cat=1
split_feature=40 31 40 40 40 5 38
split_gain=3.72803e+08 5.17734e+08 3.99017e+08 4.04293e+09 6.04068e+08 2.01299e+08 1.04243e+08
threshold=0.99700008544936913 0 0.88220160189607266 0.83376496542330847 0.94138322595482449 286.20390133137431 0.6078576107927941
decision_type=2 1 2 2 2 2 2
left_child=2 5 3 -1 -4 -2 -3
right_child=1 6 4 -5 -6 -7 -8
leaf_value=-2.6032577013028213 47.989583141477596 21.288343952670743 -39.142350465769155 97.762113013029506 -1.2352083795336233 123.86898785224555 -24.676132837193645
leaf_weight=17168 143 168 1109 716 2052 103 170
leaf_count=17168 143 168 1109 716 2052 103 170
internal_value=-0.0756315 32.5388 -0.980685 1.41495 -14.5345 76.645 -1.77731
internal_weight=21629 584 21045 17884 3161 246 338
internal_count=21629 584 21045 17884 3161 246 338
cat_boundaries=0 1
cat_threshold=88
is_linear=0
shrinkage=0.0413828


Tree=85
num_leaves=8
num_cat=0
split_feature=21 9 40 12 12 10 16
split_gain=3.88178e+08 4.87784e+08 6.48435e+08 3.81908e+08 1.98673e+08 1.20552e+08 5.04398e+07
threshold=1.0000000180025095e-35 979.06978417728772 0.47559651477048942 73.147828310000861 68.301946215486382 982.34103361492237 228.28639417626192
decision_type=2 2 2 2 2 2 2
left_child=1 2 -1 -3 5 -2 -6
right_child=4 3 -4 -5 6 -7 -8
leaf_value=-11.904714006799605 -124.5873388372047 3.6504953454399907 111.24245746649613 -8.2105046984828434 -33.305855694583364 -48.368317082056116 29.918234893087188
leaf_weight=138 66 14191 156 6914 47 77 40
leaf_count=138 66 14191 156 6914 47 77 40
internal_value=-0.0725012 0.502258 53.4388 -0.23517 -53.5474 -83.5469 -4.2373
internal_weight=21629 21399 294 21105 230 143 87
internal_count=21629 21399 294 21105 230 143 87
is_linear=0
shrinkage=0.0413828


Tree=86
num_leaves=8
num_cat=0
split_feature=14 30 0 2 0 2 1
split_gain=3.85675e+08 4.3581e+08 7.25807e+08 6.59041e+08 4.35593e+08 9.56146e+08 6.61753e+07
threshold=1.7947164865851239 0.88569472963723495 9.8181617895765978 0.71155276857366001 14.918216744876958 0.81850586443825935 0.19461756167377894
decision_type=2 2 2 2 2 2 2
left_child=4 3 -3 -2 5 -1 -6
right_child=1 2 -4 -5 6 -7 -8
leaf_value=-6.5162591883802117 -37.403556624940315 21.592106081727909 162.76387045958867 4.3774809448074263 -30.530311874778992 189.19598048752394 -67.536726259594346
leaf_weight=7303 682 753 68 12434 137 43 209
leaf_count=7303 682 753 68 12434 137 43 209
internal_value=-0.069501 4.03583 33.285 2.20497 -7.50787 -5.37063 -52.884
internal_weight=21629 13937 821 13116 7692 7346 346
internal_count=21629 13937 821 13116 7692 7346 346
is_linear=0
shrinkage=0.0413828


Tree=87
num_leaves=8
num_cat=1
split_feature=25 11 14 0 28 2 6
split_gain=3.63348e+08 4.76433e+08 4.01284e+08 6.82451e+08 3.93649e+08 2.84126e+08 1.53788e+08
threshold=246.11488805267595 83.257102925655929 5.3345440949812142 10.610372835933651 0 0.81863794884685326 277.03313720200867
decision_type=2 2 2 2 1 2 2
left_child=1 4 5 -4 -1 -2 -3
right_child=2 6 3 -5 -6 -7 -8
leaf_value=28.424754922642247 -6.7039459157393182 -38.577258980951456 -33.500025155633061 51.709587383299514 5.6178516956763493 -50.315362645720597 -6.5633701242645248
leaf_weight=1590 9383 287 239 493 6918 263 2456
leaf_count=1590 9383 287 239 493 6918 263 2456
internal_value=-0.0666244 5.08477 -5.65136 23.8884 9.92009 -7.89302 -9.91299
internal_weight=21629 11251 10378 732 8508 9646 2743
internal_count=21629 11251 10378 732 8508 9646 2743
cat_boundaries=0 1
cat_threshold=3074
is_linear=0
shrinkage=0.0413828


Tree=88
num_leaves=8
num_cat=0
split_feature=21 29 2 14 38 2 38
split_gain=3.58681e+08 4.42456e+08 1.33335e+09 5.94515e+08 2.19416e+08 2.22001e+08 1.29528e+08
threshold=1.0000000180025095e-35 62.500000000000007 0.74429601314198024 7.4709618574442436 -1.0000000180025095e-35 0.73137225148732155 0.6078576107927941
decision_type=2 2 2 2 2 2 2
left_child=1 2 -1 -3 5 -2 -6
right_child=4 3 -4 -5 6 -7 -8
leaf_value=2.8877290028217852 -165.44265556519096 -2.6291757813501664 70.857524692000084 168.09478738365203 20.182059057939984 -35.421288054377285 -59.43579378377455
leaf_weight=3247 46 17534 583 35 71 44 69
leaf_count=3247 46 17534 583 35 71 44 69
internal_value=-0.0632161 0.489274 13.2341 -2.28906 -51.4662 -101.878 -19.0583
internal_weight=21629 21399 3830 17569 230 90 140
internal_count=21629 21399 3830 17569 230 90 140
is_linear=0
shrinkage=0.0413828


Tree=89
num_leaves=8
num_cat=0
split_feature=14 24 0 30 0 0 14
split_gain=3.49261e+08 4.30151e+08 4.32314e+08 4.04417e+08 6.59424e+08 3.7155e+08 8.61399e+07
threshold=1.7947164865851239 50.907914426550768 14.918216744876958 0.88569472963723495 9.8181617895765978 9.618917698413437 0.98788386018985197
decision_type=2 2 2 2 2 2 2
left_child=1 2 -1 5 -5 -2 -3
right_child=3 6 -4 4 -6 -7 -8
leaf_value=-2.0714086988957723 -39.201429723770886 -86.583140916134838 -50.368006669932335 20.876812228026267 155.43797544485497 3.2575344890975018 -35.704352188080549
leaf_weight=6775 363 64 333 753 68 12753 520
leaf_count=6775 363 64 333 753 68 12753 520
internal_value=-0.0606 -7.13912 -4.33404 3.84612 32.0221 2.08243 -41.2802
internal_weight=21629 7692 7108 13937 821 13116 584
internal_count=21629 7692 7108 13937 821 13116 584
is_linear=0
shrinkage=0.0413828


Tree=90
num_leaves=8
num_cat=0
split_feature=29 29 29 24 10 24 45
split_gain=3.8168e+08 1.38838e+09 8.74774e+08 5.44255e+08 4.57452e+08 3.29192e+08 2.8148e+08
threshold=34.500000000000007 42.500000000000007 62.500000000000007 15.468688346034098 1027.3208922851293 1.0000000180025095e-35 0.11077631698179569
decision_type=2 2 2 2 2 2 2
left_child=3 6 -3 5 -5 -1 -2
right_child=1 2 -4 4 -6 -7 -8
leaf_value=-36.105309648337581 -0.34215793701084884 32.826893610434581 -2.365074250897917 8.9075136848984489 -64.912013085104178 50.626528603309154 -81.402966841101147
leaf_weight=83 88 1299 17580 1218 163 772 441
leaf_count=83 88 1299 17580 1218 163 772 441
internal_value=0.0688806 -1.79641 0.0563674 16.2592 0.194524 42.2069 -67.9184
internal_weight=21644 19408 18879 2236 1381 855 529
internal_count=21644 19408 18879 2236 1381 855 529
is_linear=0
shrinkage=0.0413828


Tree=91
num_leaves=8
num_cat=1
split_feature=14 1 40 28 37 11 14
split_gain=3.65986e+08 7.32917e+08 8.56452e+08 7.99581e+08 4.76077e+08 3.1499e+08 2.37045e+08
threshold=5.1935992971591194 0.29403088672726913 0.57782244426053786 0 -0.12940952255126037 88.431029427025791 1.1953929101235146
decision_type=2 2 2 1 2 2 2
left_child=4 3 -3 -2 6 -6 -1
right_child=1 2 -4 -5 5 -7 -8
leaf_value=-28.841620641752062 -11.162014254756759 15.590294226116846 -106.89760174117205 70.750868970714095 7.0199506735772053 -14.23005913164226 -6.1577468066740781
leaf_weight=872 314 324 140 582 9770 1361 8281
leaf_count=872 314 324 140 582 9770 1361 8281
internal_value=0.06603 20.8482 -21.3674 42.7099 -1.32737 4.42169 -8.31883
internal_weight=21644 1360 464 896 20284 11131 9153
internal_count=21644 1360 464 896 20284 11131 9153
cat_boundaries=0 1
cat_threshold=3248
is_linear=0
shrinkage=0.0413828


Tree=92
num_leaves=8
num_cat=0
split_feature=30 30 13 23 10 34 13
split_gain=3.51606e+08 1.23811e+09 7.97648e+08 5.76351e+08 4.60954e+08 3.59615e+08 3.07499e+08
threshold=0.094455852156057507 0.11635865845311431 6.2583613880529221 17.414071212582954 1027.0343860345367 1.0000000180025095e-35 3.2316982393788081
decision_type=2 2 2 2 2 2 2
left_child=3 6 -3 5 -5 -1 -2
right_child=1 2 -4 4 -6 -7 -8
leaf_value=46.182212511052917 -27.207534165769058 -1.1953696357396328 59.373430135054164 6.8978839318550573 -68.537354998447725 -70.092168460916369 -91.101154360858928
leaf_weight=893 223 18499 380 1137 158 48 306
leaf_count=893 223 18499 380 1137 158 48 306
internal_value=0.0644366 -1.72586 0.0237734 15.6038 -2.30584 40.251 -64.1669
internal_weight=21644 19408 18879 2236 1295 941 529
internal_count=21644 19408 18879 2236 1295 941 529
is_linear=0
shrinkage=0.0413828


Tree=93
num_leaves=8
num_cat=0
split_feature=37 13 29 11 43 18 9
split_gain=3.37596e+08 3.83384e+08 4.34292e+08 3.07098e+08 3.25207e+08 2.52514e+08 1.68836e+08
threshold=-0.12940952255126037 4.5832120129327363 12.500000000000002 88.431029427025791 0.6830127018922193 0.1417308583174107 1022.9959357915021
decision_type=2 2 2 2 2 2 2
left_child=1 5 -3 4 -2 -1 -5
right_child=3 2 -4 6 -6 -7 -8
leaf_value=-11.474591069813243 3.8849463921267424 -78.440631161696245 18.915510435545102 -2.5749815531262668 23.171694142345672 11.525980986898023 -32.713665329826433
leaf_weight=7528 8485 83 1437 876 1818 917 500
leaf_count=7528 8485 83 1437 876 1818 917 500
internal_value=0.0617698 -5.53341 13.5993 4.83581 7.28816 -8.97707 -13.5266
internal_weight=21644 9965 1520 11679 10303 8445 1376
internal_count=21644 9965 1520 11679 10303 8445 1376
is_linear=0
shrinkage=0.0413828


Tree=94
num_leaves=7
num_cat=0
split_feature=0 0 17 1 13 1
split_gain=3.3379e+08 1.07485e+09 1.3163e+09 6.52304e+08 3.64411e+08 2.76817e+08
threshold=14.912006068462391 14.886690304456389 0.26481788631550746 0.19598897204287505 5.6344626547993988 0.19461756167377894
decision_type=2 2 2 2 2 2
left_child=1 3 -3 -1 5 -2
right_child=4 2 -4 -5 -6 -7
leaf_value=49.224525039923734 -4.2843862363827672 31.413632850001086 232.40529822560532 -0.9536089340340399 93.51586191394415 -42.171566149578801
leaf_weight=454 643 248 72 19501 47 679
leaf_count=454 643 248 72 19501 47 679
internal_value=0.0592134 1.39461 76.6373 0.188006 -19.7181 -23.7439
internal_weight=21644 20275 320 19955 1369 1322
internal_count=21644 20275 320 19955 1369 1322
is_linear=0
shrinkage=0.0413828


Tree=95
num_leaves=8
num_cat=1
split_feature=17 31 41 33 30 30 23
split_gain=3.2587e+08 3.97211e+08 8.70516e+08 5.24134e+08 3.89772e+08 9.49978e+08 4.81138e+08
threshold=0.14468628607948592 0 -0.99628250747696534 1.5000000000000002 0.094455852156057507 0.11635865845311431 17.414071212582954
decision_type=2 1 2 2 2 2 2
left_child=4 2 -2 -3 6 -6 -1
right_child=1 3 -4 -5 5 -7 -8
leaf_value=37.774231950316128 134.63603108894068 19.947247466229076 17.993059367412918 -34.865810267765852 -61.508246339267842 -2.2634412558745725 -3.6413415723656302
leaf_weight=901 118 654 1534 550 477 16381 1029
leaf_count=901 118 654 1534 550 477 16381 1029
internal_value=0.0567637 13.0805 26.1664 -5.05 -1.923 -3.93979 15.6931
internal_weight=21644 2856 1652 1204 18788 16858 1930
internal_count=21644 2856 1652 1204 18788 16858 1930
cat_boundaries=0 1
cat_threshold=116
is_linear=0
shrinkage=0.0413828


Tree=96
num_leaves=8
num_cat=2
split_feature=37 18 28 28 11 2 5
split_gain=3.11036e+08 2.95615e+08 5.49514e+08 3.55536e+08 2.74796e+08 3.67149e+08 1.15329e+08
threshold=0.1294095225512602 0.1417308583174107 0 1 83.257102925655929 0.72683208374940667 276.87750408746075
decision_type=2 2 1 1 2 2 2
left_child=1 3 -3 -1 5 -2 -6
right_child=4 2 -4 -5 6 -7 -8
leaf_value=-23.079597810095219 31.191095817009664 37.286309390972818 -12.030968236278781 -3.3137318609883626 -34.958380918710773 5.4812271402636377 -4.0020533381071157
leaf_weight=1911 1115 756 777 8319 229 6476 2061
leaf_count=1911 1115 756 777 8319 229 6476 2061
internal_value=0.0544149 -4.49231 12.4546 -7.03187 5.46714 9.25761 -7.0977
internal_weight=21644 11763 1533 10230 9881 7591 2290
internal_count=21644 11763 1533 10230 9881 7591 2290
cat_boundaries=0 1 2
cat_threshold=4254 144
is_linear=0
shrinkage=0.0413828


Tree=97
num_leaves=8
num_cat=0
split_feature=14 29 40 24 41 40 39
split_gain=3.0936e+08 4.5988e+08 4.27625e+08 6.05959e+08 4.22432e+08 3.0852e+08 2.01113e+08
threshold=1.495286772218406 4.5000000000000009 -0.97509794945709805 1.5715424009815691 -0.54940789553007929 -0.99763297024448894 1.0000000180025095e-35
decision_type=2 2 2 2 2 2 2
left_child=1 6 3 -2 -4 -3 -1
right_child=2 5 4 -5 -6 -7 -8
leaf_value=135.97771806590359 143.96748073186609 65.460094863952023 -4.3724021803192725 -34.614228501350276 9.5326592012693805 -12.301773904836976 23.601083419194289
leaf_weight=50 34 89 6042 757 9827 4785 60
leaf_count=50 34 89 6042 757 9827 4785 60
internal_value=0.0521413 -8.99335 2.75819 -26.938 4.23841 -10.8818 74.6821
internal_weight=21644 4984 16660 791 15869 4874 110
internal_count=21644 4984 16660 791 15869 4874 110
is_linear=0
shrinkage=0.0413828


Tree=98
num_leaves=8
num_cat=1
split_feature=40 31 40 40 15 40 24
split_gain=3.05749e+08 4.77461e+08 3.55764e+08 3.41603e+09 5.66117e+08 1.48772e+08 1.2919e+08
threshold=0.99700008544936913 0 0.88220160189607266 0.83376496542330847 78.775169771302586 0.99983759474438971 24.21295109731162
decision_type=2 1 2 2 2 2 2
left_child=2 5 3 -1 -4 -2 -3
right_child=1 6 4 -5 -6 -7 -8
leaf_value=-2.2137853987867113 54.301339184362782 -19.4630496840253 37.927471535995871 89.916850304857903 -19.596245021303822 126.41235271722388 41.841154752284872
leaf_weight=17191 199 250 327 718 2817 65 77
leaf_count=17191 199 250 327 718 2817 65 77
internal_value=0.0499841 29.406 -0.7741 1.47988 -13.6133 69.4266 -4.87824
internal_weight=21644 591 21053 17909 3144 264 327
internal_count=21644 591 21053 17909 3144 264 327
cat_boundaries=0 1
cat_threshold=73
is_linear=0
shrinkage=0.0413828


Tree=99
num_leaves=8
num_cat=1
split_feature=37 11 28 9 38 40 6
split_gain=3.30661e+08 2.67855e+08 4.49528e+08 2.54492e+08 6.45802e+08 2.56745e+08 1.27103e+08
threshold=0.1294095225512602 81.810627203542836 0 975.56241545827277 1.0000000180025095e-35 0.99761913169647187 277.57110168516937
decision_type=2 2 1 2 2 2 2
left_child=3 2 -2 4 -1 -5 -3
right_child=1 6 -4 5 -6 -7 -8
leaf_value=141.64443586790063 32.765845485826439 -31.846798017942046 5.0691029499064788 -6.2150945731828049 -76.173973390296126 33.968820449954542 -2.5969994882131004
leaf_weight=63 1195 286 6081 11327 37 279 2304
leaf_count=63 1195 286 6081 11327 37 279 2304
internal_value=0.0209189 5.60177 9.66998 -4.68271 61.0517 -5.2491 -5.82691
internal_weight=21572 9866 7276 11706 100 11606 2590
internal_count=21572 9866 7276 11706 100 11606 2590
cat_boundaries=0 1
cat_threshold=7170
is_linear=0
shrinkage=0.0413828


Tree=100
num_leaves=8
num_cat=1
split_feature=0 28 40 29 1 18 16
split_gain=2.97068e+08 4.0442e+08 1.61527e+09 6.13963e+08 3.072e+08 1.48115e+08 7.82947e+07
threshold=14.958737943598278 0 0.4450565456874816 42.500000000000007 0.19461756167377894 0.15728228944455694 182.10037294309836
decision_type=2 1 2 2 2 2 2
left_child=1 2 -1 -3 6 -6 -2
right_child=4 3 -4 -5 5 -7 -8
leaf_value=1.3177770723757403 25.11159695026026 -39.327502849885711 78.006150813605203 -0.17541919917368776 -76.764079732940999 -19.322171597315688 -37.222290723122633
leaf_weight=2911 148 715 561 16864 205 123 45
leaf_count=2911 148 715 561 16864 205 123 45
internal_value=0.0207792 0.784766 13.6696 -1.76687 -30.848 -55.2235 10.5777
internal_weight=21572 21051 3472 17579 521 328 193
internal_count=21572 21051 3472 17579 521 328 193
cat_boundaries=0 1
cat_threshold=66
is_linear=0
shrinkage=0.0413828


Tree=101
num_leaves=8
num_cat=0
split_feature=37 14 1 11 2 22 45
split_gain=3.03762e+08 2.70876e+08 5.60203e+08 2.48181e+08 2.92149e+08 2.37224e+08 1.73601e+08
threshold=0.1294095225512602 5.7004672330744341 0.29403088672726913 84.610007348008835 0.72683208374940667 1.0000000180025095e-35 0.86316374695216147
decision_type=2 2 2 2 2 2 2
left_child=1 5 -3 4 -2 -1 -5
right_child=3 2 -4 6 -6 -7 -8
leaf_value=-5.3251078786262482 26.943646793638713 51.808238087346297 -31.153468494422427 -3.998295193408576 5.1768650907290166 -63.35055152704858 -47.421694614943583
leaf_weight=10975 1255 393 216 1779 6659 122 173
leaf_count=10975 1255 393 216 1779 6659 122 173
internal_value=0.0199192 -4.48833 22.3834 5.36895 8.62864 -5.96304 -7.84681
internal_weight=21572 11706 609 9866 7914 11097 1952
internal_count=21572 11706 609 9866 7914 11097 1952
is_linear=0
shrinkage=0.0413828


Tree=102
num_leaves=8
num_cat=0
split_feature=10 30 27 40 30 39 30
split_gain=3.1758e+08 8.39457e+08 8.69037e+08 5.49687e+08 4.61205e+08 3.50819e+08 1.81468e+08
threshold=1028.8576297373149 0.88569472963723495 0.93564219413875926 0.49065764355977465 0.84736481861738544 -0.22252093395631442 0.91581108829568802
decision_type=2 2 2 2 2 2 2
left_child=1 4 -3 6 -1 -5 -2
right_child=3 2 -4 5 -6 -7 -8
leaf_value=0.39181736537848694 -53.646247335710335 76.87174255885553 2.2040350046936563 2.2860421367172865 -38.93774590730537 112.18241887139321 -18.838614222902439
leaf_weight=18639 400 499 574 144 525 76 715
leaf_count=18639 400 499 574 144 525 76 715
internal_value=0.0190947 1.30874 36.9284 -19.5303 -0.685623 40.2506 -31.3257
internal_weight=21572 20237 1073 1335 19164 220 1115
internal_count=21572 20237 1073 1335 19164 220 1115
is_linear=0
shrinkage=0.0413828


Tree=103
num_leaves=8
num_cat=1
split_feature=51 16 45 31 38 40 40
split_gain=2.93323e+08 4.32858e+08 5.61704e+08 3.609e+08 3.34842e+08 4.8893e+08 4.09636e+08
threshold=1.0000000180025095e-35 251.02992172790559 0.4739400639339571 0 0.6078576107927941 0.79904096188274243 0.99374995976406788
decision_type=2 2 2 1 2 2 2
left_child=4 2 -2 -3 6 -6 -1
right_child=1 3 -4 -5 5 -7 -8
leaf_value=-9.212894381914019 12.003846900674183 52.276766984883828 -12.532403566140369 1.0364638922306193 -0.81131523054191679 35.163471019183021 40.800047302185099
leaf_weight=9492 4224 587 2570 400 3199 811 289
leaf_count=9492 4224 587 2570 400 3199 811 289
internal_value=0.0183046 6.44264 2.7224 32.0509 -3.60636 6.46439 -7.73515
internal_weight=21572 7781 6794 987 13791 4010 9781
internal_count=21572 7781 6794 987 13791 4010 9781
cat_boundaries=0 1
cat_threshold=57
is_linear=0
shrinkage=0.0413828


Tree=104
num_leaves=8
num_cat=0
split_feature=37 13 0 2 11 2 13
split_gain=2.77675e+08 2.66668e+08 4.74355e+08 3.00584e+08 1.96491e+08 3.18026e+08 1.39362e+08
threshold=0.37940952255126048 4.8984585630022233 10.610372835933651 0.81863794884685326 81.810627203542836 0.72683208374940667 4.3970506432423599
decision_type=2 2 2 2 2 2 2
left_child=1 3 -3 -1 5 -2 -6
right_child=4 2 -4 -5 6 -7 -8
leaf_value=-4.6459964839617269 35.050749430920384 -22.609473742700008 28.509782358390776 -48.727755264033853 -6.7864717920477595 6.3213308985443524 45.818719085016738
leaf_weight=11774 757 446 1026 271 2066 5142 90
leaf_count=11774 757 446 1026 271 2066 5142 90
internal_value=0.0185701 -3.60583 13.0212 -5.63779 6.10063 10.0081 -4.5905
internal_weight=21572 13517 1472 12045 8055 5899 2156
internal_count=21572 13517 1472 12045 8055 5899 2156
is_linear=0
shrinkage=0.0413828


Tree=105
num_leaves=8
num_cat=0
split_feature=10 38 10 29 40 27 16
split_gain=2.84864e+08 8.2808e+08 2.70733e+08 7.98562e+08 4.98875e+08 1.47258e+08 6.51587e+07
threshold=976.4353666064253 1.0000000180025095e-35 1028.8576297373149 323.50000000000006 0.49065764355977465 1.176578378910228 222.58204232277629
decision_type=2 2 2 2 2 2 2
left_child=1 5 3 -2 -4 -1 -3
right_child=2 6 4 -5 -6 -7 -8
leaf_value=183.23604229747949 -1.1740952683012795 -107.70496074861846 -29.694405345111996 35.521219181557228 38.493518447462542 84.474500110993617 -24.193081666121163
leaf_weight=41 18989 32 1115 1073 220 70 32
leaf_count=41 18989 32 1115 1073 220 70 32
internal_value=0.0178017 52.6014 -0.412267 0.788526 -18.4574 120.955 -65.95
internal_weight=21572 175 21397 20062 1335 111 64
internal_count=21572 175 21397 20062 1335 111 64
is_linear=0
shrinkage=0.0413828


Tree=106
num_leaves=8
num_cat=1
split_feature=0 28 29 8 2 9 27
split_gain=2.68255e+08 3.77728e+08 5.51311e+08 4.95083e+08 2.79418e+08 1.37574e+08 9.98314e+07
threshold=14.958737943598278 0 42.500000000000007 303.12701168488923 0.81823214048688075 987.75999712001135 0.91881429694628491
decision_type=2 1 2 2 2 2 2
left_child=1 3 -3 -1 5 -2 -6
right_child=4 2 -4 -5 6 -7 -8
leaf_value=17.9775946391227 72.648909188735743 -37.315579598024726 -0.21488208818285673 -38.239624168090899 -73.138505219657787 -9.3532201760456051 -27.229801206248354
leaf_weight=3179 46 715 16864 293 181 147 147
leaf_count=3179 46 715 16864 293 181 147 147
internal_value=0.0170654 0.743057 -1.72292 13.1954 -29.3166 10.1916 -52.5637
internal_weight=21572 21051 17579 3472 521 193 328
internal_count=21572 21051 17579 3472 521 193 328
cat_boundaries=0 1
cat_threshold=66
is_linear=0
shrinkage=0.0413828


Tree=107
num_leaves=8
num_cat=1
split_feature=40 44 1 28 1 29 9
split_gain=2.75257e+08 8.74146e+08 1.2778e+09 4.59633e+08 8.2499e+08 5.08928e+08 3.02232e+08
threshold=-0.97876850416056738 0.86316374695216147 0.25298889713350903 0 0.23540406578107767 42.500000000000007 987.00495968165217
decision_type=2 2 2 1 2 2 2
left_child=1 6 -3 4 -2 -5 -1
right_child=3 2 -4 5 -6 -7 -8
leaf_value=37.950042902269857 88.509201209993762 -76.134773606224584 175.20817528550609 -35.771356790138007 9.465953672979678 -0.11509654808224599 -43.618589806415692
leaf_weight=86 245 58 86 715 2936 16631 815
leaf_count=86 245 58 86 715 2936 16631 815
internal_value=0.016359 -20.7017 73.973 1.07109 15.5051 -1.58393 -35.8329
internal_weight=21572 1045 144 20527 3181 17346 901
internal_count=21572 1045 144 20527 3181 17346 901
cat_boundaries=0 1
cat_threshold=514
is_linear=0
shrinkage=0.0413828


Tree=108
num_leaves=8
num_cat=0
split_feature=40 40 38 7 0 3 40
split_gain=3.04602e+08 1.20843e+09 1.82592e+09 5.33754e+08 4.05064e+08 7.26655e+08 6.32392e+08
threshold=-0.58482361983252518 -0.51297808981038739 0.6078576107927941 306.70386790496224 9.8752284746257448 286.01328944007099 -0.77245553105869302
decision_type=2 2 2 2 2 2 2
left_child=4 2 -2 -3 5 -1 -6
right_child=1 3 -4 -5 6 -7 -8
leaf_value=-4.835550098568083 21.664562144555479 2.2075561439996441 200.00170743000155 -38.778680550290332 -2.2661028645315398 158.13183011387531 -34.439642074819226
leaf_weight=146 424 14733 128 565 4123 69 1402
leaf_count=146 424 14733 128 565 4123 69 1402
internal_value=-0.0936615 2.86436 63.0184 0.693812 -8.26172 47.4661 -10.4303
internal_weight=21590 15850 552 15298 5740 215 5525
internal_count=21590 15850 552 15298 5740 215 5525
is_linear=0
shrinkage=0.0413828


Tree=109
num_leaves=8
num_cat=2
split_feature=40 31 28 41 40 39 40
split_gain=2.8453e+08 3.85575e+08 3.19612e+08 1.55696e+09 9.87336e+08 1.36819e+08 1.3248e+08
threshold=0.99700008544936913 0 1 -0.19337245081799007 -0.99630266176052629 -0.56174490092936669 0.99983759474438971
decision_type=2 1 1 2 2 2 2
left_child=2 6 3 -1 -4 -3 -2
right_child=1 5 4 -5 -6 -7 -8
leaf_value=-0.55732738409874927 50.108352128981494 50.388446490171127 95.344116124680795 -57.382957472439941 1.5490997361053733 -15.853383766398247 118.3281451234769
leaf_weight=6494 195 67 195 946 13365 263 65
leaf_count=6494 195 67 195 946 13365 263 65
internal_value=-0.089785 28.2529 -0.886081 -7.7723 2.89579 -2.33346 64.6762
internal_weight=21590 590 21000 7440 13560 330 260
internal_count=21590 590 21000 7440 13560 330 260
cat_boundaries=0 1 2
cat_threshold=73 912
is_linear=0
shrinkage=0.0413828


Tree=110
num_leaves=8
num_cat=0
split_feature=40 40 38 7 0 3 40
split_gain=2.75978e+08 1.11062e+09 1.67846e+09 4.8998e+08 3.7052e+08 6.67759e+08 5.84547e+08
threshold=-0.58482361983252518 -0.51297808981038739 0.6078576107927941 306.70386790496224 9.8752284746257448 286.01328944007099 -0.77245553105869302
decision_type=2 2 2 2 2 2 2
left_child=4 2 -2 -3 5 -1 -6
right_child=1 3 -4 -5 6 -7 -8
leaf_value=-4.6995483399483495 20.748735216894975 2.0990392559916744 191.73321230800983 -37.170595432538462 -2.0856494303656041 151.5238737270262 -33.018166467120345
leaf_weight=146 424 14733 128 565 4123 69 1402
leaf_count=146 424 14733 128 565 4123 69 1402
internal_value=-0.086069 2.72954 60.3976 0.648694 -7.86088 45.4377 -9.93496
internal_weight=21590 15850 552 15298 5740 215 5525
internal_count=21590 15850 552 15298 5740 215 5525
is_linear=0
shrinkage=0.0413828


Tree=111
num_leaves=8
num_cat=2
split_feature=12 28 0 29 28 29 10
split_gain=2.6206e+08 4.50506e+08 6.96652e+08 6.44552e+08 2.67316e+08 4.27712e+08 2.85136e+08
threshold=72.919805794649136 0 11.605385008596604 259.50000000000006 1 124.50000000000001 1026.7563618195034
decision_type=2 1 2 2 1 2 2
left_child=1 2 -1 -3 5 -2 -6
right_child=4 3 -4 -5 6 -7 -8
leaf_value=13.70905628524741 116.73580525884842 2.2899398165220566 100.10524817521552 -41.055264104041377 2.1074635126600656 -25.745306281664107 -20.983513187428688
leaf_weight=1963 37 11549 174 619 4657 1451 1140
leaf_count=1963 37 11549 174 619 4657 1451 1140
internal_value=-0.0825067 3.1711 20.6471 0.0848471 -6.47136 -22.0541 -2.42927
internal_weight=21590 14305 2137 12168 7285 1488 5797
internal_count=21590 14305 2137 12168 7285 1488 5797
cat_boundaries=0 1 2
cat_threshold=7170 1824
is_linear=0
shrinkage=0.0413828


Tree=112
num_leaves=8
num_cat=2
split_feature=17 28 0 24 41 31 41
split_gain=2.64301e+08 7.4944e+08 9.17392e+08 3.30535e+08 4.74956e+08 2.93108e+08 2.92272e+08
threshold=0.14790635580332698 0 14.886690304456389 50.907914426550768 0.99981043035926087 1 0.9980355542543059
decision_type=2 1 2 2 2 1 2
left_child=3 2 -2 4 -1 -3 -5
right_child=1 5 -4 6 -6 -7 -8
leaf_value=0.32723972766363096 35.923794178270533 -22.212801595211936 199.09450597096841 -24.258401049963012 -87.534980815123788 11.938341098636279 84.081682621354901
leaf_weight=17515 327 583 72 1382 106 1561 44
leaf_count=17515 327 583 72 1382 106 1561 44
internal_value=-0.0790921 12.4518 63.7703 -1.75212 -0.201305 2.59189 -20.9155
internal_weight=21590 2543 399 19047 17621 2144 1426
internal_count=21590 2543 399 19047 17621 2144 1426
cat_boundaries=0 1 2
cat_threshold=132 3
is_linear=0
shrinkage=0.0413828


Tree=113
num_leaves=8
num_cat=0
split_feature=40 38 40 40 16 38 40
split_gain=2.58923e+08 3.48387e+08 2.99643e+08 2.93859e+09 6.93232e+08 1.61008e+08 8.71969e+07
threshold=0.99700008544936913 0.6078576107927941 0.88220160189607266 0.83376496542330847 81.836219702173878 -0.8783796973249266 0.99865421017599998
decision_type=2 2 2 2 2 2 2
left_child=2 5 3 -1 -4 -2 -3
right_child=1 6 4 -5 -6 -7 -8
leaf_value=-2.21099524771346 -2.0768687285488268 -60.009035062688305 55.580097105782905 82.960271963578279 -18.172093815713328 60.98290396971322 0.44633019082538916
leaf_weight=17138 88 65 236 723 2903 327 110
leaf_count=17138 88 65 236 723 2903 327 110
internal_value=-0.0760155 26.9612 -0.835635 1.23668 -12.6272 47.6112 -22.0087
internal_weight=21590 590 21000 17861 3139 415 175
internal_count=21590 590 21000 17861 3139 415 175
is_linear=0
shrinkage=0.0413828


Tree=114
num_leaves=8
num_cat=0
split_feature=37 17 51 40 44 10 43
split_gain=2.63805e+08 2.95072e+08 4.73871e+08 2.62326e+08 1.58118e+08 1.76608e+08 1.24538e+08
threshold=0.60355339059327384 0.041050875914351588 0.077737566926842624 0.99983759474438971 0.19593493916883467 1008.4347528268801 0.6830127018922193
decision_type=2 2 2 2 2 2 2
left_child=1 3 -3 -1 5 -2 -6
right_child=4 2 -4 -5 6 -7 -8
leaf_value=-6.6261747011076162 14.415534654662984 36.856314638598441 -0.25254005907058941 83.155028573948428 7.2266853290061315 -16.752594953862509 23.671211880603092
leaf_weight=11640 488 740 2894 56 3925 860 987
leaf_count=11640 488 740 2894 56 3925 860 987
internal_value=-0.0728696 -2.99602 7.30403 -6.1963 7.08559 -5.46917 10.531
internal_weight=21590 15330 3634 11696 6260 1348 4912
internal_count=21590 15330 3634 11696 6260 1348 4912
is_linear=0
shrinkage=0.0413828


Tree=115
num_leaves=8
num_cat=1
split_feature=37 40 9 16 2 28 9
split_gain=2.45055e+08 2.58598e+08 2.53047e+08 1.77716e+08 2.77757e+08 1.79759e+08 1.35322e+08
threshold=0.37940952255126048 0.99700008544936913 977.88653113273892 142.28338107894214 0.69704050166185028 0 1023.930567970876
decision_type=2 2 2 2 2 1 2
left_child=1 2 -1 4 -2 -5 -3
right_child=3 6 -4 5 -6 -7 -8
leaf_value=47.462707191674831 129.83337213477938 44.481622093386214 -5.0615640949111995 -7.988333822149305 13.908650485328128 7.1642832643360155 -15.332364648795116
leaf_weight=159 36 283 13006 2037 2106 3879 84
leaf_count=159 36 283 13006 2037 2106 3879 84
internal_value=-0.0698537 -3.47204 -4.4272 5.64353 15.857 1.94553 30.7912
internal_weight=21590 13532 13165 8058 2142 5916 367
internal_count=21590 13532 13165 8058 2142 5916 367
cat_boundaries=0 1
cat_threshold=664
is_linear=0
shrinkage=0.0413828


Tree=116
num_leaves=8
num_cat=2
split_feature=41 38 9 1 41 28 31
split_gain=2.34011e+08 7.95064e+08 1.0343e+09 8.96305e+08 4.76212e+08 3.69561e+08 2.31253e+08
threshold=-0.99761278905001471 1.0000000180025095e-35 1012.8249078956854 0.19719531436214235 -0.97874870457683594 0 1
decision_type=2 2 2 2 2 1 1
left_child=1 3 -3 -1 6 -6 -2
right_child=4 2 -4 -5 5 -7 -8
leaf_value=-26.724673054183285 -10.914072227926241 151.51060882775261 -76.917507822271503 121.5383119980764 13.462638539035876 -1.8014663937957696 -50.983420648015709
leaf_weight=107 606 42 177 201 3230 16798 429
leaf_count=107 606 42 177 201 3230 16798 429
internal_value=-0.0669784 27.1705 -33.1089 70.0314 -0.748466 0.666063 -28.1206
internal_weight=21590 527 219 308 21063 20028 1035
internal_count=21590 527 219 308 21063 20028 1035
cat_boundaries=0 1 2
cat_threshold=66 114
is_linear=0
shrinkage=0.0413828


Tree=117
num_leaves=8
num_cat=2
split_feature=12 51 28 8 8 28 9
split_gain=2.83136e+08 4.39801e+08 3.67141e+08 3.35047e+08 2.47777e+08 2.84998e+08 2.24471e+08
threshold=72.919805794649136 0.74209610549551519 0 286.32437009690386 289.01994980443197 1 1028.3090580881483
decision_type=2 2 1 2 2 1 2
left_child=1 2 -1 -3 6 -6 -2
right_child=4 3 -4 -5 5 -7 -8
leaf_value=18.473966248898517 0.05925201124281148 169.10766534351276 -0.084609141024957313 -5.4275886144057583 -56.761946066999222 -11.371659461738663 -22.027513786449457
leaf_weight=2139 5131 48 12136 31 319 909 931
leaf_count=2139 5131 48 12136 31 319 909 931
internal_value=-0.125066 3.24801 2.70914 100.62 -6.76665 -23.7177 -3.33283
internal_weight=21644 14354 14275 79 7290 1228 6062
internal_count=21644 14354 14275 79 7290 1228 6062
cat_boundaries=0 1 2
cat_threshold=7170 288
is_linear=0
shrinkage=0.0413828


Tree=118
num_leaves=8
num_cat=0
split_feature=40 23 0 24 9 0 38
split_gain=2.69971e+08 7.21807e+08 1.32203e+09 3.69053e+08 3.36865e+08 2.91698e+08 2.16221e+08
threshold=-0.97876850416056738 4.8043048355998925 11.780160107788744 2.1927452693268039 987.00495968165217 14.958737943598278 0.6078576107927941
decision_type=2 2 2 2 2 2 2
left_child=1 2 -1 6 -3 -5 -2
right_child=3 4 -4 5 -6 -7 -8
leaf_value=173.5276900064141 -24.352063052572014 41.559416163402545 -77.895378626988915 3.5523204315904691 -42.322574150420003 -33.22610972360139 4.3409529755734173
leaf_weight=83 1455 91 63 18096 828 377 651
leaf_count=83 1455 91 63 18096 828 377 651
internal_value=-0.120842 -20.4373 65.0371 0.93057 -34.0165 2.80174 -15.4826
internal_weight=21644 1065 146 20579 919 18473 2106
internal_count=21644 1065 146 20579 919 18473 2106
is_linear=0
shrinkage=0.0413828


Tree=119
num_leaves=8
num_cat=1
split_feature=14 40 29 24 28 44 14
split_gain=2.71261e+08 4.7245e+08 4.40608e+08 3.90561e+08 3.4832e+08 3.04724e+08 6.60021e+07
threshold=1.9063596413182793 -0.97876850416056738 12.500000000000002 54.032855099678628 0 0.68012715015986502 1.2817849729979869
decision_type=2 2 2 2 1 2 2
left_child=3 5 -3 4 -1 -2 -5
right_child=1 2 -4 6 -6 -7 -8
leaf_value=4.4562411340091463 -60.687989592467694 -41.087952304375413 6.4681714084233848 -65.212109242112945 -12.758761729082686 9.9600186560094119 -31.694457008107001
leaf_weight=4319 313 343 12227 135 3755 157 395
leaf_count=4319 313 343 12227 135 3755 157 395
internal_value=-0.115841 3.64735 5.1705 -5.81924 -3.56028 -37.0886 -40.2321
internal_weight=21644 13040 12570 8604 8074 470 530
internal_count=21644 13040 12570 8604 8074 470 530
cat_boundaries=0 1
cat_threshold=7242
is_linear=0
shrinkage=0.0413828


Tree=120
num_leaves=8
num_cat=0
split_feature=12 27 7 21 29 1 39
split_gain=2.61575e+08 3.66238e+08 3.52197e+08 3.50869e+08 2.33393e+08 2.11279e+08 1.69105e+08
threshold=72.919805794649136 3.2253226379979689 287.32202252372554 1.0000000180025095e-35 4.5000000000000009 0.31139522326716945 1.0000000180025095e-35
decision_type=2 2 2 2 2 2 2
left_child=1 3 -3 -1 6 -6 -2
right_child=4 2 -4 -5 5 -7 -8
leaf_value=3.2756935407996179 78.683147473102153 158.14334294676473 -0.69513309619376618 -58.737268899273595 -6.2861576941522674 -43.743180421009541 0.18263439924107919
leaf_weight=14100 93 51 45 158 6834 268 95
leaf_count=14100 93 51 45 158 6834 268 95
internal_value=-0.111206 3.1309 83.6886 2.58849 -6.4949 -7.69964 39.0155
internal_weight=21644 14354 96 14258 7290 7102 188
internal_count=21644 14354 96 14258 7290 7102 188
is_linear=0
shrinkage=0.0413828


Tree=121
num_leaves=7
num_cat=2
split_feature=18 28 0 10 28 40
split_gain=2.63515e+08 4.67719e+08 9.87695e+08 3.39915e+08 3.75664e+08 3.36558e+08
threshold=0.10928811342191423 0 14.87092219379783 976.4353666064253 1 0.3504237462291826
decision_type=2 1 2 2 1 2
left_child=3 2 -2 -1 -5 -3
right_child=1 5 -4 4 -6 -7
leaf_value=123.26991806543975 -20.945800901923292 -7.930154026090559 184.05496462416025 -12.162022995776619 1.2649256259022503 19.419667623138452
leaf_weight=37 80 1410 81 4841 13496 1699
leaf_count=37 80 1410 81 4841 13496 1699
internal_value=-0.106604 10.7173 77.3852 -2.03292 -2.28576 6.99343
internal_weight=21644 3270 161 18374 18337 3109
internal_count=21644 3270 161 18374 18337 3109
cat_boundaries=0 1 2
cat_threshold=128 148
is_linear=0
shrinkage=0.0413828


Tree=122
num_leaves=8
num_cat=0
split_feature=14 40 0 42 24 41 13
split_gain=2.45693e+08 5.32839e+08 1.34161e+09 1.02878e+09 2.87247e+08 3.43886e+08 1.5111e+08
threshold=3.717616051137596 0.67802080537253973 11.392509279963924 0.68301270189221941 55.813641696495843 0.99981043035926087 1.3455297220526696
decision_type=2 2 2 2 2 2 2
left_child=4 3 -3 -2 5 -1 -6
right_child=1 2 -4 -5 6 -7 -8
leaf_value=-0.34527922972632596 8.5116780806304693 92.89986992385893 5.5170550903662772 -66.373999951307894 -56.054197967217789 -73.10466650255222 -15.630471251834827
leaf_weight=16460 2021 404 1179 372 192 112 904
leaf_count=16460 2021 404 1179 372 192 112 904
internal_value=-0.1024 9.19194 27.8182 -3.12958 -2.194 -0.83702 -22.712
internal_weight=21644 3976 1583 2393 17668 16572 1096
internal_count=21644 3976 1583 2393 17668 16572 1096
is_linear=0
shrinkage=0.0413828


Tree=123
num_leaves=8
num_cat=0
split_feature=12 17 41 41 7 9 5
split_gain=2.31673e+08 3.27534e+08 3.42983e+08 3.08946e+08 2.2443e+08 2.00308e+08 1.11324e+08
threshold=72.919805794649136 0.14468628607948592 -0.89404254237865755 -0.99465740988130902 289.03685434643546 1028.3090580881483 293.75424670760168
decision_type=2 2 2 2 2 2 2
left_child=1 2 -1 -3 5 -2 -6
right_child=4 3 -4 -5 6 -7 -8
leaf_value=-12.176701316217098 0.4977718157360535 66.090277561147246 4.352315924561668 13.400911697383274 -18.741564658803615 -20.452096944388078 -71.014171326743536
leaf_weight=2725 5071 226 10187 1216 1221 924 74
leaf_count=2725 5071 226 10187 1216 1221 924 74
internal_value=-0.0981626 2.95301 0.863966 21.6588 -6.10592 -2.7312 -21.7286
internal_weight=21644 14354 12912 1442 7290 5995 1295
internal_count=21644 14354 12912 1442 7290 5995 1295
is_linear=0
shrinkage=0.0413828


Tree=124
num_leaves=8
num_cat=0
split_feature=18 41 0 0 1 2 44
split_gain=2.43547e+08 4.4643e+08 1.09071e+09 4.35627e+08 1.90975e+09 3.65435e+08 3.6287e+08
threshold=0.0052119872132086126 -0.99761278905001471 14.918216744876958 14.241601499568004 0.2143644744022927 0.81184737269308072 0.92226243307315758
decision_type=2 2 2 2 2 2 2
left_child=3 2 -2 4 -1 -5 -3
right_child=1 6 -4 5 -6 -7 -8
leaf_value=75.255033014684756 170.19838946411201 0.96581323495568983 -11.78592917399031 -36.227925849868413 -4.4670294728265914 -6.7145910648952665 30.707825210964053
leaf_weight=550 94 8998 141 1128 7992 1979 762
leaf_count=550 94 8998 141 1128 7992 1979 762
internal_value=-0.0941004 4.645 61.0082 -4.16031 0.666101 -17.4295 3.28789
internal_weight=21644 9995 235 11649 8542 3107 9760
internal_count=21644 9995 235 11649 8542 3107 9760
is_linear=0
shrinkage=0.0413828


Tree=125
num_leaves=8
num_cat=1
split_feature=40 0 0 28 40 17 10
split_gain=2.30422e+08 4.98808e+08 8.12361e+08 3.65069e+08 1.32003e+09 5.86414e+08 6.03939e+07
threshold=-0.97876850416056738 11.818925934643097 11.605385008596604 0 0.4450565456874816 0.72492637785632541 1024.0297569933437
decision_type=2 2 2 1 2 2 2
left_child=1 2 -1 4 -2 -5 -3
right_child=3 6 -4 5 -6 -7 -8
leaf_value=-33.57337103417732 3.1845818004002422 -50.312872741361637 70.963826665475864 -4.7514052855807254 68.905726787881449 56.67008553523717 6.6603395418864197
leaf_weight=306 7266 507 218 12477 564 272 34
leaf_count=306 7266 507 218 12477 564 272 34
internal_value=-0.0902058 -18.8596 9.91735 0.881146 7.90843 -3.43828 -46.7323
internal_weight=21644 1065 524 20579 7830 12749 541
internal_count=21644 1065 524 20579 7830 12749 541
cat_boundaries=0 1
cat_threshold=6722
is_linear=0
shrinkage=0.0413828


Tree=126
num_leaves=8
num_cat=0
split_feature=37 17 27 17 13 24 9
split_gain=2.73254e+08 2.61285e+08 4.93239e+08 2.19632e+08 1.69998e+08 2.49282e+08 1.30274e+08
threshold=0.60355339059327384 0.041050875914351588 1.0566706581776282 0.023321270078052781 3.1484483948174562 55.813641696495843 1010.4768365760374
decision_type=2 2 2 2 2 2 2
left_child=1 3 -3 -1 5 -2 -6
right_child=4 2 -4 -5 6 -7 -8
leaf_value=-4.7577830970588986 6.4238684815619758 35.024308492691375 -1.3666855629587678 -34.243137164699654 39.592912878650317 -33.576334620938411 10.416707518714231
leaf_weight=11212 4954 821 2859 450 441 282 646
leaf_count=11212 4954 821 2859 450 441 282 646
internal_value=0.121806 -2.86182 6.75207 -5.89553 7.36122 4.26954 22.2536
internal_weight=21665 15342 3680 11662 6323 5236 1087
internal_count=21665 15342 3680 11662 6323 5236 1087
is_linear=0
shrinkage=0.0413828


Tree=127
num_leaves=8
num_cat=1
split_feature=37 40 31 40 16 2 40
split_gain=2.52207e+08 2.58342e+08 2.93469e+08 2.49123e+08 1.78595e+08 2.54097e+08 1.75695e+08
threshold=0.37940952255126048 0.99865421017599998 0 0.88220160189607266 142.28338107894214 0.69704050166185028 0.8697513045430848
decision_type=2 2 1 2 2 2 2
left_child=1 3 -3 -1 5 -2 -6
right_child=4 2 -4 -5 6 -7 -8
leaf_value=-1.6734498225085235 125.17217313264298 83.549289390217226 -6.1091773174581032 -17.253427908912897 5.4582100489044505 14.29153749558605 -13.313453515041951
leaf_weight=11222 36 114 131 2084 4947 2099 1032
leaf_count=11222 36 114 131 2084 4947 2099 1032
internal_value=0.116766 -3.33826 38.7704 -4.1136 5.88693 16.1612 2.21814
internal_weight=21665 13551 245 13306 8114 2135 5979
internal_count=21665 13551 245 13306 8114 2135 5979
cat_boundaries=0 1
cat_threshold=88
is_linear=0
shrinkage=0.0413828


Tree=128
num_leaves=7
num_cat=0
split_feature=41 41 1 9 14 26
split_gain=2.4948e+08 5.09149e+08 6.74533e+08 3.49639e+08 1.54096e+08 1.90916e+07
threshold=0.99981043035926087 0.99611390731392835 0.31139522326716945 1030.3653154395217 2.2923696545877612 144.86056644984524
decision_type=2 2 2 2 2 2
left_child=1 2 -1 -3 5 -2
right_child=4 3 -4 -5 -6 -7
leaf_value=0.46686473153068297 -69.801189227391731 64.833976085510557 -59.61596627779722 -23.282127286752459 19.878562752355993 -108.14712366049734
leaf_weight=20774 61 337 325 100 33 35
leaf_count=20774 61 337 325 100 33 35
internal_value=0.113413 0.457108 -0.458628 44.6701 -57.2646 -83.7824
internal_weight=21665 21536 21099 437 129 96
internal_count=21665 21536 21099 437 129 96
is_linear=0
shrinkage=0.0413828


Tree=129
num_leaves=8
num_cat=0
split_feature=25 11 17 51 14 24 2
split_gain=2.45597e+08 2.66157e+08 2.13498e+08 3.62543e+08 2.25244e+08 1.85249e+08 1.25989e+08
threshold=1.0000000180025095e-35 88.431029427025791 1.0000000180025095e-35 0.077737566926842624 6.9987414877589513 2.1927452693268039 0.69704050166185028
decision_type=2 2 2 2 2 2 2
left_child=1 5 4 -4 -2 -1 -3
right_child=2 6 3 -5 -6 -7 -8
leaf_value=-9.1987580109461717 -9.1493383489777056 26.900312321791215 18.497259083701454 -6.8612230613105476 79.884734801363578 9.2944352277919773 -15.997274841325126
leaf_weight=1047 7013 129 1625 2379 49 8136 1287
leaf_count=1047 7013 129 1625 2379 49 8136 1287
internal_value=0.108719 4.61082 -4.20339 3.43037 -8.53156 7.18593 -12.0892
internal_weight=21665 10599 11066 4004 7062 9183 1416
internal_count=21665 10599 11066 4004 7062 9183 1416
is_linear=0
shrinkage=0.0413828


Tree=130
num_leaves=8
num_cat=1
split_feature=0 0 31 1 20 14 14
split_gain=2.30562e+08 8.25246e+08 9.76873e+08 5.45566e+08 3.02061e+08 2.93041e+08 5.69333e+07
threshold=14.912006068462391 14.886690304456389 0 0.19598897204287505 0.00077311143662594096 5.8337294937868913 3.1605767214961111
decision_type=2 2 1 2 2 2 2
left_child=1 3 -3 -1 5 -2 -6
right_child=4 2 -4 -5 6 -7 -8
leaf_value=44.782116230490452 -25.659732030108721 -11.889403021134259 129.28155454898581 -0.91114433272708595 25.447846309397423 97.511184966693648 85.076991666640296
leaf_weight=458 1220 158 175 19499 79 34 42
leaf_count=458 1220 158 175 19499 79 34 42
internal_value=0.10422 1.21556 65.825 0.137488 -16.295 -22.3201 46.1461
internal_weight=21665 20290 333 19957 1375 1254 121
internal_count=21665 20290 333 19957 1375 1254 121
cat_boundaries=0 1
cat_threshold=26
is_linear=0
shrinkage=0.0413828


Tree=131
num_leaves=8
num_cat=0
split_feature=25 11 40 19 24 1 9
split_gain=2.26788e+08 2.43381e+08 2.01326e+08 2.32873e+08 1.70011e+08 1.45165e+08 1.40877e+08
threshold=1.0000000180025095e-35 88.431029427025791 0.99865421017599998 0.0096481376670535576 2.1927452693268039 0.24422653506319084 1022.9959357915021
decision_type=2 2 2 2 2 2 2
left_child=1 4 3 -2 -1 -4 -3
right_child=2 6 5 -5 -6 -7 -8
leaf_value=-8.8054525356843794 -4.244874219760554 -1.4607554587817546 68.551041912840375 -68.326678216396232 8.910819046658462 0.16327961589346668 -28.44326271361626
leaf_weight=1047 10755 887 111 98 8136 102 529
leaf_count=1047 10755 887 111 98 8136 102 529
internal_value=0.10215 4.42843 -4.04155 -4.82352 6.8909 35.8021 -11.5411
internal_weight=21665 10599 11066 10853 9183 213 1416
internal_count=21665 10599 11066 10853 9183 213 1416
is_linear=0
shrinkage=0.0413828


Tree=132
num_leaves=7
num_cat=0
split_feature=41 41 1 10 18 37
split_gain=2.2407e+08 4.7235e+08 6.18043e+08 3.91882e+08 1.42647e+08 1.92214e+07
threshold=0.99981043035926087 0.99611390731392835 0.31139522326716945 1030.8804520286478 1.0000000180025095e-35 0.37940952255126048
decision_type=2 2 2 2 2 2
left_child=1 2 -1 -3 5 -2
right_child=4 3 -4 -5 -6 -7
leaf_value=0.42751385914059414 -94.85376085351038 61.701729079380954 -57.084469758039674 -39.146815819058453 18.461118461682549 -56.480032378276888
leaf_weight=20774 59 356 325 81 34 36
leaf_count=20774 59 356 325 81 34 36
internal_value=0.0979231 0.423645 -0.458379 43.0089 -54.2795 -80.3129
internal_weight=21665 21536 21099 437 129 95
internal_count=21665 21536 21099 437 129 95
is_linear=0
shrinkage=0.0413828


Tree=133
num_leaves=8
num_cat=0
split_feature=41 43 34 24 4 30 30
split_gain=2.18585e+08 1.63357e+09 1.14571e+09 4.51342e+08 4.08994e+08 3.09981e+08 1.77768e+08
threshold=-0.54940789553007929 -0.68301270189221952 1.0000000180025095e-35 48.99346893504913 302.69252693347795 0.59822039698836427 0.35728952772073924
decision_type=2 2 2 2 2 2 2
left_child=3 2 -2 5 -3 -1 -5
right_child=1 4 -4 6 -6 -7 -8
leaf_value=0.45873505501959205 127.87818122276512 0.35342697429444447 -106.90171406565443 -104.40603504753734 77.086405357502883 -21.149919409828492 -32.744892327001779
leaf_weight=5887 270 13687 41 96 120 1409 155
leaf_count=5887 270 13687 41 96 120 1409 155
internal_value=0.0938704 3.13302 96.9262 -5.59139 1.02034 -3.71432 -60.1534
internal_weight=21665 14118 311 7547 13807 7296 251
internal_count=21665 14118 311 7547 13807 7296 251
is_linear=0
shrinkage=0.0413828


Tree=134
num_leaves=7
num_cat=0
split_feature=9 38 1 37 14 55
split_gain=2.18157e+08 3.69544e+08 3.00943e+08 2.20696e+08 2.10211e+08 1.04792e+08
threshold=977.88653113273892 0.6078576107927941 0.26846987448472476 0.60355339059327384 1.4368630741273629 0.077737566926842624
decision_type=2 2 2 2 2 2
left_child=1 2 -1 4 -2 -5
right_child=3 -3 -4 5 -6 -7
leaf_value=-2.8575727255949079 -13.085435665422997 -69.596901959521603 99.260474999347693 6.8635989424576156 -0.69268362870909828 -35.84208788199453
leaf_weight=79 2898 45 132 6149 12262 100
leaf_count=79 2898 45 132 6149 12262 100
internal_value=0.0899857 38.0655 61.0269 -0.364111 -3.06169 6.18019
internal_weight=21665 256 211 21409 15160 6249
internal_count=21665 256 211 21409 15160 6249
is_linear=0
shrinkage=0.0413828


Tree=135
num_leaves=8
num_cat=2
split_feature=22 10 24 31 31 12 16
split_gain=2.42318e+08 3.31628e+08 5.09361e+08 2.43669e+08 2.37093e+08 1.22331e+08 1.21019e+08
threshold=1.0000000180025095e-35 978.60160371712959 68.768667441442489 0 1 68.501811432209777 217.51894719113369
decision_type=2 2 2 1 1 2 2
left_child=1 2 -1 -3 6 -6 -2
right_child=4 3 -4 -5 5 -7 -8
leaf_value=100.95657786002249 -33.873789532008189 3.8326790028928084 -28.835210515223267 -5.1277685007952352 -99.221121286845346 -26.715620760580908 51.861418873107432
leaf_weight=135 54 12100 84 9095 103 65 59
leaf_count=135 54 12100 84 9095 103 65 59
internal_value=0.00952765 0.510529 51.1735 -0.0129554 -38.1698 -67.1705 10.0053
internal_weight=21695 21414 219 21195 281 168 113
internal_count=21695 21414 219 21195 281 168 113
cat_boundaries=0 1 2
cat_threshold=102 41
is_linear=0
shrinkage=0.0413828


Tree=136
num_leaves=8
num_cat=1
split_feature=22 9 16 23 31 11 16
split_gain=2.22677e+08 3.18357e+08 4.52457e+08 2.52033e+08 2.17876e+08 1.54931e+08 1.1121e+08
threshold=1.0000000180025095e-35 979.06978417728772 198.65268606058507 49.508803031195704 0 64.370701885869309 217.51894719113369
decision_type=2 2 2 2 1 2 2
left_child=1 2 -1 -3 6 -6 -2
right_child=4 3 -4 -5 5 -7 -8
leaf_value=-28.382587869306342 -32.472021489821785 1.5499653654254375 80.531965557687158 -12.465574213107923 -113.0133816932405 -32.962717986673212 49.71528118497227
leaf_weight=99 54 18632 192 2491 74 94 59
leaf_count=99 54 18632 192 2491 74 94 59
internal_value=0.00910858 0.489377 43.4786 -0.102864 -36.5903 -64.3908 9.59122
internal_weight=21695 21414 291 21123 281 168 113
internal_count=21695 21414 291 21123 281 168 113
cat_boundaries=0 1
cat_threshold=41
is_linear=0
shrinkage=0.0413828


Tree=137
num_leaves=8
num_cat=0
split_feature=14 2 39 29 1 1 29
split_gain=2.16996e+08 4.87526e+08 9.04069e+08 3.06267e+08 2.65026e+08 8.22658e+08 4.072e+08
threshold=1.1953929101235146 0.69704050166185028 -0.56174490092936669 311.50000000000006 0.31102062593850105 0.30984687486324053 6.5000000000000009
decision_type=2 2 2 2 2 2 2
left_child=1 2 -1 -3 5 -2 -6
right_child=4 3 -4 -5 6 -7 -8
leaf_value=239.66111044598483 1.0081176857057841 -10.108986919014786 -9.7688244045994441 -55.01959948078175 15.340485655778137 56.634579378501066 -47.841284571391888
leaf_weight=37 18171 1911 76 301 288 467 444
leaf_count=37 18171 1911 76 301 288 467 444
internal_value=0.00873147 -11.9372 71.9043 -16.2203 1.44261 2.40192 -22.9829
internal_weight=21695 2325 113 2212 19370 18638 732
internal_count=21695 2325 113 2212 19370 18638 732
is_linear=0
shrinkage=0.0413828


Tree=138
num_leaves=8
num_cat=0
split_feature=0 1 1 0 1 10 18
split_gain=2.08909e+08 2.42205e+08 2.38672e+08 1.96887e+09 3.733e+08 1.36083e+08 9.84978e+07
threshold=14.958737943598278 0.19461756167377894 0.19598897204287505 14.836871879077558 0.19719531436214235 987.33285323551149 0.15728228944455694
decision_type=2 2 2 2 2 2 2
left_child=2 5 3 -1 -4 -2 -3
right_child=1 6 4 -5 -6 -7 -8
leaf_value=139.99272518329138 78.33923956291882 -65.147813574909634 -34.681607909039322 -4.8549347658693929 0.51876238493213844 -6.8416084843175682 -18.423250836052691
leaf_weight=192 40 205 530 986 19455 163 124
leaf_count=192 40 205 530 986 19455 163 124
internal_value=0.0083705 -25.6041 0.652224 18.7536 -0.414749 9.94309 -47.5374
internal_weight=21695 532 21163 1178 19985 203 329
internal_count=21695 532 21163 1178 19985 203 329
is_linear=0
shrinkage=0.0413828


Tree=139
num_leaves=8
num_cat=0
split_feature=22 9 1 23 12 16 16
split_gain=2.05282e+08 2.91733e+08 4.25819e+08 2.30929e+08 1.12467e+08 1.01251e+08 6.15433e+07
threshold=1.0000000180025095e-35 979.06978417728772 0.26846987448472476 49.508803031195704 69.611927639608453 260.12092588499848 225.71010121431058
decision_type=2 2 2 2 2 2 2
left_child=1 2 -1 -3 5 -2 -6
right_child=4 3 -4 -5 6 -7 -8
leaf_value=-12.940325036066747 -31.285058314428117 1.4843331471207946 87.549904721620436 -11.931580340671701 -31.14109838402586 -96.54178902630504 31.762586551929846
leaf_weight=133 109 18632 158 2491 57 65 50
leaf_count=133 109 18632 158 2491 57 65 50
internal_value=0.00802429 0.469152 41.6215 -0.0977835 -35.1327 -55.663 -1.74683
internal_weight=21695 21414 291 21123 281 174 107
internal_count=21695 21414 291 21123 281 174 107
is_linear=0
shrinkage=0.0413828


Tree=140
num_leaves=7
num_cat=0
split_feature=14 40 10 1 1 29
split_gain=1.99217e+08 3.26971e+08 2.54891e+08 2.4286e+08 7.55374e+08 3.74494e+08
threshold=1.1953929101235146 -0.99763297024448894 993.78115287576713 0.31102062593850105 0.30984687486324053 6.5000000000000009
decision_type=2 2 2 2 2 2
left_child=1 -1 -3 4 -2 -5
right_child=3 2 -4 5 -6 -7
leaf_value=105.85441229383738 0.9643031346344263 -50.935926914502836 -8.389881481689617 14.75191973245658 54.267432693484352 -45.839338686734528
leaf_weight=40 18171 274 2011 288 467 444
leaf_count=40 18171 274 2011 288 467 444
internal_value=0.00769212 -11.4384 -13.4917 1.38158 2.29989 -22.0002
internal_weight=21695 2325 2285 19370 18638 732
internal_count=21695 2325 2285 19370 18638 732
is_linear=0
shrinkage=0.0413828


Tree=141
num_leaves=8
num_cat=1
split_feature=40 31 40 40 40 0 40
split_gain=1.99057e+08 3.02951e+08 2.69713e+08 2.5862e+09 5.37335e+08 1.48358e+08 5.56066e+07
threshold=0.99818282439137029 0 0.88220160189607266 0.83376496542330847 0.94138322595482449 12.599358814455455 0.99995780822346225
decision_type=2 1 2 2 2 2 2
left_child=2 5 3 -1 -4 -2 -3
right_child=1 6 4 -5 -6 -7 -8
leaf_value=-1.7898715191103411 20.136647874777299 -1.5133532529270994 -34.574660348965942 78.26547736447742 0.57286893811719253 82.647900750490265 -54.302036162033943
leaf_weight=17198 112 153 1131 720 2182 155 44
leaf_count=17198 112 153 1131 720 2182 155 44
internal_value=0.00737393 26.8209 -0.578633 1.427 -11.4259 54.3891 -12.6612
internal_weight=21695 464 21231 17918 3313 267 197
internal_count=21695 464 21231 17918 3313 267 197
cat_boundaries=0 1
cat_threshold=89
is_linear=0
shrinkage=0.0413828


Tree=142
num_leaves=8
num_cat=1
split_feature=16 13 43 28 1 24 35
split_gain=1.93735e+08 3.52994e+08 3.01389e+08 3.0009e+08 5.44496e+08 2.7013e+08 2.31809e+08
threshold=109.93056615156837 4.6230114096005019 0.6830127018922193 0 0.27692301352049581 43.30073408312731 0.72916666666666685
decision_type=2 2 2 1 2 2 2
left_child=1 6 -3 4 -2 -5 -1
right_child=3 2 -4 5 -6 -7 -8
leaf_value=-0.38360728803008803 -10.111945196721752 86.09548192036732 -31.330610260373238 5.4857241143725837 82.307203564783478 -10.270697077902671 27.590807131784732
leaf_weight=2336 6626 170 48 9434 111 2322 648
leaf_count=2336 6626 170 48 9434 111 2322 648
internal_value=0.00706892 9.40511 60.2402 -1.62017 -8.57649 2.37156 5.69127
internal_weight=21695 3202 218 18493 6737 11756 2984
internal_count=21695 3202 218 18493 6737 11756 2984
cat_boundaries=0 1
cat_threshold=408
is_linear=0
shrinkage=0.0413828


Tree=143
num_leaves=8
num_cat=0
split_feature=0 29 18 38 24 17 16
split_gain=1.94368e+08 2.21622e+08 2.11494e+08 3.99584e+08 2.78084e+08 8.98119e+07 7.41381e+07
threshold=14.958737943598278 171.50000000000003 0.1417308583174107 -1.0000000180025095e-35 50.907914426550768 0.1586266206665963 182.10037294309836
decision_type=2 2 2 2 2 2 2
left_child=2 6 4 -4 -1 -3 -2
right_child=1 5 3 -5 -6 -7 -8
leaf_value=0.44074220737009945 23.222050422255172 -62.82304185278948 28.865584271376843 -3.2305522993446814 -19.523630609094198 -18.41015006609225 -35.63507207828723
leaf_weight=17204 155 202 1228 1447 1284 127 48
leaf_count=17204 155 202 1228 1447 1284 127 48
internal_value=0.00677669 -24.6983 0.627818 11.5037 -0.945794 -45.679 9.30499
internal_weight=21695 532 21163 2675 18488 329 203
internal_count=21695 532 21163 2675 18488 329 203
is_linear=0
shrinkage=0.0413828


Tree=144
num_leaves=8
num_cat=0
split_feature=40 44 0 9 23 42 16
split_gain=2.4202e+08 5.48843e+08 9.60341e+08 3.12861e+08 2.79757e+08 2.30208e+08 1.21292e+08
threshold=-0.97876850416056738 0.86316374695216147 11.780160107788744 987.00495968165217 0.44301891312273034 -0.93301270189221919 245.26401499847131
decision_type=2 2 2 2 2 2 2
left_child=1 3 -3 -1 6 -6 -2
right_child=4 2 -4 -5 5 -7 -8
leaf_value=44.492348322630235 -13.407684677362157 147.18110986362947 -68.08690868027773 -39.353659846092327 20.447786143714982 0.91873120584211709 -56.310460400504731
leaf_weight=84 1255 83 62 822 1096 18188 124
leaf_count=84 1255 83 62 822 1096 18188 124
internal_value=-0.24432 -19.6162 55.1356 -31.5798 0.741009 2.02866 -17.2655
internal_weight=21714 1051 145 906 20663 19284 1379
internal_count=21714 1051 145 906 20663 19284 1379
is_linear=0
shrinkage=0.0413828


Tree=145
num_leaves=8
num_cat=1
split_feature=10 29 2 29 28 8 24
split_gain=2.09103e+08 5.20132e+08 6.44355e+08 3.08236e+08 3.01581e+08 1.71651e+08 1.27872e+08
threshold=1028.8576297373149 323.50000000000006 0.70012165971392115 313.50000000000006 0 283.02489607068446 47.522132549465979
decision_type=2 2 2 2 1 2 2
left_child=1 3 -3 -1 5 -2 -6
right_child=4 2 -4 -5 6 -7 -8
leaf_value=-0.01206690890009339 6.0259145248545121 15.820536952780497 107.72407288401411 -37.607308858939462 -18.159392983155886 107.03098976812383 -66.113385956802844
leaf_weight=18900 68 930 152 381 1129 50 104
leaf_count=18900 68 930 152 381 1129 50 104
internal_value=-0.234209 0.811805 28.7313 -0.754965 -16.0003 45.0108 -22.0256
internal_weight=21714 20363 1082 19281 1351 118 1233
internal_count=21714 20363 1082 19281 1351 118 1233
cat_boundaries=0 1
cat_threshold=4
is_linear=0
shrinkage=0.0413828


Tree=146
num_leaves=8
num_cat=1
split_feature=40 23 0 9 28 0 29
split_gain=2.22624e+08 5.08309e+08 1.0285e+09 3.49696e+08 3.06603e+08 6.27581e+08 4.27063e+08
threshold=-0.97876850416056738 4.8043048355998925 11.780160107788744 987.00495968165217 0 12.916517146251097 42.500000000000007
decision_type=2 2 2 2 1 2 2
left_child=1 2 -1 -3 5 -2 -6
right_child=4 3 -4 -5 6 -7 -8
leaf_value=147.91266396073198 7.2236927092638412 49.282982485837863 -69.472709006289691 -38.922766696384812 -32.831741414715928 76.015062608149833 -0.10768904962216608
leaf_weight=84 2958 85 67 815 712 246 16747
leaf_count=84 2958 85 67 815 712 246 16747
internal_value=-0.224516 -18.8039 51.4571 -30.5922 0.720504 12.4665 -1.44139
internal_weight=21714 1051 151 900 20663 3204 17459
internal_count=21714 1051 151 900 20663 3204 17459
cat_boundaries=0 1
cat_threshold=514
is_linear=0
shrinkage=0.0413828


Tree=147
num_leaves=8
num_cat=1
split_feature=40 45 0 28 8 29 10
split_gain=2.04579e+08 4.74818e+08 8.29812e+08 2.81752e+08 5.92276e+08 3.92448e+08 2.78793e+08
threshold=-0.97876850416056738 0.077737566926842624 11.780160107788744 0 304.18825671952533 42.500000000000007 986.28082437860178
decision_type=2 2 2 1 2 2 2
left_child=1 2 -1 4 -2 -5 -3
right_child=3 6 -4 5 -6 -7 -8
leaf_value=146.61066208392643 8.6967648339434618 44.496108300648118 -43.200912449232717 -31.473072343529921 108.17618369153216 -0.10323257863631817 -36.929127365677758
leaf_weight=76 3098 79 82 712 106 16747 814
leaf_count=76 3098 79 82 712 106 16747 814
internal_value=-0.215225 -18.0257 48.1012 0.690687 11.9506 -1.38174 -29.7257
internal_weight=21714 1051 158 20663 3204 17459 893
internal_count=21714 1051 158 20663 3204 17459 893
cat_boundaries=0 1
cat_threshold=514
is_linear=0
shrinkage=0.0413828


Tree=148
num_leaves=8
num_cat=0
split_feature=10 29 27 40 1 29 2
split_gain=1.92152e+08 4.77636e+08 7.11835e+08 3.50709e+08 3.23653e+08 2.86451e+08 1.28831e+08
threshold=1028.8576297373149 323.50000000000006 0.93564219413875926 0.50557357885840837 0.30129284612625562 309.50000000000006 0.69938919975787772
decision_type=2 2 2 2 2 2 2
left_child=1 5 -3 6 -5 -1 -2
right_child=3 2 -4 4 -6 -7 -8
leaf_value=0.14054960090509847 -6.6146740214617648 64.103133382086213 -3.2723362003107286 2.8732069389323036 122.37413650350796 -30.794990707288513 -34.913401853444014
leaf_weight=18754 451 495 587 138 54 527 708
leaf_count=18754 451 495 587 138 54 527 708
internal_value=-0.206318 0.796402 27.551 -15.3198 36.4833 -0.705001 -23.9016
internal_weight=21714 20363 1082 1351 192 19281 1159
internal_count=21714 20363 1082 1351 192 19281 1159
is_linear=0
shrinkage=0.0413828


Tree=149
num_leaves=8
num_cat=1
split_feature=40 45 1 28 40 1 9
split_gain=1.88314e+08 4.36333e+08 7.62554e+08 2.67209e+08 1.21439e+09 4.63992e+08 2.58626e+08
threshold=-0.97876850416056738 0.077737566926842624 0.25298889713350903 0 0.4450565456874816 0.19719531436214235 987.00495968165217
decision_type=2 2 2 1 2 2 2
left_child=1 2 -1 4 -2 -5 -3
right_child=3 6 -4 5 -6 -7 -8
leaf_value=-41.418973377164122 2.1154462133169294 36.42755437355968 140.53775923412209 -57.309981286719221 64.635827357164999 -1.8734944779047311 -36.140152030222445
leaf_weight=82 7281 94 76 264 574 12544 799
leaf_count=82 7281 94 76 264 574 12544 799
internal_value=-0.19778 -17.2856 46.1049 0.671373 6.6756 -3.01381 -28.5014
internal_weight=21714 1051 158 20663 7855 12808 893
internal_count=21714 1051 158 20663 7855 12808 893
cat_boundaries=0 1
cat_threshold=6722
is_linear=0
shrinkage=0.0413828


Tree=150
num_leaves=8
num_cat=0
split_feature=10 43 44 0 40 0 0
split_gain=1.82074e+08 3.72597e+08 7.27583e+08 6.28126e+08 3.21994e+08 2.91626e+08 1.87329e+08
threshold=1028.8576297373149 0.6830127018922193 0.19593493916883467 10.610372835933651 0.50557357885840837 10.273140293585405 9.5938434878608341
decision_type=2 2 2 2 2 2 2
left_child=1 3 -3 -1 6 -6 -2
right_child=4 2 -4 -5 5 -7 -8
leaf_value=-37.099439366128934 -11.069494041958327 -12.966807068365508 26.082305701755917 -0.0013144553489048008 116.26626388728133 2.831836767181918 -46.085907153776432
leaf_weight=822 760 1239 2400 15902 54 138 399
leaf_count=822 760 1239 2400 15902 54 138 399
internal_value=-0.189595 0.786475 12.7869 -1.82472 -14.9014 34.7357 -23.1244
internal_weight=21714 20363 3639 16724 1351 192 1159
internal_count=21714 20363 3639 16724 1351 192 1159
is_linear=0
shrinkage=0.0413828


Tree=151
num_leaves=8
num_cat=0
split_feature=13 1 0 0 0 20 0
split_gain=1.80867e+08 5.01793e+08 6.09224e+08 2.24539e+08 8.28889e+08 2.6171e+08 1.73224e+08
threshold=5.2648015125473915 0.31102062593850105 10.165654931285504 14.912006068462391 14.886690304456389 0.0011553238322612382 9.506362547973648
decision_type=2 2 2 2 2 2 2
left_child=3 2 -2 4 -1 -5 -3
right_child=1 6 -4 5 -6 -7 -8
leaf_value=-1.1434942999432938 102.8455380232474 2.8048293430695987 11.945399933906513 -22.985415061421033 65.92280146136693 47.321764025441638 -99.74545580797249
leaf_weight=18736 143 43 1079 1212 321 98 82
leaf_count=18736 143 43 1079 1212 321 98 82
internal_value=-0.181749 14.5044 22.5827 -1.15304 -0.0138126 -17.7258 -64.4684
internal_weight=21714 1347 1222 20367 19057 1310 125
internal_count=21714 1347 1222 20367 19057 1310 125
is_linear=0
shrinkage=0.0413828


Tree=152
num_leaves=8
num_cat=0
split_feature=41 38 10 1 41 41 18
split_gain=1.85127e+08 5.95702e+08 1.00396e+09 6.18168e+08 4.02372e+08 2.52021e+08 2.01792e+08
threshold=-0.99761278905001471 1.0000000180025095e-35 1012.8889559208195 0.19719531436214235 -0.97874870457683594 -0.96234030595689413 0.48104150174518956
decision_type=2 2 2 2 2 2 2
left_child=1 3 -3 -1 6 -6 -2
right_child=4 2 -4 -5 5 -7 -8
leaf_value=-17.438916492155172 -34.185958799207796 149.13501967857999 -71.622174678905367 104.34122808975218 28.838687313078381 -0.24146003826810661 14.216494349192514
leaf_weight=111 861 44 178 200 524 19618 178
leaf_count=111 861 44 178 200 524 19618 178
internal_value=-0.174227 23.9134 -27.868 60.8764 -0.780372 0.51507 -25.8937
internal_weight=21714 533 222 311 21181 20142 1039
internal_count=21714 533 222 311 21181 20142 1039
is_linear=0
shrinkage=0.0413828


Tree=153
num_leaves=6
num_cat=0
split_feature=15 41 10 41 41
split_gain=1.98766e+08 1.86307e+08 4.81076e+08 4.70396e+08 5.11045e+07
threshold=322.22453931394062 -0.99628250747696534 1010.317463463569 -0.97874870457683594 0.50370931781787076
decision_type=2 2 2 2 2
left_child=1 2 -1 -3 -2
right_child=4 3 -4 -5 -6
leaf_value=175.81877841637282 23.074294478626825 -29.830086494391974 13.550344958176799 0.56191690789148108 89.790785865185427
leaf_weight=33 32 912 603 19954 51
leaf_count=33 32 912 603 19954 51
internal_value=0.152805 -0.0939221 21.9702 -0.766442 64.0693
internal_weight=21585 21502 636 20866 83
internal_count=21585 21502 636 20866 83
is_linear=0
shrinkage=0.0413828


Tree=154
num_leaves=6
num_cat=0
split_feature=15 22 9 12 9
split_gain=1.82656e+08 1.72931e+08 2.31122e+08 1.15056e+08 5.61123e+07
threshold=322.22453931394062 1.0000000180025095e-35 977.88653113273892 68.301946215486382 1014.6437927119836
decision_type=2 2 2 2 2
left_child=1 2 -1 -3 -2
right_child=4 3 -4 -5 -6
leaf_value=42.622056769375526 92.685287468015815 -55.397638676437957 -0.11154579998942889 -0.56511108681383293 24.38956672873006
leaf_weight=219 45 160 21012 111 38
leaf_count=219 45 160 21012 111 38
internal_value=0.146482 -0.090035 0.329258 -32.9386 61.418
internal_weight=21585 21502 21231 271 83
internal_count=21585 21502 21231 271 83
is_linear=0
shrinkage=0.0413828


Tree=155
num_leaves=8
num_cat=0
split_feature=37 15 0 14 0 24 15
split_gain=1.73597e+08 1.76423e+08 1.89528e+08 1.74188e+08 4.41177e+08 1.56087e+08 1.5405e+08
threshold=-0.37940952255126015 159.58794111604203 11.348975741552261 5.3345440949812142 10.610372835933651 13.512808299112908 207.8086417907011
decision_type=2 2 2 2 2 2 2
left_child=3 5 -3 6 -5 -2 -1
right_child=1 2 -4 4 -6 -7 -8
leaf_value=-9.7459704023806246 16.028374068171047 7.2865458576794024 -5.7306130522670875 -27.89023062237677 47.025993786984571 1.8667015966982274 3.8616205820976073
leaf_weight=5634 2637 3079 5069 222 342 2695 1907
leaf_count=5634 2637 3079 5069 222 342 2695 1907
internal_value=0.140421 3.01813 -0.811635 -4.6457 17.5377 8.87052 -6.30483
internal_weight=21585 13480 8148 8105 564 5332 7541
internal_count=21585 13480 8148 8105 564 5332 7541
is_linear=0
shrinkage=0.0413828


Tree=156
num_leaves=8
num_cat=1
split_feature=14 2 9 40 1 1 31
split_gain=1.75405e+08 3.1801e+08 1.005e+09 2.61176e+08 2.3033e+08 6.57519e+08 3.64221e+08
threshold=1.4275242693137444 0.69704050166185028 1023.2773909215456 -0.99940763397299126 0.31102062593850105 0.30984687486324053 0
decision_type=2 2 2 2 2 2 1
left_child=1 2 -1 -3 5 -2 -6
right_child=4 3 -4 -5 6 -7 -8
leaf_value=256.81931207437742 1.5280247322260363 104.53499943597156 0.90674470394253837 -10.634855729176758 -51.174928000508601 52.570603404945558 14.629067290582244
leaf_weight=32 16260 34 147 4090 331 444 247
leaf_count=32 16260 34 147 4090 331 444 247
internal_value=0.13461 -7.34151 46.6576 -9.68532 1.99607 2.88476 -23.6868
internal_weight=21585 4303 179 4124 17282 16704 578
internal_count=21585 4303 179 4124 17282 16704 578
cat_boundaries=0 1
cat_threshold=43
is_linear=0
shrinkage=0.0413828


Tree=157
num_leaves=8
num_cat=0
split_feature=41 27 1 9 41 41 18
split_gain=1.66816e+08 3.79018e+08 5.84335e+08 3.50649e+08 3.43991e+08 2.3062e+08 1.91911e+08
threshold=-0.99761278905001471 0.53250290167096181 0.19719531436214235 1021.1019836782691 -0.97874870457683594 -0.96234030595689413 0.48104150174518956
decision_type=2 2 2 2 2 2 2
left_child=1 3 -3 -1 6 -6 -2
right_child=4 2 -4 -5 5 -7 -8
leaf_value=-35.805256765080685 -31.734524284571272 7.860325643622323 132.98420887185895 99.676097526976292 27.781801962805261 0.038919566499601495 15.245547212109653
leaf_weight=203 862 161 106 39 527 19507 180
leaf_count=203 862 161 106 39 527 19507 180
internal_value=0.128339 23.5382 57.5353 -13.9712 -0.437025 0.768705 -23.619
internal_weight=21585 509 267 242 21076 20034 1042
internal_count=21585 509 267 242 21076 20034 1042
is_linear=0
shrinkage=0.0413828


Tree=158
num_leaves=8
num_cat=0
split_feature=10 43 1 41 2 2 1
split_gain=1.68462e+08 4.22745e+08 5.67911e+08 5.41735e+08 1.72652e+08 3.10461e+08 3.02507e+08
threshold=1027.0343860345367 0.6830127018922193 0.29403088672726913 0.92519182738459482 0.72500492857896948 0.70300183194303356 0.30129284612625562
decision_type=2 2 2 2 2 2 2
left_child=1 2 -1 -3 5 -2 -6
right_child=4 3 -4 -5 6 -7 -8
leaf_value=0.16643300488979471 -5.8081847581145913 32.229645674696066 -37.951143633810226 -1.5683448605984367 -7.4199014550842204 -48.025042526861924 74.140858797517396
leaf_weight=15794 940 1582 699 1669 365 437 99
leaf_count=15794 940 1582 699 1669 365 437 99
internal_value=0.123029 1.23939 -1.44905 14.8784 -11.8495 -19.206 9.98219
internal_weight=21585 19744 16493 3251 1841 1377 464
internal_count=21585 19744 16493 3251 1841 1377 464
is_linear=0
shrinkage=0.0413828


Tree=159
num_leaves=8
num_cat=0
split_feature=41 0 39 8 2 0 51
split_gain=1.65929e+08 1.97087e+09 7.06512e+08 4.87779e+08 4.87199e+08 9.36172e+08 4.94497e+08
threshold=-0.54940789553007929 13.897120305775262 0.81174490092936691 304.18825671952533 0.80085564246778274 14.22402246062296 1.0000000180025095e-35
decision_type=2 2 2 2 2 2 2
left_child=4 3 -3 -2 6 -6 -1
right_child=1 2 -4 -5 5 -7 -8
leaf_value=-10.992748548722242 -0.21462731978991778 146.49690701934168 -33.74908200826787 71.580558473731102 62.338419433827383 -3.437637441109251 -60.338764116857938
leaf_weight=1416 13685 216 45 164 399 5199 461
leaf_count=1416 13685 216 45 164 399 5199 461
internal_value=0.117937 2.75881 115.42 0.635577 -4.86704 1.25059 -23.1124
internal_weight=21585 14110 261 13849 7475 5598 1877
internal_count=21585 14110 261 13849 7475 5598 1877
is_linear=0
shrinkage=0.0413828


Tree=160
num_leaves=8
num_cat=1
split_feature=40 31 40 40 16 1 40
split_gain=1.58542e+08 7.56449e+08 3.51825e+08 2.20479e+09 8.309e+08 2.17885e+08 1.79536e+08
threshold=0.99374995976406788 0 0.88220160189607266 0.83376496542330847 138.519888221743 0.24805837521229826 0.99865421017599998
decision_type=2 1 2 2 2 2 2
left_child=2 6 3 -1 -4 -3 -2
right_child=1 5 4 -5 -6 -7 -8
leaf_value=-1.4227367472205343 -76.730103064228686 24.047751718295711 19.587446772305118 72.401466556121889 -28.69827386114261 75.728128995367456 -4.5004022035257769
leaf_weight=17132 136 389 877 722 2007 218 104
leaf_count=17132 136 389 877 722 2007 218 104
internal_value=0.113057 17.6623 -0.603706 1.56265 -14.015 41.9179 -43.6135
internal_weight=21585 847 20738 17854 2884 607 240
internal_count=21585 847 20738 17854 2884 607 240
cat_boundaries=0 1
cat_threshold=6
is_linear=0
shrinkage=0.0413828


Tree=161
num_leaves=6
num_cat=0
split_feature=15 41 10 41 9
split_gain=1.64377e+08 1.65878e+08 4.4311e+08 3.93347e+08 5.07061e+07
threshold=322.22453931394062 -0.99628250747696534 1010.317463463569 -0.97874870457683594 1014.6437927119836
decision_type=2 2 2 2 2
left_child=1 2 -1 -3 -2
right_child=4 3 -4 -5 -6
leaf_value=168.35631093608279 87.956272941713678 -27.327584716144013 12.622515468422035 0.46413732507012001 23.033843536526501
leaf_weight=33 45 912 603 19954 38
leaf_count=33 45 912 603 19954 38
internal_value=0.108379 -0.115993 20.7033 -0.75057 58.2334
internal_weight=21585 21502 636 20866 83
internal_count=21585 21502 636 20866 83
is_linear=0
shrinkage=0.0413828


Tree=162
num_leaves=8
num_cat=1
split_feature=0 0 18 9 9 28 0
split_gain=1.84763e+08 6.03959e+08 1.07155e+09 2.82078e+08 3.32243e+08 2.62197e+08 3.69656e+07
threshold=14.912006068462391 14.89703437938036 0.015547513385368588 984.08640654256908 1010.4768365760374 0 14.951749891514442
decision_type=2 2 2 2 2 1 2
left_child=1 5 -3 6 -5 -1 -2
right_child=3 2 -4 4 -6 -7 -8
leaf_value=6.1676127120432076 -91.775630821792475 4.5863860696616907 208.55006319884703 30.539889746464095 -20.743267490086165 -3.7237111709010566 -39.419346307406443
leaf_weight=7100 83 133 66 277 988 12936 32
leaf_count=7100 83 133 66 277 988 12936 32
internal_value=-0.504032 0.495136 72.2333 -15.1549 -9.51366 -0.217381 -77.2074
internal_weight=21615 20235 199 1380 1265 20036 115
internal_count=21615 20235 199 1380 1265 20036 115
cat_boundaries=0 1
cat_threshold=6214
is_linear=0
shrinkage=0.0413828


Tree=163
num_leaves=8
num_cat=1
split_feature=18 0 0 24 28 2 16
split_gain=1.78556e+08 3.64527e+08 1.19744e+09 3.17008e+08 5.94527e+08 3.15058e+08 2.96487e+08
threshold=0.0052119872132086126 14.241601499568004 13.876859706414601 13.609221382217182 0 0.81184737269308072 251.02992172790559
decision_type=2 2 2 2 1 2 2
left_child=1 2 -1 4 -2 -3 -5
right_child=3 5 -4 6 -6 -7 -8
leaf_value=-4.7505120037109476 41.052762053577396 -33.366472704908858 46.622417303666545 -3.895023693848465 0.40820157303186938 -6.0876164778465922 21.50276487358941
leaf_weight=7638 989 1142 865 6479 1620 1986 896
leaf_count=7638 989 1142 865 6479 1620 1986 896
internal_value=-0.483127 -3.96789 0.475599 3.5765 15.9744 -16.0468 -0.809405
internal_weight=21615 11631 8503 9984 2609 3128 7375
internal_count=21615 11631 8503 9984 2609 3128 7375
cat_boundaries=0 1
cat_threshold=3234
is_linear=0
shrinkage=0.0413828


Tree=164
num_leaves=8
num_cat=1
split_feature=14 2 0 28 11 29 8
split_gain=1.70854e+08 5.31705e+08 6.41126e+08 3.27813e+08 2.07324e+08 2.3966e+08 1.1702e+08
threshold=1.1843618502068878 0.69704050166185028 9.5284244188359057 0 88.431029427025791 323.50000000000006 279.96744249407249
decision_type=2 2 2 1 2 2 2
left_child=1 2 -1 -3 5 -2 -6
right_child=4 3 -4 -5 6 -7 -8
leaf_value=-12.669813450312029 0.71568896844724639 -41.859690680792134 191.00370950407708 -5.5962750688975973 -45.321495735507391 19.701177055003726 -9.7841650233834585
leaf_weight=59 16695 587 48 1536 181 1222 1287
leaf_count=59 16695 587 48 1536 181 1222 1287
internal_value=-0.462339 -11.31 78.6987 -15.8465 0.785547 2.01056 -14.1658
internal_weight=21615 2230 107 2123 19385 17917 1468
internal_count=21615 2230 107 2123 19385 17917 1468
cat_boundaries=0 1
cat_threshold=4372
is_linear=0
shrinkage=0.0413828


Tree=165
num_leaves=8
num_cat=1
split_feature=40 31 40 40 16 16 9
split_gain=1.69031e+08 3.42759e+08 2.71263e+08 1.8999e+09 4.84153e+08 1.46167e+08 7.97908e+07
threshold=0.99700008544936913 0 0.88220160189607266 0.83376496542330847 83.546563033923164 122.97337201629821 1018.1628518528377
decision_type=2 1 2 2 2 2 2
left_child=2 5 3 -1 -4 -2 -3
right_child=1 6 4 -5 -6 -7 -8
leaf_value=-1.8411257558265259 130.80362750748594 18.209952846367472 43.167764458751314 67.098306783138298 -17.09459484587439 44.775306247575301 -23.274178955454396
leaf_weight=17185 40 130 248 713 2876 219 204
leaf_count=17185 40 130 248 713 2876 219 204
internal_value=-0.444115 21.3448 -1.05875 0.905208 -12.3106 55.9036 -6.92046
internal_weight=21615 593 21022 17898 3124 259 334
internal_count=21615 593 21022 17898 3124 259 334
cat_boundaries=0 1
cat_threshold=73
is_linear=0
shrinkage=0.0413828


Tree=166
num_leaves=8
num_cat=0
split_feature=0 0 17 9 9 43 16
split_gain=1.6691e+08 5.54847e+08 6.78318e+08 2.59125e+08 3.05043e+08 2.51755e+08 3.56253e+07
threshold=14.912006068462391 14.886690304456389 0.26481788631550746 984.08640654256908 1010.4768365760374 -0.9330127018922193 223.98477665731696
decision_type=2 2 2 2 2 2 2
left_child=1 5 -3 6 -5 -1 -2
right_child=3 2 -4 4 -6 -7 -8
leaf_value=28.518128805909921 -55.691704183509394 22.095535659308645 165.10064598613857 29.435033775754842 -19.704025805348216 -1.1071231304910438 -103.08401486242283
leaf_weight=504 71 256 73 277 988 19402 44
leaf_count=504 71 256 73 277 988 19402 44
internal_value=-0.425736 0.523931 53.8266 -14.3507 -8.94392 -0.35704 -73.8251
internal_weight=21615 20235 329 1380 1265 19906 115
internal_count=21615 20235 329 1380 1265 19906 115
is_linear=0
shrinkage=0.0413828


Tree=167
num_leaves=8
num_cat=0
split_feature=41 0 39 2 0 51 5
split_gain=1.67166e+08 1.62307e+09 6.16173e+08 4.90215e+08 8.19105e+08 4.24364e+08 4.16162e+08
threshold=-0.54940789553007929 13.897120305775262 0.81174490092936691 0.80085564246778274 14.22402246062296 1.0000000180025095e-35 302.03349746079499
decision_type=2 2 2 2 2 2 2
left_child=3 6 -3 5 -5 -1 -2
right_child=1 2 -4 4 -6 -7 -8
leaf_value=-12.497858027073947 -0.23983071264786721 132.56754987134849 -42.29588690315952 58.556725317067375 -3.6049659488712198 -58.268145319903539 91.07740274026618
leaf_weight=1411 13761 218 41 390 5248 460 86
leaf_count=1411 13761 218 41 390 5248 460 86
internal_value=-0.408117 2.24714 104.886 -5.39613 0.694983 -23.7509 0.327323
internal_weight=21615 14106 259 7509 5638 1871 13847
internal_count=21615 14106 259 7509 5638 1871 13847
is_linear=0
shrinkage=0.0413828


Tree=168
num_leaves=8
num_cat=2
split_feature=18 28 40 40 24 28 16
split_gain=1.70847e+08 3.30731e+08 5.04252e+08 4.05456e+08 2.87971e+08 5.31998e+08 2.66378e+08
threshold=0.0052119872132086126 0 -0.97113884758256674 -0.99630266176052629 13.609221382217182 1 251.02992172790559
decision_type=2 1 2 2 2 1 2
left_child=1 3 -3 -1 5 -2 -6
right_child=4 2 -4 -5 6 -7 -8
leaf_value=75.297327415062369 39.119275328223964 -45.046698399731177 4.6824925723757405 -13.868027393177673 -3.5251662394624685 0.66783181658132407 20.548511478530681
leaf_weight=89 989 369 6505 4668 6479 1620 896
leaf_count=89 989 369 6505 4668 6479 1620 896
internal_value=-0.391228 -3.79994 2.01007 -12.1742 3.5798 15.3962 -0.600416
internal_weight=21615 11631 6874 4757 9984 2609 7375
internal_count=21615 11631 6874 4757 9984 2609 7375
cat_boundaries=0 1 2
cat_threshold=1204 3234
is_linear=0
shrinkage=0.0413828


Tree=169
num_leaves=8
num_cat=0
split_feature=40 38 40 40 16 1 40
split_gain=1.61314e+08 6.42885e+08 3.03858e+08 1.66826e+09 6.12407e+08 2.33221e+08 1.60572e+08
threshold=0.99374995976406788 0.6078576107927941 0.88220160189607266 0.83376496542330847 139.3440175036329 0.24067927717215606 0.99865421017599998
decision_type=2 2 2 2 2 2 2
left_child=2 5 3 -1 -4 -2 -3
right_child=1 6 4 -5 -6 -7 -8
leaf_value=-1.6756792150454483 -32.035845352269263 -70.101607739810277 15.751823802529994 62.924627409052604 -26.132414265309084 48.693144468571418 -2.6330370311973215
leaf_weight=17185 69 134 852 713 2004 548 110
leaf_count=17185 69 134 852 713 2004 548 110
internal_value=-0.374276 17.1778 -1.10244 0.897797 -13.6375 39.6651 -39.6856
internal_weight=21615 861 20754 17898 2856 617 244
internal_count=21615 861 20754 17898 2856 617 244
is_linear=0
shrinkage=0.0413828


Tree=170
num_leaves=8
num_cat=0
split_feature=41 1 13 41 39 16 27
split_gain=1.51575e+08 7.79472e+08 5.83061e+08 5.67424e+08 7.57681e+08 4.60064e+08 3.22934e+08
threshold=0.80798785254895478 0.29403088672726913 6.4213359320023589 0.89691351184655443 1.0000000180025095e-35 181.45345553298287 0.75132814436908368
decision_type=2 2 2 2 2 2 2
left_child=1 2 -1 4 -2 -3 -5
right_child=3 5 -4 6 -6 -7 -8
leaf_value=-1.6059671132753908 57.126178714172802 -5.1037799890321542 56.220184492563007 10.698055977888366 -15.607700701356757 -89.102894307233441 -16.874552368751399
leaf_weight=16843 720 188 304 1505 372 275 1408
leaf_count=16843 720 188 304 1505 372 275 1408
internal_value=-0.358787 -2.01143 -0.580761 6.90787 32.3487 -54.9953 -2.62918
internal_weight=21615 17610 17147 4005 1092 463 2913
internal_count=21615 17610 17147 4005 1092 463 2913
is_linear=0
shrinkage=0.0413828


Tree=171
num_leaves=7
num_cat=2
split_feature=18 28 41 20 10 28
split_gain=1.72726e+08 3.44425e+08 6.10924e+08 2.72537e+08 2.14973e+08 2.08003e+08
threshold=0.10928811342191423 0 -0.99938741687870725 0.0076471767486710838 976.4353666064253 1
decision_type=2 1 2 2 2 1
left_child=4 2 -2 -3 -1 -6
right_child=1 3 -4 -5 5 -7
leaf_value=104.03265108319196 183.39731248581219 0.19294126915639503 25.250435059407856 95.000884815478216 -8.9774247194034018 0.97529299317679563
leaf_weight=33 45 2558 594 53 4896 13466
leaf_count=33 45 2558 594 53 4896 13466
internal_value=0.0606839 8.85554 35.8271 2.10938 -1.49318 -1.68283
internal_weight=21645 3250 639 2611 18395 18362
internal_count=21645 3250 639 2611 18395 18362
cat_boundaries=0 1 2
cat_threshold=4228 148
is_linear=0
shrinkage=0.0413828


Tree=172
num_leaves=7
num_cat=0
split_feature=18 16 20 22 10 51
split_gain=1.58732e+08 2.29736e+08 2.22823e+08 2.0912e+08 1.9755e+08 1.81208e+08
threshold=0.10928811342191423 247.32571292682329 0.0076471767486710838 2.6059936066042962e-05 976.4353666064253 0.077737566926842624
decision_type=2 2 2 2 2 2
left_child=4 2 -2 -3 -1 -6
right_child=1 3 -4 -5 5 -7
leaf_value=99.72761199302542 2.8606961010628744 49.439112436738661 89.313140685506937 -44.525422290201568 -0.16762413696936282 -13.303126623092831
leaf_weight=33 2809 343 52 46 16341 2021
leaf_count=33 2809 343 52 46 16341 2021
internal_value=0.0580204 8.48908 4.43204 38.3275 -1.43157 -1.61337
internal_weight=21645 3250 2861 389 18395 18362
internal_count=21645 3250 2861 389 18395 18362
is_linear=0
shrinkage=0.0413828


Tree=173
num_leaves=8
num_cat=1
split_feature=31 1 41 9 1 1 2
split_gain=1.8355e+08 6.3067e+08 1.53285e+09 9.30435e+08 5.34349e+08 2.73874e+09 6.77449e+08
threshold=0 0.27572754583184683 0.57605713708605411 1021.2856850201405 0.21590096914514181 0.21309702951684475 0.79001403452487529
decision_type=1 2 2 2 2 2 2
left_child=4 3 -3 -2 5 -1 -6
right_child=1 2 -4 -5 6 -7 -8
leaf_value=6.0318811686644942 -17.390366909580791 102.66865468785521 1.7342114785142431 30.936398049821126 0.97765959102460576 137.52437623251905 -43.915266978960524
leaf_weight=3371 5648 286 2601 776 8048 295 620
leaf_count=3371 5648 286 2601 776 8048 295 620
internal_value=0.0556197 -4.32787 11.7333 -11.5526 3.36552 16.613 -2.23342
internal_weight=21645 9311 2887 6424 12334 3666 8668
internal_count=21645 9311 2887 6424 12334 3666 8668
cat_boundaries=0 1
cat_threshold=102
is_linear=0
shrinkage=0.0413828


Tree=174
num_leaves=8
num_cat=1
split_feature=31 40 40 24 9 40 1
split_gain=1.69628e+08 5.71503e+08 5.97778e+08 3.57596e+08 4.08858e+08 2.58026e+08 2.25472e+08
threshold=0 0.99374995976406788 0.9053161325100999 56.43868447514572 1014.3431561238043 0.67802080537253973 0.24067927717215606
decision_type=1 2 2 2 2 2 2
left_child=3 2 -2 4 -1 -5 -3
right_child=1 6 -4 5 -6 -7 -8
leaf_value=19.735664682642597 -1.5403670014994302 -29.729526995293195 -30.415791018175266 -46.928850131449842 0.36068597687460918 7.0641999464406666 52.003286799651029
leaf_weight=2732 10521 67 1390 385 5879 250 421
leaf_count=2732 10521 67 1390 385 5879 250 421
internal_value=0.0533184 -3.10925 -4.9101 4.29308 6.50776 -25.6718 40.7817
internal_weight=21645 12399 11911 9246 8611 635 488
internal_count=21645 12399 11911 9246 8611 635 488
cat_boundaries=0 1
cat_threshold=38
is_linear=0
shrinkage=0.0413828


Tree=175
num_leaves=7
num_cat=1
split_feature=16 14 41 41 31 0
split_gain=1.58514e+08 3.44169e+08 2.59342e+08 8.75377e+08 6.20869e+08 2.14514e+08
threshold=109.93056615156837 5.9698189833828943 0.44312301391210612 0.57605713708605411 0 10.931324521953263
decision_type=2 2 2 2 1 2
left_child=1 5 4 -4 -2 -1
right_child=2 -3 3 -5 -6 -7
leaf_value=-9.6796813902777856 3.205288248366287 122.23778624431473 44.347905947250844 -0.77061137861727136 -15.493005290619307 14.044516458573142
leaf_weight=930 7058 45 857 5234 5332 2189
leaf_count=930 7058 45 857 5234 5332 2189
internal_value=0.0511119 8.61004 -1.4142 5.57754 -4.85139 6.97061
internal_weight=21645 3164 18481 6091 12390 3119
internal_count=21645 3164 18481 6091 12390 3119
cat_boundaries=0 1
cat_threshold=102
is_linear=0
shrinkage=0.0413828


Tree=176
num_leaves=8
num_cat=1
split_feature=14 10 29 28 0 29 12
split_gain=1.57551e+08 1.5891e+08 4.51609e+08 2.94193e+08 8.41348e+07 2.93028e+08 2.79861e+07
threshold=0.90400199316359064 1028.8576297373149 323.50000000000006 0 9.4230300218645908 333.50000000000006 89.646823105186186
decision_type=2 2 2 1 2 2 2
left_child=4 2 -2 -3 6 -6 -1
right_child=1 3 -4 -5 5 -7 -8
leaf_value=-38.231102124030187 0.15332830283345902 44.709082610659614 28.485599343421526 -19.784727117598816 -21.131278150141728 109.3488048740132 -92.598613011577186
leaf_weight=34 18636 126 1016 1172 599 31 31
leaf_count=34 18636 126 1016 1172 599 31 31
internal_value=0.0487621 0.691825 1.6181 -13.3321 -19.3356 -14.7107 -64.1612
internal_weight=21645 20950 19652 1298 695 630 65
internal_count=21645 20950 19652 1298 695 630 65
cat_boundaries=0 1
cat_threshold=4
is_linear=0
shrinkage=0.0413828


Tree=177
num_leaves=8
num_cat=0
split_feature=35 16 42 23 40 35 18
split_gain=1.50913e+08 2.12313e+08 1.91549e+08 1.80745e+08 1.52365e+08 1.48646e+08 1.30344e+08
threshold=0.81250000000000011 130.55043307495183 -0.6830127018922193 0.44301891312273034 -0.97876850416056738 0.60416666666666685 0.036483910492460171
decision_type=2 2 2 2 2 2 2
left_child=3 2 -2 5 -5 -1 -3
right_child=1 6 -4 4 -6 -7 -8
leaf_value=-26.071449404942769 -4.8006833865968055 -3.0998349136016072 40.397371772727908 -17.480254855784107 0.488764697387779 8.073100412231959 16.507537691678376
leaf_weight=857 228 2019 543 851 16039 293 815
leaf_count=857 228 2019 543 851 16039 293 815
internal_value=0.0472208 7.77707 27.0314 -1.49746 -0.416603 -17.372 2.53885
internal_weight=21645 3605 771 18040 16890 1150 2834
internal_count=21645 3605 771 18040 16890 1150 2834
is_linear=0
shrinkage=0.0413828


Tree=178
num_leaves=8
num_cat=2
split_feature=22 10 16 31 31 11 15
split_gain=1.48181e+08 2.17382e+08 3.8664e+08 2.16739e+08 1.79831e+08 1.23502e+08 9.53263e+07
threshold=1.0000000180025095e-35 978.60160371712959 192.1501300829834 0 1 67.407133818993756 126.96445239988601
decision_type=2 2 2 1 1 2 2
left_child=1 2 -1 6 -3 -5 -2
right_child=3 4 -4 5 -6 -7 -8
leaf_value=-34.341235998432332 -44.263194179170355 3.3189505006922371 80.891933717428998 -97.538547352552371 -4.3860350976124201 -25.482920894139458 40.098105737039894
leaf_weight=76 32 12061 145 83 9087 80 81
leaf_count=76 32 12061 145 83 9087 80 81
internal_value=0.0452667 0.434402 41.2643 -30.083 0.00772126 -58.5803 14.8903
internal_weight=21645 21369 221 276 21148 163 113
internal_count=21645 21369 221 276 21148 163 113
cat_boundaries=0 1 2
cat_threshold=41 102
is_linear=0
shrinkage=0.0413828


Tree=179
num_leaves=7
num_cat=0
split_feature=14 2 11 18 40 24
split_gain=1.43595e+08 2.42256e+08 1.66285e+08 2.34778e+08 1.34068e+08 1.26753e+08
threshold=0.90400199316359064 0.69704050166185028 81.810627203542836 0.1417308583174107 -0.98214942551678475 41.850236021512295
decision_type=2 2 2 2 2 2
left_child=1 -1 3 -2 -4 -3
right_child=2 5 4 -5 -6 -7
leaf_value=87.632946653101342 0.69004237811777436 -17.644277931146117 -69.578067003638537 16.128839539246226 -6.1794278411829335 -75.122592972334488
leaf_weight=35 15225 586 58 1897 3770 74
leaf_count=35 15225 586 58 1897 3770 74
internal_value=0.0433728 -18.4625 0.657292 2.40056 -7.14003 -24.0889
internal_weight=21645 695 20950 17122 3828 660
internal_count=21645 695 20950 17122 3828 660
is_linear=0
shrinkage=0.0413828


Tree=180
num_leaves=8
num_cat=0
split_feature=11 26 18 29 40 45 18
split_gain=1.74783e+08 2.57438e+08 1.92046e+08 1.7116e+08 1.48804e+08 1.52556e+08 3.34064e+07
threshold=80.898068882274274 177.68642702979702 0.15502516177133371 273.50000000000006 -0.98214942551678475 0.88922368301820442 0.015547513385368588
decision_type=2 2 2 2 2 2 2
left_child=1 3 -3 -1 6 -6 -2
right_child=4 2 -4 -5 5 -7 -8
leaf_value=5.663456318360109 -88.51057503163932 -4.3226141887306797 14.223859455208055 26.464589908044349 -4.2580732884650452 -34.714052223177937 -34.057263432813926
leaf_weight=6304 43 9129 1068 759 3999 303 35
leaf_count=6304 43 9129 1068 759 3999 303 35
internal_value=-0.0473882 1.82613 -2.38012 7.89878 -7.43025 -6.40317 -64.0771
internal_weight=21640 17260 10197 7063 4380 4302 78
internal_count=21640 17260 10197 7063 4380 4302 78
is_linear=0
shrinkage=0.0413828


Tree=181
num_leaves=7
num_cat=1
split_feature=14 11 26 28 2 30
split_gain=1.68651e+08 1.71474e+08 2.36261e+08 1.40622e+08 1.15627e+08 1.31886e+08
threshold=0.90400199316359064 80.898068882274274 177.68642702979702 0 0.69704050166185028 0.85831622176591382
decision_type=2 2 2 1 2 2
left_child=4 2 -2 -3 -1 -6
right_child=1 3 -4 -5 5 -7
leaf_value=57.695351935141161 8.3983081999627842 -21.978887179671801 -1.5925567315740208 -3.048756492064566 -16.166183868773601 -68.072878274462823
leaf_weight=31 6839 835 9952 3337 547 99
leaf_count=31 6839 835 9952 3337 547 99
internal_value=-0.0454274 0.611102 2.47674 -6.8975 -20.3745 -24.121
internal_weight=21640 20963 16791 4172 677 646
internal_count=21640 20963 16791 4172 677 646
cat_boundaries=0 1
cat_threshold=1824
is_linear=0
shrinkage=0.0413828


Tree=182
num_leaves=8
num_cat=0
split_feature=14 11 10 10 24 24 39
split_gain=1.54974e+08 1.57663e+08 3.01959e+08 1.68392e+08 6.98224e+07 1.10566e+08 3.78647e+07
threshold=0.90400199316359064 80.898068882274274 1011.1349969081741 1000.1713975890837 41.850236021512295 30.705357157988374 1.0000000180025095e-35
decision_type=2 2 2 2 2 2 2
left_child=4 2 -2 -3 5 -1 -6
right_child=1 3 -4 -5 6 -7 -8
leaf_value=-19.751262415905604 12.954151408870617 -21.946667385965455 -0.53667791755149585 -2.1062089758318066 -30.082645302938765 47.707575387692792 -87.310842282295283
leaf_weight=552 3623 948 13168 3224 44 45 36
leaf_count=552 3623 948 13168 3224 44 45 36
internal_value=-0.0440261 0.585319 2.37424 -6.61454 -19.5314 -14.6664 -55.8361
internal_weight=21640 20963 16791 4172 677 597 80
internal_count=21640 20963 16791 4172 677 597 80
is_linear=0
shrinkage=0.0413828


Tree=183
num_leaves=8
num_cat=2
split_feature=40 31 40 31 1 18 10
split_gain=1.60639e+08 5.2948e+08 2.82353e+08 2.70311e+08 2.59321e+08 1.8453e+08 7.29853e+07
threshold=0.99374995976406788 0 0.99274428880883148 1 0.24067927717215606 0.046863660791748689 1020.6266075576131
decision_type=2 1 2 1 2 2 2
left_child=2 5 3 -1 -3 -2 -4
right_child=1 4 6 -5 -6 -7 -8
leaf_value=4.9640973120049221 35.72240887231559 -76.560345697537642 -45.005108075557857 -4.5829679510016819 2.6840862692153769 98.75692635668004 -132.80230007335794
leaf_weight=8874 253 86 34 11848 398 116 31
leaf_count=8874 253 86 34 11848 398 116 31
internal_value=-0.0422045 17.5588 -0.764469 -0.494344 -11.166 54.073 -86.879
internal_weight=21640 853 20787 20722 484 369 65
internal_count=21640 853 20787 20722 484 369 65
cat_boundaries=0 1 2
cat_threshold=88 38
is_linear=0
shrinkage=0.0413828


Tree=184
num_leaves=8
num_cat=1
split_feature=37 11 15 40 31 20 23
split_gain=1.50592e+08 1.47783e+08 1.36414e+08 1.35816e+08 3.00516e+08 2.05835e+08 8.52331e+07
threshold=0.1294095225512602 88.431029427025791 169.32288472598091 0.99761913169647187 0 0.00097469582423554833 43.522440137055177
decision_type=2 2 2 2 1 2 2
left_child=3 2 -2 5 -5 -1 -3
right_child=1 6 -4 4 -6 -7 -8
leaf_value=-2.5136575357638038 11.613110646685252 -0.088571847161584186 1.1425442798108403 -24.932014567695074 58.964079256657271 -25.845998789780083 -22.419248640776367
leaf_weight=10751 3696 660 5032 120 166 689 526
leaf_count=10751 3696 660 5032 120 166 689 526
internal_value=-0.0404508 3.71397 5.57646 -3.21471 24.9529 -3.9189 -9.99241
internal_weight=21640 9914 8728 11726 286 11440 1186
internal_count=21640 9914 8728 11726 286 11440 1186
cat_boundaries=0 1
cat_threshold=38
is_linear=0
shrinkage=0.0413828


Tree=185
num_leaves=8
num_cat=1
split_feature=31 29 29 29 29 45 29
split_gain=1.43744e+08 3.7715e+08 3.7664e+08 3.70921e+08 4.50928e+08 3.51421e+08 3.50441e+08
threshold=0 34.500000000000007 32.500000000000007 102.50000000000001 124.50000000000001 0.25790389450448498 42.500000000000007
decision_type=1 2 2 2 2 2 2
left_child=3 2 -2 5 -5 -1 -3
right_child=1 6 -4 4 -6 -7 -8
leaf_value=8.6571981143030037 11.923853679734972 -44.376496225779853 98.61528537822025 52.628461008492145 7.6141684131528207 -26.969260487637722 -3.2830611695965253
leaf_weight=910 1509 365 91 423 3848 990 13504
leaf_count=910 1509 365 91 423 3848 990 13504
internal_value=-0.0381261 -2.1684 16.8545 5.29683 12.0724 -9.90607 -4.36455
internal_weight=21640 15469 1600 6171 4271 1900 13869
internal_count=21640 15469 1600 6171 4271 1900 13869
cat_boundaries=0 1
cat_threshold=34
is_linear=0
shrinkage=0.0413828


Tree=186
num_leaves=7
num_cat=1
split_feature=41 41 41 31 24 10
split_gain=1.50432e+08 3.48126e+08 4.4379e+08 3.23053e+08 2.31419e+08 1.68554e+07
threshold=0.99981043035926087 0.99611390731392835 0.98486764554468398 0 46.620848701497891 1029.9514369489307
decision_type=2 2 2 1 2 2
left_child=1 2 -1 -3 5 -2
right_child=4 3 -4 -5 -6 -7
leaf_value=0.45463924596830191 -92.339929805925223 64.90857959598317 -37.448616904694298 -7.9092537935949672 45.101238977751628 -56.755248956234325
leaf_weight=20533 57 259 543 174 36 38
leaf_count=20533 57 259 543 174 36 38
internal_value=-0.0365481 0.232723 -0.521898 36.9633 -44.248 -78.1068
internal_weight=21640 21509 21076 433 131 95
internal_count=21640 21509 21076 433 131 95
cat_boundaries=0 1
cat_threshold=85
is_linear=0
shrinkage=0.0413828


Tree=187
num_leaves=7
num_cat=1
split_feature=16 13 28 18 24 0
split_gain=1.46244e+08 2.90006e+08 2.33661e+08 4.13123e+08 2.17055e+08 2.10874e+08
threshold=109.93056615156837 6.2583613880529221 0 0.72630477249733316 79.105102370193904 10.931324521953263
decision_type=2 2 1 2 2 2
left_child=1 5 3 -2 -4 -1
right_child=2 -3 4 -5 -6 -7
leaf_value=-9.584030463132553 -7.6543553221495166 123.34609710089717 3.339196191165791 67.260815891369788 -70.311687451361934 13.825281307020241
leaf_weight=941 8317 37 9949 128 69 2199
leaf_count=941 8317 37 9949 128 69 2199
internal_value=-0.0339458 8.16718 -1.44515 -6.51116 2.82909 6.80994
internal_weight=21640 3177 18463 8445 10018 3140
internal_count=21640 3177 18463 8445 10018 3140
cat_boundaries=0 1
cat_threshold=440
is_linear=0
shrinkage=0.0413828


Tree=188
num_leaves=7
num_cat=0
split_feature=14 10 29 14 2 29
split_gain=1.43845e+08 1.45389e+08 3.95089e+08 2.45237e+08 1.0583e+08 1.18892e+08
threshold=0.90400199316359064 1028.8576297373149 323.50000000000006 3.6104232467033905 0.69704050166185028 313.50000000000006
decision_type=2 2 2 2 2 2
left_child=4 2 -2 -3 -1 -6
right_child=1 3 -4 -5 5 -7
leaf_value=55.882365707533566 0.082097073738109858 -17.215929231399102 26.544086461727467 64.116964377683686 -14.838571663330333 -64.122027881003177
leaf_weight=31 18666 1211 1019 67 547 99
leaf_count=31 18666 1211 1019 67 547 99
internal_value=-0.0325407 0.573786 1.45191 -12.952 -18.8071 -22.3914
internal_weight=21640 20963 19685 1278 677 646
internal_count=21640 20963 19685 1278 677 646
is_linear=0
shrinkage=0.0413828


Tree=189
num_leaves=7
num_cat=1
split_feature=16 14 41 1 31 1
split_gain=1.48021e+08 3.06129e+08 2.03765e+08 5.15721e+08 3.8962e+08 1.98809e+08
threshold=109.93056615156837 5.9698189833828943 0.99611390731392835 0.31102062593850105 0 0.22588033125030099
decision_type=2 2 2 2 1 2
left_child=1 5 3 -2 -4 -1
right_child=2 -3 4 -5 -6 -7
leaf_value=19.86564099493334 -1.1277959163751368 111.90300264730978 -33.516011638596993 -47.636950264558848 46.299324943068562 -1.6063265943049041
leaf_weight=1195 17592 48 139 418 364 1933
leaf_count=1195 17592 48 139 418 364 1933
internal_value=-0.0656794 8.18825 -1.48168 -2.20724 24.4971 6.59668
internal_weight=21689 3176 18513 18010 503 3128
internal_count=21689 3176 18513 18010 503 3128
cat_boundaries=0 1
cat_threshold=40
is_linear=0
shrinkage=0.0413828


Tree=190
num_leaves=8
num_cat=0
split_feature=37 14 29 16 23 40 40
split_gain=1.43286e+08 1.71592e+08 2.27175e+08 1.55361e+08 1.95049e+08 1.69951e+08 1.48562e+08
threshold=-0.12940952255126037 2.9058589579066063 12.500000000000002 142.28338107894214 9.5339259241758487 -0.99866806308218525 -0.99763297024448894
decision_type=2 2 2 2 2 2 2
left_child=1 6 -3 4 -2 -5 -1
right_child=3 2 -4 5 -6 -7 -8
leaf_value=38.755919903473327 23.841142127852127 -51.806435863465524 5.4173398543880076 53.829432047381054 2.5664619670239772 -0.43225262281977028 -8.7143084781058491
leaf_weight=115 1223 123 3486 100 1861 8592 6189
leaf_count=115 1223 123 3486 100 1861 8592 6189
internal_value=-0.0627173 -3.72877 3.46706 3.02335 11.0032 0.192025 -7.84833
internal_weight=21689 9913 3609 11776 3084 8692 6304
internal_count=21689 9913 3609 11776 3084 8692 6304
is_linear=0
shrinkage=0.0413828


Tree=191
num_leaves=8
num_cat=0
split_feature=41 41 41 1 10 0 23
split_gain=1.36775e+08 4.28248e+08 3.52959e+08 2.94769e+08 2.85228e+08 2.29652e+08 1.5528e+08
threshold=0.99611390731392835 0.98486764554468398 0.99981043035926087 0.30940308462601379 1030.8804520286478 9.5542763968319555 49.910330367313719
decision_type=2 2 2 2 2 2 2
left_child=1 3 4 -1 -2 -3 -4
right_child=2 5 6 -5 -6 -7 -8
leaf_value=-0.43627150876777532 53.768472205612269 -26.342778355895952 -63.269731040589839 31.063526015690716 -32.683720326515342 -106.09406990463721 42.369781089880476
leaf_weight=20046 357 479 103 522 80 71 31
leaf_count=20046 357 479 103 522 80 71 31
internal_value=-0.0601217 -0.600498 19.9252 0.363171 37.9419 -36.6381 -38.8306
internal_weight=21689 21118 571 20568 437 550 134
internal_count=21689 21118 571 20568 437 550 134
is_linear=0
shrinkage=0.0413828


Tree=192
num_leaves=8
num_cat=0
split_feature=37 14 30 40 24 10 41
split_gain=1.32732e+08 1.64303e+08 1.73775e+08 1.3361e+08 1.26994e+08 2.62647e+08 1.687e+08
threshold=-0.37940952255126015 2.9058589579066063 0.034223134839151272 -0.99763297024448894 43.30073408312731 1014.3908419695615 0.99958851518450398
decision_type=2 2 2 2 2 2 2
left_child=1 3 -3 -1 6 -6 -2
right_child=4 2 -4 -5 5 -7 -8
leaf_value=39.438068143021432 4.6229957022245696 -49.785810255701357 5.4490339554721814 -9.5910419563940241 4.0951648021547928 -25.8477472032707 -56.061088762951393
leaf_weight=97 11300 101 2850 5087 1390 785 79
leaf_count=97 11300 101 2850 5087 1390 785 79
internal_value=-0.0576339 -4.23636 3.55857 -8.67363 2.4504 -6.71182 4.20168
internal_weight=21689 8135 2951 5184 13554 2175 11379
internal_count=21689 8135 2951 5184 13554 2175 11379
is_linear=0
shrinkage=0.0413828


Tree=193
num_leaves=7
num_cat=0
split_feature=16 14 40 40 0 1
split_gain=1.35242e+08 2.79314e+08 1.89718e+08 2.49939e+09 4.47089e+08 1.81445e+08
threshold=109.93056615156837 5.9698189833828943 0.8697513045430848 0.86113431103781346 12.16791384885831 0.22588033125030099
decision_type=2 2 2 2 2 2
left_child=1 5 3 -2 -4 -1
right_child=2 -3 4 -5 -6 -7
leaf_value=18.99033667374886 -0.98697134327838609 106.90255752120358 -32.874345685759167 184.82401683302939 -0.055775846641603684 -1.5225327778249254
leaf_weight=1195 15098 48 1039 125 2251 1933
leaf_count=1195 15098 48 1039 125 2251 1933
internal_value=-0.055249 7.83433 -1.40875 0.538783 -10.4201 6.31407
internal_weight=21689 3176 18513 15223 3290 3128
internal_count=21689 3176 18513 15223 3290 3128
is_linear=0
shrinkage=0.0413828


Tree=194
num_leaves=8
num_cat=1
split_feature=28 1 0 0 29 0 14
split_gain=1.41787e+08 4.26681e+08 4.04168e+08 2.69064e+08 9.26857e+08 5.49638e+08 1.31672e+08
threshold=0 0.19719531436214235 14.886690304456389 12.255394788745496 155.50000000000003 11.863492633897799 2.9254190812367189
decision_type=1 2 2 2 2 2 2
left_child=1 6 -3 5 -5 -2 -1
right_child=3 2 -4 4 -6 -7 -8
leaf_value=-79.965377416477793 2.1779454967479799 -4.1761503329088914 56.011041460686805 51.898173819562309 1.4169386874026295 -30.378177552571966 -19.90306661176292
leaf_weight=159 8861 7596 196 786 3001 987 103
leaf_count=159 8861 7596 196 786 3001 987 103
internal_value=-0.0529621 -4.40333 -2.66219 2.51812 11.8944 -1.08494 -56.3533
internal_weight=21689 8054 7792 13635 3787 9848 262
internal_count=21689 8054 7792 13635 3787 9848 262
cat_boundaries=0 1
cat_threshold=432
is_linear=0
shrinkage=0.0413828


Tree=195
num_leaves=8
num_cat=1
split_feature=41 41 31 10 1 41 0
split_gain=1.32855e+08 3.90464e+08 3.28274e+08 3.33423e+08 2.71464e+08 2.24946e+08 2.10632e+08
threshold=0.99611390731392835 0.98486764554468398 0 1030.8804520286478 0.30940308462601379 0.99932962452255414 9.5542763968319555
decision_type=2 2 1 2 2 2 2
left_child=1 4 5 -4 -1 -2 -3
right_child=2 6 3 -5 -6 -7 -8
leaf_value=-0.43036024619784963 45.046123393839196 -25.134663069331108 57.859140213452875 -34.430838035103669 29.798580499487908 -64.783452250207546 -101.51214101213948
leaf_weight=20046 45 479 332 84 522 110 71
leaf_count=20046 45 479 332 84 522 110 71
internal_value=-0.0507705 -0.583346 19.6461 38.3029 0.336828 -30.9036 -34.9945
internal_weight=21689 21118 571 416 20568 155 550
internal_count=21689 21118 571 416 20568 155 550
cat_boundaries=0 1
cat_threshold=40
is_linear=0
shrinkage=0.0413828


Tree=196
num_leaves=8
num_cat=0
split_feature=35 24 12 16 27 21 17
split_gain=1.28286e+08 1.91095e+08 1.59237e+08 1.50246e+08 1.66596e+08 1.32564e+08 1.09235e+08
threshold=0.81250000000000011 0.41519001197154232 63.942441744027114 130.55043307495183 0.75790389450448503 0.027362932869345113 0.11941579741147923
decision_type=2 2 2 2 2 2 2
left_child=1 2 -1 4 -2 -3 -5
right_child=3 5 -4 6 -6 -7 -8
leaf_value=-7.9024200820979109 40.599740418135561 -0.23670396235676106 -47.005051490583433 -0.73874238963896277 1.4633150457587616 -41.866619244334906 21.966844881876757
leaf_weight=518 426 17198 272 2384 331 132 428
leaf_count=518 426 17198 272 2384 331 132 428
internal_value=-0.0486696 -1.46116 -21.3656 7.1226 23.4873 -0.553795 2.71716
internal_weight=21689 18120 790 3569 757 17330 2812
internal_count=21689 18120 790 3569 757 17330 2812
is_linear=0
shrinkage=0.0413828


Tree=197
num_leaves=8
num_cat=1
split_feature=28 1 1 40 40 13 3
split_gain=1.30418e+08 3.92318e+08 3.86796e+08 2.97319e+08 4.0944e+08 2.20662e+08 1.23567e+08
threshold=0 0.19719531436214235 0.21660880464863494 0.98372640911059162 0.88220160189607266 2.5354667779983213 296.13298547699111
decision_type=1 2 2 2 2 2 2
left_child=1 6 -3 4 -2 -5 -1
right_child=3 2 -4 5 -6 -7 -8
leaf_value=-36.034492564268319 3.3803197384192263 5.7035109568335889 -12.85009291829183 4.6591988859766085 -22.051707673826932 52.441444118184712 -98.908471280274426
leaf_weight=187 11778 4326 3466 319 1194 344 75
leaf_count=187 11778 4326 3466 319 1194 344 75
internal_value=-0.0466556 -4.21897 -2.54941 2.41919 1.03944 29.4512 -54.0331
internal_weight=21689 8054 7792 13635 12972 663 262
internal_count=21689 8054 7792 13635 12972 663 262
cat_boundaries=0 1
cat_threshold=432
is_linear=0
shrinkage=0.0413828


Tree=198
num_leaves=8
num_cat=3
split_feature=12 13 28 28 28 41 8
split_gain=1.52739e+08 2.86042e+08 2.71785e+08 2.23189e+08 2.19718e+08 1.64582e+08 1.21701e+08
threshold=69.824989041787163 6.2583613880529221 0 1 2 0.99611390731392835 296.00451623302098
decision_type=2 2 1 1 1 2 2
left_child=1 4 -3 6 -1 -5 -2
right_child=3 2 -4 5 -6 -7 -8
leaf_value=20.20734288401054 -98.168834422556458 11.631364394420277 84.984523646391708 -4.6290245759091961 0.33307846664595697 21.073448651233033 -16.455829909596243
leaf_weight=1027 69 266 127 7902 11728 451 57
leaf_count=1027 69 266 127 7902 11728 451 57
internal_value=0.228038 3.02084 37.7944 -4.10262 1.94941 -3.2374 -56.7036
internal_weight=21627 13148 393 8479 12755 8353 126
internal_count=21627 13148 393 8479 12755 8353 126
cat_boundaries=0 1 2 3
cat_threshold=1212 256 1026
is_linear=0
shrinkage=0.0413828


Tree=199
num_leaves=8
num_cat=0
split_feature=12 13 22 29 41 41 29
split_gain=1.4051e+08 2.67125e+08 2.26218e+08 1.95668e+08 1.6201e+08 1.82703e+08 1.72231e+08
threshold=69.824989041787163 6.5803569959952304 1.0000000180025095e-35 42.500000000000007 0.99611390731392835 0.99981043035926087 10.500000000000002
decision_type=2 2 2 2 2 2 2
left_child=1 2 -1 -3 6 -6 -2
right_child=4 3 -4 -5 5 -7 -8
leaf_value=2.6363141146656934 -39.524265114421773 -16.118115859293678 -46.727065413543187 62.34241177084369 35.07116318012082 -26.454200748776675 -4.2155041590838414
leaf_weight=12700 244 73 161 214 342 109 7784
leaf_count=12700 244 73 161 214 342 109 7784
internal_value=0.220843 2.89951 2.01836 42.3856 -3.93285 20.2014 -5.28867
internal_weight=21627 13148 12861 287 8479 451 8028
internal_count=21627 13148 12861 287 8479 451 8028
is_linear=0
shrinkage=0.0413828


Tree=200
num_leaves=8
num_cat=2
split_feature=12 27 7 28 28 29 16
split_gain=1.29503e+08 2.18475e+08 2.4237e+08 2.05075e+08 1.6016e+08 2.31731e+08 1.99898e+08
threshold=72.742461537096588 3.2394107327582731 287.32202252372554 0 1 124.50000000000001 172.71700286972097
decision_type=2 2 2 1 1 2 2
left_child=1 3 -3 -1 5 -2 -6
right_child=4 2 -4 -5 6 -7 -8
leaf_value=15.167719731265283 86.0484587338522 133.20108204385082 -2.6531538057418791 0.20717772839210202 8.0652704085649258 -18.795306320600865 -7.5027455582144471
leaf_weight=1787 37 46 44 12389 2396 1487 3441
leaf_count=1787 37 46 44 12389 2396 1487 3441
internal_value=0.211704 2.51198 66.7842 2.10392 -4.24634 -16.1439 -1.11041
internal_weight=21627 14266 90 14176 7361 1524 5837
internal_count=21627 14266 90 14176 7361 1524 5837
cat_boundaries=0 1 2
cat_threshold=3074 1824
is_linear=0
shrinkage=0.0413828


Tree=201
num_leaves=8
num_cat=0
split_feature=0 1 0 1 1 10 14
split_gain=1.28965e+08 2.11602e+08 1.76922e+09 2.35008e+08 1.48558e+08 1.26945e+08 7.45996e+07
threshold=14.958737943598278 0.19598897204287505 14.836871879077558 0.19719531436214235 0.19461756167377894 987.33285323551149 3.139511009003928
decision_type=2 2 2 2 2 2 2
left_child=1 2 -1 -3 5 -2 -6
right_child=4 3 -4 -5 6 -7 -8
leaf_value=129.87099550562291 74.666116068633883 -27.746182765330104 -5.3779212020635745 0.44411583476710603 -48.279888302378417 -8.133102756280632 -4.4492214112445163
leaf_weight=200 40 520 964 19412 247 153 91
leaf_count=200 40 520 964 19412 247 153 91
internal_value=0.203238 0.710236 17.8608 -0.291334 -19.9392 9.02765 -36.4794
internal_weight=21627 21096 1164 19932 531 193 338
internal_count=21627 21096 1164 19932 531 193 338
is_linear=0
shrinkage=0.0413828


Tree=202
num_leaves=8
num_cat=2
split_feature=11 28 17 40 10 28 1
split_gain=1.21834e+08 1.74203e+08 3.96973e+08 3.47468e+08 9.18523e+07 1.6732e+08 6.15406e+07
threshold=88.431029427025791 0 0.72492637785632541 0.98372640911059162 1023.2208232411608 1 0.28957833463002619
decision_type=2 1 2 2 2 1 2
left_child=1 2 -1 -3 5 -2 -6
right_child=4 3 -4 -5 6 -7 -8
leaf_value=-4.9075148255983843 39.586828569244588 2.6538258753842876 65.907075092031718 34.765218832800002 -50.074922490149731 -8.7405021671744709 -16.703010784428489
leaf_weight=7689 128 11348 138 608 117 1104 495
leaf_count=7689 128 11348 138 608 117 1104 495
internal_value=0.194827 1.14312 -3.65429 4.28321 -9.9787 -3.46908 -23.083
internal_weight=21627 19783 7827 11956 1844 1232 612
internal_count=21627 19783 7827 11956 1844 1232 612
cat_boundaries=0 1 2
cat_threshold=432 4224
is_linear=0
shrinkage=0.0413828


Tree=203
num_leaves=8
num_cat=2
split_feature=11 10 41 27 10 28 28
split_gain=1.15967e+08 2.07103e+08 1.67649e+08 1.20557e+08 1.13646e+08 3.10383e+08 2.06373e+08
threshold=83.257102925655929 976.4353666064253 -0.89404254237865755 1.176578378910228 1000.1713975890837 0 1
decision_type=2 2 2 2 2 1 1
left_child=1 3 -3 -1 5 -2 -6
right_child=4 2 -4 -5 6 -7 -8
leaf_value=119.61297666748632 33.075929588749034 -7.0021456855012412 3.1691506815810704 20.205938898976537 25.256152332717807 -31.716971113113047 -7.1723067415730757
leaf_weight=39 148 3429 14554 45 382 678 2352
leaf_count=39 148 3429 14554 45 382 678 2352
internal_value=0.187355 1.5325 1.22969 66.3601 -6.63928 -20.0911 -2.57519
internal_weight=21627 18067 17983 84 3560 826 2734
internal_count=21627 18067 17983 84 3560 826 2734
cat_boundaries=0 1 2
cat_threshold=2200 1092
is_linear=0
shrinkage=0.0413828


Tree=204
num_leaves=8
num_cat=0
split_feature=40 42 9 40 38 0 40
split_gain=1.18647e+08 8.18883e+08 1.0619e+09 3.29893e+08 5.51619e+08 3.59699e+08 2.65751e+08
threshold=-0.58482361983252518 -0.6830127018922193 1016.8682480636338 -0.814291907305839 0.87837969732492682 10.495499245909476 -0.55657520495441892
decision_type=2 2 2 2 2 2 2
left_child=3 2 -2 5 -5 -1 -3
right_child=1 6 -4 4 -6 -7 -8
leaf_value=60.546768884219162 3.3531198763752634 72.272398896676819 144.50875338851498 -9.7456437178460842 -72.542580735638651 -0.4032519462602272 0.15333033490008927
leaf_weight=174 218 88 157 1772 277 3526 15415
leaf_count=174 218 88 157 1772 277 3526 15415
internal_value=0.179974 2.02435 62.4505 -4.91395 -18.2351 2.46306 0.562706
internal_weight=21627 15878 375 5749 2049 3700 15503
internal_count=21627 15878 375 5749 2049 3700 15503
is_linear=0
shrinkage=0.0413828


Tree=205
num_leaves=8
num_cat=0
split_feature=12 14 1 22 41 10 1
split_gain=1.17477e+08 2.10527e+08 2.88009e+08 2.02187e+08 1.4955e+08 1.90378e+08 1.5929e+08
threshold=69.824989041787163 6.475619658650051 0.29639471485793106 1.0000000180025095e-35 0.99611390731392835 1030.8804520286478 0.31139522326716945
decision_type=2 2 2 2 2 2 2
left_child=1 3 -3 -1 6 -6 -2
right_child=4 2 -4 -5 5 -7 -8
leaf_value=2.4456362076509324 -3.8960620043700134 63.409734975059273 -34.992110925130838 -44.22193953807448 32.986947369641136 -34.285984621971799 -37.852455889730564
leaf_weight=12716 7784 203 68 161 361 90 244
leaf_count=12716 7784 203 68 161 361 90 244
internal_value=0.172527 2.62182 38.7185 1.86215 -3.62548 19.5621 -4.92812
internal_weight=21627 13148 271 12877 8479 451 8028
internal_count=21627 13148 271 12877 8479 451 8028
is_linear=0
shrinkage=0.0413828


Tree=206
num_leaves=8
num_cat=0
split_feature=35 24 35 40 16 23 18
split_gain=1.13574e+08 1.53267e+08 1.59779e+08 1.53588e+08 7.85707e+07 1.21374e+08 1.19341e+08
threshold=0.85416666666666685 0.41519001197154232 0.64583333333333337 -0.97876850416056738 130.55043307495183 9.5339259241758487 0.036483910492460171
decision_type=2 2 2 2 2 2 2
left_child=1 2 -1 -3 5 -2 -6
right_child=4 3 -4 -5 6 -7 -8
leaf_value=-28.729112143980874 44.466532887296758 -16.75267860555148 14.110825233548525 0.70146273934370773 -1.7247734151050123 5.838796713976155 20.093708224118757
leaf_weight=623 236 909 196 17203 1522 340 598
leaf_count=623 236 909 196 17203 1522 340 598
internal_value=0.165387 -0.966323 -18.4768 -0.174522 8.11212 21.6655 4.42969
internal_weight=21627 18931 819 18112 2696 576 2120
internal_count=21627 18931 819 18112 2696 576 2120
is_linear=0
shrinkage=0.0413828


Tree=207
num_leaves=8
num_cat=0
split_feature=0 0 18 1 20 0 13
split_gain=1.5576e+08 4.47812e+08 8.66686e+08 3.25559e+08 2.47522e+08 1.98973e+08 6.9397e+07
threshold=14.912006068462391 14.89703437938036 0.0052119872132086421 0.19598897204287505 0.00077311143662594096 14.941158904653234 3.2089508137987059
decision_type=2 2 2 2 2 2 2
left_child=1 3 -3 -1 5 -2 -6
right_child=4 2 -4 -5 6 -7 -8
leaf_value=32.369434571780928 -42.100599825653205 -7.4118580425077463 171.36524933535244 -0.50323245490219226 18.166747516635212 -7.1852482690309722 81.52423299157438
leaf_weight=530 423 117 77 19450 80 824 47
leaf_count=530 423 117 77 19450 80 824 47
internal_value=0.0580977 0.976309 63.5466 0.368767 -13.4237 -19.0291 41.6145
internal_weight=21548 20174 194 19980 1374 1247 127
internal_count=21548 20174 194 19980 1374 1247 127
is_linear=0
shrinkage=0.0413828


Tree=208
num_leaves=8
num_cat=1
split_feature=0 0 31 1 20 0 7
split_gain=1.43135e+08 4.12867e+08 7.53756e+08 2.889e+08 2.2746e+08 1.82845e+08 6.05724e+07
threshold=14.912006068462391 14.886690304456389 0 0.19598897204287505 0.00077311143662594096 14.941158904653234 296.91058964630571
decision_type=2 2 1 2 2 2 2
left_child=1 3 -3 -1 5 -2 -6
right_child=4 2 -4 -5 6 -7 -8
leaf_value=32.349292196873918 -40.358361090664424 -21.117345032238774 104.48018759534789 -0.58922146300677303 14.913232616468378 -6.8879025480047043 72.591465213641698
leaf_weight=467 423 151 168 19388 72 824 55
leaf_count=467 423 151 168 19388 72 824 55
internal_value=0.0556939 0.935907 47.6414 0.185511 -12.8682 -18.2416 39.8924
internal_weight=21548 20174 319 19855 1374 1247 127
internal_count=21548 20174 319 19855 1374 1247 127
cat_boundaries=0 1
cat_threshold=26
is_linear=0
shrinkage=0.0413828


end of trees

feature_importances:
day_of_year_sin=176
daylight_length_hr=125
wind_speed_rolling3h=108
day_of_year=94
sunrise_day_fraction_utc=88
month=76
pressure_rolling3h=62
day_of_year_cos=62
pressure=58
sunset_day_fraction_utc=47
day_of_week=45
wind_speed=43
wind_deg_rolling3h=43
clouds_all_rolling3h=42
rain_1h_rolling3h=30
date_fraction_of_year=27
day_of_week_sin=26
humidity=23
rain_1h=22
day_hour_cos=22
humidity_rolling3h=21
solar_flux_Wm2=17
day_of_week_cos=15
wx_rain=15
snow_3h_rolling3h=14
clouds_all=13
severity=13
wx_clear=12
temp_max=11
rain_3h_rolling3h=11
wind_deg=9
temp_max_rolling3h=8
snow_3h=8
month_cos=8
wx_clouds=8
utc_time_day_fraction=7
month_sin=6
temp_min_rolling3h=5
temp=4
temp_min=4
solar_flux_Wm2_rolling3h=3
is_holiday=2
temp_rolling3h=1
rain_3h=1
is_weekend=1
season=1
day_hour_sin=1
wx_thunderstorm=1

parameters:
[boosting: gbdt]
[objective: regression]
[metric: rmse]
[tree_learner: serial]
[device_type: cpu]
[data_sample_strategy: bagging]
[data: ]
[valid: ]
[num_iterations: 5000]
[learning_rate: 0.0413828]
[num_leaves: 135]
[num_threads: -1]
[seed: 42]
[deterministic: 0]
[force_col_wise: 0]
[force_row_wise: 0]
[histogram_pool_size: -1]
[max_depth: 3]
[min_data_in_leaf: 31]
[min_sum_hessian_in_leaf: 0.001]
[bagging_fraction: 0.907289]
[pos_bagging_fraction: 1]
[neg_bagging_fraction: 1]
[bagging_freq: 9]
[bagging_seed: 400]
[bagging_by_query: 0]
[feature_fraction: 0.663776]
[feature_fraction_bynode: 1]
[feature_fraction_seed: 30056]
[extra_trees: 0]
[extra_seed: 12879]
[early_stopping_round: 0]
[early_stopping_min_delta: 0]
[first_metric_only: 0]
[max_delta_step: 0]
[lambda_l1: 3.91754e-06]
[lambda_l2: 0.000988924]
[linear_lambda: 0]
[min_gain_to_split: 0]
[drop_rate: 0.1]
[max_drop: 50]
[skip_drop: 0.5]
[xgboost_dart_mode: 0]
[uniform_drop: 0]
[drop_seed: 17869]
[top_rate: 0.2]
[other_rate: 0.1]
[min_data_per_group: 100]
[max_cat_threshold: 32]
[cat_l2: 10]
[cat_smooth: 10]
[max_cat_to_onehot: 4]
[top_k: 20]
[monotone_constraints: ]
[monotone_constraints_method: basic]
[monotone_penalty: 0]
[feature_contri: ]
[forcedsplits_filename: ]
[refit_decay_rate: 0.9]
[cegb_tradeoff: 1]
[cegb_penalty_split: 0]
[cegb_penalty_feature_lazy: ]
[cegb_penalty_feature_coupled: ]
[path_smooth: 0]
[interaction_constraints: ]
[verbosity: -1]
[saved_feature_importance_type: 0]
[use_quantized_grad: 0]
[num_grad_quant_bins: 4]
[quant_train_renew_leaf: 0]
[stochastic_rounding: 1]
[linear_tree: 0]
[max_bin: 255]
[max_bin_by_feature: ]
[min_data_in_bin: 3]
[bin_construct_sample_cnt: 200000]
[data_random_seed: 175]
[is_enable_sparse: 1]
[enable_bundle: 1]
[use_missing: 1]
[zero_as_missing: 0]
[feature_pre_filter: 1]
[pre_partition: 0]
[two_round: 0]
[header: 0]
[label_column: ]
[weight_column: ]
[group_column: ]
[ignore_column: ]
[categorical_feature: 28,31]
[forcedbins_filename: ]
[precise_float_parser: 0]
[parser_config_file: ]
[objective_seed: 16083]
[num_class: 1]
[is_unbalance: 0]
[scale_pos_weight: 1]
[sigmoid: 1]
[boost_from_average: 1]
[reg_sqrt: 0]
[alpha: 0.9]
[fair_c: 1]
[poisson_max_delta_step: 0.7]
[tweedie_variance_power: 1.5]
[lambdarank_truncation_level: 30]
[lambdarank_norm: 1]
[label_gain: ]
[lambdarank_position_bias_regularization: 0]
[eval_at: ]
[multi_error_top_k: 1]
[auc_mu_weights: ]
[num_machines: 1]
[local_listen_port: 12400]
[time_out: 120]
[machine_list_filename: ]
[machines: ]
[gpu_platform_id: -1]
[gpu_device_id: -1]
[gpu_use_dp: 0]
[num_gpu: 1]

end of parameters

pandas_categorical:[]
